title_href,selling_proposition,price,discount,available_color,rank-title,rank-sub,product_title,main_category
https://us.shein.com/90ML-3-0FL-OZ-Fragrance-Hair-Body-Mist-Vanilla-Floral-Fruity-Gourmand-Notes-Body-Spray-For-Women-Plums-Jasmine-Musk-Uplifting-Scent-Perfume-Spray-All-Day-Lasting-Gift-For-Any-Occasion-p-36837690.html?src_identifier=fc%3DBeauty%20%26%20Health%60sc%3DBeauty%20%26%20Health%60tc%3D0%60oc%3D0%60ps%3Dtab12navbar12%60jc%3DitemPicking_017172970&src_module=topcat&src_tab_page_id=page_select_class1718919273428&mallCode=1&pageListType=2,30+ sold recently,5.9,5.0,1.0,,,"90ML 3.0FL.OZ Fragrance Hair & Body Mist Vanilla Floral Fruity Gourmand Notes Body Spray For Women, Plums, Jasmine, Musk Uplifting Scent Perfume Spray, All Day Lasting Gift For Any Occasion",Beauty & Health
https://us.shein.com/SHEGLAM-Color-Bloom-Liquid-Blush-Matte-Finish-Rose-Ritual-Gel-Cream-Blush-Long-Lasting-Non-Fading-Highly-Pigmented-Lightweight-Long-Wear-Smooth-Blusher-Black-Friday-Winter-Pink-Brown-Gifts-Blush-p-2845475.html?src_identifier=fc%3DBeauty%20%26%20Health%60sc%3DBeauty%20%26%20Health%60tc%3D0%60oc%3D0%60ps%3Dtab12navbar12%60jc%3DitemPicking_017172970&src_module=topcat&src_tab_page_id=page_select_class1718919273428&mallCode=1&pageListType=2,,4.99,17.0,14.0,#2 Best Sellers,in Blush,SHEGLAM ColorÂ BloomÂ LiquidÂ BlushÂ MatteÂ Finish-Rose RitualÂ  Gel Cream BlushÂ  Long Lasting Non-Fading Highly Pigmented Lightweight Long Wear Smooth Blusher Black Friday Winter Pink Brown Gifts Blush,Beauty & Health
https://us.shein.com/1pc-Silicone-Facial-Massage-Ice-Tray-p-15634507.html?src_identifier=fc%3DBeauty%20%26%20Health%60sc%3DBeauty%20%26%20Health%60tc%3D0%60oc%3D0%60ps%3Dtab12navbar12%60jc%3DitemPicking_017172970&src_module=topcat&src_tab_page_id=page_select_class1718919273428&mallCode=1&pageListType=2,,2.64,20.0,1.0,#1 Best Sellers,in Facial Massage Tools,1pc Silicone Facial Massage Ice Tray,Beauty & Health
https://us.shein.com/5Ml-Bottom-Refillable-Perfume-Bottle-With-Pump-Spray-Portable-Aluminum-Fragrance-Container-Cosmetic-Spray-Bottle-Dispenser-Black-Friday-Makeup-Bag-Makeup-Pouch-Skincare-Bag-Toiletry-Bag-Packing-Cubes-Travel-Essentials-Cruise-Essentials-Dorm-Essentials-Wedding-Bridesmaid-Gifts-Mom-Gifts-Birthday-Gifts-Gifts-For-Friends-And-Teachers-Home-Decor-Bathroom-Livingroom-Bedroom-Decor-Bathroom-Organizer-Jewelry-Organizer-Lip-Oil-Organizer-Nail-Polish-Organizer-Makeup-Bag-Storage-Makeup-Organizer-Makeup-Case-p-22137311.html?src_identifier=fc%3DBeauty%20%26%20Health%60sc%3DBeauty%20%26%20Health%60tc%3D0%60oc%3D0%60ps%3Dtab12navbar12%60jc%3DitemPicking_017172970&src_module=topcat&src_tab_page_id=page_select_class1718919273428&mallCode=1&pageListType=2,5.3k+ sold recently,1.5,12.0,1.0,,,"5Ml Bottom Refillable Perfume Bottle With Pump Spray, Portable Aluminum Fragrance Container, Cosmetic Spray Bottle Dispenser Black Friday,Makeup Bag Makeup Pouch Skincare Bag Toiletry Bag Packing Cubes,Travel Essentials Cruise Essentials Dorm Essentials,Wedding Bridesmaid Gifts,Mom Gifts,Birthday Gifts,Gifts For Friends And Teachers,Home Decor,Bathroom Livingroom Bedroom Decor,Bathroom Organizer,Jewelry Organizer,Lip Oil Organizer,Nail Polish Organizer Makeup Bag Storage Makeup Organizer Makeup Case",Beauty & Health
https://us.shein.com/12pcs-Multi-Functional-Makeup-Brush-Set-Including-Powder-Brush-Blush-Brush-Foundation-Brush-Eyeshadow-Brush-Blending-Brush-Contour-Brush-Along-With-An-Oblique-Cut-Beauty-Blender-Rounded-Beauty-Blender-And-White-Powder-Puff-p-25462952.html?src_identifier=fc%3DBeauty%20%26%20Health%60sc%3DBeauty%20%26%20Health%60tc%3D0%60oc%3D0%60ps%3Dtab12navbar12%60jc%3DitemPicking_017172970&src_module=topcat&src_tab_page_id=page_select_class1718919273428&mallCode=1&pageListType=2,,7.8,5.0,8.0,#2 Best Sellers,in Brushes Sets,"12pcs Multi-Functional Makeup Brush Set Including Powder Brush, Blush Brush, Foundation Brush, Eyeshadow Brush, Blending Brush, Contour Brush, Along With An Oblique Cut Beauty Blender, Rounded Beauty Blender, And White Powder Puff",Beauty & Health
https://us.shein.com/Turmeric-Lemon-Kojic-Acid-Soap-100g-Suitable-For-Face-Body-And-Hand-Wash-Rich-Foam-Deeply-Cleanses-And-Smoothens-Skin-Handmade-With-Essential-Oil-p-33835321.html?src_identifier=fc%3DBeauty%20%26%20Health%60sc%3DBeauty%20%26%20Health%60tc%3D0%60oc%3D0%60ps%3Dtab12navbar12%60jc%3DitemPicking_017172970&src_module=topcat&src_tab_page_id=page_select_class1718919273428&mallCode=1&pageListType=2,7.8k+ sold recently,2.6,4.0,1.0,,,"Turmeric Lemon Kojic Acid Soap 100g, Suitable For Face, Body And Hand Wash, Rich Foam Deeply Cleanses And Smoothens Skin, Handmade With Essential Oil",Beauty & Health
https://us.shein.com/1-Bottle-Of-45ml-Miss-Sweetheart-Floral-Scent-Eau-De-Parfum-For-Women-Delicate-Charming-DXR243-DXR242-p-32658450.html?src_identifier=fc%3DBeauty%20%26%20Health%60sc%3DBeauty%20%26%20Health%60tc%3D0%60oc%3D0%60ps%3Dtab12navbar12%60jc%3DitemPicking_017172970&src_module=topcat&src_tab_page_id=page_select_class1718919273428&mallCode=1&pageListType=2,3.9k+ sold recently,5.3,4.0,1.0,,,"1 Bottle Of 45ml Miss Sweetheart Floral Scent Eau De Parfum For Women, Delicate & Charming DXR243/DXR242",Beauty & Health
https://us.shein.com/12-Colors-Nail-Art-Product-3-In-1-Extension-Acrylic-Powder-Crystal-Powder-Carving-Powder-Set-For-Nail-Art-Salon-Uv-Gel-Nail-Polish-10g-p-26136784.html?src_identifier=fc%3DBeauty%20%26%20Health%60sc%3DBeauty%20%26%20Health%60tc%3D0%60oc%3D0%60ps%3Dtab12navbar12%60jc%3DitemPicking_017172970&src_module=topcat&src_tab_page_id=page_select_class1718919273428&mallCode=1&pageListType=2,,5.66,12.0,1.0,#3 Best Sellers,in Acrylic Nail Powders & Liquids,"12 Colors Nail Art Product, 3 In 1 Extension Acrylic Powder, Crystal Powder & Carving Powder Set For Nail Art, Salon Uv Gel Nail Polish (10g)",Beauty & Health
https://us.shein.com/New-13pcs-Portable-Coffee-brown-Makeup-Brush-Set-With-Velvet-Bag-Including-Blush-Brush-Eyeshadow-Brush-Powder-Brush-Contour-Brush-Concealer-Brush-Full-Set-Of-Makeup-Tools-Black-Friday-p-21862483.html?src_identifier=fc%3DBeauty%20%26%20Health%60sc%3DBeauty%20%26%20Health%60tc%3D0%60oc%3D0%60ps%3Dtab12navbar12%60jc%3DitemPicking_017172970&src_module=topcat&src_tab_page_id=page_select_class1718919273428&mallCode=1&pageListType=2,,2.6,7.0,5.0,#3 Best Sellers,in Brushes Sets,"New 13pcs Portable Coffee-brown Makeup Brush Set With Velvet Bag, Including Blush Brush, Eyeshadow Brush, Powder Brush, Contour Brush, Concealer Brush, Full Set Of Makeup Tools Black Friday",Beauty & Health
https://us.shein.com/6-Sheets-288pcs-French-Nail-Art-Stickers-With-Wavy-Circle-Patterns-And-Modeling-Templates-For-Nail-Polish-And-Glitter-Application-To-Create-A-French-Manicure-Without-Overflow-p-36281904.html?src_identifier=fc%3DBeauty%20%26%20Health%60sc%3DBeauty%20%26%20Health%60tc%3D0%60oc%3D0%60ps%3Dtab12navbar12%60jc%3DitemPicking_017172970&src_module=topcat&src_tab_page_id=page_select_class1718919273428&mallCode=1&pageListType=2,40+ sold recently,0.15,89.0,1.0,,,6 Sheets (288pcs) French Nail Art Stickers With Wavy Circle Patterns And Modeling Templates For Nail Polish And Glitter Application To Create A French Manicure Without Overflow,Beauty & Health
https://us.shein.com/1pc-Facial-And-Neck-Massager-With-3-Color-LED-Light-Modes-Perfect-Gift-For-Home-And-Travel-Use-p-31373894.html?src_identifier=fc%3DBeauty%20%26%20Health%60sc%3DBeauty%20%26%20Health%60tc%3D0%60oc%3D0%60ps%3Dtab12navbar12%60jc%3DitemPicking_017172970&src_module=topcat&src_tab_page_id=page_select_class1718919273428&mallCode=1&pageListType=2,,7.87,35.0,1.0,#3 Best Sellers,in Beauty Care Appliances,"1pc Facial And Neck Massager With 3-Color LED Light Modes, Perfect Gift For Home And Travel Use",Beauty & Health
https://us.shein.com/5pcs-Set-Professional-Hair-Styling-Comb-Set-For-Curly-Consist-Of-Edges-Brush-Tail-Comb-Gel-Brush-Denman-Brush-Edge-Control-Brush-Hair-Brush-Detangling-Barber-Comb-Parting-Comb-Hair-Picks-Rat-Tail-Comb-Rat-Tail-Combs-For-Parting-Hair-Styling-Comb-Decorative-Tail-Comb-Edge-Control-Brush-And-Shampoo-Brush-Hair-Comb-Set-Anti-Static-Braiding-Combs-Hair-Combs-For-Salon-Braiding-Combs-Rat-Tail-Comb-Wide-Tooth-Comb-Teasing-Hair-Brsuh-Brush-Hair-Brush-Scalp-Massage-Straight-Wet-Dry-Long-And-Shor-p-9697220.html?src_identifier=fc%3DBeauty%20%26%20Health%60sc%3DBeauty%20%26%20Health%60tc%3D0%60oc%3D0%60ps%3Dtab12navbar12%60jc%3DitemPicking_017172970&src_module=topcat&src_tab_page_id=page_select_class1718919273428&mallCode=1&pageListType=2,,1.1,0.0,5.0,#8 Best Sellers,in Combs,"5pcs/Set Professional Hair Styling Comb Set For Curly, Consist Of Edges Brush, Tail Comb, Gel Brush Denman Brush Edge Control Brush,Hair Brush Detangling Barber Comb Parting Comb Hair Picks Rat Tail Comb Rat Tail Combs For Parting,Hair Styling Comb Decorative Tail Comb, Edge Control Brush And Shampoo Brush Hair Comb Set, Anti-Static Braiding Combs Hair Combs For Salon,Braiding Combs Rat Tail Comb,Wide Tooth Comb Teasing Hair Brsuh Brush Hair Brush Scalp Massage,Straight, Wet, Dry, Long, And Shor",Beauty & Health
https://us.shein.com/1-Ice-Roller-Massager-Ice-Cube-Roller-Is-Suitable-For-Natural-Conditioning-And-Skin-Care-Of-The-Face-Eyes-And-Neck-Removes-Puffy-Eye-Bags-Relieves-Migraines-Reusable-Massage-Silicone-Ice-Mold-p-33502297.html?src_identifier=fc%3DBeauty%20%26%20Health%60sc%3DBeauty%20%26%20Health%60tc%3D0%60oc%3D0%60ps%3Dtab12navbar12%60jc%3DitemPicking_017172970&src_module=topcat&src_tab_page_id=page_select_class1718919273428&mallCode=1&pageListType=2,300+ sold recently,1.56,51.0,1.0,,,"1 Ice Roller Massager, Ice Cube Roller Is Suitable For Natural Conditioning And Skin Care Of The Face, Eyes And Neck, Removes Puffy Eye Bags, Relieves Migraines, Reusable Massage Silicone Ice Mold",Beauty & Health
https://us.shein.com/Facial-Wax-Strips-Low-Allergenic-For-All-Skin-Types-Suitable-For-Women-Facial-Hair-Removal-Home-Waxing-Kit-10pcs-20-Strips-Facial-Wax-Strips-Aloe-Vera-rose-Scented-p-24242565.html?src_identifier=fc%3DBeauty%20%26%20Health%60sc%3DBeauty%20%26%20Health%60tc%3D0%60oc%3D0%60ps%3Dtab12navbar12%60jc%3DitemPicking_017172970&src_module=topcat&src_tab_page_id=page_select_class1718919273428&mallCode=1&pageListType=2,10k+ sold recently,1.6,20.0,1.0,,,"Facial Wax Strips - Low Allergenic For All Skin Types - Suitable For Women Facial Hair Removal - Home Waxing Kit 10pcs (20 Strips) Facial Wax Strips, Aloe Vera/rose Scented",Beauty & Health
https://us.shein.com/Pink-Mini-Portable-Nail-Dryer-Lamp-For-Gel-Nails-With-Uv-Led-Light-For-Nail-Art-p-24557044.html?src_identifier=fc%3DBeauty%20%26%20Health%60sc%3DBeauty%20%26%20Health%60tc%3D0%60oc%3D0%60ps%3Dtab12navbar12%60jc%3DitemPicking_017172970&src_module=topcat&src_tab_page_id=page_select_class1718919273428&mallCode=1&pageListType=2,,1.85,23.0,6.0,#9 Best Sellers,in Nail Curing Lamps & Dryers,Pink Mini Portable Nail Dryer Lamp For Gel Nails With Uv Led Light For Nail Art,Beauty & Health
https://us.shein.com/Hair-Wax-Stick-For-Wigs-Long-Lasting-Hold-Edge-Control-Hair-Gel-Non-Greasy-Moisturizing-Pomade-Stick-With-Castor-Oil-For-Frizz-Control-Slick-Stick-Styling-Cream-For-Flyaways-p-31442687.html?src_identifier=fc%3DBeauty%20%26%20Health%60sc%3DBeauty%20%26%20Health%60tc%3D0%60oc%3D0%60ps%3Dtab12navbar12%60jc%3DitemPicking_017172970&src_module=topcat&src_tab_page_id=page_select_class1718919273428&mallCode=1&pageListType=2,,1.7,6.0,1.0,#1 Best Sellers,in Styling Products,"Hair Wax Stick For Wigs, Long-Lasting Hold Edge Control Hair Gel Non-Greasy Moisturizing Pomade Stick With Castor Oil For Frizz Control, Slick Stick Styling Cream For Flyaways",Beauty & Health
https://us.shein.com/Professional-Curler-Electrically-Heated-Automatic-Curler-Negative-Ion-Electric-Clip-Curler-Portable-Heated-Hair-Styling-Tool-For-Home-Use-Salon-Hair-Salon-Mother-s-Day-Gift-p-35234564.html?src_identifier=fc%3DBeauty%20%26%20Health%60sc%3DBeauty%20%26%20Health%60tc%3D0%60oc%3D0%60ps%3Dtab12navbar12%60jc%3DitemPicking_017172970&src_module=topcat&src_tab_page_id=page_select_class1718919273428&mallCode=1&pageListType=2,,35.0,0.0,1.0,,,"Professional Curler, Electrically Heated Automatic Curler, Negative Ion Electric Clip Curler, Portable Heated Hair Styling Tool For Home Use, Salon, Hair Salon, Mother's Day Gift",Beauty & Health
https://us.shein.com/Tongue-Scraper-2-Pack-Tongue-Cleaner-Reduce-Bad-Breath-Tongue-Cleaners-Stainless-Steel-Metal-Tongue-Scrapers-For-Adults-Fresher-Breath-Oral-Care-Oral-Cleaning-Tools-For-Travel-Home-Living-Room-Home-Bedroom-Bathroom-House-Decor-Travel-Stuff-Wedding-Party-Birthday-Gifts-For-Men-Mom-Dad-Friends-New-Years-Accessaries-Funny-Gift-p-28187414.html?src_identifier=fc%3DBeauty%20%26%20Health%60sc%3DBeauty%20%26%20Health%60tc%3D0%60oc%3D0%60ps%3Dtab12navbar12%60jc%3DitemPicking_017172970&src_module=topcat&src_tab_page_id=page_select_class1718919273428&mallCode=1&pageListType=2,,1.7,6.0,1.0,#6 Best Sellers,in Oral Tools,"Tongue Scraper (2 Pack),Tongue Cleaner Reduce Bad Breath, Tongue Cleaners Stainless Steel, Metal Tongue Scrapers For Adults Fresher Breath,Oral Care,Oral Cleaning Tools For Travel,Home, Living Room Home Bedroom Bathroom House Decor, Travel Stuff, Wedding, Party, Birthday, Gifts For Men Mom Dad Friends, New Years, Accessaries, Funny Gift",Beauty & Health
https://us.shein.com/1pc-Scalp-Massager-Scalp-Brush-Scalp-Massage-Brush-Comb-Shampoo-Hair-Washing-Comb-Shower-Brush-Bath-Spa-Slimming-Massage-Brush-Shampoo-Brush-Silicone-Hair-Scalp-Massager-Shampoo-Brush-Scalp-Scrubber-With-Ultra-Soft-Bristles-Integrated-Design-Scalp-Exfoliator-For-Deep-Cleanse-Dandruff-Removal-And-Hair-Growth-Hair-Brush-p-9847541.html?src_identifier=fc%3DBeauty%20%26%20Health%60sc%3DBeauty%20%26%20Health%60tc%3D0%60oc%3D0%60ps%3Dtab12navbar12%60jc%3DitemPicking_017172970&src_module=topcat&src_tab_page_id=page_select_class1718919273428&mallCode=1&pageListType=2,400+ sold recently,0.32,81.0,4.0,,,"1pc Scalp Massager,Scalp Brush, Scalp Massage Brush Comb Shampoo Hair Washing Comb Shower Brush Bath Spa Slimming Massage Brush Shampoo Brush Silicone Hair Scalp Massager Shampoo Brush, Scalp Scrubber With Ultra-Soft Bristles, Integrated Design Scalp Exfoliator For Deep Cleanse, Dandruff Removal And Hair Growth Hair Brush",Beauty & Health
https://us.shein.com/2PCS-Ice-Globes-for-Facials-Cooling-Globe-For-Face-Neck-Eye-Circle-Massage-Facial-Globes-For-Daily-Beauty-Hot-And-Cold-Dual-Use-Globes-Face-Massager-Tools-Facial-Cooling-Neck-Eyes-Daily-Beauty-Tighten-Skin-Anti-Ageing-Reduce-Puffy-and-Wrinkle-Freezer-Safe-and-Highly-Effective-Facial-Globes-p-24856415.html?src_identifier=fc%3DBeauty%20%26%20Health%60sc%3DBeauty%20%26%20Health%60tc%3D0%60oc%3D0%60ps%3Dtab12navbar12%60jc%3DitemPicking_017172970&src_module=topcat&src_tab_page_id=page_select_class1718919273428&mallCode=1&pageListType=2,1.9k+ sold recently,6.2,5.0,1.0,,,"2PCS Ice Globes for Facials, Cooling Globe For Face Neck Eye Circle Massage Facial Globes For Daily Beauty Hot And Cold Dual Use, Globes, Face Massager, Tools, Facial Cooling Neck & Eyes, Daily Beauty, Tighten Skin, Anti Ageing, Reduce Puffy and Wrinkle, Freezer Safe and Highly Effective Facial Globes",Beauty & Health
https://us.shein.com/SLOWSUNDAY-Under-Eye-Collagen-Patches-Eye-Masks-With-24K-Gold-Eye-Gel-Treatment-Masks-For-Puffy-Eyes-Eye-Pads-For-Dark-Circles-Under-Eye-Bags-Anti-Wrinkle-Moisturizing-Improves-Elasticity-30-PAIRS-p-21978620.html?src_identifier=fc%3DBeauty%20%26%20Health%60sc%3DBeauty%20%26%20Health%60tc%3D0%60oc%3D0%60ps%3Dtab12navbar12%60jc%3DitemPicking_017172970&src_module=topcat&src_tab_page_id=page_select_class1718919273428&mallCode=1&pageListType=2,,4.79,20.0,1.0,#2 Best Sellers,in Facial Masks,"SLOWSUNDAYâ¢ Under Eye Collagen Patches Eye Masks With 24K Gold, Eye Gel Treatment Masks For Puffy Eyes, Eye Pads For Dark Circles, Under Eye Bags, Anti Wrinkle, Moisturizing Improves Elasticity 30 PAIRS",Beauty & Health
https://us.shein.com/3pcs-Bath-Sponge-Soft-Shower-Flower-Bubble-Bath-Ball-Random-Color-p-20798001.html?src_identifier=fc%3DBeauty%20%26%20Health%60sc%3DBeauty%20%26%20Health%60tc%3D0%60oc%3D0%60ps%3Dtab12navbar12%60jc%3DitemPicking_017172970&src_module=topcat&src_tab_page_id=page_select_class1718919273428&mallCode=1&pageListType=2,700+ sold recently,0.88,69.0,1.0,,,"3pcs Bath Sponge Soft Shower Flower, Bubble Bath Ball, Random Color",Beauty & Health
https://us.shein.com/SHEGLAM-Sun-Sculpt-Liquid-Contour-Golden-Sun-Gel-Cream-Contour-Non-Greasy-Long-Lasting-Highly-Pigmented-Natural-Contour-Contouring-Weightless-Bronzer-Black-Friday-Winter-Brown-Contour-Bronzer-p-3455673.html?src_identifier=fc%3DBeauty%20%26%20Health%60sc%3DBeauty%20%26%20Health%60tc%3D0%60oc%3D0%60ps%3Dtab12navbar12%60jc%3DitemPicking_017172970&src_module=topcat&src_tab_page_id=page_select_class1718919273428&mallCode=1&pageListType=2,,4.99,17.0,7.0,#2 Best Sellers,in Face Make Up,SHEGLAM Sun Sculpt Liquid Contour-Golden SunÂ  Gel Cream ContourÂ  Non-Greasy Long Lasting Highly Pigmented Natural Contour Contouring Weightless Bronzer Black Friday Winter Brown Contour & Bronzer,Beauty & Health
https://us.shein.com/Combing-Hair-Dyeing-Separation-Pointed-Tail-Comb-1-Piece-Pp-Material-Simple-Heat-Resistant-Rat-Tail-Household-Hair-Brush-p-16222945.html?src_identifier=fc%3DBeauty%20%26%20Health%60sc%3DBeauty%20%26%20Health%60tc%3D0%60oc%3D0%60ps%3Dtab12navbar12%60jc%3DitemPicking_017172970&src_module=topcat&src_tab_page_id=page_select_class1718919273428&mallCode=1&pageListType=2,1.0k+ sold recently,0.47,64.0,1.0,,,Combing Hair Dyeing Separation Pointed Tail Comb 1 Piece Pp Material Simple Heat-Resistant Rat Tail Household Hair Brush,Beauty & Health
https://us.shein.com/Movable-Foot-Soak-Tub-for-Pedicure-and-Thermal-Massage-Promotes-Blood-Circulation-and-Contains-Bath-Powder-1-pair-p-23645814.html?src_identifier=fc%3DBeauty%20%26%20Health%60sc%3DBeauty%20%26%20Health%60tc%3D0%60oc%3D0%60ps%3Dtab12navbar12%60jc%3DitemPicking_017172970&src_module=topcat&src_tab_page_id=page_select_class1718919273428&mallCode=1&pageListType=2,500+ sold recently,12.9,7.0,1.0,,,"Movable Foot Soak Tub for Pedicure and Thermal Massage - Promotes Blood Circulation and Contains Bath Powder, 1 pair",Beauty & Health
https://us.shein.com/Extra-Long-Heatless-Curlformers-For-Tight-Spiral-Curls-Natural-Hair-Styling-Tools-p-23348964.html?src_identifier=fc%3DBeauty%20%26%20Health%60sc%3DBeauty%20%26%20Health%60tc%3D0%60oc%3D0%60ps%3Dtab12navbar12%60jc%3DitemPicking_017172970&src_module=topcat&src_tab_page_id=page_select_class1718919273428&mallCode=1&pageListType=2,1.2k+ sold recently,1.56,35.0,5.0,,,"Extra-Long Heatless Curlformers For Tight Spiral Curls, Natural Hair Styling Tools",Beauty & Health
https://us.shein.com/Long-Satin-Sleep-Bonnet-Extra-Large-Night-Cap-for-Women-with-Long-Curly-Dreadlock-Braid-Hair-pink-Black-Friday-p-19297248.html?src_identifier=fc%3DBeauty%20%26%20Health%60sc%3DBeauty%20%26%20Health%60tc%3D0%60oc%3D0%60ps%3Dtab12navbar12%60jc%3DitemPicking_017172970&src_module=topcat&src_tab_page_id=page_select_class1718919273428&mallCode=1&pageListType=2,300+ sold recently,1.55,40.0,1.0,,,Long Satin Sleep Bonnet -Extra Large Night Cap for Women with Long Curly Dreadlock Braid Hair pink Black Friday,Beauty & Health
https://us.shein.com/12pcs-Multifunctional-Super-Soft-Makeup-Brush-Set-Angled-Teardrop-Shaped-Beauty-Sponge-1pc-Round-Powder-Puff-Quick-Makeup-Application-Tool-p-34130100.html?src_identifier=fc%3DBeauty%20%26%20Health%60sc%3DBeauty%20%26%20Health%60tc%3D0%60oc%3D0%60ps%3Dtab12navbar12%60jc%3DitemPicking_017172970&src_module=topcat&src_tab_page_id=page_select_class1718919273428&mallCode=1&pageListType=2,,7.8,5.0,1.0,#5 Best Sellers,in Brushes Sets,"12pcs Multifunctional Super Soft Makeup Brush Set+Angled & Teardrop Shaped Beauty Sponge+1pc Round Powder Puff, Quick Makeup Application Tool",Beauty & Health
https://us.shein.com/Moisturizing-Soft-Eye-Sheet-60pcs-Refreshing-Facial-Care-Product-For-Women-p-15823754.html?src_identifier=fc%3DBeauty%20%26%20Health%60sc%3DBeauty%20%26%20Health%60tc%3D0%60oc%3D0%60ps%3Dtab12navbar12%60jc%3DitemPicking_017172970&src_module=topcat&src_tab_page_id=page_select_class1718919273428&mallCode=1&pageListType=2,900+ sold recently,2.77,41.0,1.0,,,"Moisturizing Soft Eye Sheet, 60pcs Refreshing Facial Care Product For Women",Beauty & Health
https://us.shein.com/25pcs-Disposable-Eyelash-Extension-Brush-Makeup-Brush-Mascara-Wands-Applicator-Spoolers-Eyelashe-Black-Friday-p-22279684.html?src_identifier=fc%3DBeauty%20%26%20Health%60sc%3DBeauty%20%26%20Health%60tc%3D0%60oc%3D0%60ps%3Dtab12navbar12%60jc%3DitemPicking_017172970&src_module=topcat&src_tab_page_id=page_select_class1718919273428&mallCode=1&pageListType=2,100+ sold recently,0.55,58.0,1.0,,,25pcs Disposable Eyelash Extension Brush Makeup Brush Mascara Wands Applicator Spoolers Eyelashe Black Friday,Beauty & Health
https://us.shein.com/3pcs-3-In-1-Makeup-Tool-For-Eyeshadow-Magic-Useful-Cosmetic-Mascara-Eyelash-Comb-Shield-Guard-DIY-Eyeliner-Stencil-Beginner-Applicator-Helper-Guide-Card-Tool-Reusable-Makeup-Helper-For-Perfect-Eyelashes-And-Eyeliner-Application-p-33748289.html?src_identifier=fc%3DBeauty%20%26%20Health%60sc%3DBeauty%20%26%20Health%60tc%3D0%60oc%3D0%60ps%3Dtab12navbar12%60jc%3DitemPicking_017172970&src_module=topcat&src_tab_page_id=page_select_class1718919273428&mallCode=1&pageListType=2,700+ sold recently,0.65,50.0,1.0,,,"3pcs 3 In 1 Makeup Tool For Eyeshadow, Magic Useful Cosmetic Mascara Eyelash Comb Shield Guard & DIY Eyeliner Stencil, Beginner Applicator Helper Guide Card Tool, Reusable Makeup Helper For Perfect Eyelashes And Eyeliner Application",Beauty & Health
https://us.shein.com/Massage-Shampoo-Brush-Scalp-Anti-Itching-Scratch-Brush-Shower-BrushSilicone-Head-Massager-Soft-Shampoo-And-Hair-Care-Brush-p-30923414.html?src_identifier=fc%3DBeauty%20%26%20Health%60sc%3DBeauty%20%26%20Health%60tc%3D0%60oc%3D0%60ps%3Dtab12navbar12%60jc%3DitemPicking_017172970&src_module=topcat&src_tab_page_id=page_select_class1718919273428&mallCode=1&pageListType=2,,1.25,43.0,1.0,#3 Best Sellers,in Rubbing & Bathing Tools,"Massage Shampoo Brush,Scalp Anti Itching Scratch Brush, Shower BrushSilicone Head Massager, Soft Shampoo And Hair Care Brush",Beauty & Health
https://us.shein.com/26-Sets-Of-10-Size-U-Curve-Nail-Protectors-Nail-Polish-Spill-Protectors-p-34358486.html?src_identifier=fc%3DBeauty%20%26%20Health%60sc%3DBeauty%20%26%20Health%60tc%3D0%60oc%3D0%60ps%3Dtab12navbar12%60jc%3DitemPicking_017172970&src_module=topcat&src_tab_page_id=page_select_class1718919273428&mallCode=1&pageListType=2,400+ sold recently,0.56,63.0,1.0,,,"26 Sets Of 10-Size U-Curve Nail Protectors, Nail Polish Spill Protectors",Beauty & Health
https://us.shein.com/1pc-Solid-Shaping-Hair-Wax-Stick-Fragmented-Hair-Finishing-Cream-Lasting-Shaping-Hair-Finishing-Stick-Shaping-Hair-Cream-Solid-Hair-Wax-p-27802271.html?src_identifier=fc%3DBeauty%20%26%20Health%60sc%3DBeauty%20%26%20Health%60tc%3D0%60oc%3D0%60ps%3Dtab12navbar12%60jc%3DitemPicking_017172970&src_module=topcat&src_tab_page_id=page_select_class1718919273428&mallCode=1&pageListType=2,1.8k+ sold recently,1.37,47.0,1.0,,,1pc Solid Shaping Hair Wax Stick Fragmented Hair Finishing Cream Lasting Shaping Hair Finishing Stick Shaping Hair Cream Solid Hair Wax,Beauty & Health
https://us.shein.com/10pcs-Compressed-Facial-Sponge-Flower-Shaped-Cleaning-Sponge-For-Reusable-Makeup-Removal-Face-Washing-Exfoliating-And-Massaging-With-Natural-Cellulose-And-Wood-Pulp-Materials-Skincare-Room-Decor-Home-Decor-Bedroom-Decor-Bathroom-Christmas-Gifts-Bathroom-Decor-Travel-Travel-Stuff-Wedding-Christmas-Party-Mom-Gifts-Home-Room-House-Decor-Christmas-Gift-Gifts-For-Mom-Birthday-Pink-Room-Decor-Living-Room-Decor-Bedroom-Gifts-For-Men-Dad-Gifts-Mushroom-New-Years-Mom-Accessaries-Gifts-For-Dad-Friends-Funny-Gift-p-27355419.html?src_identifier=fc%3DBeauty%20%26%20Health%60sc%3DBeauty%20%26%20Health%60tc%3D0%60oc%3D0%60ps%3Dtab12navbar12%60jc%3DitemPicking_017172970&src_module=topcat&src_tab_page_id=page_select_class1718919273428&mallCode=1&pageListType=2,2.3k+ sold recently,1.7,15.0,1.0,,,"10pcs Compressed Facial Sponge, Flower Shaped Cleaning Sponge For Reusable Makeup Removal, Face Washing, Exfoliating And Massaging With Natural Cellulose And Wood Pulp Materials,Skincare,Room Decor,Home Decor,Bedroom Decor,Bathroom,Christmas Gifts,Bathroom Decor,Travel,Travel Stuff,Wedding,Christmas Party,Mom Gifts,Home,Room,House Decor,Christmas Gift,Gifts For Mom,Birthday,Pink Room Decor,Living Room Decor,Bedroom,Gifts For Men,Dad Gifts,Mushroom,New Years,Mom,Accessaries,Gifts For Dad,Friends,Funny Gift",Beauty & Health
https://us.shein.com/Bonnet-Queen-Silk-Bonnet-For-Sleeping-Satin-Bonnet-Hair-Bonnet-Black-Bonnet-For-Men-Tie-Bonnet-For-Women-Adjustable-Bonnet-For-Natural-Hair-Curly-Hair-p-30830346.html?src_identifier=fc%3DBeauty%20%26%20Health%60sc%3DBeauty%20%26%20Health%60tc%3D0%60oc%3D0%60ps%3Dtab12navbar12%60jc%3DitemPicking_017172970&src_module=topcat&src_tab_page_id=page_select_class1718919273428&mallCode=1&pageListType=2,3.0k+ sold recently,1.39,60.0,1.0,,,Bonnet Queen Silk Bonnet For Sleeping Satin Bonnet Hair Bonnet Black Bonnet For Men Tie Bonnet For Women Adjustable Bonnet For Natural Hair Curly Hair,Beauty & Health
https://us.shein.com/Miqh-7ml-New-Gel-Nail-Polish-Multicolor-Choice-Top-Coat-No-Wipe-Matt-Glossy-Finish-For-Diy-Home-Festival-Party-Gift-p-30691307.html?src_identifier=fc%3DBeauty%20%26%20Health%60sc%3DBeauty%20%26%20Health%60tc%3D0%60oc%3D0%60ps%3Dtab12navbar12%60jc%3DitemPicking_017172970&src_module=topcat&src_tab_page_id=page_select_class1718919273428&mallCode=1&pageListType=2,400+ sold recently,0.9,40.0,1.0,,,"Miqh 7ml New Gel Nail Polish, Multicolor Choice, Top Coat No Wipe Matt/Glossy Finish, For Diy Home/Festival/Party Gift",Beauty & Health
https://us.shein.com/4pcs-Cosmetics-Sponge-Set-Makeup-Beauty-Blender-For-Liquid-Cream-Powder-Multi-Colored-Beauty-Sponge-Latex-Free-Dual-Use-Foundation-Applicator-Suitable-For-All-Skin-Types-p-27447855.html?src_identifier=fc%3DBeauty%20%26%20Health%60sc%3DBeauty%20%26%20Health%60tc%3D0%60oc%3D0%60ps%3Dtab12navbar12%60jc%3DitemPicking_017172970&src_module=topcat&src_tab_page_id=page_select_class1718919273428&mallCode=1&pageListType=2,2.2k+ sold recently,0.95,44.0,1.0,,,"4pcs Cosmetics Sponge Set, Makeup Beauty Blender For Liquid, Cream, Powder, Multi Colored Beauty Sponge, Latex Free Dual Use Foundation Applicator, Suitable For All Skin Types",Beauty & Health
https://us.shein.com/Nail-Drill-Bit-Wire-Cleaning-Brush-Box-1Pc-Mini-Portable-Cleaner-Dual-Clean-Brush-Metal-Brush-Plastic-Brush-Salon-Accessories-Manicure-Tool-p-17387317.html?src_identifier=fc%3DBeauty%20%26%20Health%60sc%3DBeauty%20%26%20Health%60tc%3D0%60oc%3D0%60ps%3Dtab12navbar12%60jc%3DitemPicking_017172970&src_module=topcat&src_tab_page_id=page_select_class1718919273428&mallCode=1&pageListType=2,500+ sold recently,1.35,48.0,1.0,,,"Nail Drill Bit Wire Cleaning Brush Box, 1Pc Mini Portable Cleaner Dual Clean Brush Metal Brush & Plastic Brush Salon Accessories Manicure Tool",Beauty & Health
,600+ sold recently,2.46,30.0,1.0,,,"Ice Roller for Face and Eye, 1pc Silicone DIY Cooling Ice Mold Face Beauty Massage Shrink Pores Upgrade Mold for Face Neck and Eye",Beauty & Health
,200+ sold recently,1.4,7.0,1.0,,,"3pcs Pink Collagen Fruit Lip Patch For Hydration And Moisture, Individual Package",Beauty & Health
,900+ sold recently,0.72,55.0,1.0,,,"10pcs Transparent Storage Bag For Nail Art Decoration, Rhinestones, Jewelry, Necklace, Earrings, Bracelets, Self-Sealing Pouch For Convenient And Reusable Accessory Sorting And Organizing.",Beauty & Health
,,2.1,0.0,1.0,#3 Best Sellers,in Eye Care,"5pairs/Pack Collagen Crystal Eye Mask, Moisturizing, Anti-Wrinkle, Fine Lines, Dark Circles, Lifting And Firming Eye Mask",Beauty & Health
,,1.4,7.0,19.0,#7 Best Sellers,"in Nail,Hand & Foot Care",Instantly Upgrade Your Look With 24pcs Medium Square White French Style Fake Toenail & 1pc Nail File & 1sheet Tape French Tip Press On Nails Supplies,Beauty & Health
,,1.3,7.0,1.0,#8 Best Sellers,in Personal Care,"Burning Body Cream, Used For Weight Loss And Slim Figure, Natural Ingredients",Beauty & Health
,,13.44,20.0,1.0,#2 Best Sellers,in Nail Art Salon Sets,Acrylic Nail Kit With Acrylic Powder Liquid Set Professional Bright Glitter Nail Brushes Forms French Tips For Acrylic Nails Color Powder Set For Beginners Diy At Home,Beauty & Health
,90+ sold recently,2.51,65.0,1.0,,,24 Inch Straight Synthetic Hair 7 Piece Curling Extensions Set To Extend Hair Extensions Invisible Clip Wig Extends Long Piece Black,Beauty & Health
,7.3k+ sold recently,1.4,13.0,5.0,,,Transform Your Nails With 24pcs Short Square Rhinestone Decor Full Cover Fake Nail Set Press On Nails Nail Supplies,Beauty & Health
,1.3k+ sold recently,1.6,6.0,6.0,,,8pcs Silicone Rhinestone Decor Toe Splitter,Beauty & Health
,,3.39,38.0,7.0,#6 Best Sellers,in Lip Liner,SHEGLAM Glam 101 Lipstick & Liner Duo - Berry Whip 2-In-1 Matte Dual-Ended Lip Liner Lipstick Pencil Highly Pigmented Long Lasting Smooth Easy To Wear Lip Makeup Black Friday Winter Pink Brown Lip Liner,Beauty & Health
,,1.7,11.0,1.0,#6 Best Sellers,in Nail Polish Remover Tools,15ml Magic Nail Polish Remover Gel Soak Off Cleaner UV Gel Polish Delete Matt Primer Base Top Coat Gel Remover,Beauty & Health
,,1.8,5.0,1.0,#2 Best Sellers,in Tattoo Ink,"Henna Dye Cream, Semi-Permanent Tattoo Dye, Colorful Body Tattoo Ink, Long-Term Plant-Based Tattoo Dye, Temporary Tattoo Cream, Suitable For Parties",Beauty & Health
,300+ sold recently,1.47,30.0,1.0,,,2pcs Forefoot Orthopedic Insoles Women Soft Silicone Gel Cushion Relieve Foot Pain Metatarsal Support Insert Pad Shoes Insoles,Beauty & Health
,1.1k+ sold recently,0.94,28.0,1.0,,,"1 Pcs Stainless Steel Toothpaste Squeezers, Manual Facial Cleanser Extruder, Used In Bathroom, Hair Colorants, Cosmetics, Paint Squeezers",Beauty & Health
,,11.7,4.0,15.0,#9 Best Sellers,in Makeup Brushes,45PCS Makeup Tools Set Including: 25pcs Makeup Brush Sets+4PCS Makeup Sponges+4PCS Mini Makeup Sponges+4PCS Triangle Powder Puffs+4PCS Mini Air Cushion Powder Puff+1PCS Makeup Brush Cleaning Tools+1PCS Hairband+2PCS Hand Bowl Strap For Preventing Water From Flowing Into Clothes,Beauty & Health
,,4.99,17.0,4.0,#4 Best Sellers,in Blush,SHEGLAM ColorÂ BloomÂ DayglowÂ LiquidÂ BlushÂ ShimmerÂ Finish-DevotedÂ  Glowing Gel Cream BlushÂ Long Lasting Non-Fading Highly Pigmented Lightweight Long Wear Smooth Blusher Black Friday Winter Pink Brown Gifts Blush,Beauty & Health
,100+ sold recently,3.12,24.0,10.0,,,"10 PCS Colored Hair Extensions, Hairpieces For Women Highlight Colorful Straight Clip In Hair Extensions Daily Party Costumes Hair Pieces For Girls Cosplay Party Y2K Style Fashion Party Christmas New Year Gift for Women",Beauty & Health
,1.2k+ sold recently,0.95,60.0,1.0,,,"1pc Silicon Shower Massage Pad With Foot Massage Scrub, Wall-Mounted Back Exfoliating Tool - With Anti-Slip Suction Cup",Beauty & Health
,9.8k+ sold recently,1.2,8.0,1.0,,,"Nail Glue For Acrylic Nail Tip Adhesive Super Adhesive For Diy Nail Art, 2g/Piece",Beauty & Health
,,2.81,6.0,4.0,#1 Best Sellers,in Body Make Up,"Highlight Palette Glitter Face Contour Brightening Makeup Illuminating Cosmetic, Pearl Highlighter For Full Body",Beauty & Health
,3.2k+ sold recently,3.8,3.0,1.0,,,"1pc YARA Pink 10ml Roll-On Perfume, Long-Lasting Fragrance, Convenient To Carry, C-01",Beauty & Health
,100+ sold recently,1.25,55.0,1.0,,,"7 Count Makeup Remover Cloths, Microfiber Reusable Fast Drying Washcloth, Natural Facial Cleansing Towels",Beauty & Health
,4.3k+ sold recently,1.8,5.0,16.0,,,"4PCS Makeup Sponges,Suitable for Cream & Powder Concealer, Loose Powder makeup applicator Black Friday",Beauty & Health
,8.2k+ sold recently,1.6,6.0,1.0,,,1pc 6Ml Nail Peel Off Liquid Anti-Overflow Glue Edge Latex Tape Fast Dry Skin Care Protect Nail Polish Varnish Tool Quickly & Easily Remove Gel Nail Degreaser,Beauty & Health
,2.1k+ sold recently,5.6,3.0,1.0,,,"Watermelon Glow Moisturizer Facial Serum,Korean Day&Night Skin Care Helps to Smoothing,Moisturizer,Firming and Even Skin Tone For Dry and Rough Skin,Make The Skin Appear Younger and More Radiant-40g/1.41fl oz",Beauty & Health
,2.3k+ sold recently,4.87,38.0,1.0,,,"1Pc Waterproof Transparent Pu Cosmetic Bag With Embroidered Letters And Large Capacity, Perfect For Daily Use, Business Trips, And Vacations Black Friday,Makeup Bag Makeup Pouch Skincare Bag Toiletry Bag Packing Cubes,Travel Essentials Makeup Bag Storage Makeup Organizer Makeup Case",Beauty & Health
,200+ sold recently,0.87,42.0,1.0,,,1000pcs No Damage Hair Ties Disposable Ponytail Holders,Beauty & Health
,,1.7,11.0,10.0,#2 Best Sellers,"in Nail,Hand & Foot Care",2 Bottles Fast-Dry Nail Glue False Nail Tips Adhesive with Brush Super Strong Sticky Rhinestone Fake Nails Gel Manicure,Beauty & Health
,,6.49,24.0,7.0,#7 Best Sellers,in Face Make Up,SHEGLAM Face & Under Eye Setting Powder Duo-Bubblegum 2 In 1 Pink Brightening Oil Control Loose Setting Powder  Matte Pore-Less Waterproof Long Lasting Pressed Powder Black Friday Pink Powder,Beauty & Health
,,1.1,8.0,1.0,#1 Best Sellers,in Press On Nails,24pcs Short Nails Press On Nails White Nails French Nails +One File +1 Adhesive Tape,Beauty & Health
,,3.65,50.0,1.0,,,1pc Portable Folding Vanity Mirror With LED Light And Touch Control - 3 Color Lighting Modes For Cosmetic And Travel Use - USB Rechargeable - White And Pink,Beauty & Health
,900+ sold recently,7.66,26.0,1.0,,,1 Pc Cute Transparent Women Pink Preppy Chenille Letter Patches Clear PVC SWIM BEACH Tote Bag Handle Cosmetic Bag Makeup Bag With Strap Handles Cosmetic Pouch Large Capacity Swimming Beach Travel  Stuff Toiletry Make Up Tote Bag For Swimmer Teens Girls Gifts Storage Makeup Organizer Makeup Case,Beauty & Health
,,5.99,25.0,1.0,#1 Best Sellers,in Primer,SHEGLAM Good Grip Hydrating Primer Oil Control Moisturizing Primer Gel Smooth Fine Lines Oil And Silicone-Free Face Primer Black Friday Winter Summer Primer,Beauty & Health
,300+ sold recently,1.41,39.0,1.0,,,"1pc Multicolor Flower Claw With Dopamine Style, Versatile 3.94in Hair Clip For Updo Hair Style, 2024 New Big Size High-End Hair Claw For Women",Beauty & Health
,500+ sold recently,0.86,69.0,1.0,,,Daughter Gift From Mom To My Daughter Makeup Cosmetic Bag Birthday Graduation Gift For Daughter Wedding Gift Adult Daughter Gift Travel Toiletry Bag Daughter Bridal Shower Gift Make Up Pouch Makeup Bag Gift For Make Up Organizer For Makeup Tools Wash Bag For Girl Women,Beauty & Health
,200+ sold recently,0.93,56.0,1.0,,,"3pcs Exfoliating Bath Towel Set, Exfoliating Gloves, Bath Flower, Back Scrubber, Bath Shower Loofah Sponge, Bathroom Accessories",Beauty & Health
,10+ sold recently,6.53,55.0,1.0,,,Drawer Style Cosmetic Organizer Box Jewelry Storage Skincare Display Rack For Dressing Table Or Desktop,Beauty & Health
,1.0k+ sold recently,0.87,42.0,4.0,,,HANDAIYAN Rainbow DIY Painted Liquid Eyeliner Does Not Easily Stain Matte Eyeliner Net Content 1.6g,Beauty & Health
,10k+ sold recently,4.49,10.0,4.0,,,SHEGLAM Hot Goss Plumping Lip Gloss-That's Juicy!Â  Instant Volumising Lip Gloss High Shine Finish Moisturizing Lip Plumper Gloss Reduce Lip Fine Lines Non-Sticky Lip Glow Oil Black Friday Sale Y2K Lip Gloss,Beauty & Health
,100+ sold recently,1.2,0.0,1.0,,,"1pc Large Matte Ellipse Hair Clip For Women, Twist Snap Clip, Alligator Duckbill Hairpin, Hair Accessories",Beauty & Health
,,1.7,6.0,1.0,#8 Best Sellers,in Body Cream,"Peptide Anti Wrinkle Black Eye Cream, Serum Gel, Compact Whitening Edema, Eye Care Dark Circle Remover  Eye Cream",Beauty & Health
,2.1k+ sold recently,3.6,5.0,1.0,,,"Collagen Cream For Face With Retinol And Hyaluronic Acid, Day And Night &  Skincare Facial Moisturizer",Beauty & Health
,6.3k+ sold recently,2.0,20.0,1.0,,,"Adult Finger Pulse Oxygen Monitor With Lanyard, Oled Display, Accurate And Speedy Sp02 Reading, No Battery Inside",Beauty & Health
,,1.8,5.0,1.0,#5 Best Sellers,in Eyeliners,1pc Waterproof Matte Eyeliner,Beauty & Health
,7.0k+ sold recently,1.3,50.0,7.0,,,120Pcs/Box Extra Short Almond Soft Gel False Nail Tips Pre-Buff Clear Fake Nails Half Cover Acrylic Nail Extension DIY Manicure Nail Art 12 Sizes Press On Nails Nail Supplies,Beauty & Health
,,1.5,6.0,1.0,#4 Best Sellers,in Facial Masks,"1 Pair Grape Seed Nasolabial Folds Patch, Lift, Tighten Facial Mask With Collagen, Moisturizing Gel Sticker Facial Mask - Moisturize And Firm Skin - Daily Facial Mask",Beauty & Health
,10+ sold recently,45.0,0.0,1.0,,,"1.75inch Wide Flat Iron Professional 480Â°F Negative Ion Hair Straightener, 2-In-1 Straightener & Curler, Infused With Keratin To Nourish Hair, Long-Lasting Hair Straightening, Suitable For Home, Travel, Salon Use, Comes With 2 Hair Clips, 2 Hair Ties, 1 Heat-Resistant Glove, A Comb",Beauty & Health
,2.6k+ sold recently,4.7,4.0,1.0,,,WATERMELON NIACINAMIDE SERUM,Beauty & Health
,7.1k+ sold recently,1.0,17.0,7.0,,,"1 Pack Micro Tip Cleaning Stick, Multi-Purpose Beauty Cleaning Stick Q-Tip Applicator For Refining Makeup Mistakes, Cuticle Pusher Dead Skin Remover,Clean Nail Polish, DIY Home Nail Salon Tool",Beauty & Health
,,5.4,4.0,1.0,#5 Best Sellers,in Eyeshadow Palettes,"40-Color Eye Shadow Palette, Matte Glitter Matte Eyeshadow Palette Eyeshadow Tray Eye Shadow Compact Y2K",Beauty & Health
,3.3k+ sold recently,2.0,5.0,5.0,,,"2pcs/Pack 5ml Refillable Perfume Bottles With Bottom Pump Spray Atomizer Empty Bottle In Pink And Rose Red, Living Room Home Bedroom Bathroom House Decor, Travel Stuff, Wedding, Party, Birthday, Gifts For Men Mom Dad Friends, New Years, Accessaries, Funny Gift",Beauty & Health
,4.2k+ sold recently,0.95,32.0,1.0,,,1Pc False eyelash assistantbeauty and makeup tool plastic eyelash clip novice stickersfalse eyelash toolforceps clip,Beauty & Health
,2.0k+ sold recently,11.9,4.0,1.0,,,1pc Hair Braiding Rack,Beauty & Health
,,5.99,25.0,1.0,#4 Best Sellers,in Highlighter,SHEGLAM Go Go Glow Highlighting Body Mist-Gold Body Glitter Powder Spray High-Shine Finish Multi-Use Shimmer Glow Highlighter Face Makeup Black Friday Winter Gifts Highlighter,Beauty & Health
,,0.44,76.0,1.0,#5 Best Sellers,in Bestselling Combs,"1pc Silicone Shampoo Brush, Hair Scalp Massager & Head Itch Scratcher, Hair Cleaning Comb",Beauty & Health
,,1.26,50.0,1.0,#1 Best Sellers,in Health Protection,"1pc Portable Pill Box For Travel, 8 Compartments For Medicine And Vitamins, Fits In Pocket Or Purse, Secure Storage For Daily Doses",Beauty & Health
,10+ sold recently,10.29,45.0,1.0,,,"Hair Curling Wands,284Â°F,320Â°F,356Â°F,392Â°F, 60 Minute Timed Shutdown,4 Gear Temperature Regulation(1.25IN)",Beauty & Health
,1.4k+ sold recently,1.02,32.0,5.0,,,"Glitter Eyeliner 10-Color , Long Lasting Shimmer Waterproof Colourful Eyeliner, Easy Coloring Eye  Non-Smudge Fast Drying Long Lasting Eye Makeup(Color 08# 1pc)",Beauty & Health
,1.4k+ sold recently,2.9,3.0,1.0,,,1pc Professional Magnetic Silicone Bracelet Wrist Band For Hair Clips And Hairpins Adsorption Make Up Watch Band Magnetic Sewing Pin Cushion,Beauty & Health
,1.0k+ sold recently,2.36,6.0,1.0,,,"Nano Sprayer, Nano Facial Sprayer, Portable Cool Moisturizing Spray, Portable Mini Atomizing Facial Steamer, Eyelash Extensions, Skin Care, Women'S Moisturizing, Usb Rechargeable, Travel Use",Beauty & Health
,,1.8,0.0,1.0,#1 Best Sellers,in Refillable Containers,THE POWERPUFF GIRLS X SHEIN Cartoon Graphic Portable Spray Bottle,Beauty & Health
,,2.88,20.0,1.0,#9 Best Sellers,in Brushes Sets,3pcs Multi-functional Makeup Brush Set,Beauty & Health
,1.1k+ sold recently,0.67,55.0,1.0,,,2pcs Pink & Clear Double-Ended Eyebrow & Eyelash Comb Makeup Brushes,Beauty & Health
,1.7k+ sold recently,2.7,10.0,1.0,,,"1pc Heat Resistant Silicone Cover For Straighteners, Flat Irons And Curling Irons, Suitable As A Gift",Beauty & Health
,800+ sold recently,11.4,4.0,1.0,,,Hair Braided Rack,Beauty & Health
,,4.8,4.0,1.0,#1 Best Sellers,in Led Makeup Mirror,"Portable Led Lighted Magnifying Travel Makeup Mirror 1X/3X Magnification Folding Dual Sided Compact Handheld Illuminated Mirror For Home Tabletop Decoration, Bathroom, Dresser Vanity & Countertop Bedroom Travel Dormitory Mirror Women Gift",Beauty & Health
,100+ sold recently,0.66,34.0,1.0,,,Transform Your Nails with Remove Hard Skin Nail Dead Skin Remove Cuticle Fork 1pc Hangnail Nail Dead Skin Removal Tool For Women And Girls,Beauty & Health
,,1.7,11.0,1.0,#1 Best Sellers,in Facial Serums,"Turmeric Anti-Oxidation Serum, Turmeric Anti Oxidation Face Serum, Formulated with Hyaluronic Acid, Vitamin C & E",Beauty & Health
,1.5k+ sold recently,1.5,6.0,1.0,,,"1 Pair Of Women Sandals Anti-Slip Cushions, High Heels Forefoot Pads, Anti-Pain Sweat-Absorbent, Decrease Code Self-Adhesive Cowhide Insole",Beauty & Health
,600+ sold recently,1.37,32.0,1.0,,,"4pcs Lipstick Gift Set, 8 Kinds Of Fruit Flavored Lip Gloss, Lipstick, Colorless Lipstick, Party Supplies Gifts, Souvenir Gifts, Long-Term Moisturizing And Nourishing Lip Mask",Beauty & Health
,,1.7,6.0,1.0,#1 Best Sellers,in Moisturizers,"Black Spot Correction Face Cream, Used For Facial And Body Skin Care, Contains Nicotinamide And Hyaluronic Acid, Moisturizing And Rejuvenating Face Cream For Women And Men",Beauty & Health
,10k+ sold recently,1.99,50.0,1.0,,,SLOWSUNDAYâ¢ 1pc Teeth Whitening Pen,Beauty & Health
,200+ sold recently,1.2,8.0,1.0,,,"10pcs 0.17oz Perfume Refill Bottle Portable Mini Spray Bottle Atomizer, Cosmetic Container Suitable For Travel",Beauty & Health
,200+ sold recently,3.26,48.0,1.0,,,"1 Bottle 24K Gold Peel-Off Mask For Blackhead, Acne, Facial Cleansing And Skin Care",Beauty & Health
,3.6k+ sold recently,2.7,4.0,1.0,,,"1pc Portable Press-Type Vacuum Cream Bottle, 15ml White Plastic Face Cream Sub-Bottling Container, For Travel, Living Room Home Bedroom Bathroom House Decor, Travel Stuff, Wedding, Party, Birthday, Gifts For Men Mom Dad Friends, New Years, Accessories, Funny Gift",Beauty & Health
,200+ sold recently,3.34,51.0,5.0,,,"Women's 18-Inch Large Wavy Long Artificial Hair Piece Set With 7pcs Extension Clips, Synthetic Matte High-Temperature Fiber",Beauty & Health
,,2.69,71.0,1.0,#3 Best Sellers,in Personal Care Appliance,"2024 New 2-In-1 Electric Makeup Brush Cleaner & Dryer With USB, Waterproof, Includes Storage Stand",Beauty & Health
,,2.18,13.0,1.0,#6 Best Sellers,in Hair Tools,"1pc High Pressure Spray Bottle, Pressing Type, 200ml Cosmetic Water Container",Beauty & Health
,,2.9,6.0,1.0,#4 Best Sellers,in Tattoo Ink,"2pcs Colored Tattoo Ink For Wrist & Body, Long Lasting & Semi-Permanent Plant Based Tattoo Dye Cream",Beauty & Health
,800+ sold recently,0.76,31.0,1.0,,,"1pc Braiding Hair Comb Rat Tail Comb Nylon Hair Comb Rattail Comb With Stainless Steel Pin Tail, Suitable For Sectioning, Parting, And Styling Hair Brush",Beauty & Health
,,1.65,13.0,1.0,#2 Best Sellers,in Foot & Hand Care Tools,"Forefoot Pads,2Pcs Fan-Shaped Shock-Absorbing Anti-Slip Self-Adhesive Heel Protector Tool",Beauty & Health
,300+ sold recently,0.35,78.0,1.0,,,"1pc Multi-Function Soft-Bristled Shoe Brush For Household Use, Mint Green, With Liquid Dispensing Function",Beauty & Health
,,1.89,24.0,7.0,#3 Best Sellers,in Hand & Foot Mask,SLOWSUNDAYâ¢Â PeachÂ ExfoliatingÂ FootÂ PeelÂ MaskÂ RepairÂ HeelsÂ &Â RemovesÂ DryÂ DeadÂ Skin-Â PeelingÂ ForÂ CrackedÂ Foot,Beauty & Health
,400+ sold recently,1.89,14.0,4.0,,,"2pcs Buffalo Horn Scraping Massage Board & Scrape Massage Tool To Relieve Acupuncture Points And Muscle Psychology, For Shoulders, Neck, Abdomen And Back, Also Eye And Face Care Tool",Beauty & Health
,60+ sold recently,1.37,45.0,1.0,,,"1pc Foundation 26 Golden-Letter Printed Cosmetic Bag For Storage, Handheld Wash Bag, Gift For Valentine's Day",Beauty & Health
,100+ sold recently,1.77,12.0,1.0,,,"1pc, 10ml/0.33oz Plant Aromatherapy Essential Oil, Air Freshener, Deodorant, Suitable For Aromatherapy Machine, Humidifier, Diffuser, Home Interior, Bedroom Study, Office",Beauty & Health
,1.1k+ sold recently,1.5,6.0,1.0,,,"1Pc Travel-Friendly Frosted Glass Dropper Vials For Essential Oils, Aromatherapy, Perfume, And Cosmetics - 15ml/30ml/50ml Sizes With Glass Eye Dropper - Convenient Sample Container For Liquid Products, Living Room Home Bedroom Bathroom House Decor, Travel Stuff, Wedding, Party, Birthday, Gifts For Men Mom Dad Friends, New Years, Accessaries, Funny Gift",Beauty & Health
,500+ sold recently,0.76,60.0,1.0,,,"50pcs Disposable Eyelash Brush & Curler & Mascara Applicator Wand, Sterilized, Suitable For Daily Use And Gifting Black Friday",Beauty & Health
,1.5k+ sold recently,5.99,36.0,1.0,,,"Teckwe Electric Ems Foot Massager Pad,Rechargeable Electric Foot Massager Pad,Foot Nerve Muscle Stimulator,Pulse Fully Automatic Foot Meridian Pressing Device Perfect Gift For Home,Office And Holidays",Beauty & Health
,,2.1,5.0,1.0,#4 Best Sellers,in Body Make Up,10g Party Shimmer Highlight Powder To Brighten Your Whole Body Y2K Makeup,Beauty & Health
,500+ sold recently,1.67,24.0,1.0,,,"Mini Q-shaped Nail Lamp, UV/LED Nail Dryer, Quick Drying Nail Gel Nail Dryer, For Home Nail Art DIY",Beauty & Health
,2.3k+ sold recently,7.7,4.0,1.0,,,"1Pc 50Ml Miss Sweetheart,Women'S Gift Perfume Elegant And Durable Fragrance Student Is Suitable For Dating, Party, Travel And Valentine'S Day /Birthday Gifts",Beauty & Health
,100+ sold recently,0.47,69.0,1.0,,,Scalp Massage Hair Brush Soft Silicone Bristle Dandruff And Exfoliation Brush Dual Purpose Dry And Wet Scalp Care Hair Brush Comb,Beauty & Health
,1.5k+ sold recently,6.0,13.0,4.0,,,"5pcs Hair Brush Comb Set For Curly Hair With Hair 200mlSpray Bottle, Hair Brush Hairline Brush And Rat Tail Comb With Stainless Steel Long Tail Soft Glossy Teasing Brush For Hair Stylist WomenDetangling Brush Set, 9 Row Brush Sides Hair Edge Brush Set For Wet And Dry Hair",Beauty & Health
,,2.4,4.0,1.0,#4 Best Sellers,in Facial Hydration Appliances,"Nano Facial Steamer, Handy Mini Mister, USB Rechargeable Mist Sprayer, Visual Water Tank Moisturizing & Hydrating For Face, Daily Makeup, Skin Care, Eyelash Extensions",Beauty & Health
,600+ sold recently,3.35,42.0,1.0,,,100ml Wig Adhesive Spray,Beauty & Health
,,1.4,7.0,1.0,#4 Best Sellers,in Tattoos & Body Art,2sheets Floral Print Tattoo Stencil Black Friday,Beauty & Health
,4.3k+ sold recently,1.5,6.0,4.0,,,5ML/15ML/30ML/50ML Hair Growth Serum Anti Preventing Hair Loss Alopecia Liquid Damaged Hair Repair Growing Faster,Beauty & Health
,1.6k+ sold recently,1.5,6.0,1.0,,,1pc Star & Flower Shaped Pink Gemstone Sticker For Facial Makeup,Beauty & Health
,,1.99,43.0,4.0,#4 Best Sellers,in Skin Care,"SLOWSUNDAYâ¢ Blackhead Remover Nose Strips, Deep Cleanse And Refresh Your Skin, For Blackhead Removal On Oily Skin, With Instant Pore Unclogging, Features Natural Charcoal, 10pcs",Beauty & Health
,900+ sold recently,3.11,26.0,1.0,,,Silk Bonnet For Sleeping Braid Bonnet For Long Hair With Tie Band Bonnet For Braids For  Curly Hair Locs,Beauty & Health
,300+ sold recently,0.75,32.0,1.0,,,"1pc Professional Point Tail Comb Pin Tail Comb Rat Tail Comb Parting Comb Stainless Steel Tail Comb Anti-Static Hair Comb: Multifunctional For Normal Hair - Attractive Candy Color, Perfect For Barber Shops, Salons And Home Use Hair Brush",Beauty & Health
,800+ sold recently,0.96,47.0,7.0,,,"3pcs/Set Blade Makeup Brush Set, Including Ultra Thin, Angled And Synthetic Fiber Eyebrow And Eyeliner Brushes, Beauty & Makeup Tools",Beauty & Health
,,1.3,7.0,1.0,#4 Best Sellers,in Refillable Containers,"3Pcs 2Ml Mini Gold Cap Glass Dropper Bottle Set Small Sample Vials With Lid For Traveling Essential Oils Cosmetic Liquid Sample Perfume, Living Room Home Bedroom Bathroom House Decor, Travel Stuff, Wedding, Party, Birthday, Gifts For Men Mom Dad Friends, New Years, Accessaries, Funny Gift",Beauty & Health
,3.4k+ sold recently,1.83,76.0,1.0,,,"1pc Lumbar Spine Relaxer Massager Back Stretcher, Neck Support, Open Back, Waist Stretcher Device",Beauty & Health
,100+ sold recently,0.42,75.0,1.0,,,"1ps 10ml Aromatherapy Essential Oil Yoga Oil Plant Essential Oil For Humidifier Diffuser Fruit Flower Aroma Fragrance Oil Jasmine Lavender Rose Orange, Living Room And Bathroom Deodorization",Beauty & Health
,100+ sold recently,1.5,6.0,1.0,,,"50pcs/Package Simple Style Women Basic Hair Ties With High Elasticity, Suitable For Daily Use",Beauty & Health
,200+ sold recently,0.72,62.0,1.0,,,1pc Reinforced Hooks For Hanging Wigs Perfect For Professional Use,Beauty & Health
,1.5k+ sold recently,20.6,4.0,1.0,,,"Mannequin Head Hair With 100% Real Hair, Hairdresser Cosmetology Mannequin Manikin Training Practice Doll Head For Hairstyling And Free Clamp Holder",Beauty & Health
,2.0k+ sold recently,2.1,5.0,1.0,,,"4pcs 60ml Lotion Dispenser Bottle, Multiple Colors Travel Storage Bottle, Living Room Home Bedroom Bathroom House Decor, Travel Stuff, Wedding, Party, Birthday, Gifts For Men Mom Dad Friends, New Years, Accessaries, Funny Gift",Beauty & Health
,800+ sold recently,1.5,6.0,1.0,,,20pcs Nail Files Sanding Mini Small Colorful Flower Pink Slim Buffer Manicure Polish Nail Art Sponge Tools 150 Grit,Beauty & Health
,,1.5,6.0,4.0,#3 Best Sellers,in Hair Care & Styling,"Ginger Fast Hair Growth Essential Oil, Anti Loss Hair Treatment",Beauty & Health
,60+ sold recently,0.72,60.0,1.0,,,20pcs Compressed Disposable Towels Portable Travel Facial Tissue Outdoor Wet Wipes Candy Towels Bathroom Accessories,Beauty & Health
,10+ sold recently,1.2,8.0,1.0,,,"1 Piece Gua Sha Board/2 Pcs Facial Massage Roller Gua Sha Board Box, Rejuvenate Your Skin, Reduce Aging, Reduce Facial Wrinkles With This Roller Set Skin Care Massage Tool",Beauty & Health
,2.7k+ sold recently,1.7,6.0,1.0,,,"3pcs 3ml Travel Glass Pipette Bottle With Storage Container, Mini Essential Oil Cosmetic Refillable Vial, Dropper Bottle, Living Room Home Bedroom Bathroom House Decor, Travel Stuff, Wedding, Party, Birthday, Gifts For Men Mom Dad Friends, New Years, Accessaries, Funny Gift",Beauty & Health
,100+ sold recently,1.37,28.0,7.0,,,"4PCS Makeup Sponge,+2PCS Makeup Puff Set Soft Triangle powder Mineral puff for face makeup,Suitable for Cream & Powder Concealer, Loose Powder makeup applicator Black Friday",Beauty & Health
,,1.6,6.0,4.0,#3 Best Sellers,in Refillable Containers,"1pc/50ml Spray Bottle Card-Type Empty Bottle Portable Perfume Atomizer, Suitable For Travel, Party, Birthday Gift",Beauty & Health
,100+ sold recently,1.2,8.0,1.0,,,"Compressed Facial Sponges, 100% Natural Cosmetic Spa Sponges For Facial Cleansing For Daily Facial Cleansing, Exfoliating Mask, Makeup Remover. Ideal For Home And Travel. Makeup Sponge, Facial Sponges For Washing Face, Heart Sponges For Face, Facial Sponges For Estheticians",Beauty & Health
,100+ sold recently,2.8,3.0,1.0,,,1pc Spray Bottle For Hair (10.1oz/300ml)  Pack Pink Transparent Home Continuous Spray Bottle Empty Ultra Fine Water Mister Reusable Barber Supplies Spray Bottles For Cleaning Plants Curly Hair Etc,Beauty & Health
,300+ sold recently,2.42,46.0,1.0,,,1pc Leoyol Makeup Setting Spray Moisturizing Oil Control Moisturizing Face Serum Moisturizing Nourish Korean Cosmetics 55ml,Beauty & Health
,1.0k+ sold recently,0.96,31.0,1.0,,,1 Roll Eye Makeup Tool Eye Shadow Sticker Breathable Eyeliner And Eyelash Extension Paper Patches For Beauty,Beauty & Health
,,3.08,9.0,1.0,#6 Best Sellers,in Refillable Containers,"5pcs 5ml Perfume Sprayer Bottle, Living Room Home Bedroom Bathroom House Decor, Travel Stuff, Wedding, Party, Birthday, Gifts For Men Mom Dad Friends, New Years, Accessaries, Funny Gift",Beauty & Health
,800+ sold recently,1.62,40.0,1.0,,,"1pc/MEDS Transparent PU/PVC Changing Storage Bag With Zipper Design In Blue/Pink/Clear, Reusable Makeup Bag For Travel, Cruise, Wedding And Teachers' Day To Store Jewelry, Cosmetics And Other Items",Beauty & Health
,,1.3,7.0,7.0,#3 Best Sellers,in Makeup Tools,"6pcs Triangle Shaped Plush Powder Puff, Designed For Contouring, Eye Area & Corner, Beauty Blender Foundation Mixing Container, Suitable For All Skin Types.",Beauty & Health
,60+ sold recently,2.8,7.0,1.0,,,"14pcs Makeup Sponge Set With Storage Container, Soft Beauty Sponge Applicable For Liquid Foundation, Fingertip & Powder Puff Dual-Use For Dry & Wet Powder Foundation",Beauty & Health
,20+ sold recently,12.06,38.0,1.0,,,"1Pcs Office Chair Lumbar Support Pillow Car, Computer, Gaming Chair, Recliner Memory Foam Cushion Back Pain Relief Improve Posture, Mesh Cover Double Adjustable Strap",Beauty & Health
,2.1k+ sold recently,1.5,0.0,1.0,,,"Moisturizing Lip Gloss With Glossy Effect, Faded Lip Lines, Single Color, Ideal For Daily Use As A Lipstick Base And To Layer Lip Gloss For Plumping Effects, Long Lasting And Non-sticky Formula",Beauty & Health
,1.8k+ sold recently,0.67,44.0,1.0,,,"5pcs Mini Puff, Made Of Ultra-Soft Swan Velvet, Specially Designed For Shaping, Eyes And Corners, Beauty Blender Foundation Mixing Container.",Beauty & Health
,8.7k+ sold recently,2.6,4.0,1.0,,,1PC Epilator Face Hair Removal Lipstick Shaver Electric Eyebrow Trimmer Women's Painless Hair Remover Mini Shaver Epilator For Women [Dry Cell Type (Excluding Battery)],Beauty & Health
,700+ sold recently,1.8,5.0,1.0,,,8pcs Mini Makeup Sponge Set face sponge Beauty Sponges Egg Shaped Makeup Blender,Beauty & Health
,200+ sold recently,0.55,61.0,4.0,,,"1pc White Reusable Makeup Removal Pad, Washable Facial Cleansing Wipe, Cleaning Powder Puff Tool",Beauty & Health
,,1.7,6.0,1.0,#3 Best Sellers,in Moisturizers,Horse Oil Instant Wrinkle Cream Eye Firming Anti-Aging Lifting Moisturizing Cream Removing Fine Lines Skincare,Beauty & Health
,,1.7,11.0,1.0,#6 Best Sellers,in Nail Drill Bits,"2pcs Mandrel Bits For Small Sanding Bands,  Small Sanding Bands Nail Drill Bits For Electric Drill File Machine, 3.1 MM 3/32 Shank Nail Drill Bits For Acrylic Nails Gel Manicures And Pedicure",Beauty & Health
,100+ sold recently,10.58,14.0,1.0,,,"11pcs/Set Hairdressing Accessories, Water Spray Bottle, Hollow OutHair Brush, Shampoo Brush, Rat Tail Comb, Wide Tooth Hair CombEdge Brush Eyebrow Brush, Alligator Clips(11pcs Comb Set)",Beauty & Health
,,8.7,25.0,1.0,#1 Best Sellers,in Health Monitors,Blood Pressure Monitor Digital Wrist Blood Pressure Machine Automatic Cuff BP Detector 2x99 Readings Memory Large Display Voice With Carrying Case  Halloween Thanksgiving Christmas Gift No battery inside Family,Beauty & Health
,300+ sold recently,6.3,50.0,7.0,,,Blonde Wig with Bangs Long Wave Good Quality Synthetic Wigs for Women Halloween Party Natural Heat Resistant Hair,Beauty & Health
,1.1k+ sold recently,3.99,11.0,1.0,,,SHEGLAM Snatch 'n' Glow Stick-Bellini Brunch Cream Highlighter Makeup Stick Long Wear Brightening Non-Caking Highlighter Face Makeup Black Friday Sale Gift Pink Rosa Highlighter,Beauty & Health
,800+ sold recently,4.29,57.0,1.0,,,Portable EVA Hair Straightener Case Curling Iron Carrying Container For Hair Flat Iron Straightener Curler Woman Travel Bag,Beauty & Health
,4.8k+ sold recently,1.4,7.0,1.0,,,"1pc 45ML Empty Perfume Spray Bottle, Living Room Home Bedroom Bathroom House Decor, Travel Stuff, Wedding, Party, Birthday, Gifts For Men Mom Dad Friends, New Years, Accessaries, Funny Gift",Beauty & Health
,,2.24,20.0,6.0,#7 Best Sellers,in Styling Tools,1pc 200ml White Clear reusable Continuous Hair Plant Mist Spray Bottle Mist Spray Bottle Mist Bottle For Curly Hair Styling Product Plant Barber Black Friday,Beauty & Health
,100+ sold recently,0.85,50.0,4.0,,,"Makeup Brush Cleaning Tool Set Includes 1pc Pink Silicone Reusable Bowl, 1pc Bear Shaped Brush Cleaner Holder, Great For Brushes, Sponges, Puffs Black Friday",Beauty & Health
,800+ sold recently,0.9,50.0,1.0,,,"1pc/Set, Embossed Independence Day Star & Heart Cartoon Nail Art Sticker, Cute Heart & Star Design Nail Art Sticker, DIY Or Nail Salon, Self-Adhesive Nail Art Supplies Provided",Beauty & Health
,,1.92,20.0,9.0,#1 Best Sellers,in Makeup Bag & Storage,"1pc/Set Casual Ladies' Large Capacity Handheld Floral Cosmetic Bag Portable Stitched Fabric Small/Medium/Large Cute Flower Ins Travel Bag, For Organizing Make-Up Tools And Toiletries, And For Casual Travel",Beauty & Health
,100+ sold recently,1.4,7.0,1.0,,,"1 PC Foundation Brush, Mermaid Makeup Brushes,Foundation Brush Powder Blush Foundation,Makeup Brush,Mermaid Makeup Brushes,Fishtail Makeup Brush Black Friday",Beauty & Health
,3.0k+ sold recently,1.8,0.0,1.0,,,"HANDAIYAN Polarized Lip Gloss, Long-Lasting Moisturizing, Colorful Pearlescent Bright Polarized Lip Gloss, Lip Glaze 2.3ml",Beauty & Health
,800+ sold recently,0.66,65.0,1.0,,,"1Pc Anti-Slip Bath Headband, Soft Non-Slip Adjustable Headband Facial Makeup Headband For Bathroom,Skincare,Room Decor,Home Decor,Bedroom Decor,Bathroom,Christmas Gifts,Bathroom Decor,Travel,Travel Stuff,Wedding,Christmas Party,Mom Gifts,Home,Room,House Decor,Christmas Gift,Gifts For Mom,Birthday,Pink Room Decor,Living Room Decor,Bedroom,Gifts For Men,Dad Gifts,Mushroom,New Years,Mom,Accessories,Gifts For Dad,Friends,Funny Gift",Beauty & Health
,,6.49,7.0,1.0,#3 Best Sellers,in Cleansers,SHEGLAM Radiant By Nature Combo Skin Face Cleanser 100ml Hydrating Gentle Daily Facial Wash Liquid To Foam formula Black Friday Gifts Cleanser,Beauty & Health
,,1.3,7.0,1.0,#1 Best Sellers,in Body Care,"Snow Drift Essential Oil Suitable For Armpits, Neck, Armpits, Knees, Elbows, Face, And Intimate Parts Of The Body",Beauty & Health
,200+ sold recently,0.32,75.0,1.0,,,"2pcs Double-Sided Hair Edge Brush For Edges & Eyebrows, Hair Styling Comb. Suitable For Women & Girls For Natural Hair & Brow Shape Black Friday Hair Brush",Beauty & Health
,800+ sold recently,1.78,64.0,1.0,,,"1pc Travel Jewelry Organizer Box, Small Jewelry Storage Case With Multiple Compartments, Suitable For Girls And Ladies (Jewelry Not Included)Jewelry Storage Bag Birthday Gift/Teacher Gifts/Mom Gifts/Gifts For Mom For Rings For Earrings For Necklace For Bracelet Birthday Gift/Teacher Gifts/Mom Gifts/Gifts For Momfor Rings For Earrings For Necklace For Bracelet",Beauty & Health
,100+ sold recently,2.11,22.0,1.0,,,"Clear Black Qtip Holder Dispenser With Lids - Apothecary Jar Containers For Vanity Organizer Storage - Bathroom Accessories Set For Swab, Ball, Pads, Floss",Beauty & Health
,,1.4,7.0,1.0,,,"3 In 1 Ice Face Roller & Face Scrubber Facial Cleansing Brush & 304 Stainless Steel Gua Sha Tool Set, Skin Care Tool Beauty Set Face Massage Tool Roller Lifting Contouring Tool Reusable Face Wash Brush For Deep Cleaning Skin Care Set",Beauty & Health
,200+ sold recently,1.8,5.0,1.0,,,"5pcs Professional Crocodile Hair Styling Clips, Straightening, Cutting, Coloring Tools, For Salon, Home And DIY Hairstyles",Beauty & Health
,,1.4,7.0,1.0,#3 Best Sellers,in Nail Polish Remover Liquids,1PC Nail Art Corrector Pen Remove Mistakes With 3 Tips Newest Nail Polish Corrector Pen Cleaner Erase Manicure,Beauty & Health
,5.1k+ sold recently,2.4,4.0,1.0,,,"Blackhead Remover Tool Set, Comedone Extractor Kit, Double-Sided Pimple Popper Tool, Facial Acne Needle, Suitable For Face Skin Cleaning",Beauty & Health
,200+ sold recently,0.36,70.0,1.0,,,"1pc Cuticle Pusher Double Ended Nail Spoon Cleaner, Ingrown Toenail Cleaner, Nail Art Tool",Beauty & Health
,,1.9,5.0,1.0,#3 Best Sellers,in Combs,"1pc Hairdressing Hollow Comb, Transparent Glitter Massage Comb, Dry And Wet Hair Smoothing, Grid Comb For Fluffy, Styling Massage Comb Suitable For Women Hair Brush",Beauty & Health
,2.2k+ sold recently,1.5,6.0,1.0,,,1bag/3.3g Approx. 30 Transparent Diamond-Shape Aurora Rhinestone 5-Petal Floral Nail Art Decoration DIY Nail Charms Nail Gems Nail Supplies,Beauty & Health
,,3.9,5.0,1.0,#10 Best Sellers,in Hair Tools,1pc Transparent Pink Hair Spray Bottle,Beauty & Health
,8.3k+ sold recently,1.73,14.0,4.0,,,"Resin White Nail Art Color Display Plate, Imitation Agate Design Golden Edge Paint Nail Polish Palette Display Board Tools Lightweight And Portable Round Nail Art Mixing Palette For Women And Girls",Beauty & Health
,,2.95,58.0,1.0,#2 Best Sellers,in Makeup Appliance,"Mini Makeup Brush Cleaner, Automatic Rotating Cleaning Device For Makeup Tools, Electric Cleaning Bowl For Home And Gifting (1pc)",Beauty & Health
,400+ sold recently,1.4,0.0,1.0,,,20pcs Blcak Rat Tail Comb Picking Comb Plastic Hairdressing Comb Anti-Static Hair Styling Comb For Barber Salon Home Use(Tail Comb Set Of 20 Hair Brush,Beauty & Health
,10+ sold recently,2.6,4.0,1.0,,,"800ml Empty Spray Bottle, Continuous Spray Bottle For Hair Styling, Spray Water Bottle Fine Mist Refillable, Skin Care, Pet Shower, Plant, Travel, Ironing And Cleaning",Beauty & Health
,200+ sold recently,0.78,44.0,1.0,,,"1pc Pink Steel Needle Eyelash Brush Set With Stainless Steel Fine-Tooth Portable Eyelash Curler Assist Tool, Eye Makeup Tool, False Eyelash Comb Tool",Beauty & Health
,2.9k+ sold recently,3.2,3.0,1.0,,,Anti- Blackhead Peel-off Facial Cream,Beauty & Health
,50+ sold recently,1.6,50.0,4.0,,,12 Inch Messy Bun Hair Piece Claw Clip Hair Bun Wavy Curly Chignon Hair Bun For Women Extensions Tousled Updo Hair Buns Claw Clip Ponytail Hairpieces Hair Scrunchie With Clip For Daily Use,Beauty & Health
,100+ sold recently,1.8,10.0,1.0,,,New  Cartoon Anime Lilo & Stitchs 3D Embossed Nail Art Stickers DIY Nail Art Decoration Nail Decals Nail Art Supplies(SomeÂ PartsÂ MayÂ BeÂ Random),Beauty & Health
,3.8k+ sold recently,1.6,6.0,1.0,,,"1pc Dual Ended Eyeliner Brush/fine Detail Shader Brush/eyeshadow Blending Brush, Angled Brow Brush Black Friday",Beauty & Health
,600+ sold recently,1.46,19.0,1.0,,,"1pc Honey Lip Mask, Moisturizing & Nourishing Lip Care, Anti-drying, Reduce Fine Lines, Lip Oil, For Daily Use",Beauty & Health
,5.5k+ sold recently,1.9,5.0,1.0,,,"Moisturizing Lip Mask Infused With Red Pomegranate/blueberry Flavor To Hydrate, Reduce Lines, Soften & Nourish Lips, With Exfoliating Properties, Anti-cracking",Beauty & Health
,2.3k+ sold recently,4.8,4.0,1.0,,,"Cucumber Hydrating Refreshing Facial Mask 5PCS, Natural Convenient Face Mask Sheet With Aloe, Moisturizing, Brightening, Nourishing, Beauty Mask For All Skin Care Type",Beauty & Health
,,1.59,20.0,5.0,#4 Best Sellers,in Hand & Foot Mask,"SLOWSUNDAYâ¢ Coconut Foot Mask 1 Pair  For Dry Cracked Feet,Remove Dead Skin",Beauty & Health
,200+ sold recently,1.7,6.0,1.0,,,"3PCS Soft And Comfortable Wide-Brimmed Headbands For Yoga, Sports, And Running - Minimalist Hair Wraps And Accessories",Beauty & Health
,300+ sold recently,1.72,22.0,1.0,,,"1 Pc Small Daisy Vertical Massage Comb With Handle , Detangling Paddle Brush For All Hair Type, Spa Hair Treatment Girl's Gift,Detangling Hair Brush With Soft Comb Teeth,Ease For All Hair Types,For Women, Men, Wet & Dry Hair",Beauty & Health
,,1.3,7.0,1.0,#1 Best Sellers,in Nail Care & Repair,"100% Pure Natural Nail Treatment And Repair Solution - Super Anti Discoloration, Thickening, Yellowing, And Nails Solution - Under Nail Treatment - Nail Elimination Formula",Beauty & Health
,1.6k+ sold recently,1.89,35.0,7.0,,,Leopard Flower NANA Print Best Gift For Mom Teacher Friend Nurse Cosmetic Bag Female Friend Gift Bag Travel Souvenir Birthday Valentine'S Day Easter Women'S Day Party Bridesmaid Cosmetics Mother'S Day Toiletry Bag,Beauty & Health
,2.3k+ sold recently,2.3,4.0,1.0,,,"1pc Creative Desktop Trash Can & Makeup Storage & Pen Holder With Lid For Home Office Small Size,Room,Home,Bedroom,Bathroom,House,Pink Room,Living Room Decor,Travel Stuff,Gift Bag,Gifts For Mom,Dad,Men,Friends,Teacher,Birthday,Wedding,Desk,Shelves,Accessaries,Gift Boxes,Funny Gift,Storage",Beauty & Health
,80+ sold recently,2.0,5.0,1.0,,,"Simple Large Capacity Portable Transparent Travel Toiletry Bag, PU Waterproof Cosmetic Bag, Makeup Organizer Pouch",Beauty & Health
,600+ sold recently,1.37,32.0,1.0,,,"30g Jelly Lip Balm, Moisturizing & Nourishing, Reducing Lip Lines, Daily Use, Pink",Beauty & Health
,9.3k+ sold recently,1.67,7.0,1.0,,,"5ML/15ML/30ML/50ML/TRSTAY Effective Whiten Cream Brighten, Face For Face Spots, Remove Dark Spot Melasma Anti-Pigmentation, Improve Dullness Skin Care Cream",Beauty & Health
,20+ sold recently,1.8,40.0,1.0,,,"1pc Plaid And Patchwork Woven Fabric Cosmetic Bag With Large Capacity And Portable Design, New Arrival. It Can Be Used As A Cube-Shaped Packaging Bag For Travel, Cruises, Dormitory, Weddings, Bridesmaid Gifts, Mom Gifts, Birthday Gifts, Friend Gifts, Teacher Gifts, Home Decoration, Bathroom, Living Room, Bedroom, Bathroom Storage Box, Jewelry Storage Box, Lip Balm Storage Box, Nail Polish Storage Box, Cosmetic Bag, Cosmetic Storage Box.",Beauty & Health
,,0.67,44.0,1.0,#6 Best Sellers,"in Bath Brushes, Sponges & Scrubbers","1pc Various Colors Soft Silicone Face Scrubber, Facial Cleansing Brush, Facial Exfoliation Scrub For Massage Pore Cleansing Blackhead Removing Deep Scrubbing For All Kinds Of Skins Baby Bath Brush",Beauty & Health
,200+ sold recently,1.46,19.0,1.0,,,"1pc Long Handle Silicone Hair Shampoo Brush Comb Scalp Massager Shampoo Brush Hair Silicone Handle Improvement, Anti-Dandruff Scientific Arrangement, Easy To Hold Wet And Dry Use Long Handle Silicone Soft Massage Comb Deep Cleansing Shampoo Comb,Scalp Massager For Long Hair Hair Brush",Beauty & Health
,5.8k+ sold recently,1.1,8.0,4.0,,,1pc Comb Cleaner Air Bag Massage Comb Cleaning Brush Home Air Cushion Massage Comb Cleaning Claw Cleaning Tool Comb Brush Untangle Hair Brush Cleaning Tool Hair Brush Cleaner Rake Comb Cleaning Brushes Mini Hair Brush Cleaner Tool For Removing Hair Dust Home And Salon Use,Beauty & Health
,90+ sold recently,1.55,35.0,1.0,,,"100 Sheets Portable Boxed Double Sided Oil-Absorbing Papers Extracts Paper For Oily Skin, Cosmetic Tool, Oil Absorbing Tissues With Easy Easy Take Out & Snap Design, Top Oil Blotting Paper, Makeup Tool,Skincare,Room Decor,Home Decor,Bedroom Decor,Bathroom,Christmas Gifts,Bathroom Decor,Travel,Travel Stuff,Wedding,Christmas Party,Mom Gifts,Home,Room,House Decor,Christmas Gift,Gifts For Mom,Birthday,Pink Room Decor,Living Room Decor,Bedroom,Gifts For Men,Dad Gifts,Mushroom,New Years,Mom,Accessories,Gifts For Dad,Friends,Funny Gift",Beauty & Health
,,2.6,10.0,1.0,,,"Salon Grade Dead Skin Pliers, Sharp, Durable, And Dexterous Cuticle Trimmer, With Cuticle Pusher And Trimming Clip",Beauty & Health
,1.6k+ sold recently,2.5,11.0,4.0,,,"1PC Silicone Makeup Sponge Holder Shatterproof Beauty Egg Organizer Egg Storage Egg Holder Beauty Eggs Sponge Storage Box Sponge Box For Women Girl For Travel Holiday Vacation Travel Essentials Travel Accessories, Silicone Blender Case Portable Travel Cosmetic Case Makeup Sponge Blender Silicone Case",Beauty & Health
,2.6k+ sold recently,1.1,8.0,1.0,,,"Multifunctional Makeup Eyeliner Stencil, 1pc Pink Silicone Reusable Waterproof Tool For Liner Makeup Brush Pen Stamp Thin Sharpener Cat Eyes Smoky Eye Small Angled Wing Tip, Aid Eyeliner Molds Guide Template For Quick And Easy Makeup, Real Beginners Techniques Eye Shadow Lines Gel Eyebrow Pomade Black",Beauty & Health
,6.5k+ sold recently,3.3,8.0,1.0,,,5pcs Nail Nutrition Oil Pen Soften Nourish Manicure Nail Care Cuticle Revitalizer Oil 5 Smell Nail Art Treatmental Tools,Beauty & Health
,,0.46,65.0,1.0,#9 Best Sellers,in Personal Care And Cleaning Customer Favorite List,Professional Pedicure Tool: Dual-Ended Ingrown Toe Nail Lifter & Cleaner for Perfect Foot Care,Beauty & Health
,,2.9,6.0,1.0,#10 Best Sellers,in Facial Massage Tools,"1pc Ice Roller For Face And Eye, Upgrated Ice Face Roller, Facial Beauty Ice Roller, Ice Facial Cube, Face Massage, Silicone Ice Mold For Face Beauty Puffiness Relief, Facial Massager, Ice Facial Roller Mold Cube, Reusable Leakproof Skin Care Tool",Beauty & Health
,600+ sold recently,0.74,51.0,6.0,,,"10pcs Mini Finger Makeup Sponge Cushion Puff Mixed Latex-free Sponge And Puff, Suitable For All Skin Types, For Liquid Foundation & Concealer Black Friday",Beauty & Health
,1.1k+ sold recently,1.5,6.0,1.0,,,10 Sheets Waterproof Breathable Jelly Double Sided Adhesive Tabs Nail Glue Sticker False Nail Tips Jelly Gel Nail Tape Glue Stickers,Beauty & Health
,,1.05,66.0,1.0,#5 Best Sellers,in Bathroom Makeup Tools,"1Pc Foldable Makeup Mirror, Portable Handheld Mini Mirror For Personal Grooming, Dormitory Tabletop And Office Use, Adjustable And Portable Folding Mirror",Beauty & Health
,60+ sold recently,0.55,73.0,1.0,,,4pcs/Set Black Stainless Steel Eyebrow Tweezers Kit,Beauty & Health
,2.8k+ sold recently,2.6,7.0,1.0,,,"Nail Dust-Proof Anti-Fog Full Face Head Shield With High Definition & Transparent Acrylic For Nail Salon, One Piece For Store Opening Or Acrylic Nail Removal Tool",Beauty & Health
,400+ sold recently,1.7,6.0,1.0,,,"1Pc Clear Pvc Cosmetic Bag With Snap Buttons For Toiletries, Small Items, Lipsticks, Travel Accessories, Girls' And Ladies' Pencil Casemakeup Bag Makeup Pouch Skincare Bag Toiletry Bag Packing Cubes,Travel Essentials Cruise Essentials Dorm Essentials,Wedding Bridesmaid Gifts,Mom Gifts,Birthday Gifts,Gifts For Friends And Teachers,Home Decor,Bathroom Livingroom Bedroom Decor,Bathroom Organizer,Jewelry Organizer,Lip Oil Organizer,Nail Polish Organizer",Beauty & Health
,600+ sold recently,2.99,14.0,1.0,,,SlowSunday Strawberry Lip Care,Beauty & Health
,1.1k+ sold recently,2.05,27.0,1.0,,,"1pc Facial Cleansing Brush & 1pc Makeup Headband,Skincare,Room Decor,Home Decor,Bedroom Decor,Bathroom,Christmas Gifts,Bathroom Decor,Travel,Travel Stuff,Wedding,Christmas Party,Mom Gifts,Home,Room,House Decor,Christmas Gift,Gifts For Mom,Birthday,Pink Room Decor,Living Room Decor,Bedroom,Gifts For Men,Dad Gifts,Mushroom,New Years,Mom,Accessaries,Gifts For Dad,Friends,Funny Gift",Beauty & Health
,500+ sold recently,1.9,5.0,1.0,,,2pcs Forefoot Protector,Beauty & Health
,700+ sold recently,3.9,5.0,4.0,,,"Misslyn Intense Color Liner No.50 Dip Black, Creamy, Eyeshadow & Eyeliner Pencil, Sharpenable Eyeliner Pencil, Ultra-Pigmented, Blendable, Cruelty-free, Smooth, Long Lasting, Highly Pigmented, No Smudging, Smooth Soft Gliding",Beauty & Health
,1.4k+ sold recently,5.85,14.0,1.0,,,"1Pc Preppy Half Clear Pink Cosmetic Bag With Chenille Letter Stuff Travel Patches Travel Essentials Large Clear Make Up Bag Zipper Pouch With Handle For Beach Daily Usemakeup Bag Makeup Pouch Skincare Bag Toiletry Bag Packing Cubes,Travel Essentials Cruise Essentials Dorm Essentials,Wedding Bridesmaid Gifts,Mom Gifts",Beauty & Health
,,3.18,36.0,1.0,#1 Best Sellers,in Lip Tint,SHEGLAM For The Flush Lip & Cheek Tint-It's Chili Long-Lasting Matte Finish Lip Tint Easy-To-Use Lightweight Blush Moisturizing Lip Stain Liquid Lipstick Black Friday Gift Liquid Lipstick,Beauty & Health
,400+ sold recently,2.1,5.0,1.0,,,"Manual Facial Cleansing Brush, 1pc Double Side Skin Care Facial Cleaning Brush, Silicone Facial Scrubber Manual Dual Face Wash Brush For Deep Pore Exfoliation Makeup Massaging,Skincare,Room Decor,Home Decor,Bedroom Decor,Bathroom,Christmas Gifts,Bathroom Decor,Travel,Travel Stuff,Wedding,Christmas Party,Mom Gifts,Home,Room,House Decor,Christmas Gift,Gifts For Mom,Birthday,Pink Room Decor,Living Room Decor,Bedroom,Gifts For Men,Dad Gifts,Mushroom,New Years,Mom,Accessaries,Gifts For Dad,Friends,Funny Gift",Beauty & Health
,80+ sold recently,3.1,45.0,1.0,,,"1pc Transparency Acrylic Nail Art Holder,26 Hole Minimalist Style Makeup Brush Storage Box And Desktop Organizer",Beauty & Health
,800+ sold recently,1.5,6.0,1.0,,,"5pcs Precision Eye Makeup Brushes Including Scythe Shaped Eyeliner Brush, Angled Eyeliner Brush, And Eyebrow Brush For Easy And Beautiful Eye Makeup",Beauty & Health
,100+ sold recently,1.7,6.0,1.0,,,"2pcs Hair Dryer Holder With Plug Hook, Wall Mounted Punch Free Bathroom Shortage Rack, Styling Tool Organizer For Easy Access And Convenience Bathroom Drawer Organizer Bathroom Countertop Organizer",Beauty & Health
,500+ sold recently,3.12,32.0,1.0,,,"20 Pcs Crystal Lip Mask, Cherry Orange Aloe Peach Lip Patch,  Exfoliating Moisturizing And Hydrating Anti-Dry Lip Care & Lip Plumping & Lip Sleeping & Lip Nourishes & Lip Soothing",Beauty & Health
,1.2k+ sold recently,1.1,15.0,1.0,,,1pc Black Comb Cleaner Air Bag Massage Comb Cleaning Brush Home Air Cushion Massage Comb Cleaning Claw Cleaning Tool Comb Brush Untangle Hair Brush,Beauty & Health
,1.2k+ sold recently,1.7,6.0,1.0,,,1pc Foundation Brush,Beauty & Health
,,1.9,5.0,1.0,#5 Best Sellers,in Tattoos & Body Art,"20 Sheets Creative Black Small Design Temporary Tattoo Stickers For Men And Women, Realistic Tree Branch Starry Sky Tattoo, Water-resistant, Suitable For Arm, Face, Finger And Neck Black Friday",Beauty & Health
,100+ sold recently,9.2,4.0,1.0,,,"1pc Acrylic 24 Grids Lipstick Holder, Transparent Makeup Brush Eyebrow Pencil Lip Gloss Storage Box, Cosmetic Organizer Display Stand.",Beauty & Health
,8.4k+ sold recently,1.7,11.0,1.0,,,"Manicure Set Professional Manicure Set Pedicure Tools Set Nail Grooming Kit For Women Mens,Nail Manicure Kit Foot Hand Care Kit Nail Clipper Set",Beauty & Health
,900+ sold recently,2.03,22.0,1.0,,,"4pcs Acrylic Plastic Jar Makeup Organizer, Pharmacy Bottles With Lids For Storing Cosmetics On Vanity Dresser",Beauty & Health
,100+ sold recently,0.76,58.0,1.0,,,180Pcs White Nail Wipes Nail Polish Remover Pads Soft Absorbable Eyelash Extension Glue Cleaning Wipes,Beauty & Health
,30+ sold recently,2.1,5.0,1.0,,,4 Sheets Hand Flower Henna Tattoo Stencil Stickers Flora Adhesive Hollow Stickers For Hand Body Art Painting,Beauty & Health
,100+ sold recently,1.5,6.0,1.0,,,"4pcs Mini Hair Clips Set, Milk Coffee Color, Hairpins For Bangs & Side Decoration",Beauty & Health
,1.2k+ sold recently,3.99,20.0,5.0,,,SHEGLAM Snatch 'n' Blush Stick-Dreamer Cream Blush Waterproof Long Lasting High PigmentÂ  Non-Fading Non-Greasy Glowing Lasting Women Beauty Makeup Black Friday Party Blush,Beauty & Health
,300+ sold recently,1.37,40.0,1.0,,,"1pc Wooden Round Hair Brush For Blow Drying, Perfect To Style And Add Volume To Any Short Hair Style, Lightweight Round Hair Brush For Precise Styling And Manageable Hair, Hair Comb, For Blow-Drying All Hair Types, For Women Men Black Friday",Beauty & Health
,400+ sold recently,0.55,63.0,1.0,,,"20pcs/Box Eye Makeup Shield Eyeshadow Pad Disposable No- Woven Fabric Patch Eyes Make Up Shield Shadow Stencil Eyeliner Stickers With Beauty Portable Box,To Prevent Makeup Residue",Beauty & Health
,600+ sold recently,4.5,4.0,1.0,,,"1pc 1oz Classic Women Fragrance, Elegant Intellectual Mature Lady, Essential Floral  Scent For Any Occasion, Versatile To Pair With",Beauty & Health
,6.1k+ sold recently,2.0,9.0,1.0,,,"Nail Polish Care Oil With Calcium Base Coat, Nail Care Treatment, Dead Skin Remover Hand Repair Cream Suitable For Daily Nail Care Use",Beauty & Health
,1.3k+ sold recently,9.8,7.0,1.0,,,"1pc 3.4 Oz Concentrated Floral Fragrance Long-Lasting Elegant, Confident Women's Perfume, Arabic Style Perfect Birthday Gift, Express Love And Enhance Charm, Suitable For Dating Or Outings",Beauty & Health
,40+ sold recently,1.4,7.0,1.0,,,"3-Piece Luxury Microfiber Spa Headband & Wristbands Set - Soft, Comfortable For Face Washing, Makeup, Shower & Skincare Set Of Women's And Girls' Hair Accessories",Beauty & Health
,100+ sold recently,1.57,35.0,1.0,,,"1pc PP Bath Brush, Modern Two Tone Soft-bristled Long Handle Body Brush For Bathroom",Beauty & Health
,500+ sold recently,1.8,5.0,1.0,,,"3 PCS Metal Large Claw Clips For Thick Heavy Hair, Strong Hold Big Non-Slip Hair Catch Barrette Jaw Clamp For Long Hair, Fashion Styling Accessories For Women Girls",Beauty & Health
,200+ sold recently,1.5,6.0,1.0,,,"1pc Makeup Sponge With Storage Box,2pcs Powder Puff Sets, Beauty Sponge + Storage Box, Portable Makeup Sponge, Daily Makeup, Smudged Makeup Black Friday",Beauty & Health
,700+ sold recently,4.52,39.0,5.0,,,"Misslyn Must Have Eyeshadow Shades, Shade Of Nude, Pigmented Matte & Shimmer Shades, Long Lasting, Blendable Powder, Natural Colors, Rich Colors With Velvety Texture",Beauty & Health
,60+ sold recently,1.6,0.0,1.0,,,"56-Compartment Portable Transparent Plastic Jewelry Organizer Box With Large Capacity For Beads, Nail Art, Accessories, Craft Supplies, Necklace, Ring, Earring, Jewelry, Hair Accessories, Art Supplies, Perfect For School, Office And Home Sorting",Beauty & Health
,,1.8,5.0,1.0,#9 Best Sellers,in Lip Gloss,"Moisturizing Mirror Lip Gloss, 1pc Brightening Highly Pigmented Liquid Lipstick For Women",Beauty & Health
,1.1k+ sold recently,1.3,7.0,1.0,,,3pcs Blending Brush Nose Shadow Brush Detail Brush,Beauty & Health
,,1.37,43.0,1.0,#10 Best Sellers,in Makeup Bags,"1Pc Friend Gifts,To Best Friend Ever Letter Print Makeup Bag,Gift Bag Zipper Bag For Travel,Lightweight Storage Bag, Coin Purse, Zipper Clutch Pouch,Pouch Bags Cosmetics Bag Makeup Storage Bag Beauty Bag,Women Makeup Bag Pouch Travel Toiletry Organizer,Back To School Teacher Gift,Christmas Pattern Tot Bag Christmas Tree Ms. Gift Bag Is Suitable For Christmas Gifts To Friends Beige Base Makeup Organizer Bag With Alphabet Print,Cartoon Gift Bag Beach Bag Travel Bag Cosmetic Bag,Wash Bag,For Makeup Tools,Portable Handheld Toiletry Bag,Fashionable Simple Style,Friendship Gifts For Women,For Travel,Daily Commute,Business Trip,Sports,Fitness,Beach",Beauty & Health
,,1.8,5.0,1.0,#1 Best Sellers,in Perfume,"Roll-On Pheromone Eau De Toilette Spray For Women,Long Lasting Perfume,Unleashing Your Charm,An Ideal Gift For Her,10Ml Perfume",Beauty & Health
,,2.7,4.0,1.0,#10 Best Sellers,in Wig Tools,1pc Satin Wig Sleeping Bonnet,Beauty & Health
,10+ sold recently,0.51,76.0,1.0,,,"Exfoliating Bath Sponge, Deep Clean, Will Not Hurt Skin",Beauty & Health
,800+ sold recently,8.1,4.0,1.0,,,"4 Packs Travel Bottles For Toiletries 3Oz Portable Travel Bottles, Leak Proof Squeezable Silicone Travel Size Containers, Travel Accessories With Clear Toiletry Bag, Living Room Home Bedroom Bathroom House Decor, Travel Stuff, Wedding, Party, Birthday, Gifts For Men Mom Dad Friends, New Years, Accessaries, Funny Gift",Beauty & Health
,500+ sold recently,2.9,12.0,6.0,,,"1pc Ladies' Cosmetic Tools Storage Bag With Letter Print For Students' Stationery And Outdoor Carry-On, Also As Coin Purse And Mobile Phone Bag",Beauty & Health
,1.6k+ sold recently,8.0,4.0,1.0,,,"1pc Square Desktop Detachable Makeup Mirror With Light For Dormitory/Hotel/Skincare, Led Princess Mirror",Beauty & Health
,200+ sold recently,0.67,55.0,1.0,,,"22pcs Silver Toe Nail Art Stickers For Women, With Gorgeous Shiny & Metallic Colors And 1pc Nail File DIY",Beauty & Health
,300+ sold recently,1.02,49.0,1.0,,,"6pcs Soft Synthetic Eye Makeup Brushes Set For Eyeshadow, Blending, Eyebrow, And Eyeliner - Perfect For Professional And At-Home Use Y2k Skincare Goth Travel Essentials  Pens Charms Sweats Hair Brush Strawberry Liquid Blush Bonnet Brochas Dresser Foundation Organizadores Heart Powder Puff Bathroom Organizer Charm Press On  Elephant Contour Cherry Vanity Valentines Day Gift For Him Skin Care  Face Wash Makeup Brush Cleaner Makeup Kit Makeup Vanity Makeup Sponge Makeup Brushes For W",Beauty & Health
,2.3k+ sold recently,0.99,34.0,4.0,,,"SLOWSUNDAYâ¢ 1PC Watermelon Face Mask, Fresh Fruit Fusion Series,Hydrating, Moisturizing,Anti-Aging,Brighting,Soothing,Korean Mask, For Woman,Men",Beauty & Health
,40+ sold recently,2.5,4.0,1.0,,,"1pc 200ml Continuous High-Pressure Spray Bottle For Alcohol Disinfection, Makeup, Moisturizing Sprays, Dilution And Fine Mist Spraying, With Pressing, Suitable For Disinfection, Makeup, Dilution, Fine Mist, Push-Pull Water Bottle, Living Room Bedroom Bathroom Home Decoration, Travel Supplies, Wedding, Party, Birthday, Gift For Men, Women, Mothers, Fathers, Friends, New Year, Accessories, Funny Gifts, Replaceable Cosmetic Spray Bottle, High Pressure Sprayer, Pressing And Delaying, Refillable",Beauty & Health
,,2.6,0.0,1.0,#2 Best Sellers,in Personal Care And Cleaning New Arrivals,"Random Color 5/10/20pcs Exfoliating Gloves, Double-Sided Scrubbing Gloves For Massaging Skin, Showering, Body Cleaning, Bath Accessory",Beauty & Health
,600+ sold recently,1.6,11.0,1.0,,,"1pc Nail Art Dust Brush, Small Waist Makeup Brush, Popular Makeup Brush, Blush Brush And Loose Powder Brush",Beauty & Health
,5.9k+ sold recently,1.6,6.0,1.0,,,"One-Character Nail Clipper Set, Including U-Shaped Clipper, Parallel Clipper, Nail Clipper, Crystal Gel & Nail File, Essential Manicure Tool Nail Care Tools",Beauty & Health
,,2.2,4.0,9.0,#7 Best Sellers,in Wig Tools,1pc Solid Satin Bonnet Hair Bonnet For Sleeping Black Printed  Leopard Sleep Cap,Beauty & Health
,600+ sold recently,3.2,9.0,1.0,,,"10pcs/Set Pumice Stone For Feet Scrubber, Dead Skin Remover, Disposable Foot Pumice Foot Callus Remover, Pedicure Tools, Purple Pumice Sponge",Beauty & Health
,1.2k+ sold recently,4.4,4.0,1.0,,,"1Pc/4Pcs Women Girls Preppy Travel Corduroy Chenille Letter Patches Skincare Face Hair Stuff Makeup Pouch Cosmetic Bags Travel Zipper Pouch Makeup Organizer As Giftsmakeup Bag Makeup Pouch Skincare Bag Toiletry Bag Packing Cubes,Travel Essentials",Beauty & Health
,400+ sold recently,1.59,31.0,6.0,,,"1pc Waterproof Pvc Makeup Brush Storage Clear Cosmetic Bag Durable Portable Bathroom Bag, For Women/Students/Travelers, Toiletry Organizer, With Gift Packaging Makeup Bag Storage Makeup Organizer Makeup Case",Beauty & Health
,5.3k+ sold recently,1.4,7.0,18.0,,,24pcs Short Square French Style Minimalist False Nails With 1pc Nail File And 1pc Jelly Glue Press On Nails Nail Supplies,Beauty & Health
,200+ sold recently,1.5,6.0,1.0,,,"Hair Comb, 1pc, Straightening Comb Attachment For Straight And Flat Iron Hair, Suitable For Women And Men, Heat Resistant Carbon Fiber Perfect For Hair Styling, Compatible With Hair Straightening Irons And Making Hairstyles",Beauty & Health
,,2.8,0.0,1.0,#1 Best Sellers,"in Bath Brushes, Sponges & Scrubbers","1pc African Nylon Exfoliating Bath Towel, Soft And Scrub, Nylon Bath Towel For Exfoliating And Bubble Foaming, Bathroom Accessories",Beauty & Health
,,7.0,9.0,1.0,#2 Best Sellers,in Makeup Sets,"All In One Eye Makeup Set, Long-Wearing Eye Makeup Product With Brush Kit For Beginner",Beauty & Health
,50+ sold recently,0.51,72.0,1.0,,,"1pc Bathing Sponge For Exfoliating Dirt And Dead Skin, Soft And Skin-Friendly With Pain-Free Back Scrubbing Function",Beauty & Health
,100+ sold recently,1.15,50.0,1.0,,,"1pc Cat Print Random Eye Cover, Cartoon Animal Design Eye Patch For Indoor And Outdoor",Beauty & Health
,2.9k+ sold recently,9.2,3.0,1.0,,,3 Bottles Of Perfume Ladies Lasting Light Fragrance Flowers Fruit Fragrance 3 Kinds Of Fragrance Gift Choice Gift Box Packaging Send Ladies,Beauty & Health
,,1.5,6.0,1.0,#9 Best Sellers,in Nose Care Tools,6pcs Double-Ended Manual Nose Hair Trimmers With Rotating Blades For Effective Trimming And Cleaning Of Nose And Ears,Beauty & Health
,4.2k+ sold recently,8.1,8.0,1.0,,,12Pcs/Set Nail Art Graffiti Pen Nail Marker Drawing Abstract Lines Fine Detail Floral Design Waterproof Nail Art Pen Tools Nail Graffiti Pens For Nail Art Supplies,Beauty & Health
,3.9k+ sold recently,0.87,42.0,1.0,,,Transform Your Nails With 24pcs Long Almond French Leopard Golden Line Fake Nail & 1pc Nail File & 1sheet Tape Press On Nails Nail Supplies,Beauty & Health
,2.8k+ sold recently,1.8,5.0,4.0,,,30ml Nail Cuticle Remover Gel Cream Softner Liquid Smooth Moisturizing Nail Dead Skin Nail Art Treatment Care Repair Manicure Tools,Beauty & Health
,2.5k+ sold recently,2.0,5.0,1.0,,,Mesh Square Makeup Bag Black Friday,Beauty & Health
,,3.8,0.0,1.0,#5 Best Sellers,in Personal Care And Cleaning Best Quality,"1pc Stainless Steel Eagle Beak Nail Clippers With Red Handle, Suitable For Thick Nails, Ingrown Toenails And Acrylic Nails",Beauty & Health
,7.6k+ sold recently,1.68,20.0,9.0,,,12 Colors Flowers Nail Art Decorations Charms 3D Flower Leaf Nail Design Jewelry Manicure DIY Nail Gems Nail Supplies,Beauty & Health
,100+ sold recently,4.43,25.0,1.0,,,"Fashion Multifunctional Roll Up Make Up Organizer, 4-In-1 Foldable Toiletry Bag For Travel, Removable Storage Bag, Waterproof Folding Travel Cosmetic Bag Large Capacity Minimalist For Women Men Toiletry Bag makeup brushes storage",Beauty & Health
,,3.99,27.0,1.0,#4 Best Sellers,in Eyebrows,SHEGLAM Set Me Up Brow Hold-Crystal ClearÂ  Waterproof Eyebrow Gel No Smudge Long Lasting Shaping Eyebrow Wax Black Friday Sale Eyebrow,Beauty & Health
,3.0k+ sold recently,1.6,6.0,1.0,,,"1 PC 45ml Purple Card Spray Perfume Hand Spray Bottle Refillable Spray Bottle, Living Room Home Bedroom Bathroom House Decor, Travel Stuff, Wedding, Party, Birthday, Gifts For Men Mom Dad Friends, New Years, Accessaries, Funny Gift",Beauty & Health
,60+ sold recently,1.68,40.0,1.0,,,"1pc Retinol Eye Cream Stick, Reduces Eye Bags And Improves Dark Circles",Beauty & Health
,,1.8,10.0,26.0,#3 Best Sellers,in Press On Nails,24pcs Premium European And American Style Full Drill Glitter Ballet Nail Set +1pc Jelly Gel +1pc Cuticle Pusher Press On Nails Nail Supplies,Beauty & Health
,,1.1,8.0,4.0,#8 Best Sellers,in Gel Nail Polish,1pc 5ml Liner Paint Gel Nail Polish Gold Silver Glitter Sequins Soak Off UV LED Gel French Drawing Nail Art,Beauty & Health
,6.5k+ sold recently,6.8,8.0,8.0,,,600pcs XXS Short Almond Acrylic Full Cover Sculpted Soft Gel Nail Tips  Press On Artificial Fake Nails Salon Supplies,Beauty & Health
,,0.76,53.0,1.0,#3 Best Sellers,in Hair Removal Tools,5pcs Beginner-Friendly Rounded Tip Eyebrow Shaper & Facial Razor Set,Beauty & Health
,100+ sold recently,0.9,47.0,1.0,,,"Dr. Emma 10pcs Interdental Brush, Tooth Flossing Picks, Toothpick Cleaners, Tooth Cleaning Tool, Oral Dental Hygiene Flosser, Toothpick Cleaners For Detail Cleaning",Beauty & Health
,100+ sold recently,0.96,47.0,1.0,,,1pc/3pcs Highlighting Board Hair Dyeing Board With Teeth Plate Salon Hairdressing Styling Tool Hair Salon Supplies,Beauty & Health
,2.9k+ sold recently,1.4,13.0,1.0,,,Black Friday 5g Nail Aurora Powder Moonlight Color Pearl Glitter Nail PowderY2K Style DIY Nail Charms Nail Gems Nail Supplies,Beauty & Health
,1.2k+ sold recently,1.6,6.0,1.0,,,"60ml/3 Pcs Transparent Spray Bottles, Fine Mist Plastic Mini Travel Perfume Bottles, Small Refillable Liquid Containers, Living Room Home Bedroom Bathroom House Decor, Travel Stuff, Wedding, Party, Birthday, Gifts For Men Mom Dad Friends, New Years, Accessaries, Funny Gift",Beauty & Health
,,1.22,64.0,1.0,#6 Best Sellers,in Towels & Towel Sets,"5pcs Coral Fleece Washcloths Set, Soft And Absorbent Square Towel, Solid Color Small Face Towel, Multi Purpose Cleaning Cloths,Super Soft Washcloth, Super Absorbent Small Face Towel, Bathroom Supplies",Beauty & Health
,300+ sold recently,1.36,56.0,1.0,,,"1 Pc I Smile Because You Are My Sister Makeup Bag Cosmetic Bag Travel Toiletry Zipper Pouch, Best Sister Gifts, Gifts For Sister From Sister Brother",Beauty & Health
,5.2k+ sold recently,1.7,11.0,4.0,,,"24pcs Short, Modern, Fashionable, Fresh And Cute Light Blue Pink Flowers, Gentle And Romantic Square Nails Suitable For Women's Nail Decoration+1 Piece Of Jelly Gel+1 Rubbing Strip Press On Nails Nail Supplies",Beauty & Health
,3.5k+ sold recently,0.5,64.0,1.0,,,"10Pcs Clear Plastic Mini Funnel For Lab Bottles, Essential Oils, Perfumes, Spices, Sand Art, And Powder - Essential Tool For Accurate Measurement And Transfer, Living Room Home Bedroom Bathroom House Decor, Travel Stuff, Wedding, Party, Birthday, Gifts For Men Mom Dad Friends, New Years, Accessaries, Funny Gift",Beauty & Health
,900+ sold recently,4.0,0.0,1.0,,,"Preppy Makeup Bag For Women Travel Toiletry Bag Chenille Letter Cosmetic Bag PU Leather Waterproof Pouch Cute Zipper Organizer,,",Beauty & Health
,200+ sold recently,1.1,8.0,1.0,,,"22pcs Pink Y2k Style Shiny And Self-Adhesive Nail Art Stickers + 1pc Nail File, Suitable For Women DIY",Beauty & Health
,,10.9,4.0,1.0,#4 Best Sellers,in Facial Cleansing Appliances,"Skin Scrubber Face Skin Spatula Facial Scrubber Spatula For Deep Cleansing Blackhead Remover Pore Cleaner Face Beauty Lifting Tool With 4 Modes(White), Face Spatula Skin Spatula Pore Cleaner Blackhead Remover Tools, For Facial Deep Cleansing, Skin Care Tool Home School Supplies & Travel Stuff (White)",Beauty & Health
,100+ sold recently,0.35,73.0,1.0,,,1pc Multifunction Foot Cleaning Knife,Beauty & Health
,50+ sold recently,2.0,9.0,7.0,,,"1pc High-End 20-Compartment Transparent Nail Art Accessories Storage Box, Diamond Box With Cover, Non-Removable Portable Plastic Organizer For Jewelry Tools And Diamonds",Beauty & Health
,300+ sold recently,6.06,44.0,1.0,,,"Multifunctional Makeup Brush Storage Box, 1pc 360 Rotating Cosmetics Organizer, Waterproof & Dustproof Storage Bucket, Lipgloss Holder, Desk Organizer For Countertop Vanity And Bathroom,Room,Home,Bedroom,Bathroom,House,Pink Room,Living Room Decor,Travel Stuff,Gift Bag,Gifts For Mom,Dad,Men,Friends,Teacher,Birthday,Wedding,Desk,Shelves,Accessaries,Gift Boxes,Funny Gift,Storage,Makeup Brush Holder",Beauty & Health
,,2.6,0.0,1.0,#5 Best Sellers,in Foot & Hand Care Tools,"Silicone Moisturizing Relief Socks, 1pair High Elastic Absorption Pressure Socks, Reusable Aloe Socks, Overnight SPA Sock, Anti-Slip Gel Heel Socks For Women Men Dry Skin Dry Feet Rough Skin, Home Foot Care, Use With Your Favorite Lotions, And Creams",Beauty & Health
,100+ sold recently,1.1,50.0,1.0,,,"Cosmetic Bag With Cute Heart Design,Makeup Bag Makeup Pouch Skincare Bag Toiletry Bag Packing Cubes,Travel Essentials Cruise Essentials Dorm Essentials,Wedding Bridesmaid Gifts,Mom Gifts,Birthday Gifts,Gifts For Friends And Teachers,Home Decor,Bathroom Livingroom Bedroom Decor,Bathroom Organizer,Jewelry Organizer,Lip Oil Organizer,Nail Polish Organizer Makeup Bag Storage Makeup Organizer Makeup Case",Beauty & Health
,100+ sold recently,0.72,52.0,1.0,,,"16pcs Shiny Grey-Purple Color Nail Stickers For Women, Perfect For Enhancing Your Imagen DIY",Beauty & Health
,,3.1,3.0,1.0,#9 Best Sellers,in Styling Tools,"Noble Knight Hairstyling Gel, Hairspray, Wax, Dry Glue, Gel, Mousse, Hair Balm, Men's Hair Styling Products",Beauty & Health
,100+ sold recently,2.5,4.0,1.0,,,"1pc 300ML High-Pressure Continuous Spray Bottle, Travel-Sized Bottle For Water, Face, Gardening, Hair, Alcohol Sterilization, And Other Liquids, Fine Mist Spray, Pressing Type Spray Dispenser For Outdoor BBQ Cooking",Beauty & Health
,,4.52,40.0,1.0,#2 Best Sellers,in Led Makeup Mirror,"Led Makeup Mirror With Touch Screen, 3 Light Modes, Portable Stand And Foldable Compact Mirror ,Lighted Travel Makeup Mirror,  Vanity Cosmetic Mirror With Lights, Rechargeable 1500mAh Battery, 3- Color Light Modes Dimming LED Light Up Mirror , Travel Accessories For Makeup",Beauty & Health
,2.5k+ sold recently,4.7,4.0,1.0,,,"11pcs Travel Cosmetic Lotion Refillable Bottle Set Cosmetic Empty Liquid Container, Living Room Home Bedroom Bathroom House Decor, Travel Stuff, Wedding, Party, Birthday, Gifts For Men Mom Dad Friends, New Years, Accessaries, Funny Gift",Beauty & Health
,40+ sold recently,7.32,40.0,1.0,,,"MELAO Beard Oil And Bread Balm With Bread Shaper Beard Grooming Kit Set For Men, Gifts For Dad Men Boyfriend Him Father",Beauty & Health
,,3.0,3.0,10.0,#6 Best Sellers,in Foundation,"Waterproof Matte Foundation, 1pc Long-Wearing Oil Control Concealer Foundation Cream For Women",Beauty & Health
,10k+ sold recently,2.8,3.0,1.0,,,50g Teeth Whitening Powder Pearl Essence Natural Dental Toothpaste Toothbrush Kit Oral Hygiene For Remove Stains Plaque,Beauty & Health
,,2.1,5.0,1.0,#10 Best Sellers,in Eye Make Up,"Eyebrow Gel, 1Pc Eyebrow Styling Gel Defining Eye Brow Gel Eyebrow Makeup Product",Beauty & Health
,10+ sold recently,1.4,7.0,1.0,,,"Makeup Sponge Set Of 3/5/10/15/20/30/50 Randomly Shaped And Colored Blending Beauty Sponges For Liquid, Cream, And Powder Foundation, Latex-Free Dual-Use Makeup Puff For All Skin Types",Beauty & Health
,3.1k+ sold recently,4.5,2.0,1.0,,,"Mini Hair Straightener And Curler, Constant Temperature Hair Styling Tool With Ceramic Tourmaline Coating (chinese Standard Plug)",Beauty & Health
,200+ sold recently,4.9,0.0,1.0,,,"6pcs Drawer/Desktop Cosmetics Storage Box, Transparent Dresser Storage Box, Anti-Drop Multi-Compartment Jewelry And Small Objects Storage, Exquisite Storage Box",Beauty & Health
,700+ sold recently,1.3,0.0,1.0,,,"2pcs/3pcs Mask Brush Set, DIY Beauty Tool For Mask, Essential Tool For Traveling In Summer",Beauty & Health
,1.3k+ sold recently,1.72,18.0,1.0,,,"2pcs Lip Balm Gift Set,Plant Extract Moisturizing Silk Soft Lip Mask Small Honey Pot Blueberry, Red Pomegranate Lip Mask Set Lip Care Moisturizing And Moisturizing",Beauty & Health
,,4.99,17.0,1.0,#2 Best Sellers,in Highlighter,SHEGLAM Glow Bloom Liquid Highlighter-Vanilla Frost Gel Cream Highlighter Shimmer Dewy Finish Long Wear Brightening Non-Caking Waterproof Glow Highlighter Makeup Black Friday Winter Trending Y2K Gifts Highlighter,Beauty & Health
,70+ sold recently,2.45,56.0,1.0,,,"Dark Spot Corrector Cream - Underarm, Neck, Armpit, Knees, Elbows, Private Areas, Intimate Areas - Upgraded Formula, Instant Result 50g",Beauty & Health
,6.1k+ sold recently,1.6,6.0,1.0,,,Get Glamorous With 24pcs Long Almond Flower Pattern Full Cover Fake Nail & 1pc Nail File & 1sheet Tape Kit Press On Nails Nail Supplies,Beauty & Health
,100+ sold recently,1.7,6.0,1.0,,,"1 Portable Mini Transparent Zipper Storage Bag, Multifunctional Jewelry Storage Bag, Suitable For Headphones, Charging Case, Keychain, Ring, Transparent Travel Accessory Bag",Beauty & Health
,,1.4,7.0,1.0,#6 Best Sellers,in Press On Nails,24pcs Chic Almond-Shaped Pink French Style Wearable Nail Art And Press On Nails : Elegant Fashion Accessory For Women And Girls Nail Supplies,Beauty & Health
,,2.9,3.0,1.0,#3 Best Sellers,in Tattoos & Body Art,"2pcs Black Henna Colored Tattoo Paste For Body, Long-Lasting And Semi-Permanent Plant-Based Tattoo Dye For Wrist",Beauty & Health
,10+ sold recently,2.1,5.0,1.0,,,"Egg Comb Home Electroplated Hair Massage Comb 1pc Portable Straight Hair Style Comb Silver, Hair Brush/Hair Comb Black Friday",Beauty & Health
,200+ sold recently,1.45,68.0,4.0,,,"Makeup Brush Storage Organizer, 1pc Multifunctional Makeup Brushes Dryer Large Capacity Organizer Holder Stand, Tray Support Display Suitable For Vanity, Bathroom Countertops, Cabinets To Hold Eye/Lip Pencils, Lip Gloss, Liners, Lipstick, Eyeshadow, Concealers,Room,Home,Bedroom,Bathroom,House,Pink Room,Living Room Decor,Travel Stuff,Gift Bag,Gifts For Mom,Dad,Men,Friends,Teacher,Birthday,Wedding,Desk,Shelves,Accessories,Gift Boxes,Funny Gift,Storage,Makeup Brush Holder",Beauty & Health
,2.0k+ sold recently,5.49,8.0,1.0,,,SHEGLAM Mello Jello Nourishing Lip Balm-Pink Topaz Grapefruit Orange Sheer Glow Daily Lip Care Ultra-Nourishing Lip Balm Moisturizing Lip Primer Made With Vitamin E Jojoba Seed Oil,Beauty & Health
,200+ sold recently,2.2,4.0,1.0,,,"1Pc Transparent Dust-Proof Cosmetic Storage Box With Puff, Moisture-Proof Flip Cover Display Case For Makeup Organizer",Beauty & Health
,300+ sold recently,0.87,42.0,4.0,,,"2pcs/set Beige Bun Maker Hair Accessories For Updo, Ponytail, Bun, Etc.",Beauty & Health
,100+ sold recently,4.55,34.0,1.0,,,"1PC Rejuvenate Your Skin With A Cold Face Eye Mask Ice Pack: Reduce Puffiness, Dark Circles, And Headaches!",Beauty & Health
,1.5k+ sold recently,1.6,0.0,4.0,,,"2 Roll  Eyeshadow Tape , Natural Eyeliner Tape , Eye Makeup Auxiliary Tool, Eye Makeup Finish Patch",Beauty & Health
,,1.5,6.0,1.0,#5 Best Sellers,in Serums & Facial Treatment,Effective Whitening Freckle Cream Remove Melasma Acne Spot Pigment Dark Spots Pigmentation Moisturizer Skin Care Face Essence Facial Serum,Beauty & Health
,2.0k+ sold recently,3.99,27.0,1.0,,,SHEGLAM Big Time Eyes Volumizing Mascara Volumizing No Smudge Easy To Remove Quick Drying Long-Wearing Thick Volume Big Eyes Lash Lift Mascara Black Friday Party Mascara,Beauty & Health
,,1.5,6.0,1.0,#8 Best Sellers,in Refillable Containers,"1pc 45ml Colorful Card Bottle Atomizer, 38/50ml Spray Bottle With Hook For Perfume/Mouthwash/Alcohol Refill, Leakproof Sealed Plastic Bottle With Colored Silicone Cover, Convenient Travel Perfume Bottle",Beauty & Health
,,2.3,8.0,1.0,#7 Best Sellers,in Mirrors,"1PC Stainless Steel Folding Makeup Mirror With Personalized Gold-Foil Letters, Wrapped In Stylish Black Leather. Perfect For Dear Mom, Aunt, Grandmother, Daughter, Niece, Sister, Bride, Bridesmaid, And Your Beloved Girlfriend! Ideal For Occasions Like Holidays, Birthdays, Weddings, Mother'S Day, And Valentine'S Day, This Thoughtful And Exquisite Gift Will Add A Touch Of Charm To Their Special Moments, Compact Mirror, Pocket Small Vanity Mirror, Living Room Home Bedroom Bathroom House Decor, Travel Stuff, Wedding, Party, Birthday, Gifts For Men Mom Dad Best Friends Teacher, New Years, Accessaries, Funny Gift",Beauty & Health
,900+ sold recently,2.57,46.0,1.0,,,3.4fl.Oz/ 100ml Curl Defining Cream Bouncy Enhancers Defines Curls Mousse Leave-In Conditioner Moisturizer For Curly Hair Volumizing Cream Curling Perfection Wavy Hair-Smoothing Anti-Frizz Products,Beauty & Health
,2.9k+ sold recently,6.7,4.0,1.0,,,"Women'S Durable Perfume, With Floral Fragrance, Is The Best Choice For Girls. It Is Especially Suitable For Gift Giving, Smelly Fragrance, Big Brand And Same Fragrance",Beauty & Health
,200+ sold recently,1.19,21.0,1.0,,,2PCS Fine Mist Spray Water Bottle For Hair And Makeup - 360 Degree Empty Small Misting Spritzer With Pump - Clear Containers For Perfume And Atomizer - Stylist Sprayers For Flawless Finish - Travel Accessories,Beauty & Health
,900+ sold recently,2.0,5.0,1.0,,,"3pcs/Set Face Washing Headband, Bowknot Headband, Headband & Wristband, Facial Wristband Towel, Water Absorbing Wristband, Wash Band, Reusable Spa Headband & Bracelet, Fluffy Solid Color Face Headband, Plush Headband, Yoga Headband, Hair Tie, Ultrafine Fiber Headband, Women's Wristband, Facial Makeup Headband With Adjustable Elastic Band, Yoga Sports Headband & Sweatband, Suitable For Bathroom Cleaning, Travel Goods, Gift",Beauty & Health
,700+ sold recently,0.95,27.0,1.0,,,"1pc Hairdressing Comb With Super Thin Teeth, Suitable For Men's Flat Hair Style, With Apple Shape Handle, Professional Hair Styling Tool Hair Brush",Beauty & Health
,100+ sold recently,2.07,37.0,1.0,,,1PCWig Storage Bag With Wig Hanger For Multiple Wigs And HairExtension Storage Bag Holder Case,Beauty & Health
,600+ sold recently,5.2,4.0,1.0,,,100ml Watermelon Extract Makeup Water; Moisturizing & Refreshing Spray With Cimicifuga & Peony Root Extract; Hydrating & Tightening Facial Spray With Hyaluronic Acid; Pore Tightening & Refreshing Body Spray,Beauty & Health
,2.6k+ sold recently,1.9,5.0,1.0,,,1pc Magic Makeup Brush Beauty Powder Face Blush Brushes Portable Professional Foundation Brush Large Cosmetics Soft Base Make Up,Beauty & Health
,,1.04,20.0,1.0,#10 Best Sellers,in Refillable Containers,"5Ml Empty Perfume Atomizer Spray Bottle, Single Pack, Shiny Pink Perfume Bottle Spray Scent Pump Empty Atomizer Bottle For Travel, Living Room Home Bedroom Bathroom House Decor, Travel Stuff, Wedding, Party, Birthday, Gifts For Men Mom Dad Friends, New Years, Accessories, Funny Gift",Beauty & Health
,,1.9,5.0,1.0,#10 Best Sellers,in Brows & Lash Tools,BASIC LIVING Rose Gold Eyelash Curler With Pink Handle,Beauty & Health
,400+ sold recently,2.9,6.0,1.0,,,1pc 20g Lip Sleep Facial Mask Moisturizing Mild Exfoliating Dead Skin Rich Full Smooth Lip Mask,Beauty & Health
,,3.1,3.0,1.0,#4 Best Sellers,in Oral & Nose Care,"Rapid Whitening Purple Toothpaste, Tooth Stain Removal, Teeth Whitening Booster, Colour Correcting, Fresh Breath, 1 Fl Oz",Beauty & Health
,70+ sold recently,3.4,3.0,1.0,,,"16/28/36 Colors Face Painting Crayons - 16/28/36 Assorted Colors Body And Face Paint Crayons, Safe  Halloween Or Birthday Party Face Paint Kit For Role Play, Sensitive Skin Safe, Carnival Makeup, Girls' Party Supplies",Beauty & Health
,3.3k+ sold recently,17.8,4.0,1.0,,,"4Pcs/Set Towel & Pu Waterproof Letter Embroidery Cosmetic Bag (Random Color) Black Friday,Makeup Bag Makeup Pouch Skincare Bag Toiletry Bag Packing Cubes,Travel Essentials Cruise Essentials Dorm Essentials,Wedding Bridesmaid Gifts,Mom Gifts,Birthday Gifts,Gifts For Friends And Teachers,Home Decor,Bathroom Livingroom Bedroom Decor,Bathroom Organizer,Jewelry Organizer,Lip Oil Organizer,Nail Polish Organizer Makeup Bag Storage Makeup Organizer Makeup Case",Beauty & Health
,200+ sold recently,0.96,49.0,1.0,,,"1pc Simple & Compact Cosmetic Bag & Handbag With Mesh & Portable Travel Toiletry Bag For Lipstick, Lotion, Skincare Products, Heart Shaped & Delicate Storage Bag",Beauty & Health
,,3.4,6.0,1.0,#1 Best Sellers,in Female Hygiene & Private Care,"8pcs Reusable Nipple Covers, Strapless Adhesive Breast Petals, Women Undergarments And Lingerie Accessories, Pack In Metal Box",Beauty & Health
,10k+ sold recently,1.3,7.0,6.0,,,Enhance Your Look With 24pcs Short Square White French Style False Nails That Suit Women And Girls French Tip Press On Nails Nail Supplies,Beauty & Health
,1.6k+ sold recently,3.99,20.0,5.0,,,SHEGLAM Jelly Wow Hydrating Lip Oil-Berry Involved,Beauty & Health
,5.1k+ sold recently,1.8,5.0,1.0,,,"24pcs Crop Square Shiny False Nails With Red, White And Blue Color Palette, Featuring Multi-Colored Stars, Glitter, Stripes, Detachable Covering Nail Kit For Party, Dance And Daily Wear Press On Nails Nail Supplies",Beauty & Health
,500+ sold recently,10.99,45.0,5.0,,,"Liquid Highlighter Blush Contour 3 Color, Natural Matte Face Blush Bronzer, Natural Glossy Liquid Illuminator For Face And Body",Beauty & Health
,2.9k+ sold recently,1.4,7.0,1.0,,,"Black Friday Glass Bead Nail Art Decoration, 1box Clear Caviar Beads Nail Art Charms Manicure Accessories DIY Nail Gems Nail Supplies",Beauty & Health
,,1.8,10.0,1.0,#2 Best Sellers,in Nail Polish Removers,"15ml Gel Nail Polish Remover Soak-Off Gel Polish Remover, 1pc Removes Nail Polish In 2-5 Minutes 15ml 0.5fl.Oz Quickly & Easily No Soaking Or Wrapping Quickly Removes Soak-Off Gel Polish, Professional Non-Irritating Nail Polish Remover Gel Nail Polish Remover 1 Pack - Professional Gel Polish Remover For Nails Kit Quick Effective Gel Remover For Soak-Off Gel Polish",Beauty & Health
,4.8k+ sold recently,2.5,4.0,1.0,,,HANDAIYAN Diamond Rhombus High-Gloss Glitter To Modify Contours And Brighten Net Weight :8g,Beauty & Health
,,1.86,7.0,1.0,#4 Best Sellers,in Trending Health Monitors,"1pc Digital Thermometer, Household Thermometer, Oral Thermometer, Underarm Thermometer, Soft Head Thermometer With Battery Inside",Beauty & Health
,400+ sold recently,1.57,42.0,1.0,,,"2-Pack Vitamin C Retinol Firming Serum, Firming Lifting Serum, Softens Skin, Improves Elasticity, Smoothes Wrinkles, Skin Care Facial Serum For Women",Beauty & Health
,40+ sold recently,1.8,5.0,1.0,,,"1pc Henna Dye Paste, Body Color Tattoo Ink, Henna Hand-Painted Temporary Juice Color Painting Paste Pigment, Semi-Permanent Tattoo Dye, Long-Lasting Plant-Based Tattoo Dye, Temporary Tattoo Paste, Suitable For Party Decoration, Stage Decoration, Festival Performance",Beauty & Health
,,2.9,3.0,1.0,#2 Best Sellers,in Teeth Whitening,5 Days Teeth Whitening Toothpaste Remove Plaque Stains Powder Deep Cleaning Oral Hygiene Fresh Breath Brightening Tooth Care 50g,Beauty & Health
,400+ sold recently,4.7,4.0,1.0,,,"Dream Lady's Perfume, Small Daisy, Light Fragrance, Fresh And Lasting Student's Perfume, Pink, Blue, 30 Jasmine, 1 Bottle, Fresh Flower Fragrance, Flower And Fruit Fragrance, Lady Fragrance, Use Scene Dating, Party, Daily Commuting Perfume",Beauty & Health
,,5.99,14.0,12.0,#2 Best Sellers,in Lipstick,SHEGLAM Mirror Kiss High-Shine Lipstick-Own Your Shine 12 Colors High Gloss Shine Glitter Lipstick Moisturizing Reduce Lip Fine Lines Lip Balm Lip Makeup,Beauty & Health
,800+ sold recently,2.2,8.0,6.0,,,10pcs Nail Files For Natural Nails - Emery Boards For Nails Supply 100/180 Grit Nail Files For Gel Nails - Nail Buffer Block To Shape And Smooth - Professional Nail File Black Buffer Nail File Set,Beauty & Health
,7.1k+ sold recently,1.6,6.0,7.0,,,Get Glamorous With 24pcs Y2K Style Long Square Fluorescent Color Floral Pattern Fake Nail & 1pc Nail File & 1sheet Tape Press On Nails Nail Supplies,Beauty & Health
,300+ sold recently,3.4,6.0,1.0,,,1pc 12 Colors Makeup Nude Eyeshadow Palette Natural Nude Matte Shimmer Shimmer Pigment Eyeshadow Palette Set Waterproof Smokey Professional Beauty Makeup Kit Three Shades,Beauty & Health
,1.2k+ sold recently,3.9,7.0,6.0,,,4pcs Stainless Steel Nail Cuticle Nipper Set Nail Kits Quickly Effortless Stainless Steel Nail Clippers For Men & Women Nail Cleaner,Beauty & Health
,,3.99,27.0,1.0,#3 Best Sellers,in Body Cream,SLOWSUNDAYâ¢ Brightening Skin Stick,Beauty & Health
,100+ sold recently,1.05,50.0,1.0,,,1pc Metallic Nail Art Stickers Gold And Silvery Rose Silver French Nail Tips Nail Decals For Nail Art Designs Self Adhesive Geometry Lines Moon Stars Nail Sticker Y2K-Style Nail Art Decals DIY,Beauty & Health
,400+ sold recently,1.9,5.0,1.0,,,"Moisturizing Hand Mask Gloves For Women, Nourishing And Hydrating With Niacinamide, Tendering Fine Lines Of Hands",Beauty & Health
,,1.8,10.0,1.0,#7 Best Sellers,in Nail Glue & Adhesive,"Super Strong Nail Glue For Nail Tips, Acrylic Nails And Press On Nails (8ml)  Long Lasting Nail Glue For Acrylic Nails Fake Nails Tips Nail Glue Gel",Beauty & Health
,500+ sold recently,4.4,8.0,1.0,,,"6PCS Mini Folding Mirror Round Compact Mirror Portable Pocket Mirror Makeup Small Mirror Vintage Portable Travel Makeup Mirror For Women Girls Daily Use (Pink, Purple, Green, Blue, Black, White)",Beauty & Health
,300+ sold recently,3.6,5.0,1.0,,,"Sql De Cverlan 40 Brazilian Peach Fragrance Suitable For Women's Body Perfume Spray 1.4oz Body Spray, 40ml",Beauty & Health
,,3.8,5.0,1.0,,,"Random 3 Pcs 35 Inch Exfoliating Bath Cloth,Beauty Skin Bath Wash Towel,Nylon Shower Washcloth Body Scrubber Loofah For Women And Men",Beauty & Health
,,2.2,4.0,1.0,#6 Best Sellers,in Beauty Essentials,"100pcs/300pcs Disposable Round Makeup Remover Pads, 6*6cm, For Facial Care, Makeup, Skincare, Home Or Travel, Living Room, Home, Bedroom, Bathroom, Travel Accessories, Wedding, Party, Birthday, Men's Gifts, Mom, Dad, Friends, New Year, Accessories, Fun Gifts.",Beauty & Health
,,9.5,8.0,1.0,#1 Best Sellers,in Nail Art Salon Sets,"Professional Manicure Kit With Electric Nail Drill, UV LED Nail Lamp, 54W UV Gel Nail Dryer And Nail Drilling Machine, Suitable For Beginners",Beauty & Health
,1.1k+ sold recently,5.6,3.0,1.0,,,"12 Pack Plastic Container Jars With Lids , 4 Oz Empty Round Clear Cosmetic Slime Jars For Lotion, Cream, Ointments, Body Butter, Makeup, Travel Storage, Living Room Home Bedroom Bathroom House Decor, Travel Stuff, Wedding, Party, Birthday, Gifts For Men Mom Dad Friends, New Years, Accessaries, Funny Gift",Beauty & Health
,100+ sold recently,0.66,59.0,1.0,,,"6pcs/3pcs 30ml/50ml/100ml Cosmetic Refillable Bags & Lotion Squeeze Bottles, Convenient For Travel",Beauty & Health
,300+ sold recently,0.67,52.0,1.0,,,1pc Concealer Brush,Beauty & Health
,,2.4,0.0,1.0,#6 Best Sellers,in Towels,"5/10/15pcs Simple White Face Towel, Hotel Lint-Free Towel For Bathroom, Soft Absorbent Face Towel, Bathroom Supplies(9.8in*9.8in)",Beauty & Health
,,3.8,3.0,1.0,#5 Best Sellers,in Fragrances & Aromatherapy,"1pc 35ml Long-Lasting Fragrance Portable Vanilla, Floral, And Fruity Perfume, Ideal For Dates, Dinners, Work, And Gifting",Beauty & Health
,100+ sold recently,1.2,8.0,1.0,,,1pc Toothbrush Shaped Wet & Dry Dual-Use Foundation Brush For Quick Makeup Beginners Multifunctional And Portable Makeup Tool,Beauty & Health
,900+ sold recently,1.4,7.0,1.0,,,"5 Pack Elastic Sleeves For Leak Proofing, Cruise Ship Essentials,Travel Accessories Luggage For Women Men, Travel EssentialsSilicone Bottle Covers, Fit Most Travel Size Bottles Toiletries,Elastic Sleeves For Leak Proofing, For Home & Daily Use, Women Men Travel Essentials, Luggage Accessories",Beauty & Health
,1.5k+ sold recently,4.49,31.0,21.0,,,SHEGLAM Complexion Boost Concealer-Buttercream Sponge-Head Applicator Matte Liquid Concealer Long Lasting Brightening Color Corrector Weightless All-Day Long Lasting Hydrating Concealer Black Friday Winter Concealer,Beauty & Health
,,1.9,0.0,1.0,#3 Best Sellers,in Towels,"Hot Compress Face Towel Masks, Reusable Facial Steamer Towel For Hot Cold Skin Care, Moisturizing Face Steamer, Beauty Facial Towel For Home And Beauty Salon",Beauty & Health
,300+ sold recently,2.7,4.0,1.0,,,"1pc Simple Wall-Mounted Storage Rack For Hair Curler, Comb, And Hair Straightener, Bathroom Organizer Without Drilling",Beauty & Health
,20+ sold recently,1.2,8.0,1.0,,,1Pc 10Ml 18colors Mirror Moonlight Cat Eye Magnetic Gel Polish Set With Soak Off UV LED Cat Eye Gel Polish Manicure Nail Art Gift Kit - No Magnetic Stick Included,Beauty & Health
,1.4k+ sold recently,2.5,7.0,14.0,,,"1pc 10ml Glass Bead Mini Bulb Shape Cat Eye Gel Nail Polish, Shiny Cat Eye Set For Nail Art Salon Use, New Arrivals Fall And Winter",Beauty & Health
,100+ sold recently,1.36,32.0,1.0,,,"3pcs Cute Air Cushion Powder Puff, Wet & Dry Sponge, Non-absorbent Foundation Loose Powder Applicator, Makeup Tool Black Friday",Beauty & Health
,300+ sold recently,17.7,4.0,1.0,,,"Portable Led Makeup Mirror With 1X2X3 Magnification, Touch Control, And Dual Power Supply - Perfect For Women On The Go Complimentary X10 Magnification Small Circular Mirror Vanity Mirror For Home Tabletop Decoration, Bathroom, Dresser Vanity & Countertop Bedroom Travel Dormitory Hotel Mirror Women Gift",Beauty & Health
,100+ sold recently,5.0,4.0,1.0,,,"3pcs Set(12 Colors Loose Glitter+1 Bottle Gel+1 Brush) Women Body Glitter Gel 3D Holographic PET Ultra-Thin Sequins Mixed Color Mermaid Face Hair Lip Eye Long-Lasting Glitter Gel, Quick Dry Skin-Friendly, Non-Greasy, Easy To Clean, Multicolor Holographic Laser Iridescent Chameleon Mixed Color Sequins Makeup DIY Accessories, Suitable For Festival Carnival, Music Festival, Party, Family Salon, Gifts & Accessories",Beauty & Health
,10+ sold recently,2.2,4.0,1.0,,,"MAANGE 1pc Finger Foundation Make-Up Brush,  Liquid Makeup Brush, Super Soft, Professional Makeup Tool, Red Bar Silver Tube Suitable For Daily Facial Makeup",Beauty & Health
,500+ sold recently,1.1,8.0,1.0,,,1pc Nail Art Practice Stand,Beauty & Health
,1.7k+ sold recently,2.3,4.0,4.0,,,"Simplicity Travel Makeup Bag, 1Pc Multifunctional Cosmetic Organizer Handbag Bath Shower Wallet Pouch Portable Cosmetics Brush Storage Clutch With Zipper Closure For Lipstick, Brush, Skincare, Mobile Phone, Coin, Small Items, For Home, Travel, Vacation And School Use Storage Makeup Organizer Makeup Case",Beauty & Health
,300+ sold recently,1.55,26.0,1.0,,,1PCS Makeup Sponge For Face Make-Up+1PCS Hairband For Fixing Hair,Beauty & Health
,,14.4,8.0,1.0,#5 Best Sellers,in Nail Art Salon Sets,40PCS Acrylic Nail Powder Set 3 Colors Clear Pink White Acrylic Powder 30ML Acrylic Liquid 10PC Nail Cleanser Wipes Nail Decoration Powder Nail Design Kit (12pcs Nail Velvet Powder Color Random),Beauty & Health
,,2.49,17.0,14.0,#2 Best Sellers,in Lip Liner,"SHEGLAM So Lippy Lip Liner-But First,Coffee Creamy Matte Lip Liner Pencil High Pigment Not Easy to Fade Silky Smooth Matte Contour Tint Lip Makeup Black Friday Party Y2K Lip Liner",Beauty & Health
,10k+ sold recently,8.1,4.0,1.0,,,"1pc 55ml Miss Sweetheart Fragrance Perfume For Women, Long-Lasting And Elegant, Ideal For Birthday, Valentine's Day Gifts Or Expressing Love To Girlfriends Or Best Friends (4701)",Beauty & Health
,300+ sold recently,2.72,20.0,1.0,,,3pcs Minimalist Beard & Mustache Tool Set,Beauty & Health
,,7.99,58.0,1.0,#6 Best Sellers,in Makeup Sets,"4 Colors Lip Oil Lip Glaze,Fat Lip Oil Drip,Big Brush Head Hydrating Lip Glow Oil,Shiny Transparent Lip Gloss Plumping",Beauty & Health
,,1.3,7.0,1.0,#4 Best Sellers,in Beauty Essentials,"Soft And Gentle U-Shaped Makeup Pads, Suitable For Face And Nails - Great For Removing Makeup And Nail Polish",Beauty & Health
,,2.07,14.0,1.0,#2 Best Sellers,in Beauty Essentials,"30/50/60/100 Pcs Tissue Disposable Face Towel For Washing Soft Dry Wipes Facial Cloths Towelettes For Washing And Drying, Facial Tissue For Cleansing, Skincare And Makeup Remover",Beauty & Health
,1.1k+ sold recently,1.8,5.0,1.0,,,"2pcs 30ML Fine Mist Spray Bottle Plastic Travel Perfume Refill Bottle, Living Room Home Bedroom Bathroom House Decor, Travel Stuff, Wedding, Party, Birthday, Gifts For Men Mom Dad Friends, New Years, Accessaries, Funny Gift",Beauty & Health
,300+ sold recently,3.8,3.0,1.0,,,"1 Pc Curly Define Styling Brush,Straight Hollow Hairbrush Vent Hair Brush Comb,Wheat Straw Vent Hair Brush Comb,Square Detangling Hair Comb With Handle,Air Cushion Hair Comb For Wet & Dry Hair, Hair Care Styling, Unique Spiral Hair Comb,Anti-Static Hollow Out Design,Quick Hair Drying And Styling, Fluffy Hair High Cranial Top,Travel-Friendly,Girl Gift(Pink,Green,Grey)",Beauty & Health
,1.2k+ sold recently,1.3,7.0,1.0,,,24pcs Short Square Fake Nails Independence Day Glitter Simple Star Press On Nails Wearable False Nail For Women New Year Gift,Beauty & Health
,700+ sold recently,1.2,8.0,1.0,,,Black Friday 10pcs Bow-Knot Shaped Nail Art Decoration DIY Nail Charms Nail Gems Nail Supplies,Beauty & Health
,,3.1,3.0,1.0,#3 Best Sellers,in Primer,Makeup Base Transparent Gel Primer For Long-lasting Effect,Beauty & Health
,,1.7,6.0,1.0,#6 Best Sellers,in Nail Art Salon Sets,"10pcs Nail Art Glitter Rhinestone Stickers With Adhesive Gel, Compatible With Nail Polish",Beauty & Health
,90+ sold recently,1.55,43.0,5.0,,,1PC Silky Long Bonnet For Sleeping Solid Color Night Cap For Women Hair Care Tools For Sleeping  Overnight,Beauty & Health
,900+ sold recently,1.36,53.0,1.0,,,"1pc Stylish Clear Organizer With Dustproof Lid - Perfect For Chic, Clutter-Free Cosmetic Storage And Quick, Elegant Access On Any Desktop",Beauty & Health
,900+ sold recently,2.3,4.0,1.0,,,"SHEIN X Care Bears 5pcs/Set Cute Cartoon Bear Patterned Organza Hair Ties, Suitable For Daily Hairstyling",Beauty & Health
,5.8k+ sold recently,1.6,6.0,1.0,,,Upgrade Your Look With 24pcs Short Square Pink & White Double-Layered Flower French Design Shiny Full Coverage Artificial Nail Pieces - Romantic Spring And Wind-Themed False Nails Suitable For Spring And Summer Wearing Press On Nails Nail Supplies,Beauty & Health
,900+ sold recently,1.6,6.0,1.0,,,Quick-drying Strong Glue For Rhinestone & Nail Art With Long-lasting Effect,Beauty & Health
,,1.7,6.0,4.0,#2 Best Sellers,in Hand Creams,"Moisturizing And Nourishing Portable Hand Cream, Preventing Frostbite And Cracks, Non-Greasy",Beauty & Health
,1.6k+ sold recently,2.4,20.0,1.0,,,1pc Women Electric Eyelash Curler Charging Model Fast Heating Portable Shaping And Lasting Curling Eyelash Clip For Curling Lashes New Years Gift Travel Accessaries,Beauty & Health
,1.2k+ sold recently,1.8,5.0,1.0,,,Instantly Upgrade Your Look With 24pcs Long Square Aurora Mirror Effect Holographic Fake Nail & 1pc Nail File & 1sheet Tape Press On Nails Nail Supplies,Beauty & Health
,,1.7,6.0,1.0,#2 Best Sellers,in Serums & Facial Treatment,5ML/15ML/30ML/50ML/Collagen Face Serum Deep Repairing Moisturizing Anti Aging Hyaluronic Acid Facial Essence Reduce Wrinkles Face Care,Beauty & Health
,10+ sold recently,3.11,44.0,1.0,,,"Unscented Skin-Firming Cream: Hypoallergenic Turmeric & Peppermint Massage Gel For Youthful, Cellulite-Free Skin",Beauty & Health
,2.6k+ sold recently,1.5,6.0,1.0,,,"1pc Dual-Use Makeup Sponge Set (With Eggshell Storage), Latex-Free Refillable Cosmetic Applicator Suitable For Powder And Liquid Products, Soft And Gentle For Daily Makeup Blending, Portable And Washable, Ideal For Both Men And Women, Perfect For Daily Use And Travel",Beauty & Health
,1.7k+ sold recently,1.4,7.0,5.0,,,Black Friday 0.2g Holographic Chameleon Effect Rainbow Pink Ice Crystal Nail Art Powder DIY Nail Charms Nail Gems Nail Supplies,Beauty & Health
,,1.75,8.0,1.0,#8 Best Sellers,in Nail Glue & Adhesive,"20g Super Strong Nail Glue For False Nails, Soft Nail Tips Gel Quick Drying,Suitable For Nail Art Beginners Adhesive Gel",Beauty & Health
,3.0k+ sold recently,1.6,11.0,1.0,,,"1pc Rose Gold & Transparent Pink Handle Eyelash Curler, A Must-Have Practical Tool For Daily Use",Beauty & Health
,60+ sold recently,1.3,7.0,1.0,,,3pcs Summer Three-Color Spray Bottle Skin Care Water Alcohol Super Delicate Water Mist Moisturizing Spray Can Suitable For Travel Portable 30ml,Beauty & Health
,400+ sold recently,1.6,11.0,1.0,,,"2pcs Colorful Translucent Nail Art Dust Clean Brush, Manicure Tool Nail Handle Brushes with Poly Bristles",Beauty & Health
,,13.46,5.0,1.0,#2 Best Sellers,in Skin Care Sets,"1set 9-Pcs Anti-Drying Nourish Japan Sakura Skincare Set, (Lip Mask 8g & Mud Mask 5g*20pcs & Tone Up Cream 30g & Eye Cream 15g & Face Cleanser 50g & Facial Serum 17ml & Moisturizing Face Lotion 30g & Peel Off Mask 50g & Octopus Facial Brush & Hair Band) For Spring Gift For Women & Girl",Beauty & Health
,,1.4,0.0,1.0,#8 Best Sellers,in Eyeliners,Long-lasting Waterproof Eyeliner Pencil,Beauty & Health
,100+ sold recently,0.78,59.0,1.0,,,"1pc/2pcs Exfoliating Bathing Ball, Helps Remove Dead Skin",Beauty & Health
,700+ sold recently,1.5,6.0,1.0,,,"50pcs/Pack Multicolor Sunflower Shaped Nail Art Decorations With Transparent Cartoon Smile Resin Diy Nail Art, Hair Clip Decoration Nail Charms Nail Gems Nail Supplies",Beauty & Health
,4.9k+ sold recently,0.7,53.0,13.0,,,Elevate Your Style With 24pcs Long Almond Blue Line Love Flower Lattice Print Fake Nail & 1pc Nail File & 1sheet Tape Press On Nails Nail Supplies,Beauty & Health
,4.2k+ sold recently,3.75,25.0,4.0,,,SHEGLAM Brow-Fection Angled Brush & Dip-Taupe Hair-Like Strokes Liquid Eyebrow Gel Pen Easy To Color Long Lasting Quick Drying Natural Shaping Outlining Filling Eyebrow Makeup,Beauty & Health
,4.4k+ sold recently,1.2,8.0,5.0,,,5000pcs 3D Nail Caviar Beads For Nail Art Mini Nail Ball Beads Gold Nail Studs DIY Decorations Accessories Nail Charms Nail Gems Nail Supplies,Beauty & Health
,,3.7,5.0,1.0,#8 Best Sellers,in Facial Massage Tools,"3 In 1 Ice Face Roller Facial Skincare Ice Roller Set, Stainless Steel Facial Roller Gua Sha Face Tool Set, Skin Care Tool Beauty Set Face Massage Tool Roller Lifting Contouring Tool Ice Facial Roller Mold Cube, Reusable & Leakproof",Beauty & Health
,,1.7,6.0,1.0,#1 Best Sellers,in Eyelid Tools,"624pcs Double Eyelid Tape, Invisible Eyelid Tape Lifting Strips & 25ml Spray Bottle, Net Lace Eyelid Stickers, Water-Activated Eyelid Tool For Natural, Traceless, Strong & Long-Lasting Flesh-Coloured Double Eyelids. Comes With Tweezers And Forked Stick, Suitable For All Women.",Beauty & Health
,,1.7,6.0,7.0,#2 Best Sellers,in Gel Nail Polish,1Box 8ml White Line Painting Gel Nail Polish Graffiti Stripe French Design Semi Permanent Nail Polish Soak Off UV Varnish DIY,Beauty & Health
,,3.8,3.0,1.0,,,"1pc Curly Hair Defining Styling Comb With Airbag/Cornered Curling Styling Brush, Anti-Static Comb For Combing And Shaping Men & Women's Curly Hair, Massaging And Smoothing Hair, Suitable For Wet Hair",Beauty & Health
,,4.99,17.0,12.0,#4 Best Sellers,in Lip Plumper,SHEGLAM Pout-Perfect Shine Lip Plumper-Pink Flamingo Moisturizing Plumping Solid Lip Gloss Non-Stick Nourishing Lip Plumping Serum Coconut Oil Lipstick Lip Cosmetics Black Friday Sale Pink Lip Plumper,Beauty & Health
,200+ sold recently,4.66,24.0,1.0,,,"1pc Beauty Device For Neck, Face & Eye, Anti-Wrinkle & Massage, Essence Import & Skin Firming Effect, Suitable For Daily Use, Therapy-For-Face And Neck, Skin Care Tool Husehold Face Care Machine For Women",Beauty & Health
,1.1k+ sold recently,1.4,7.0,1.0,,,"1PC 5ml Clear Eyelash Glue, Waterproof Super Strong Hold False Eyelash Adhesive, Brush On Lash Glue For False Eyelashes, Quick Drying And Long Lasting Lash Glue",Beauty & Health
,,4.9,8.0,1.0,#6 Best Sellers,in Nail Art Equipments,"A USB Rechargeable Diamond-Patterned Handheld Nail Lamp With LCD Display, Easy To Use Anytime, Anywhere. The Lamp Is Designed In A Straight Line, Studded With White Hexagonal Diamonds, And Equipped With High-Efficiency LED Lamp Beads. It Has 8 Times Magnifying Lenses, Concentrated Light, Quick-Drying And High-Efficiency Nail Baking, Making Your Nail Art More Efficient.",Beauty & Health
,2.1k+ sold recently,4.7,4.0,1.0,,,"1pc Adult Minimalist Envelope Style Semi-Transparent PU Cosmetic Bag, Organizer, Gift Packaging (Products Not Included), Suitable For Daily Use, Festivals, Vacation, Business Trips, Parties",Beauty & Health
,300+ sold recently,1.2,8.0,1.0,,,1bag Northern Lights & Starry Sky Pattern Paper (No Adhesive) - 8 Designs Available DIY Nail Charms Nail Gems Nail Supplies,Beauty & Health
,400+ sold recently,2.3,8.0,1.0,,,10sheets Flower Print Nail Art Sticker & 1pc Nail File Nail Stickers DIY,Beauty & Health
,,7.7,4.0,1.0,#9 Best Sellers,in Styling Products,Styling Gel Olive Oil 9.06oz 268ml,Beauty & Health
,,1.0,0.0,1.0,,,1sheet Iris Pattern Nail Art Sticker,Beauty & Health
,9.2k+ sold recently,1.3,7.0,6.0,,,24pcs Short Coffin Shape Pink Gradual Change Jelly Pink Nail Kit Suitable For Women And Girls Press On Nails Nail Supplies,Beauty & Health
,400+ sold recently,1.1,8.0,1.0,,,1pc Half Face Lion Tiger Pattern Temporary Tattoo Sticker,Beauty & Health
,200+ sold recently,1.46,27.0,1.0,,,1pc Minimalist Bath Loofah,Beauty & Health
,,1.9,5.0,1.0,#2 Best Sellers,in Refillable Containers,"3pcs 60ML Empty Spray Bottle , Travel Essentials, Living Room Home Bedroom Bathroom House Decor, Travel Stuff, Wedding, Party, Birthday, Gifts For Men Mom Dad Friends, New Years, Accessaries, Funny Gift",Beauty & Health
,1.0k+ sold recently,15.6,8.0,1.0,,,8Ml Color Nail Polish Puller Glue 12 Pack Nail Art Gel Polish Semi-Permanent Polishing Nails Uv Manicure Tools For Nail Art Designs Abstract Lines Pen For Painting Draw Nail Art Equipment,Beauty & Health
,,1.9,5.0,1.0,#2 Best Sellers,in Refillable Containers,"3pcs 60ML Empty Spray Bottle , Travel Essentials, Living Room Home Bedroom Bathroom House Decor, Travel Stuff, Wedding, Party, Birthday, Gifts For Men Mom Dad Friends, New Years, Accessaries, Funny Gift",Beauty & Health
,1.0k+ sold recently,15.6,8.0,1.0,,,8Ml Color Nail Polish Puller Glue 12 Pack Nail Art Gel Polish Semi-Permanent Polishing Nails Uv Manicure Tools For Nail Art Designs Abstract Lines Pen For Painting Draw Nail Art Equipment,Beauty & Health
,10k+ sold recently,2.3,12.0,1.0,,,1PC Manicure Brush Storage Square Tray Tool Stainless Steel Nail Art Equipment Dish Decor Cosmetic Dental Tattoo Metal Storage Tray,Beauty & Health
,700+ sold recently,1.1,8.0,1.0,,,20/24/36pcs Concealer Stickers Pentagram Glitter Rhinestone Cover Stickers  Body Art Decoration,Beauty & Health
,10k+ sold recently,1.4,7.0,5.0,,,24pcs Short Square Press On Nails Cute White French Long Square Fake Nails No Fade Out Reusable Fake Nails For Women And Girls Nail Supplies,Beauty & Health
,300+ sold recently,8.22,61.0,1.0,,,Mannequin Head With Hairdresser Cosmetology Mannequin Manikin Training Practice Styling Doll Head(28Inch),Beauty & Health
,,1.5,6.0,4.0,#8 Best Sellers,in Press On Nails,"Upgrade Your Style With 24pcs Medium To Long Almond Shape Fashionable Shiny Glitter French Ombre Full Cover Manicure Set In Pink, Suitable For Parties, Dances, And Everyday Wear Press On Nails Nail Supplies",Beauty & Health
,,9.13,45.0,1.0,,,"1pc Pu Leather Princess Jewelry Box, Double Layer Wooden Jewelry Storage Organizer",Beauty & Health
,1.7k+ sold recently,1.69,16.0,12.0,,,"12 Grid Transparent Mermaid Bead Nail Art Accessories, Water Drop Bubble Beads In 6 Sizes 3D Pearl Design Decoration Nail Accessories DIY Nail Charms Nail Gems Nail Supplies",Beauty & Health
,400+ sold recently,4.6,2.0,1.0,,,Fifth Avenue Women Fragrance Student Budget-Friendly Natural & Long-Lasting Fresh Scent Eau De Parfum 30ml,Beauty & Health
,,9.8,0.0,1.0,#6 Best Sellers,in Electric Toothbrushes,1PC U-Shape Electric Toothbrush For 2-7 Years Old Smart 360 Degrees Toothbrushes Ultrasonic Teeth Whitening Clean Brush IPX7 Waterproof,Beauty & Health
,,4.5,4.0,5.0,#1 Best Sellers,in Eyelashes Set,"DIY Eyelash Extension Kit 200pcs Individual Lashes Cluster D Curl, 8-16mm Mix Lash Clusters With Lash Bond And Seal And Lash Applicator Tool For Self Application At Home (40D-0.07D-8-16MIX KIT)",Beauty & Health
,,0.75,42.0,1.0,#9 Best Sellers,in Rubbing & Bathing Tools,5pcs Random Color Bath Exfoliating Glove,Beauty & Health
,2.5k+ sold recently,1.4,7.0,1.0,,,"Shampoo Brush With Soft Silicone Bristles, 1pc, Shower Scalp Exfoliator Suitable For Dandruff, Dry And Wet Dual Use, Suitable For Men And Women, Household Use Hair Brush Comb",Beauty & Health
,,1.6,6.0,1.0,#1 Best Sellers,in Highlighter,"Matte Highlighter Pen, 1Pc Long Lasting Eye Shiny Makeup Star Diamond Streamer Liquid Eyeshadow Highlighter Wand",Beauty & Health
,,1.62,10.0,1.0,#3 Best Sellers,in Oral Tools,"1pc Stainless Steel Tongue Scraper, Reduce Bad Breath And Bacteria, Medical Grade Tongue Cleaner With Ergonomic Design, Oral Hygiene Tool For Fresh Breath, Suitable For Adults & Kids, Silver, Living Room Home Bedroom Bathroom House Decor, Travel Stuff, Wedding, Party, Birthday, Gifts For Men Mom Dad Friends, New Years, Accessaries, Funny Gift",Beauty & Health
,,2.2,8.0,8.0,#1 Best Sellers,in Nail Files & Buffers,50pcs/pack Two-sided Mini Nail Buffer Block Nail File For for Acrylic and Natural Nails,Beauty & Health
,1.6k+ sold recently,3.28,20.0,1.0,,,"Aesthetic Korean Style Bowknot Pattern Zipper Lipstick Bag Travel Makeup Bag, 1Pc Multifunctional Cosmetic Organizer Handbag Bath Shower Wallet Pouch Portable Cosmetics Brush Storage Clutch With Zipper Closure For Lipstick, Brush, Skincare, Mobile Phone, Coin, Small Items, For Home, Travel, Vacation And School Use,Makeup Bag Makeup Pouch Skincare Bag Toiletry Bag Packing Cubes,Travel Essentials Cruise Essentials Dorm Essentials,Wedding Bridesmaid Gifts,Mom Gifts,Birthday Gifts,Gifts For Friends And Teachers,Home Decor,Bathroom Livingroom Bedroom Decor,Bathroom Organizer,Jewelry Organizer,Lip Oil Organizer,Nail Polish Organizer Storage Makeup Organizer Makeup Case",Beauty & Health
,,1.5,12.0,12.0,#5 Best Sellers,in Makeup Puffs & Sponges,"10pcs Triangle Shaped Velvet Loose Powder Puff Designed For Contouring, Eye & Corner Areas, Beauty Blender Foundation Mixing Container, Suitable For All Skin Types. Black Friday",Beauty & Health
,4.2k+ sold recently,1.5,12.0,13.0,,,4pcs/set Multicolor Waterdrop Shape Makeup Sponge Black Friday,Beauty & Health
,4.9k+ sold recently,2.32,20.0,7.0,,,3pcs/set Nails Exfoliating Tool Stainless Steel Scissors With Cuticle Pusher And Remover,Beauty & Health
,,1.4,13.0,1.0,#1 Best Sellers,in Personal Care And Cleaning Best Quality,6pcs Stainless Steel Ear Pick,Beauty & Health
,2.9k+ sold recently,1.6,11.0,1.0,,,2pcs Nail Soak Bowl,Beauty & Health
,900+ sold recently,4.4,20.0,6.0,,,"8Pcs Professional Makeup Brush Set, Including Powder Brush, Blush Brush, Contour Brush, Eyeshadow Brush, Highlighter Brush, And Other Makeup Tools Black Friday",Beauty & Health
,,1.8,5.0,1.0,#1 Best Sellers,in Acne Treatment,"112pcs Acne Patch Pimple Cover Patch, Yellow Star Shaped Acne Absorbing Cover Patch, Hydrocolloid Acne Patches For Face Zit Patch Pimple Sticker Acne Dots Pimple Patches For Acne",Beauty & Health
,,1.9,5.0,1.0,#3 Best Sellers,in Lip Gloss,"Lip Glaze Lovely Bear Design Jelly-textured Lip Gloss With Mirror-like Shine And Water Drop Effect, Long-lasting, Smudge Resistant, Clear Film Forming, Rich Color",Beauty & Health
,,2.3,0.0,5.0,#3 Best Sellers,in Makeup,"Clear Lip Oil, Long Lasting Hydrating Lip Gloss Tinted Lip Balm Non-Sticky Revitalizing, Transparent Lip Care Oil For Dry Lip (Minty)",Beauty & Health
,,2.42,33.0,1.0,#10 Best Sellers,in Personal Makeup Mirrors,1pc Bride Tribe Gift Compact Mirror Bridesmaid Wedding Bachelorette Hen Party Gift Maid Of Honor Makeup Mirror,Beauty & Health
,,4.8,4.0,1.0,#4 Best Sellers,in Beauty Tools,80D Faux Mink Eyelashes 320 Cluster 0.07mm D Curled 9-16mm Mixed Natural Eyelash Extension 3D Russian Strip Personal Eyelash Makeup Tool,Beauty & Health
,,1.07,33.0,1.0,#9 Best Sellers,in Skin Care Tools,"1 Piece Bathroom Headband/2 Pieces Bathroom Wristbands/3 Piece Set, Facial Makeup Headband And Hand Washing Band Set",Beauty & Health
,,1.3,0.0,12.0,#4 Best Sellers,in Eyeliners,"Eyeliner Pen, 1pc Long-Wearing Waterproof Eye Makeup Product Y2K Makeup Beauty Cosmetics",Beauty & Health
,1.8k+ sold recently,1.4,13.0,1.0,,,"10pcs Triangle Pink Velvet Powder Puff Pizza Powder Mini Face Makeup Sponge Cosmetic Washable Lightweight Makeup Tools Suitable For All Skin Types, Makeup Beginners, Ideal For Wet And Dry Loose Powder Application",Beauty & Health
,,1.7,11.0,6.0,#5 Best Sellers,in Hair Cap,Satin Bonnet Silk Bonnet Hair Bonnet Jumbo Size for Sleeping Satin Bonnet Stretchy Tie Band for Wome,Beauty & Health
,,2.5,4.0,1.0,#1 Best Sellers,in Lip Care,"6pcs Lipstick Gift Set, 6 Kinds Of Fruit Flavor Lip Gloss, Base Lipstick, Colorless Lipstick, Party Supplies Gifts, Christmas Gifts For Men And Women, Souvenir Gifts, Long-Term Moisturizing And Nourishing Lip Mask To Prevent Lip Peeling",Beauty & Health
,2.3k+ sold recently,0.49,65.0,5.0,,,"Liquid Lipcolor,Waterproof Long-lasting Matte Lip Gloss 12",Beauty & Health
,,9.3,3.0,1.0,#1 Best Sellers,in Oral Care Appliances,"4 In 1 Electric Dental Water Flosser, Pink Oral Irrigator, 3 Modes USB Rechargeable Dental Floss With 4 Jet Tips, 220ml Water Tank, 7-Grade Waterproof, Portable For Home, Travel, Family Use, Suitable As Gift For Men And Women.",Beauty & Health
,,3.2,3.0,1.0,#1 Best Sellers,in Wigs & Accs,Wax Stick,Beauty & Health
,,17.2,3.0,1.0,,,"Automatic Hair Repair Split End Remover Trimmer For Dry, Splitting, Damaged And Brittle Split Ends. Suitable For Both Men And Women's Hair Styling Beauty Tool.",Beauty & Health
,,2.48,20.0,9.0,#9 Best Sellers,in Nail Art Tools,"Nail Drawing Pen Set,5 PCS Metal Handle Nail Art Pen Brush,Nail Design Brush,Painting Drawing Liner Nail Tools,For Home Use and Professional Nail Salon",Beauty & Health
,,1.3,7.0,1.0,#1 Best Sellers,in Eye Brushes,1pc Pink Steel Needle Eyelash Comb With Stainless Steel Close Teeth Portable Eyelash Curler Aid Cosmetic Tool,Beauty & Health
,,3.99,20.0,5.0,#6 Best Sellers,in Lip Gloss,SHEGLAM Jelly Wow Hydrating Lip Oil-Berry InvolvedÂ  Moisturizing Clear Lip Gloss Plumping Non-Sticky Lip Care High Shine Finish Nourishing Strawberry Extract Liquid Lip Cosmetics Black Friday Winter  Lip Gloss,Beauty & Health
,10k+ sold recently,1.7,6.0,1.0,,,2PCS Foot Pumice Stone Foot File Callus Dead Skin Remover Foot Heel Scrubber Smooth Feet In Seconds Pedicure Exfoliator Tool,Beauty & Health
,,1.5,0.0,1.0,#6 Best Sellers,in Skin Care Tools,"4pcs/Set Acne Removal Kit, Blackhead Remover Tool Set, Pimple Extractor, Blemish Treatment, Clean Pores, Needle/Hook",Beauty & Health
,,1.2,20.0,4.0,#5 Best Sellers,in Tool Accessories,1pc Clear Acrylic Makeup Mixing Palette For Foundation & Eyeshadow Creams,Beauty & Health
,,1.4,13.0,7.0,#4 Best Sellers,in Nail Art Brushes,"2pcs Pink Handle Grip Nail Brush, Hand Fingernail Cleaner Brush Manicure Tools Scrub Cleaning Brushes Kit, Use For Toe And Nail Cleaning Nail Brush For Cleaning Fingernails",Beauty & Health
,8.4k+ sold recently,2.6,7.0,1.0,,,"1pc Refillable Spray Bottle For Makeup Water/makeup Remover, High Pressure & Ultra-fine Mist Atomizer, 30ml",Beauty & Health
,,1.7,6.0,1.0,#7 Best Sellers,in Tool Accessories,240pcs Facial Blemish Cover Stickers (1pc Of Each Color),Beauty & Health
,20+ sold recently,15.9,0.0,1.0,,,"1pc Rotating Power Cord Hair Curler With Temperature Control, Various Hair Styles Available Cone-Shaped 25-13mm Curling Iron",Beauty & Health
,,1.7,6.0,1.0,#5 Best Sellers,in Body Care,Whitening Cream Whitening Bleaching Face Body Lightening Cream Underarm Armpit Whitening Cream Legs Knees,Beauty & Health
,,1.9,5.0,5.0,#6 Best Sellers,in Lipstick,1pc Heart-shaped Moisturizing & Glossy Jelly Lipstick Pen Y2K Makeup Lip Pen,Beauty & Health
,,1.86,7.0,1.0,#3 Best Sellers,in Eyeshadow Palettes,"Eyeshadow Palette, 1Pc 9-Color Makeup Eyeshadow Palette Matte & Shimmer Long-Lasting Eye Shadow",Beauty & Health
,10k+ sold recently,3.2,9.0,1.0,,,10 Pcs Sponge Cosmetic Puff Bulk Wholesale Beauty Egg Set Water Drop Puff Makeup Egg Super Soft Make Up blender,Beauty & Health
,,4.54,30.0,1.0,#3 Best Sellers,in Setting Spray,SHEGLAM Press Refresh Setting Spray Moisturizing Long Lasting Makeup Setting Spray Oil-Control Non-Greasy Makeup Setting Black Friday Winter Pink Brown Setting Spray,Beauty & Health
,3.1k+ sold recently,1.8,5.0,1.0,,,"2Pcs/1pc Natural Jade Roller And Scraping Board Facial Massager For Face, Eyes, Neck, And Body  Smooth Fine Lines And Wrinkles,Gua Sha Board ,Roller Jade Natural Jade With Slightly Different Colors",Beauty & Health
,,1.6,11.0,1.0,#2 Best Sellers,in Brows & Lash Tools,"Eyelash Curler,1Pc Fashion Silicone Love Eyelash Curler Eyelash Curling Makeup Tool With Comb Stainless Steel Modern Eye Lash Curler Eyelash Clip",Beauty & Health
,2.4k+ sold recently,0.74,61.0,1.0,,,"6pcs Large Eye Makeup Brushes Set With Plastic Handle, Double-sided Spiral Eyebrow Comb, Thin Eyeliner Brush Black Friday",Beauty & Health
,,1.9,5.0,4.0,#3 Best Sellers,in Eyeliners,"Rhinestone Glitter Eye Liners Eyeshadow, 1Pc Waterproof Silver Rose Gold Color Sequins Long-lasting Eyeliner Eye Shadow Y2K Makeup Beauty Cosmetics",Beauty & Health
,40+ sold recently,2.46,43.0,1.0,,,"1pc Electric Facial Cleansing Device, Mini Silicone Facial Cleansing Brush, Face Cleanser, Cleansing Instrument, Beauty Instrument, Blue, Purple, Pink",Beauty & Health
,,1.6,6.0,4.0,#5 Best Sellers,in Makeup,"Waterproof Liquid Eyebrow Pen, Long-lasting Smudge Proof Eye Brow Makeup Product",Beauty & Health
,,1.3,7.0,1.0,#1 Best Sellers,in Makeup Brushes,"3pcs/Set Makeup Brushes Including Angled Eyeliner Brush, Eyebrow Brush, Ultra-Thin Eyeshadow Brush",Beauty & Health
,,2.1,5.0,1.0,#5 Best Sellers,in Personal Care,"Teeth Whitening Strips For Teeth Sensitive, Whitening Strips Effective Teeth Whiting Strips Reduced Sensitivity White-Strips, Helps Remove Smoking/Coffee/Soda Stain",Beauty & Health
,,2.0,5.0,1.0,#2 Best Sellers,in Eye Make Up,"9-Color Eyeshadow Palette, Glitter Eye Shadow Powder Shimmer Eyeshadow Tray Shadow Palette",Beauty & Health
,,2.0,0.0,12.0,#4 Best Sellers,in Beauty & Health,"12pcs Safe Eyebrow, Facial, Body Hair Trimmer Shaver Razor With Cover For Women, Makeup Tool Set",Beauty & Health
,,1.2,8.0,1.0,#1 Best Sellers,in Lipstick,"Aloe Vera Color Changing Lipstick,Long Lasting Lip Care Nutritious Plumper Lip Balm Moisturizer Magic Temperature Color Change Lip Gloss Matte Makeup",Beauty & Health
,,2.7,4.0,1.0,#2 Best Sellers,in Setting Spray,Setting Spray Moisturizing Oil Control Moisturizing Setting spray,Beauty & Health
,,2.7,7.0,13.0,#2 Best Sellers,in Makeup Tools,"15pcs Makeup Sponge Set With Storage Jar, Including 3pcs Beauty Blender & 3pcs Mini Beauty Blender & 3pcs Powder Puff & 3pcs Mini Powder Puff & 3pcs Mini Finger Air Cushion Puff. Made Of Super Soft Velvet To Create Flawless, Cake-Free Looks With Liquids, Creams, And Powders. Multi-Color Sponge Set Is Latex-Free For All Skin Types. Comes With Air Cushion Puff, Latex-Free Mixed Sponge And Makeup Puff, Perfect For Liquid Foundation, Powder Foundation, Concealer. Designed For Contouring, Blending, And Precise Application Of Makeup.",Beauty & Health
,,3.3,6.0,1.0,#7 Best Sellers,in Lip Sets,"Matte Lip Gloss Set, 6Pcs Long-Lasting Wear Waterproof Liquid Lipstick Kit Lip Makeup Set",Beauty & Health
,,46.6,50.0,1.0,,,At-Home LPL Hair Removal For Women And En Permanent Laser Hair Removal 999900 Flashes With Lce Cooling Care Function 9 Energy Levels Hair Removal Handset For Face Bikini Line Armpit Leg Back,Beauty & Health
,10k+ sold recently,1.8,0.0,1.0,,,"Matte & Shimmer & Fine Glitter Eyeshadow Stick, Waterproof Long-Lasting Highlight Pen For Eye Makeup (With Built-In Sharpener At Bottom)",Beauty & Health
,,2.9,6.0,1.0,#8 Best Sellers,"in Nail,Hand & Foot Care","500PCS Lint Free Nail Wipes, Nail Polish Remover Pads Eyelash Extension Wipes, Soft Non-Woven Acetone Nail Polish Remover Pads Nail Wipes For Nail Prep And Gel Polish Remover, No Lint Nail Glue Wipes Eyelash Extensions Toallitas Para UÃ±as Sin Pelusa Nail Supplies, Pink, Travel Stuff, Gifts For Mom, Friends, Teacher, Birthday, Wedding, Desk, Shelves, Accessaries, Funny Gift, Style And Some Parts Are Sent Random",Beauty & Health
,,2.3,4.0,1.0,#2 Best Sellers,in Lip Gloss,1Pc Moisturizing Lip Oil Gloss Hydrating Lip Glow Oil  Lip Oil Tinted for Lip Care,Beauty & Health
,,1.8,5.0,1.0,#2 Best Sellers,in Lip Plumper,"Moisturizing Jelly Lip Gloss With Glass Finish, Water-like Texture, Helps To Reduce Fine Lines On Lips",Beauty & Health
,1.9k+ sold recently,4.4,4.0,1.0,,,"UV LED Nail Lamp Handheld U V Light For Nails, 1pc 3W Lamp Beads Nail Dryer Professional Nail Drying Lamp Gel X Lamp For Gel Nails Flash Cure Lamp For Gel Nails LED Nail Lamp Portable Mini Nail Dryer Gel Polish Nail Glue Gel USB Flashlight Home DIY Manicure Nail Art Tools Best Gift For Girls (Pink)",Beauty & Health
,,1.8,0.0,1.0,#3 Best Sellers,in Eyebrows,"Eyebrow Soap, 1pc Long-Wearing Portable Eyebrow Cream For Women",Beauty & Health
,900+ sold recently,1.57,13.0,1.0,,,"Black Stainless Steel Eyelash Comb, 1pc Portable Eyelash Separator Mascara Applicator Eyelash Definer With Comb Cover Arc Designed Cosmetic Brushes Tool Black, Eyebrow Brush, Eyebrow Comb Eyelash Extension Comb",Beauty & Health
,,1.0,9.0,1.0,#3 Best Sellers,in Body Cleaning Tools,"1pc/2pcs/8pcs Exfoliating Shower Gloves, Reversible Exfoliating Gloves, Exfoliating Shower Gloves, Body Scrub Gloves, Shower Gloves To Exfoliate Body Body Cleansing Tools",Beauty & Health
,10k+ sold recently,2.4,0.0,1.0,,,"BHATCYK 3-Day Teeth Powder, For Controlling Dental Plaque, Mint Flavor With Basic Cleaning - Eliminating Bad Breath",Beauty & Health
,100+ sold recently,3.12,20.0,4.0,,,"9 Colors Mirror Effect Solid Color Gradient Nail Powder Set With 6 Brush Pen For Non-Floating Powder Manicure Dopamine Powder Diy Suit, Ideal For Gifting To Girls And Women",Beauty & Health
,700+ sold recently,1.4,7.0,1.0,,,"1 Piece Of Root Comb Shaped Applicator With Scale, Durable Shampoo Bottle, Hair Tool Specialized For Home Salon Hairdressers",Beauty & Health
,,2.38,5.0,1.0,#6 Best Sellers,in Highlighter,"Highlighter Powder Stick, 1pc Long-Wearing Brightening Body Highlighter makeup",Beauty & Health
,800+ sold recently,2.97,38.0,1.0,,,"500ml Hair Spray Bottle Ultra Fine Continuous Water Mister For Hairstyling, Cleaning, Plants, Facial Moisture,Room,Home,Bedroom,Bathroom,House,Pink Room,Living Room Decor,Travel Stuff,Gift Bag,Gifts For Mom,Dad,Men,Friends,Teacher,Birthday,Wedding,Desk,Shelves,Accessaries,Gift Boxes,Funny Gift,Storage",Beauty & Health
,8.1k+ sold recently,8.1,4.0,4.0,,,"12 Pcs Hair Brush With Hair Styling Comb Set, Detangling Hair Brushes For Women Men Kids Curly Hair, HairBrush Set With Detangler Brush Teasing Hair Brush Rat Tail Comb Edge Brush,Silicone Scalp Massager Shampoo Brush For Shower,Curly Hair Brush With 200ml Spray Bottle(Pink)",Beauty & Health
,,2.6,4.0,1.0,#1 Best Sellers,in Serums & Facial Treatment,"Brightening Eye Serum, 1Pc Deep Moisturizing Eye Cream Eye Treatment Product",Beauty & Health
,,1.5,0.0,18.0,#4 Best Sellers,in Combs,"Shampoo Comb Scalp Massager, 1Pc 2-In-1 Dry/Wet Hair Scalp Massager Shampoo Brush Scalp Care Brush For Scalp Care, Suitable For Men, Women, And Children Black Friday Hair Brush",Beauty & Health
,10k+ sold recently,1.8,10.0,12.0,,,"12pcs All-Purpose Makeup Sponges Set Consisting Of 3 Triangular Powder Puffs, 3 Mini Air Cushion Powder Puffs, 3 Water Drop Shaped Beauty Blenders, And 3 Mini Beauty Blenders. Suitable For Liquid Foundation, Powder Foundation, And Concealer Cream. Suitable For All Skin Types. Black Friday",Beauty & Health
,3.4k+ sold recently,1.7,6.0,1.0,,,"2-Color Eyeshadow Stick, 1pc Long-Wearing Smudge Proof Eye Makeup Product",Beauty & Health
,,1.2,8.0,1.0,#1 Best Sellers,in Beauty Tools,"1pc Portable Adult Tongue Scraper For Oral Care, Helps Remove White Coating And Prevent Bad Breath, Clean Food Residue, Enjoy Fresh Breath, Suitable For Both Men And Women, Perfect New Year/Birthday/Holiday Gift For Your Loved One",Beauty & Health
,,1.6,11.0,1.0,#3 Best Sellers,in Makeup Bags,"1pc Portable Mini Transparent Zipper Storage Bag, Multifunctional Jewelry Organizer For Earphones, Charging Case, Keychain, Ring, Transparent Travel Accessory Pouch",Beauty & Health
,,1.5,6.0,1.0,#2 Best Sellers,in Cleansers,"10/20/50pcs Black And White Nose Pore Strips (Need To Be Moistened Before Use), Natural Charcoal Blackhead Remover Cleansing Strip, Large Size Nose Pore Strip For Men And Women",Beauty & Health
,,1.75,13.0,12.0,#5 Best Sellers,in Eyelashes Tools,50pcs Disposable Eyelash Brush Micro Crystal Lash Mascara Wand Makeup  Beauty Applicator,Beauty & Health
,,1.44,20.0,4.0,#1 Best Sellers,in Face Brushes,1Pc Foundation Brush Blush Brush Highlight Brush Cosmetic Brush Makeup Tools Black Friday,Beauty & Health
,,1.7,6.0,1.0,#6 Best Sellers,in Contour & Bronzer,"2-Color Double Headed Contouring Penn, Highlighter Concealer Stick, Natural Stereoscopic Facial Contouring Makeup Stick (02)",Beauty & Health
,7.1k+ sold recently,1.3,7.0,1.0,,,1pc Black Long-Wearing Waterproof Smudge-Proof Eyeliner Pencil,Beauty & Health
,,1.15,32.0,1.0,#8 Best Sellers,in Rubbing & Bathing Tools,"1pc Exfoliating Bath Sponge, Soft And Comfortable Shower Sponge For Gentle Skin Cleansing",Beauty & Health
,,1.6,0.0,10.0,#3 Best Sellers,in Brushes Accessories,"1pc Silicone Brush Cleaning Pad, Flower Shaped, Makeup Brush Cleaner, Pink",Beauty & Health
,,2.7,7.0,6.0,#4 Best Sellers,in Makeup Tools,"6 In 1 Lash Curler Set Eyelash Curler Eyebrow Brush Kit For Women With Lash Curler, Eyelash Comb Seperator, Mascara Brushes, Angled Eyebrow Brush And Comb, 10 Silicone Refills Pads For Lash & Brow",Beauty & Health
,40+ sold recently,6.16,45.0,1.0,,,"Eau De Perfume For Women Spray Floral Woody Scent Men Perfume Fragrance Notes Of Lavender, Iris 100ml",Beauty & Health
,,2.4,4.0,8.0,#7 Best Sellers,in Facial Massage Tools,"2pcs Resin Massage Roller Set, Double Jade Roller & Gua Sha Board, Eye & Face Massage Tool, Double-Headed Massage Stick, Facial Massage Tool",Beauty & Health
,,2.88,10.0,5.0,#3 Best Sellers,in Wig Caps & Tools,Hair Wax Stick For Flyaways Hair Wax Stick For Women Wax Stick For Slick Hair Wax Stick Hair Pomade Stick For Women Hair Smoothing Stick Hair Slick Back Stick Hair Wax Stick For Hair,Beauty & Health
,,1.8,5.0,4.0,#3 Best Sellers,in Skin Care Tools,"1 In 1 Face Cleansing Brush, 1pc Manual Handheld Facial Cleansing Scrubber Gentle Exfoliating Brush With Ultra Fine Soft Bristles, Pore Deep Cleansing Silicone Double Side Face Wash Scrub Brush For Massaging, Skincare Makeup Removal,Skincare,Room Decor,Home Decor,Bedroom Decor,Bathroom,Christmas Gifts,Bathroom Decor,Travel,Travel Stuff,Wedding,Christmas Party,Mom Gifts,Home,Room,House Decor,Christmas Gift,Gifts For Mom,Birthday,Pink Room Decor,Living Room Decor,Bedroom,Gifts For Men,Dad Gifts,Mushroom,New Years,Mom,Accessaries,Gifts For Dad,Friends,Funny Gift",Beauty & Health
,,1.9,0.0,1.0,#4 Best Sellers,in Lip Gloss,"Moisturizing & Glossy Lip Oil. Lightens Lip Wrinkles And Gives The Mirror-like Dewy Lips. Suitable For Daily Lip Makeup. Prevents Dryness, Adds Brightness Without Greasiness. Strawberry Color.",Beauty & Health
,,0.81,60.0,1.0,#10 Best Sellers,in Face Brushes,1pc Double-Ended Foundation Makeup Brushes Perfect For Applying Liquid Powder And Concealer Multifunctional Face Contour Highlight Powder Brush,Beauty & Health
,2.2k+ sold recently,1.6,11.0,1.0,,,Dip Powder Recycling Tray System with Scoops Double Layer Acrylic Powder Holder Nail Glitter Powder Recycling Box Dip System,Beauty & Health
,,1.8,5.0,1.0,#3 Best Sellers,in Skin Care,"Acne Patch Pimple Cover Patch, Pink Star & Heart Shaped Acne Absorbing Cover Patch, Hydrocolloid Acne Patches For Face Zit Patch Pimple Sticker Acne Dots Pimple Patches For Acne",Beauty & Health
,400+ sold recently,3.2,3.0,1.0,,,Portable Salon Quick Dry USB Nail Dryer Machine UV LED Nail Light For Curing All Nail Gel Rechargeable Nail Art Tools Home Use,Beauty & Health
,,2.16,10.0,1.0,#10 Best Sellers,in Waxing,"30PCS Lip, Face, And Eyebrow Bikini Thread Hair Removal Wax Paper, Pure Natural Honey Wax, Supplied With Vitamin E Sedative Care Wipes",Beauty & Health
,300+ sold recently,2.3,8.0,5.0,,,"Gel Nail Polish 1Pcs10ml,Y2K Japanese French Style  Ice-Through Nude Gel Polish, Universal Base Color,Summer Nails,  Basic Nail Polish Gel, Suitable For Travel, Gift For Women And Girls, Home DIY Nail Salon",Beauty & Health
,5.2k+ sold recently,1.9,5.0,1.0,,,"Liquid Lipcolor,Moisturizing Lip Gloss, Non-stick Cup Mirror Nourishing Lip Oil For Daily makeup",Beauty & Health
,2.8k+ sold recently,1.7,0.0,1.0,,,1pcEdge Melt Band With Ear Protector For Lace Wigs Elastic BandWith Logo Personalized For Laying Lace Edge Hair Band,Beauty & Health
,,1.6,0.0,1.0,#7 Best Sellers,in Hair Accessories,"1pc Colorful Flower Hair Clip, Plastic Fairy Elegant Hair Accessory, Ideal Gift Choice",Beauty & Health
,10k+ sold recently,1.4,7.0,5.0,,,"Multifunctional Makeup Eyeliner Stencil, 1pc Silicone Reusable Waterproof Tool For Liner Makeup Brush Pen Stamp Thin Sharpener Cat Eyes Smoky Eye Small Angled Wing Tip, Aid Eyeliner Molds Guide Template For Quick And Easy Makeup, Real Beginners Techniques Eye Shadow Lines Gel Eyebrow Pomade Black",Beauty & Health
,10k+ sold recently,1.5,6.0,5.0,,,"Portable Eyelash Curler With Silicone Pad, 1pc Black Stainless Steel Eyelash Curler With Comb, No Harm To Eyelashes, Used For Curling And Shaping, Lifting Up Eyelashes, Making Eyes Look Bigger, Perfect For Women's Eyelashes",Beauty & Health
,,1.4,7.0,6.0,#2 Best Sellers,in Brushes Accessories,"1pc Silicone Foldable Makeup Brush Cleaner, Beauty Tool, Powder Puff, Beauty Egg Cleaning Bowl, Purple Or Pink",Beauty & Health
,2.1k+ sold recently,5.5,4.0,1.0,,,"1pc Mini Desktop Storage Box With 3 Compartments, Jewelry Lipstick Drawer Cosmetics Organizer, Simple 3 Layers Drawer Storage Box, Tabletop Storage Box",Beauty & Health
,,1.2,8.0,1.0,#10 Best Sellers,in Braiders & Rollers,1pc Elastic Hair Band Cutters Disposable Rubber Band Remover Hair Ties Removing Tool Styling Accessories Prevent Hair Pulling Scalp Damage (purple) Black Friday,Beauty & Health
,,1.5,0.0,1.0,#2 Best Sellers,in Skin Care Tools,"1 Face Washing Headband/2 Face Washing Wrist Straps/3 Set Of Hydrotherapy Headbands, Makeup Headbands, Face Washing Headbands, Skincare Headbands, Pink Velvet Fluffy Sponge Headbands, Bows, Bubbles, Hydrotherapy Headbands, Wristbands, Set Of Women's And Girls' Hair Accessories",Beauty & Health
,,29.7,0.0,1.0,,,"1pc Oral B Rechargeable Electric Toothbrush, D12 Clean Type, Daily Oral Cleaning, Round Brush Head, Romantic Couples Birthday Gift For Men And Women",Beauty & Health
,3.9k+ sold recently,2.2,4.0,1.0,,,"Eye Makeup Palette, 9-Color Eyeshadow Palette Semi-Matte & Shimmery Finish Eyeshadow Tray Blushed Nudes",Beauty & Health
,,1.88,10.0,6.0,#2 Best Sellers,in Tool Accessories,"3pcs Silicone Empty Bottle Scraper, Foundation Spatula, Shower Gel Scraper",Beauty & Health
,,7.6,4.0,1.0,#3 Best Sellers,in Makeup Bag & Storage,"Large Capacity Cosmetic Storage Box, 1pc Makeup Organizer With Drawers,Countertop Organizer For Cosmetics, Vanity Holder For Lipstick, Brushes, Lotions, Eyeshadow, Nail Polish And Jewelry, Desk Organizer For Dresser, Bathroom, Vanity,Room,Home,Bedroom,Bathroom,House,Pink Room,Living Room Decor,Travel Stuff,Gift Bag,Gifts For Mom,Dad,Men,Friends,Teacher,Birthday,Wedding,Desk,Shelves,Accessories,Gift Boxes,Funny Gift,Storage",Beauty & Health
,,2.7,4.0,1.0,#2 Best Sellers,in Eyeshadow Palettes,"9-Color Eyeshadow Palette, Semi-Matte & Shimmery Finish Eyeshadow Tray Shimmer Long-Lasting Eye Shadow",Beauty & Health
,,0.63,71.0,1.0,#9 Best Sellers,in Facial Cleansing Appliances,"Facial Cleansing Brush, Dual-sided Silicone Pore Cleanser, Manual Foam Maker Soft Bristle Face Scrubber For Massage",Beauty & Health
,300+ sold recently,12.1,4.0,1.0,,,"100pcs Compressed Facial Sponge, Reusable Cosmetic Sea Sponge, Natural Sponge Pad For Exfoliating, Cleansing, Makeup Removal With Storage Container",Beauty & Health
,,1.81,14.0,1.0,#1 Best Sellers,in Tool Accessories,100pcs Round Pads For Makeup Removal,Beauty & Health
,600+ sold recently,1.3,0.0,1.0,,,"1pc False Eyelashes Applicator Tool For Wear Eyelashes, Eyelashes Extension Apply Clip, Lashes Buddy Makeup Tools More Convenient To Wear Lashes",Beauty & Health
,,1.4,30.0,1.0,#1 Best Sellers,in Waxing,20 Sets Of Professional Waxing Strips Summer Hair Removal Double-Sided Cold Waxing Paper Suitable For Legs Body Face Useful,Beauty & Health
,100+ sold recently,0.45,68.0,1.0,,,Upgrade Your Look With 24pcs Medium Square French Blush Fake Nail & 1pc Nail File & 1sheet Tape French Tip Press On Nails Nail Supplies,Beauty & Health
,,2.09,5.0,5.0,#5 Best Sellers,in Hair Tools,Soft & Durable Microfiber Shower Cap & Towel - Quick Drying Hair Cap For Women,Beauty & Health
,10k+ sold recently,1.3,7.0,1.0,,,Pink Eyebrow Scissors With Comb,Beauty & Health
,,2.8,3.0,1.0,#4 Best Sellers,in Lip Care,10pcs Pink Crystal Lip Mask Patch For Plump & Hydrated Lips,Beauty & Health
,4.7k+ sold recently,1.6,6.0,1.0,,,"5 In 1 Facial Care Towel Set, Hot Cold Compress, Cleaning, Moisturizing, Steaming",Beauty & Health
,,2.1,5.0,1.0,#1 Best Sellers,in Eye Patch,1pc 3D Sleep Mask Natural Sleeping Eye Mask Eyeshade Cover Shade Eye Patch Women Men Soft Portable Blindfold Travel Eyepatch,Beauty & Health
,,1.09,9.0,1.0,#6 Best Sellers,in Eye Make Up,Suake Cool Black Eyeliner Pencil,Beauty & Health
,,3.3,6.0,5.0,#8 Best Sellers,in Hair Cap,"Silk Satin Bonnet, Hair Wrap Adjustable Sleep Cap Satin Bonnet Silk Bonnet for Sleeping Silk Sleep Cap Double Layer Hair Bonnet with Elastic Tie Band for Curly Hair Night Cap Black Friday",Beauty & Health
,5.7k+ sold recently,2.4,4.0,9.0,,,"1pc Double-ended Foundation Brush & Contour Brush Multipurpose Makeup Tool, Black",Beauty & Health
,,1.47,2.0,1.0,#2 Best Sellers,in Personal Care and Cleaning Tools,1pc Professional Ingrown Toe Nail Correction Tool Pedicure Tool Foot Nail Hook Ingrown Toenail Correction Tool Pedicure Toenail Fixer Foot Nail Care,Beauty & Health
,300+ sold recently,6.24,20.0,1.0,,,"50pcs Disposable Nail Art Table Towels 13""X18"" - 3 Ply Waterproof Dental Bibs For Patients - Dentist Or Medical Tray Cover And Nail Table Cover Supplies",Beauty & Health
,3.5k+ sold recently,1.3,0.0,1.0,,,1pc Foot File Callus Remover Pedicure Tool For Gently Removing Dead Skin And Calluses From Feet And Heels,Beauty & Health
,10k+ sold recently,1.5,12.0,14.0,,,8pcs Girls Hairdressing Bangs Traceless Hair Clip Makeup Clip Side Hair Clip,Beauty & Health
,,2.8,7.0,1.0,#1 Best Sellers,in Nail Art Accessories,"Manicure Nail Clippers Pedicure Set - Stainless Steel Manicure, Professional Grooming Kit, Nail Care Tools With Luxurious Travel Case",Beauty & Health
,,0.61,62.0,1.0,#5 Best Sellers,in Eye Brushes,25 PCS Disposable Eyelash Brush Mascara Wand Spoolies For Eye Lash Extension Eyebrow Make Up Pink Applicator Tool Accessories Black Friday,Beauty & Health
,7.8k+ sold recently,4.66,7.0,1.0,,,"CIRI Electric Nail Polish Drill Machine Set With Nail Drill Bits & Sanding Rings, Portable Electric Manicure Art Pen Electric Nail Grinder, Nail Efile Nail Drill Pen Manicure Machine Kit, Professional Nail Art Polish, For Shaping Buffing Filing And Milling Cutter, Cuticle Dead Skin Callus Remover & Gel Exfoliator Machine Set, Toenail Grinder Nail Polishing Equipment Nails Appliance Manicure Pedicure Kit Accessory DIY Nail Art Tool For Ceramic Acrylic Gel Nail, Salon & Home Use & Best New Year Gift For Girls",Beauty & Health
,3.4k+ sold recently,1.8,5.0,1.0,,,"Pedicure Knife Callus Remover Tool, Silver Professional Heel Scrubber Dead Skin Remover Pedicure Foot Care Tools for Men Women",Beauty & Health
,,2.4,0.0,1.0,#2 Best Sellers,in Rubbing & Bathing Tools,"1pc Blue Silicone Pet Bath Brush With Soft Bristles And Massage Design, Paw Shaped Gentle Pet Brush For Dogs And Cats- Massage And Cleanse With Built-in Shampoo Dispenser",Beauty & Health
,5.3k+ sold recently,1.7,6.0,1.0,,,"5pcs Pink Heart Shape Compressed Facial Cleaning Pad, Made Of Wood Pulp Fiber, Soft And Comfortable When Wet, Suitable For Lady Facial Cleaning, Perfect For Valentine'S Day Gift,Skincare,Room Decor,Home Decor,Bedroom Decor,Bathroom,Christmas Gifts,Bathroom Decor,Travel,Travel Stuff,Wedding,Christmas Party,Mom Gifts,Home,Room,House Decor,Christmas Gift,Gifts For Mom,Birthday,Pink Room Decor,Living Room Decor,Bedroom,Gifts For Men,Dad Gifts,Mushroom,New Years,Mom,Accessaries,Gifts For Dad,Friends,Funny Gift",Beauty & Health
,,1.8,5.0,1.0,#5 Best Sellers,in Eye Make Up,Double-headed Waterproof Triangular Stamp Eyeliner Pen,Beauty & Health
,40+ sold recently,0.35,73.0,1.0,,,24pcs Y2K Aesthetic Black Ombre Long Coffin Star Pattern Full Cover Fake Nail Kit For Women Press On Nails Nail Supplies,Beauty & Health
,2.2k+ sold recently,2.75,45.0,1.0,,,"4 Pieces Set  Watering Can Hair Styling Comb Set Tease Hairbrush Rat Tail Comb Edge Brush for Edge & Back Brush, Combing, Smoothing Hair (Black)/(Pink)/(Purple)",Beauty & Health
,,9.9,3.0,1.0,#3 Best Sellers,in Makeup Organizers,"1pc 3-Tier Clear Acrylic Desktop Dessert Display Shelf, Display Storage Racks For Ornaments, Nail Polish, Perfume, Scented Candles, Air Fresheners, Household Storage Organizer For Desktop, Office, Vanity, Bedroom, Bathroom, Home, Dorm, Room Decorate, Some Parts Are Sent Random,Room,Home,Bedroom,Bathroom,House,Pink Room,Living Room Decor,Travel Stuff,Gift Bag,Gifts For Mom,Dad,Men,Friends,Teacher,Birthday,Wedding,Desk,Shelves,Accessaries,Gift Boxes,Funny Gift,Storage",Beauty & Health
,3.6k+ sold recently,1.1,8.0,6.0,,,"Metallic Halfmoon Nail Sticker, 1sheet Golden Line Gold Thorns Curve Stripe Line Decals Nail Art Decoration Nail Stickers DIY",Beauty & Health
,9.4k+ sold recently,2.4,20.0,5.0,,,"4pcs/set Professional Stainless Steel Tweezers Set With Precision Tips, Ideal For Removing Facial Hair, Ingrown Hair, Splinters, Blackheads, And Ticks (pink)",Beauty & Health
,10k+ sold recently,1.6,20.0,4.0,,,"1 Pc Compact Portable Mini Daisy Candy Air Cushion Comb,Detangling Hair Brush With Handle,Styling&Hairdressing Tool,Hair Care,Girl Gift(Pink)",Beauty & Health
,1.2k+ sold recently,4.8,4.0,1.0,,,16pcs Blue Wave Shape Elagant Solid Padded Headband Wrist Band Plush Scrunchie  Flower Hair Clip Pink,Beauty & Health
,1.9k+ sold recently,0.95,66.0,1.0,,,"1 Pc Professional Vented Hollow Out Hair Comb With Handle, Suitable For Both Wet And Dry Hair, Paddle Curved Hair Brush For Blow Drying&Styling, Ideal Gift For Women'S Hair Care,Detangling Hair Brush(Green)",Beauty & Health
,300+ sold recently,0.4,76.0,1.0,,,"1pc Scalp Massager,Scalp Brush, Scalp Massage Brush Comb Shampoo Hair Washing Comb Shower Brush Bath Spa Slimming Massage Brush Shampoo Brush Silicone Hair Scalp Massager Shampoo Brush, Scalp Scrubber With Ultra-Soft Bristles, Integrated Design Scalp Exfoliator For Deep Cleanse, Dandruff Removal And Hair Growth",Beauty & Health
,,2.42,10.0,1.0,#8 Best Sellers,in Hair Tools,"1pc Hair Spray Bottle, 200ML/300ML/500ML Fine Mist Continuous Refillable Bottle, With Replaceable Cosmetic Moisturizing High-Pressure Spray Pressing Delayed Refill Bottle",Beauty & Health
,100+ sold recently,1.35,25.0,1.0,,,Strong Adhesive Rhinestone Glue For Gel Nail Polish - Wipe-Off Resin Gem Jewelry Clear Decoration - Diamond Polish Gel Nail Polish,Beauty & Health
,2.4k+ sold recently,1.6,6.0,11.0,,,"1pc Scalp Massager Shampoo Brush, Bath Comb,1pc Soft Silicone Comb Teeth For Scalp Care,Shower Hair Scalp Scrubber Exfoliator For Dandruff Removal, Head Massage, Wet & Dry For Men,Women Kids,With Handle And Easy To Hold, Two Tone Massage Hair Washing Brush, Hair Brush/Hair Comb Black Friday",Beauty & Health
,6.2k+ sold recently,2.0,5.0,1.0,,,"1pc Scalp Applicator, Roller Ball Essential Oil Applicator, Massage Comb, Hair Treatment Liquid And Soothing Oil Applicator Hair Brush",Beauty & Health
,800+ sold recently,3.2,14.0,4.0,,,"20Pcs Clear Jewelry Box, Mini Clear Jewelry Storage Box Multifunctional Portable Organizing Box,Mini Clear Plastic Storage Box, Jewelry Storage Case, Transparent Storage Organizer, Multifunctional Portable Storage Containers With Lid For Small Items, Crafts, Jewelry, Hardware Jewelry Holder Jewelry Organizer Jewelry Storage Bag Jewelry Accessory For Rings Earrings Necklace Bracelet     Nails Travel Essentials Travel Accessories Bracelet",Beauty & Health
,2.2k+ sold recently,2.6,10.0,6.0,,,1pc Beige Base Makeup Organizer Bag With Alphabet Print Cosmetic Bag Wash Bag For Makeup Tools Gift For Niece Portable Handheld Toiletry Bag Best Friend Birthday Gift For Her Fashionable Simple Style Friendship Gifts For Women Personalized Gifts For HerStorage BagMakeup BagMake Up Organizerfor Makeup Toolsfor TravelGift For Mom Gift,Beauty & Health
,,1.5,6.0,1.0,#4 Best Sellers,in Hair Treatment,"Hair Growth Black Castor Oil, Nourishing Essential Oil For Hair & Eyebrow Growth",Beauty & Health
,1.1k+ sold recently,1.3,7.0,1.0,,,10pcs White Plastic Triangle Bead Sorting Trays Nail Art Tray Jewelry Picking Plates For Diamond Jewelry,Beauty & Health
,,1.4,7.0,1.0,#5 Best Sellers,in Nail Art Accessories,"5pcs/Set Professional Double Sided 100/180 Grit Manicure Pedicure Nail File With Nail Buffer Block, Black",Beauty & Health
,5.1k+ sold recently,2.0,20.0,4.0,,,"Checkered Pattern Makeup Bag, 1Pc Exquisite Solid Color Minimalist Minimalist Solid Color Plush Cosmetic Bag Style Hairy Zipper Toiletries Storage Bag Black Friday,Makeup Bag Makeup Pouch Skincare Bag Toiletry Bag Packing Cubes,Travel Essentials Cruise Essentials Dorm Essentials,Wedding Bridesmaid Gifts,Mom Gifts,Birthday Gifts,Gifts For Friends And Teachers,Home Decor,Bathroom Livingroom Bedroom Decor,Bathroom Organizer,Jewelry Organizer,Lip Oil Organizer,Nail Polish Organizer Storage Makeup Organizer Makeup Case",Beauty & Health
,10k+ sold recently,2.2,4.0,1.0,,,"Makeup Eyeshadow Palette, 9-Color Eye Shadow Glitter Nude Shimmer Pigmented Matte Eyeshadow Palette",Beauty & Health
,300+ sold recently,1.02,27.0,11.0,,,Silver Glitter Gel Nail Polish Sparkling Sequins Gel Semi-Permanent Varnishes Soak Off Nail Art UV Gel Polish,Beauty & Health
,1.7k+ sold recently,2.1,5.0,10.0,,,"300pcs/pack Purple Magic Nail Polish Remover Pads With Bark Pattern, Non-shedding Nail Cleansing Wipes For Nail Gel And Eyelash Extension, Without Acetone",Beauty & Health
,,2.9,9.0,1.0,#5 Best Sellers,in Foot Care,"LANEMEY 1PC Low Allergy Cracked Peach/Honey/Strawberry Scent Heel Stick Balm- Suitable For Hands, Foot, Body Heel Skin Daily Care All Kinds Of Skins 1.4 OZ",Beauty & Health
,,2.4,4.0,1.0,#4 Best Sellers,in Facial Massage Tools,"1pc Facial Beauty Massage Tool Set, With Roller Massager And Scraping Plate, For Body And Back, Pink/White Optional",Beauty & Health
,,2.1,5.0,4.0,#10 Best Sellers,in Styling Tools,"6pcs/pack Women's Hair Clips - Wide Teeth And Double Hinged Design - Crocodile Shaped Sectioning Clips Professional Hair Salon Clips, Non-slip Hair Clips Crocodile Clip, Salon Sectioning Hair Clips, Women's Thick Hair, Styling Clips, Plastic Hair Clips, Alligator Clips, Used For Styling, Sectioning Hair, Haircutting, Daily Wear, Etc. Black Friday",Beauty & Health
,,2.5,4.0,9.0,#1 Best Sellers,in Hair Tools,"2pcs, 1 Piece Toothed dry Cleaning Bottle Shampoo Bottle Hair Dye Perm Hair Salon Squeeze Bottle Scale Bottle Perm Bottle Hairdressing Supplies, and 1 Piece Shampoo Comb Scalp Massager, 2-In-1 Dry/Wet Hair Scalp Massager Shampoo Brush Scalp Care Brush For Scalp Care, Suitable For Men, Women, And Children Black Friday",Beauty & Health
,,1.4,7.0,1.0,#8 Best Sellers,in Face Brushes,"2pcs Half Fan-shaped Nose Shadow Brush, Portable Soft Angled Brush For Nose Contouring And Blush, Professional Makeup Tool",Beauty & Health
,,2.1,5.0,1.0,#8 Best Sellers,in Makeup Organizers,"1pc Portable Makeup Brush Organizer, Toothbrush Case, Pen Holder, Cup Set With Lid For Travel, Multifunctional,Room,Home,Bedroom,Bathroom,House,Pink Room,Living Room Decor,Travel Stuff,Gift Bag,Gifts For Mom,Dad,Men,Friends,Teacher,Birthday,Wedding,Desk,Shelves,Accessaries,Gift Boxes,Funny Gift,Storage",Beauty & Health
,6.8k+ sold recently,1.33,26.0,5.0,,,1pc Scalp Massager Shampoo Brush,Beauty & Health
,200+ sold recently,7.7,11.0,1.0,,,"Fashionable Minimalistic Color-Blocking Snack/Makeup Pouch, With Letter Print,Zipper Toiletry Storage Bag ,Makeup Accessories Organizer, PVC Waterproof Portable Bag, Zipper Toiletry Storage Bag Makeup Accessories Organizer,Transparent Ladies Toiletry Bag, Necessary For Trip, Birthday Gift",Beauty & Health
,300+ sold recently,5.28,20.0,6.0,,,"Nail Dehydrating Agent And Nail Pre-Treatment Agent, Gel Nail Pre-Treatment Agent (Containing Natural Dehydrating Agent And Acid-Free Nail Pre-Treatment Agent), Nail Remover Gel Nail Degreaser",Beauty & Health
,2.8k+ sold recently,1.3,0.0,1.0,,,"1pc Purple Eye Makeup Shield, Multifunctional Cosmetic Tool For Novices, Can Be Used For Mascara Application, Eyeliner, Eye Shadow And Prevent Smudging",Beauty & Health
,5.7k+ sold recently,2.0,0.0,9.0,,,"1 Pack Spa Headband For Washing Face Or Facial, Skincare Headbands, Makeup Hairband Sponge, Terry Cloth Headbands, Face Wash Headband, Puffy Hairband For Sports Or Yoga, Fashion Accessories For Women And Girls, Great Gifts, Pink",Beauty & Health
,,1.5,6.0,6.0,#1 Best Sellers,"in Hand, Foot & Nail Tools",Heel Moisturizing Sleeves 1 Pair Heel Skin Moisturizing Cover Exfoliating Soften Heel Cover Heel Support For Women Men,Beauty & Health
,,1.2,8.0,1.0,#3 Best Sellers,in Face Brushes,"1pc Concealer Brush With Soft Bristle, Flat Square & Beveled End, No Powder Absorption, Brush Strokes-free, Perfect For Makeup Beginners",Beauty & Health
,6.1k+ sold recently,1.9,5.0,4.0,,,"Professional Makeup Blush Stick, Long-wearing Highly Pigmented Cream Blush",Beauty & Health
,,1.2,8.0,7.0,#4 Best Sellers,in Tool Accessories,"1pc Dual Hole Pencil Sharpener For Eyeliner, Eyebrow Pencil And Cosmetic Pencils, Mini Portable Multifunctional Pencil Sharpener",Beauty & Health
,,1.2,8.0,8.0,#6 Best Sellers,in Eyelashes Tools,"1pc False Eyelash Applicator Tweezer With Comb For Convenient Application Of Fake Eyelashes, Glue, And Using As Hair Clip, Beauty Tool In Pink",Beauty & Health
,8.1k+ sold recently,2.1,9.0,1.0,,,Soft Nail Art Cushion Hand Rest Pillow Half Column Nail Art Design Manicure Table Mat Arm Wrist Hand Rest Sponge Armrest Salon Hand Pillow Holder Pink,Beauty & Health
,,1.56,29.0,4.0,#3 Best Sellers,in Tool Accessories,1pc High-End Black Four-Hole Eyeliner Eyebrow Pen Makeup Pen Sharpener With Convenient And Multi-Functional Rolling Tool Design,Beauty & Health
,1.0k+ sold recently,1.7,48.0,1.0,,,Portable Lithium Battery Hair Clipper Electric Clipper T9 Hair Clipper Engraving Oil Head Shaver Bald Head Household Electric Clipper Haircut Machine,Beauty & Health
,,2.8,7.0,1.0,#2 Best Sellers,in Mascaras,1pc Volumizing & Smudge Proof Mascara,Beauty & Health
,1.4k+ sold recently,2.2,19.0,1.0,,,1pc Hair Clip & Jewelry Storage Box With Multiple Compartments,Beauty & Health
,,3.7,12.0,27.0,#9 Best Sellers,in Bags & Luggage,1PC Mini Jewelry Organizer Display Travel Jewelry Zipper Case Boxes Earrings Necklace Ring Portable Jewelry Box Leather Storage Jewelry Storage Box Women Gifts Girl Gifts Girlfriend Gifts,Beauty & Health
,,4.8,13.0,10.0,#8 Best Sellers,in Make Up Bags,"Preppy Makeup Bag For Women Travel Toiletry Bag Chenille Letter Cosmetic Bag PU Leather Waterproof Pouch Cute Zipper Organizer, Skin, Hair And Face",Beauty & Health
,600+ sold recently,1.8,0.0,1.0,,,3Pcs Black Eyelash Comb Eyelash Styler And Eyebrow Brush Double Comb Dual Headed Eyelash Eyelash Makeup Beauty Tools Women Girls Makeup Travel Black Friday,Beauty & Health
,,1.4,0.0,1.0,#3 Best Sellers,in Lip Plumper,"Aloe Color Changing Lip Gloss, Soft Lip Oil",Beauty & Health
,10k+ sold recently,1.3,7.0,1.0,,,"1pc 3 In 1 Makeup Tool For Eyeshadow, Magic Useful Cosmetic Mascara Eyelash Comb & Eyeliner Stencil, Applicator Helper Guide Card Tool, Reusable Makeup Helper For Perfect Eyelashes And Eyeliner Application",Beauty & Health
,1.1k+ sold recently,0.54,64.0,8.0,,,4pcs Upgraded Razor Blade Eyeliner Brush Ultra-Thin Angle Eyebrow Brush Precise Detail Brush Makeup Brush Set,Beauty & Health
,,1.75,8.0,1.0,#2 Best Sellers,in Makeup Bags,"1pc Multi-Functional Storage Bag For Cosmetics, Electronic Cables, Perfume, Keys, Bracelets And Small Accessories",Beauty & Health
,200+ sold recently,0.71,61.0,1.0,,,Instantly Upgrade Your Look With 24pcs Press On Nails Medium Almond Simplicity Solid Color Goth Nail Glitter Grey Nails Pearl Full Cover False Nail For Women And Girls 1pc Nail File & 1sheet Tape Nail Supplies,Beauty & Health
,,1.9,0.0,4.0,#8 Best Sellers,in Eye Brushes,50pcs Disposable Transparent Rose Red Eyelash Extension Brush Makeup Brush Mascara Wands Applicator Spoolers Eye Lashes Cosmetic Brush Black Friday,Beauty & Health
,1.0k+ sold recently,2.6,4.0,1.0,,,"Portable Silicone Makeup Brush Holder - Soft And Stylish Travel Organizer For Makeup Tools, Whit",Beauty & Health
,600+ sold recently,2.6,4.0,1.0,,,"Lip Scrub Brush Silicone Facial Cleansing Brush Set, 2PCS Face Scrubber Facial Cleansing Brush Blackhead Remover, 2PCS Silicone Face Mask Brush Mask Applicator,Skincare,Room Decor,Home Decor,Bedroom Decor,Bathroom,Christmas Gifts,Bathroom Decor,Travel,Travel Stuff,Wedding,Christmas Party,Mom Gifts,Home,Room,House Decor,Christmas Gift,Gifts For Mom,Birthday,Pink Room Decor,Living Room Decor,Bedroom,Gifts For Men,Dad Gifts,Mushroom,New Years,Mom,Accessaries,Gifts For Dad,Friends,Funny Gift",Beauty & Health
,800+ sold recently,1.2,0.0,1.0,,,5pcs Double-Sided Silicone Nose Brush For Blackhead Removal And Exfoliation - Gentle DIY Facial Skin Care Tool For Men And Women At Home,Beauty & Health
,600+ sold recently,2.0,13.0,1.0,,,"10Pcs Clear Jewelry Box, Mini Clear Jewelry Storage Box Multifunctional Portable Organizing Box Jewelry Holder Nail Charms Organizer School Supplies School Stuff For College Dorm For Student Jewelry Organizer Jewelry Accessory Rings Earrings Necklace Bracelet Women Gifts Girl Gifts Girlfriend Gifts",Beauty & Health
,,1.4,0.0,1.0,#7 Best Sellers,in Oral & Nose Tools,"Toothpaste Squeezer - Simple And Convenient Plastic Squeezer, Suitable For Home And Travel",Beauty & Health
,,1.15,28.0,1.0,#10 Best Sellers,"in Bath Brushes, Sponges & Scrubbers","1pc Super Soft Exfoliating Bath Sponge, Reusable Exfoliating Body Bath Sponge, Cleansing Skin Dirt And Excess Grease Exfoliating Bath Sponge, Female And Male Body Cleanser, Gentle Exfoliating, No Skin Irritation, 3d Massage Sucker Design And Antibacterial Materials, Suitable For Showers And Spas",Beauty & Health
,,2.21,15.0,1.0,#2 Best Sellers,in Nose Care Tools,1pc Nose Hair Trimmer Electric Men's Nose Ear Hair Trimmer Razor Clippers With Cleaning Brush,Beauty & Health
,,1.9,5.0,1.0,#9 Best Sellers,in Lip Care,"1pc Honey Flavored Lip Care, Moisturizing Honeypot Design Lip Care Product",Beauty & Health
,,1.32,51.0,1.0,,,"DIY Fluffy Clustered False Eyelashes, Natural Striped Thick Fake Eyelashes, D Curl Shaped Hairband Style, Smart Long Personal Eyelashes",Beauty & Health
,,1.8,5.0,5.0,#4 Best Sellers,in Face Brushes,2pcs Concealer Brush Black Friday,Beauty & Health
,,3.1,3.0,1.0,#7 Best Sellers,in Combs,"12pcs Hair Styling Brush Set, Nylon Teasing Hair Brush Double Sided Hair Edge Brush Rat Tail Comb, Fluffy Hair Styling Tools With Hair Clips-Pink",Beauty & Health
,2.0k+ sold recently,3.2,18.0,1.0,,,"30pcs Compressed Heart Shaped Facial Sponge For Cleansing, Reusable Natural Sponge Pad, Pulp Sponge For Exfoliating, Makeup Removing, Face Spa, With Storage Container,Skincare,Room Decor,Home Decor,Bedroom Decor,Bathroom,Christmas Gifts,Bathroom Decor,Travel,Travel Stuff,Wedding,Christmas Party,Mom Gifts,Home,Room,House Decor,Christmas Gift,Gifts For Mom,Birthday,Pink Room Decor,Living Room Decor,Bedroom,Gifts For Men,Dad Gifts,Mushroom,New Years,Mom,Accessories,Gifts For Dad,Friends,Funny Gift",Beauty & Health
,,1.9,10.0,1.0,#1 Best Sellers,in Bags & Luggage,"Compact & Protective Shaver Case â Transparent, Dustproof Travel Organizer, Durable Plastic Razor Holder",Beauty & Health
,,1.7,6.0,1.0,#1 Best Sellers,in Glitter & Facial Gems,"2 Sheets Various Sizes 3d Simulated Diamond Gemstone Stickers For Eyes And Face Decoration, Diy Music Festival Y2k Makeup Party, Rhinestone Stickers",Beauty & Health
,1.4k+ sold recently,2.7,0.0,1.0,,,"1pc Small Storage Box, Hair Accessory Organizer For Home",Beauty & Health
,,4.4,4.0,1.0,#7 Best Sellers,in Makeup Bag & Storage,"1Pc Multifunction Black Mesh Large Capacity Double Layer Travel Partition Storage Makeup Bag For Women Girls Black Friday,Makeup Bag Makeup Pouch Skincare Bag Toiletry Bag Packing Cubes,Travel Essentials Cruise Essentials Dorm Essentials,Wedding Bridesmaid Gifts,Mom Gifts,Birthday Gifts,Gifts For Friends And Teachers,Home Decor,Bathroom Livingroom Bedroom Decor,Bathroom Organizer,Jewelry Organizer,Lip Oil Organizer,Nail Polish Organizer Storage Makeup Organizer Makeup Case",Beauty & Health
,2.5k+ sold recently,2.0,0.0,1.0,,,6pcs Professional Hair Salon Clip6Pcs Hair Clips for Styling Sectioning - Wide Teeth Double Hinged Design Professional Salon Quality Alligator Hair Clips Black Friday,Beauty & Health
,800+ sold recently,1.6,36.0,8.0,,,"1 Bottle 10ml Disco Starry Sky Glitter Nail Gel Polish, 2023 New Arrival, Ultra Sparkly Silver Soak Off Uv Gel, For Professional Nail Salon",Beauty & Health
,1.1k+ sold recently,3.46,45.0,1.0,,,"Chenille Stuff Letter Transparent Clear Preppy Patch Travel Makeup Bag, 1Pc Lightweight Multifunctional Cosmetic Organizer Handbag Bath Shower Wallet Pouch Portable Cosmetics Brush Storage Clutch With Zipper Closure For Lipstick, Brush, Skincare, Mobile Phone, Coin, Small Items, For Home, Travel, Vacation And School Use Storage Makeup Organizer Makeup Case",Beauty & Health
,2.8k+ sold recently,6.0,5.0,1.0,,,"Chenille Letter Transparent Clear Preppy Patch Travel Makeup Bag, 1Pc Large Capacity Lightweight Toiletry Handbag Bath Shower Bag Multifunctional Cosmetic Organizer Cute Handbag Wallet Pouch Case Portable Cosmetics Brush Storage Clutch With Zipper Closure For Lipstick, Brush, Skincare Storage Makeup Organizer Makeup Case",Beauty & Health
,,2.7,4.0,1.0,#2 Best Sellers,in Foot Care,"Urea & Salicylic Acid Moisturizing Stick For Hand & Feet, Repairing Dry & Damaged Skin, Smoothing & Brightening Skin, Suitable For All Skin Types, 40g",Beauty & Health
,7.1k+ sold recently,4.9,4.0,6.0,,,"Makeup Bag,1Pc Hook Cosmetic Bag Large Capacity Makeup Bag Storage Cosmetic Bag Black Friday,Makeup Bag Makeup Pouch Skincare Bag Toiletry Bag Packing Cubes,Travel Essentials Cruise Essentials Dorm Essentials,Wedding Bridesmaid Gifts,Mom Gifts,Birthday Gifts,Gifts For Friends And Teachers,Home Decor,Bathroom Livingroom Bedroom Decor,Bathroom Organizer,Jewelry Organizer,Lip Oil Organizer,Nail Polish Organizer Storage Makeup Organizer Makeup Case",Beauty & Health
,,3.4,3.0,4.0,#2 Best Sellers,in Hair Cap,"1 Piece Of  Wide Edged High Elastic Silk With Ribbons For Women's Cleaning, Kitchen Cooking, Dining, And Sleeping Hat. Care, Bathing, Beauty Tools, Hair Caps Cover",Beauty & Health
,,4.4,6.0,1.0,#1 Best Sellers,in Eye Care,1pc Pink Rose Eye Mask 60pcs To Lighten Fine Lines At The Corners Of The Eyes Bags Under The Eyes Black Circles Under The Eyes Moisturize And Tighten The Skin And Provide Eye Care,Beauty & Health
,,1.4,7.0,1.0,#4 Best Sellers,in Eyelashes Tools,1pc Eyelash Comb Eyelash Separator Arc-Shaped Eyelash Brush Separator With Comb Head Eyelash Comb Suitable For Mascara Brush,Beauty & Health
,,1.9,5.0,1.0,#9 Best Sellers,in Foot & Hand Care Tools,"1pc Nail & Cuticle Nutrient Oil With Rollerball Applicator, Repair & Moisturize Rough & Dry Nail Edge",Beauty & Health
,600+ sold recently,1.26,34.0,1.0,,,"20pcs Thick Pvc Transparent Jewelry Storage Bag With Seal Lock For Earrings And Accessories, Anti-oxidation, Suitable For Daily Use And TravelingJewelry Box",Beauty & Health
,,108.1,0.0,1.0,,,"1pc High-Speed Titanium Gray Hair Dryer, Quick Drying, Comfortable, Travel & Family Gift",Beauty & Health
,,4.6,4.0,1.0,#3 Best Sellers,in Facial Masks,"Eye Treatment Patch,Eye Mask 24K Gold Eye Treatment Patch, Moisturizing Anti-Aging Collagen Hyaluronic Acid Eye Sheet Eye Care",Beauty & Health
,,2.9,3.0,4.0,#4 Best Sellers,in Wig Caps & Tools,1pc Sleeping Hair Cap Solid Color Satin Bonnet Wide Brimmed Night Hat Hair Care Hat Elastic Turban Hat For All Hair Types,Beauty & Health
,,2.0,0.0,1.0,#2 Best Sellers,in Eye Brushes,"50pcs Disposable Eyelash Brush, Eyelash Curler, Sanitary, Suitable For Home Use And Gifting Black Friday",Beauty & Health
,,1.4,13.0,1.0,#2 Best Sellers,in Mirrors,"1Pc Hair Brush Travel Folding Hair Brush Mirror Detangling Hair Comb Hair Styling Comb ,Ultra Folding Hair Brush With Mirror",Beauty & Health
,,3.5,13.0,14.0,#6 Best Sellers,in Make Up Bags,"Basic Lifestyle 1-Piece Sanitary Napkin Storage Bag Portable Pouch With Large Capacity And Simple Style For Storing Sanitary Napkins, Pads And Tampons",Beauty & Health
,800+ sold recently,3.2,11.0,4.0,,,"2 Pcs Beach Clear Makeup Bags For Women, Summer Beach Toiletry Bag Cruise Survival Kit Travel Cosmetic Bags With Zipper Travel Organizer For Cruise Gifts Basics Swim Bag Swimmers Tropical Coastal Vibes Beach Bag For Swimming Summer Island Holiday Vacation Beach Accesories For Girl Boy Men Woman",Beauty & Health
,,2.3,4.0,1.0,#6 Best Sellers,in Lip Care,1pc Moisturizing Long-Lasting Non-Sticking Cup Color Changing Lip Balm For Lip Care And Cracked Prevention,Beauty & Health
,800+ sold recently,2.3,4.0,1.0,,,"Portable Dental Floss Box, Automatic Pop-Up Floss Storage Box, Press-Type Toothpick Box, Disposable Dental Floss Pick, Toothpick Box, Floss Box, Containing 10 Flosses Storage",Beauty & Health
,,1.7,0.0,1.0,#2 Best Sellers,in Daily Home Essentials,"2PCS 3D Ultra Thin Breathable Sleep Eye Mask, Smooth And Comfortable Home Travel Sleep Eye Mask",Beauty & Health
,800+ sold recently,1.02,43.0,1.0,,,"1pc Random Color Bath Foaming Ball, Large Soft Bath Shower Sponge, Bath Loofah Skincare For Women & Men",Beauty & Health
,200+ sold recently,1.7,6.0,1.0,,,"Wide Long Tooth Hair Detangling Comb, Large Wide Tooth Comb Anti Frizz Hair Brush For All Hair Types Black Friday",Beauty & Health
,200+ sold recently,2.5,0.0,1.0,,,"1pc Flamingo Shaped Bath Loofah, Cute PE Foaming Ball For Bathroom",Beauty & Health
,2.2k+ sold recently,2.0,20.0,1.0,,,"2pcs Deep Exfoliating Mitt - 100% Viscose Fiber Scrub Glove For Cleaning Skin And Sloughing Off Dead Skin And Dirt, Bath And Body Works, Shower, Living Room Home Bedroom Bathroom House Decor, Travel Stuff, Wedding, Party, Birthday, Gifts For Men Mom Dad Friends, New Years, Accessaries, Funny Gift",Beauty & Health
,300+ sold recently,0.75,70.0,1.0,,,"Detangling Brush For Black Natural Hair, Detangler Brush For Curly Hair Afro 3/4abc Texture, Faster N Easier Detangle Wet Or Dry Hair With No Pain Hair Brush Comb",Beauty & Health
,,1.3,7.0,1.0,#9 Best Sellers,in Oral Tools,Portable Stainless Steel Tongue Scraper - Portable And Compact For Effective Tongue Cleaning,Beauty & Health
,2.7k+ sold recently,1.1,50.0,1.0,,,1Pc Professional Pedicure Care Stainless Steel Nail Clippers With Anti-Splash Cover & Sharp Trimmer Nail File,Beauty & Health
,3.9k+ sold recently,2.6,4.0,1.0,,,"Clear Apothecary Qtip Storage Jar With Bamboo Lids, 1pc Vanity Makeup Organizer Storage Containers For Swab, Ball, Pads, Floss, Bathroom Accessories Set,Room,Home,Bedroom,Bathroom,House,Pink Room,Living Room Decor,Travel Stuff,Gift Bag,Gifts For Mom,Dad,Men,Friends,Teacher,Birthday,Wedding,Desk,Shelves,Accessaries,Gift Boxes,Funny Gift,Storage",Beauty & Health
,200+ sold recently,1.7,0.0,1.0,,,1pc Magic Handle Comb Anti Static Massage Hair Brush Tangle Detangle Shower Massage Hairbrush Comb Salon Hair Styling Tool Shower Massage Hairbrush Combs,Beauty & Health
,4.7k+ sold recently,1.3,0.0,1.0,,,"Transparent Moisturizing Lip Gloss With Water Shine Effect, Helps Diminish Fine Lines, Non-sticky, Waterproof, Suitable For Daily Use, Can Be Layered & Used As Top Coat For Lipstick, Gives Glass-looking Plump Y2K Liquid Lipstick",Beauty & Health
,70+ sold recently,0.95,27.0,1.0,,,Upgrade Your Look With 24pcs Short Square Jelly Glitter Fake Nail & 1pc Nail File & 1sheet Tape Press On Nails Nail Supplies,Beauty & Health
,,3.12,31.0,1.0,#5 Best Sellers,in Eye Care,"60pcs 24K Golden Firming Eye Mask, Improves Eye Wrinkles And Dark Circles, Tightens Skin And Moisturizes Eye Area, âEye Care",Beauty & Health
,600+ sold recently,1.5,6.0,1.0,,,3pcs Random Color Portable Disposable Hand Soap Paper For Travel And Business Trip,Beauty & Health
,,1.77,12.0,8.0,#2 Best Sellers,in Nail Art Practice Tools,50Pcs False Nail Tips Oval Fan Round Shaped Nail Arts Display Acrylic Practice Palette Card Design Manicure Showing Tools Nail Art Tips Display Polish Board Display,Beauty & Health
,100+ sold recently,1.2,0.0,1.0,,,"Acne Blackhead Removing Face Cleansing Brush, 1pc Soft Silicone Facial Cleansing Pad, Face Exfoliator Face Scrubby For Massage Pore Cleansing And Exfoliating, Shower Tool Brushes Cool Gift For Girl,Skincare,Room Decor,Home Decor,Bedroom Decor,Bathroom,Christmas Gifts,Bathroom Decor,Travel,Travel Stuff,Wedding,Christmas Party,Mom Gifts,Home,Room,House Decor,Christmas Gift,Gifts For Mom,Birthday,Pink Room Decor,Living Room Decor,Bedroom,Gifts For Men,Dad Gifts,Mushroom,New Years,Mom,Accessaries,Gifts For Dad,Friends,Funny Gift",Beauty & Health
,,3.99,33.0,20.0,#2 Best Sellers,in Concealer,SHEGLAM Like Magic 12Hr Full Coverage Concealer-Nude  Matte Liquid Concealer Long Lasting Brightening Color Corrector Weightless All-Day Long Lasting Hydrating Concealer Black Friday Winter Concealer,Beauty & Health
,10k+ sold recently,2.0,5.0,5.0,,,4pcs Plain Eyebrow Tweezers-black,Beauty & Health
,,1.9,0.0,1.0,#8 Best Sellers,in Mascaras,4D Mascara Slim waterproof lasting no clumping Mascara,Beauty & Health
,5.9k+ sold recently,2.6,10.0,1.0,,,UV LED Mini Nail Dryer Machine Portable 6 LED UV Manicure Lamp Home Use Nail Lamp For Drying Polish Varnish With USB Cable,Beauty & Health
,10k+ sold recently,1.3,0.0,1.0,,,1pc Foot Grinding Tool Foot Scrubber,Beauty & Health
,,2.8,3.0,1.0,#5 Best Sellers,in Setting Spray,"Long-lasting Setting Spray, Moisturizing Matte Finish Makeup Setting Product",Beauty & Health
,800+ sold recently,0.88,58.0,1.0,,,4 Boxes Portable Disposable Soap Sheets,Beauty & Health
,,0.5,71.0,1.0,#5 Best Sellers,in Shower Accessories,"1pc/2pcs Pack Cute Bubble Bath Sponge- Super Soft, Bathroom Travel Essential, Dual-use",Beauty & Health
,,6.99,56.0,7.0,#8 Best Sellers,in Lip Plumper,"Lip Plumper Gloss, Natural Spicy Lip Plumping Booster Lip Plumping Oil, Ultra-Hydrating & Nourishing Plump And Pout Lip Plumper, Glossy Finish Fuller Lip Plumping Lip Gloss For Women Girls",Beauty & Health
,8.6k+ sold recently,3.84,20.0,1.0,,,"Eyebrow Razor,Â  24Pcs Stainless Steel Makeup ToolÂ  Facial Hair Trimmer Shaver Eyebrow Scissors",Beauty & Health
,,0.96,20.0,11.0,#10 Best Sellers,in Nail Art Accessories,10Pcs/Pack Detachable Round Cylinder Shaped Powerful Magnets For Multi Purpose Use In Nail Art & Magnetic Tool For Cat Eye Effect Mini Round Fridge Magnets For Crafts Diy Nail Cutter,Beauty & Health
,300+ sold recently,0.67,61.0,1.0,,,"1pc Deep Exfoliating Mitt - 100% Viscose Fiber Scrub Glove For Cleaning Skin And Sloughing Off Dead Skin And Dirt, Bath And Body Works, Shower, Living Room Home Bedroom Bathroom House Decor, Travel Stuff, Wedding, Party, Birthday",Beauty & Health
,200+ sold recently,3.47,31.0,1.0,,,"4 Pcs/Set Watering Can Hair Styling Comb Set Tease Hairbrush Rat Tail Comb Edge Brush For Edge & Black Brush,Combing ,Smoothing Hair (Pink)",Beauty & Health
,200+ sold recently,1.6,6.0,1.0,,,"1pc Three Tone Bristles Curved Foundation Brush & Concealer Brush & Contour Brush & Makeup Brush Accessory, Black",Beauty & Health
,100+ sold recently,1.04,20.0,5.0,,,"1 Sheets Large Size Blue Luminous And White Ink Glow In The Dark Originality Body Art Temporary Tattoo Stickers, Magic Style Glitter Moth Constellation Moon Butterfly Botanical Pattern, Waterproof Fake Tattoo, Lasts 2-5 Days, Covering Scars,Can Be Used On Arms Wrist Shoulders Legs Waist Neck Hand Chest Thighs Finger,Party Birthday Surprise Gift",Beauty & Health
,2.7k+ sold recently,7.7,11.0,6.0,,,"3 Slots Travel Glasses Case, Foldable Hanging Glasses Sunglasses Storage Rack Organizer, PU Leather Eyewear Holder Sunglasses Case Sunglasses Holder Sunglasses Organizer Sunglasses Storage Eyeglass Case Protective Case Glasses Bag for Travel Outdoor Gifts Travel Accessories Glasses Storage Bag",Beauty & Health
,,1.44,20.0,7.0,#2 Best Sellers,in Hair Removal Tools,"4pcs/Set Safety Eyebrow Trimmer & Shaver, Exfoliating Dermaplaning Tool, Body Hair Removal Trimmer And Face & Eyebrow Razor Set Long Handle Safety Blade With Precision Cover Women Eyebrow Shaping Tools Suitable For Or Travel Use",Beauty & Health
,600+ sold recently,1.6,6.0,1.0,,,"Feet Callus Remover, 1pc Foot Care Tool Dead Skin Remover Callus Scraper, Pedicure Tool, Heel Grinding Machine, Home Foot Care Tool Professional Pedi Feet Care Perfect For Dead,Hard Cracked Dry Skin Ideal Gift",Beauty & Health
,1.1k+ sold recently,1.2,8.0,6.0,,,Purple Ring Palette 1pc Resin Metal Butterfly Shape Phnom Penh Color Matching Is Suitable For Women And Girls,Beauty & Health
,90+ sold recently,3.3,0.0,1.0,,,1pc Round Bath Brush,Beauty & Health
,1.0k+ sold recently,1.2,0.0,1.0,,,"10pcs/Pack - 1pc Bath Glove - Exfoliating, Scrubbing, Cleaning Brush, Reusable - For Hydrotherapy, Massage And Body Scrub, Bath Accessories, Body Cleaning Glove, Body Cleaning Tool",Beauty & Health
,2.3k+ sold recently,1.6,6.0,4.0,,,"Hair Tie,2000Pcs Disposable Hair Tie Ponytail Holders Hair Elastics Hair Bands Disposable Headdress Hair Ties Black Friday",Beauty & Health
,,2.2,19.0,8.0,#6 Best Sellers,in Nail Art Tools,"Nail Art Painting Pen Set, 5 Pcs Nail Art Brushes, Nail Design Brushes, Paint Drawing Liner Nail Art Tools, Suitable For Beginners And Professional Nail Art Pink Nail Art Painting Pen",Beauty & Health
,,1.44,20.0,1.0,#4 Best Sellers,in Makeup Organizers,"1Pc Hair Clip & Jewelry Storage Box With Multiple Compartments Storage Box For Beauty Makeup And Hair Tools, Small Box For Rubber Band Clips And Hair Accessories, Portable Compartment Box With Buckle",Beauty & Health
,,69.8,0.0,1.0,,,"Oral B Pro4000 3D Clean Rechargeable Electric Toothbrush, 1 Handle+1 Power Source+2 Brush Heads, Round Brush Head, 4 Brushing Modes, Pressure Sensor, IPX7 Waterproof, Couple Toothbrush, Gift For Boyfriend, Girlfriend",Beauty & Health
,800+ sold recently,2.05,52.0,1.0,,,"1 Bottle 60ml Castor Oil - Repairs Damaged Hair, Smooths Frizz, Strengthens & Moisturizes Hair",Beauty & Health
,900+ sold recently,2.19,19.0,1.0,,,1 Pcs Stainless Steel Callus Remover Foot File Scraper Pedicure Tools Dead Skin Remove For Heels Feet Care Products,Beauty & Health
,,3.4,6.0,5.0,#8 Best Sellers,in Makeup Bags,"1Pc Quilting Soft White Large Capacity Portable Travel Storage Makeup Bag For Women Girls Black Friday,Makeup Bag Makeup Pouch Skincare Bag Toiletry Bag Packing Cubes,Travel Essentials Cruise Essentials Dorm Essentials,Wedding Bridesmaid Gifts,Mom Gifts,Birthday Gifts,Gifts For Friends And Teachers,Home Decor,Bathroom Livingroom Bedroom Decor,Bathroom Organizer,Jewelry Organizer,Lip Oil Organizer,Nail Polish Organizer Storage Makeup Organizer Makeup Case",Beauty & Health
,6.7k+ sold recently,5.0,4.0,1.0,,,"1pc Wall-Mounted Bathroom Cosmetic Storage Rack,Room,Home,Bedroom,Bathroom,House,Pink Room,Living Room Decor,Travel Stuff,Gift Bag,Gifts For Mom,Dad,Men,Friends,Teacher,Birthday,Wedding,Desk,Shelves,Accessories,Gift Boxes,Funny Gift,Storage",Beauty & Health
,,3.3,8.0,1.0,#3 Best Sellers,in Cuticle Care Products,5pcs Nail Cuticle Oil Pen Plant Nutrient Oil Fruit Flavor Moisturizing Anti-Barb Finger Nail Edge Nail Care Tool,Beauty & Health
,,1.19,1.0,1.0,#3 Best Sellers,in Mascaras,"Suake Pink Bottle Mascara, Extra Volume & Curling & Lengthening & Thickening Effect",Beauty & Health
,2.5k+ sold recently,8.3,0.0,1.0,,,"Transparent Rotating Multi-layer Desktop Cosmetic Storage Shelf Organizer Box For Skincare, Perfume, Makeup",Beauty & Health
,1.1k+ sold recently,1.7,11.0,1.0,,,"8-40 Pcs Eyebrow Razor, Multipurpose Exfoliating Dermaplaning Tool For Face, Facial And Eyebrow Shaper With Precision Cover For Women Men, Easy To Use",Beauty & Health
,,1.5,12.0,5.0,#5 Best Sellers,in Brows & Lash Tools,"1pc Stainless Steel Eyelash Curler, Mascara Curling Tool, False Eyelash Assistor, Makeup Broad Curved Cosmetic Accessory, Soft Material, Long-lasting, Comfortable And Easy To Use",Beauty & Health
,10+ sold recently,1.7,11.0,1.0,,,"Short French Style Strawberries & Flowers Fake Nails, 24pcs/Set With Jelly Glue And Nail File",Beauty & Health
,4.8k+ sold recently,1.9,0.0,1.0,,,"100pcs Mint Dental Floss Picks, Portable And Convenient And Easily For Daily Oral Cleaning, Deep Clean Smoothly Must-Have Item For Daily Life, Living Room Home Bedroom Bathroom House Decor, Travel Stuff, Wedding, Party, Birthday, Gifts For Men Mom Dad Friends, New Years, Accessaries, Funny Gift",Beauty & Health
,,13.49,35.0,1.0,#1 Best Sellers,in Beauty Care Appliances,"Teckwe LED Face Mask,7 Color LED Face Mask Light,Cordless LED Facial Mask Skin Care Mask,Facial Beauty Instrument Skin Care Tool Facial Skin Care Mask For Both Beauty Salons And Home Use Valentine's Day Gift Portable Rechargeable",Beauty & Health
,4.4k+ sold recently,2.1,5.0,1.0,,,"1pc Hairdressing Hollow Back Honeycomb Comb Ribs Comb,Hollow Out Hair Brush With Handle, Scalp Massage Combs With Ultra-Soft Comb Teeth, Hair Styling Detangler, Fast Blow Drying, Hair Brush For Wet/Dry/Long Thick Curly Hair",Beauty & Health
,10+ sold recently,1.8,10.0,1.0,,,10Pcs Eyebrow Trimmer Face Blade Shaver Portable Eye Brow Epilation Hair Removal Safety Eyebrow Cutting Woman Makeup Tools,Beauty & Health
,,3.2,3.0,1.0,#8 Best Sellers,in Eyeshadow Palettes,"25-color Eyeshadow Palette, Including Matte, Shimmer & Glitter, With High Color Payoff, Waterproof, Sweatproof And Suitable For Daily Makeup. It's A Versatile Earth Tone Palette.",Beauty & Health
,,5.4,5.0,1.0,#6 Best Sellers,in Eyeshadow Palettes,"30-color Matte & Shimmer Eyeshadow Palette With Brush, Long-lasting, Not Easy To Smudge",Beauty & Health
,4.3k+ sold recently,2.2,8.0,1.0,,,"Eyelash Curler Set 14 In 1,1pc Eyelash Curler With 10 Replacement Pads + 1pc Eyebrow Razor + 1pc False Eyelash Applicator + 1pc Eyelash Curler + 1pc Eyelash Comb, Long Lasting Natural Lashes Eye Tools",Beauty & Health
,,1.5,6.0,1.0,#8 Best Sellers,in Lipstick,"Peach Lip Balm , Moisturizing Long-lasting Color Changing Lipstick",Beauty & Health
,6.1k+ sold recently,3.5,5.0,1.0,,,"Liquid Lipcolor,6pcs Fruit Flavor Color Changing Lip Glaze",Beauty & Health
,200+ sold recently,1.36,20.0,5.0,,,2pcs/Set 10g False Nail Glue Nail Adhesive Glue With Brush For Nail Art Rhinestone Fast-Dry For Uv Gel Glue Nail Art Nail Tips Tool,Beauty & Health
,1.2k+ sold recently,18.7,4.0,1.0,,,"Set Of 4 Simple K2Y Waterproof Transparent PU Cosmetic Bag, Toiletry Bag, Travel Bag, With Letter Embroidery And Large Capacity, Suitable For Daily Use, Business Trip, Travel And Vacation In Summer Makeup Bag Storage Makeup Organizer Makeup Case",Beauty & Health
,2.8k+ sold recently,2.0,13.0,1.0,,,"Slimming Face Mask Bandage For Sleeping, Providing Facial Lifting, V-shaped Face Effect And Accentuating Your Chin Contour",Beauty & Health
,500+ sold recently,0.5,72.0,1.0,,,"500pcs Black Mini Rubber Hair Bands In Jar For Braids, Small Ponytails, Soft And Stretchy Hair Ties For Kids",Beauty & Health
,1.2k+ sold recently,2.0,0.0,1.0,,,"1Pc Stainless Steel Russian Dead Skin Scissors, Barb Tools, Manicure, Eyebrow Trimming, Eyebrow Scissors, Cuticle Scissors, Nail Clippers, Trimmers, Manicure Tools, Eyebrow Tools, Dead Skin Remover, Cuticle Trimmer, Beauty Kit (Silver)",Beauty & Health
,3.3k+ sold recently,5.8,5.0,1.0,,,"12PCS Neon Liquid Eyeliner Set, Matte Colored Eyeliners Pen, Colorful Waterproof Smudge-proof Pigmented Graphic Liners Y2K Eye Shadow",Beauty & Health
,6.3k+ sold recently,1.4,0.0,7.0,,,Waterproof Long-lasting Matte Lip Gloss 15 Non-Stick Cup Lip Cream,Beauty & Health
,4.1k+ sold recently,2.2,4.0,1.0,,,"Lengthening Mascara, 1pc Long-Wearing Waterproof Eyelash Makeup Product For Women",Beauty & Health
,1.5k+ sold recently,1.5,6.0,1.0,,,"32Pairs Eyeliner Eyeshadow Sticker Stencils Kit For Eyes, Cat Eyeliner Stencil Pads Non-Woven Materials Eye Shadow Eyeliner Stencil For Beginners Makeup Tool",Beauty & Health
,10+ sold recently,1.85,12.0,1.0,,,"12pcs Safety Eyebrow Trimmer And Facial Razor Blades, Multi-Purpose Dead Skin Remover, Eyebrow Shaping, Shaving, With Protective Cover, For Facial And Body Hair Removal",Beauty & Health
,,1.35,50.0,4.0,,,10pcs Gold Metal 3d Nail Art Decoration Charms Oval Pearl Shape Design Gems Rhinestone Nail Charms Jewelry For Women Girl Acrylic Nails DIY Craft Supplies,Beauty & Health
,,1.77,12.0,1.0,#8 Best Sellers,in Nail Art Accessories,"100 Pcs 3"" Orange Wood Cuticle Pusher Nail Sticks, Double Heads Cuticle Pusher, Multi Functional Nail Remover Cleaning Tool For Manicure Pedicure",Beauty & Health
,500+ sold recently,1.7,6.0,1.0,,,200PCS/100PCS/50PCS  Disposable Mascara Wands Eyelash Brush Spoolies For Eyebrow Eye Lash Extension Red,Beauty & Health
,10k+ sold recently,2.4,4.0,1.0,,,New Cat Eye Eyelashes 3D Natural Transparent Band False Lashes Fluffy Soft Cross 5 Pairs Manga Lashes Wispy Natural Eyelash Extension Makeup,Beauty & Health
,100+ sold recently,2.6,4.0,1.0,,,"1pc Large-Square Unicorn Pattern Cushion Hair Brush Plastic Detangler, Glide Through Tangles With Ease, Plastic Detangler, Blow Drying And Straightening, Hair Cushion Brush, For All Hair Types Black Friday Comb",Beauty & Health
,2.0k+ sold recently,4.5,4.0,1.0,,,"Letter Graphic Square Makeup Bag Black Friday,Makeup Bag Makeup Pouch Skincare Bag Toiletry Bag Packing Cubes,Travel Essentials Cruise Essentials Dorm Essentials,Wedding Bridesmaid Gifts,Mom Gifts,Birthday Gifts,Gifts For Friends And Teachers,Home Decor,Bathroom Livingroom Bedroom Decor,Bathroom Organizer,Jewelry Organizer,Lip Oil Organizer,Nail Polish Organizer Storage Makeup Organizer Makeup Case",Beauty & Health
,1.8k+ sold recently,1.4,7.0,1.0,,,Long-Wearing Shimmer Eyeshadow Stick Y2K,Beauty & Health
,,2.38,5.0,6.0,#4 Best Sellers,in Makeup Bags,"1Pc Pink Plaid Knitted Soft Classic Plaid Pattern Large Capacity Travel Portable Classic Octagonal Bag Makeup Bag For Women Girls,Makeup Bag Makeup Pouch Skincare Bag Toiletry Bag Packing Cubes,Travel Essentials Cruise Essentials Dorm Essentials,Wedding Bridesmaid Gifts,Mom Gifts,Birthday Gifts,Gifts For Friends And Teachers,Home Decor,Bathroom Livingroom Bedroom Decor,Bathroom Organizer,Jewelry Organizer,Lip Oil Organizer,Nail Polish Organizer Storage Makeup Organizer Makeup Case",Beauty & Health
,1.3k+ sold recently,2.7,4.0,1.0,,,"20g Strawberry Flavor Lip Scrub Moisturizing Nourishing Lip Exfoliator For Removing Dead Skin, Daily Sleep Lip Mask Lip Scrub",Beauty & Health
,,1.2,8.0,1.0,#1 Best Sellers,in Combs,1pc Rat Tail Hair Comb Black Friday Hair Brush,Beauty & Health
,1.3k+ sold recently,1.68,20.0,1.0,,,15ML Nail Cuticle Oil Plant Dried Flower Nutrient Oil Moisturizing Anti-Barb Nail Edge Finger Nail Care Tools,Beauty & Health
,500+ sold recently,3.4,3.0,1.0,,,"Wig Head - Tall Female Mannequin Wig Stand And Holder For Style, Model And Display Hair, Hats And Hairpieces, Mask - For Home, Salon And Travel",Beauty & Health
,3.8k+ sold recently,4.26,42.0,7.0,,,Daily Travel Storage Bag For Underwear Cosmetics Makeup Travel Organizer Bag Wardrobe Closet Clothe Pouch Socks Panties Bra Bags Travel Accessories Travel Essentials,Beauty & Health
,500+ sold recently,1.7,0.0,8.0,,,"1pc/2pcs/3pcs/4pcs/5pcs/10pcs  Shading Sleep Eye Mask Imitation Silk Ice Feel Comfortable, Relaxing Fatigue, Lunch Rest, Sleeping",Beauty & Health
,8.0k+ sold recently,3.0,3.0,1.0,,,Multifunction Eyebrow Powder Kit - 03 Dark Brown,Beauty & Health
,1.2k+ sold recently,4.4,4.0,1.0,,,"50g Turmeric Cream: Brightens Skin, Shrinks Pores, Detoxifies Skin, Treats Acne, Soothes And Repairs. This Turmeric Cream Combines Multiple Skin Care Elements To Effectively Brighten And Even Out Skin Tone, While Tightening The Skin, Shrinking Pores, And Showing A Youthful Glow. Its Detoxifying Ingredients Help Absorb Skin Toxins, Remove Dead Skin Cells, And Keep The Skin Fresh. Specially Added Soothing Ingredients Help Heal Acne And Take Care Of Your Skin. Whether It Is Brightening, Anti-Aging Or Acne Care, It Can Meet Your Multiple Needs And Bring You A Perfect Skin Experience.",Beauty & Health
,,2.6,4.0,1.0,#7 Best Sellers,in Hair Tools,"2pcs, 1pc Hair Dye Applicator Brush Bottles Dyeing Shampoo Bottle Oil Comb Hair Dye Bottle Applicator Hair Coloring Styling Tool, And 1pc Soft Silicone Massage Shampoo Brush, Multicolor Manual Head Massager Bath Use Scalp Massager, Hair Brush/Hair Comb",Beauty & Health
,,10.74,13.0,11.0,#1 Best Sellers,in Hair Coloring,"Black Hair Dye Shampoo For Gray Hair, Semi-Permanent Hair Color Shampoo For Women And Men, Herbal Ingredients, 3 In 1 100% Grey Coverage. Lasts 30 Days,500ml/Ammonia-Free/Natural Herbal Ingredients",Beauty & Health
,200+ sold recently,5.3,0.0,1.0,,,"1pc Clear Eight-Compartment Nail Polish Storage Box, Cosmetic Tool Display Stand, Desktop Makeup Organizer",Beauty & Health
,,2.0,5.0,1.0,#6 Best Sellers,in Primer,"Facial Makeup Primer, Primer Face MakeupÂ  Smooth & Blur Photo Finish Facial Moisturizer Before Makeup",Beauty & Health
,,1.3,50.0,1.0,,,"7 Pairs Fluffy Mink False Eyelashes Set, 20-25mm, D Curl, Faux Mink Effect, Looks Like Extended, Thick & Dramatic Eyelashes",Beauty & Health
,10+ sold recently,4.6,4.0,1.0,,,6 PCS Hairdressing Tool Set Hairline Brush Makeup Comb High Pressure Continuous Spray Spray Bottle Hair Styling,Beauty & Health
,200+ sold recently,0.96,44.0,1.0,,,"1pc Blush & Contour Brush, Perfect For Cheeks, Forehead, Chin, Nose, Blending & Sculpting, Suitable For Powder, Liquid, Cream Black Friday",Beauty & Health
,1.9k+ sold recently,1.8,5.0,1.0,,,"Lip Balm Tin,Moisturizing Lip Care, Honey Pot Design Fading Lip Lines Lip Care Lip Mask For Daily Use",Beauty & Health
,,1.8,5.0,1.0,#6 Best Sellers,in Nail Polish Removers,"200 Pcs/Box Lint Free Nail Wipes With Container - Unscented, Super Absorbent Soft Non-Woven Fabric For Eyelash Extension Glue & Nail Polish Remover Supplies",Beauty & Health
,,3.95,33.0,1.0,#5 Best Sellers,in Nail Art Storage & Display,"1pc 26-Hole Acrylic Organizer For Nail Art & Makeup Brushes-Transparent, Space-Saving Design For Desktop-Modern, Minimalist Makeup Storage Solution",Beauty & Health
,3.2k+ sold recently,1.6,6.0,1.0,,,"Mini Plush Heart & Mesh Design Beige Coin Purse, Lipstick Organizer,Makeup Bag Makeup Pouch Skincare Bag Toiletry Bag Packing Cubes,Travel Essentials Cruise Essentials Dorm Essentials,Wedding Bridesmaid Gifts,Mom Gifts,Birthday Gifts,Gifts For Friends And Teachers,Home Decor,Bathroom Livingroom Bedroom Decor,Bathroom Organizer,Jewelry Organizer,Lip Oil Organizer,Nail Polish Organizer Makeup Bag Storage Makeup Organizer Makeup Case",Beauty & Health
,,1.8,0.0,1.0,#9 Best Sellers,in RECOMMENDED Sleeping Goods,1pc Pink Double-sided Sleeping Eye Mask,Beauty & Health
,,1.6,6.0,1.0,#6 Best Sellers,in Foot & Hand Care Tools,"Silicone Anti-crack Socks, 1pair Open-Toe Moisturising Gel Heel Socks, Foot Heel Protector, SPA Sock For Men Or Women Foot Care, Dry Feet, Dead Skin",Beauty & Health
,30+ sold recently,2.16,20.0,1.0,,,96 Pcs/Box Set Of Four Types Of Nail Extension Molds Press On Nails Nail Supplies,Beauty & Health
,2.4k+ sold recently,2.0,5.0,1.0,,,"Travel Makeup Brush Holder, Silicon Trendy And Portable Cosmetic Face Brushes Holder, Soft And Sleek Makeup Tools Organizer For Travel-Khaki,Room,Home,Bedroom,Bathroom,House,Pink Room,Living Room Decor,Travel Stuff,Gift Bag,Gifts For Mom,Dad,Men,Friends,Teacher,Birthday,Wedding,Desk,Shelves,Accessories,Gift Boxes,Funny Gift,Storage,Makeup Brush Holder",Beauty & Health
,800+ sold recently,7.1,7.0,1.0,,,"Multifunction Double-Layer Cosmetic Zipper Bag, Lightweight Make Up Bag, Portable Travel Storage Bag Cosmetic Bag,For Makeup Tools Cosmetic Box Case For Daily Dividers Pu Makeup Bag Makeup Brushes Storage Travel Essentialsmakeup Bag Makeup Pouch Skincare Bag Toiletry Bag",Beauty & Health
,100+ sold recently,2.8,3.0,1.0,,,"1 Piece Multifunctional Elegant Silicone Vanity Tray, Body Cleaning Tool Organiser, Bathroom Countertop Organiser For Toiletries, Perfumes And Jewellery",Beauty & Health
,,2.1,5.0,1.0,#5 Best Sellers,in Mascaras,"5D Silk Fiber Big Eye Lash Mascara, Mascara Black Volume And Length Intense Long Lasting, Waterproof No Clumping, Lengthening Volumizing Luxuriously Longer Mascara For Mother's Day,Women Summer Gift",Beauty & Health
,,2.1,5.0,1.0,#7 Best Sellers,in Body Care,"20g Moisturizing & Repairing Foot Cream For Cracked & Peeling Heels, Feet Skin Care",Beauty & Health
,,1.8,5.0,1.0,#10 Best Sellers,in Hair Accessories,1pc Ribbon Bow Hair Claw Clip Sweet Bowknot Hair Clips Nonslip Ponytail Holder Hair Accessories For Women Girls,Beauty & Health
,6.8k+ sold recently,1.8,5.0,1.0,,,8pcs Makeup Brush Set With Portable Case Professional For Blush Highlighter Eyeshadow Powder Concealer Eyebrow Blending Gift For Makeup Beginner Artist,Beauty & Health
,4.5k+ sold recently,3.1,6.0,1.0,,,15pcs Nail Art Brush Set,Beauty & Health
,3.7k+ sold recently,3.6,3.0,1.0,,,12 Pieces HD Wig Caps for Women HD Wig Cap for Lace Front Wig Bald Cap for Wigs Stocking Caps for Wigs,Beauty & Health
,80+ sold recently,3.68,20.0,13.0,,,"Makeup Tools 18pcs/Set, Including 1pc Headband, 2pcs Wristbands, 3pcs Makeup Sponge, 3pcs Mini Makeup Sponge, 3pcs Triangle Powder Puff, 6pcs Air Cushion Powder Puff. Mixed Beauty Sponge For Liquid, Cream And Powder Foundation, Multi-Colored Makeup Sponge With Latex-Free, Wet And Dry Use Foundation Cream, Suitable For All Skin Types.",Beauty & Health
,600+ sold recently,3.5,5.0,1.0,,,1pc Cosmetic Bag Toiletry Bag Multifunctional Hanging Organizer Travel Makeup Storage Waterproof Blue Mist For Travel Home Use,Beauty & Health
,,2.4,4.0,5.0,#3 Best Sellers,in Glitter & Facial Gems,"Rhinestone Facial Tattoo Sticker For Party, Face Jewels Festival Makeup Eye Jewels Stick On Rhinestone For Face, Hair, Body, Eye Black Friday",Beauty & Health
,700+ sold recently,0.39,72.0,5.0,,,"2pcs Facial Cleansing Brushes Set For Pore Cleaning, Blackhead Removing And Massage, Silicone Nose Brush & Manual Face Brush, Blue",Beauty & Health
,7.8k+ sold recently,1.5,12.0,5.0,,,Pink Mini Nail Buffer Block 180/100 Grit Sponge Nail Polish Sanding Buffer Strips Nail File Blocks Manicure Tools 20pcs,Beauty & Health
,,3.0,12.0,1.0,#4 Best Sellers,in Powder,1pc Light Brown Long Lasting Oil Control Matte Setting Loose Powder With Velvet Puff,Beauty & Health
,3.5k+ sold recently,1.9,5.0,1.0,,,600pcs (25 Sheets) Double Side Gel Nail Glue For Press On Nails Jelly Double Sided Nail Adhesives Sticky Tabs Nail Glue Sticker Nail Stickers DIY,Beauty & Health
,700+ sold recently,2.4,0.0,1.0,,,"1pc 3D Sleep Mask, Comes With Ear Plugs, Unisex Night Mask To Block Lights, Soft And Breathable Eye Cover For Office Naps, Travel, Gift For Colleagues And Friends",Beauty & Health
,500+ sold recently,2.0,5.0,1.0,,,"10pcs Forehead Wrinkle Patches, Smoothing And Preventing Wrinkles, Lifting And Firming Skin",Beauty & Health
,9.7k+ sold recently,7.5,4.0,1.0,,,"Leave-In Repair Hair Mask Treatment To Repair Dry Or Damaged Hair - 4 Minutes To Reverse Hair Damage From Bleach, Color, Chemical Services And Heat",Beauty & Health
,,42.2,0.0,1.0,,,KM-1763 Kemei/KEMEI New USB Fast Charging Adjustable Knife Head Electric Pusher LED Digital Display,Beauty & Health
,4.9k+ sold recently,2.65,9.0,4.0,,,"HECI BEAUTY Heart-Shaped Blush Stick 3-In-1 Cream Blush Adorable Beautiful Color Pink Natural Rosy Glow Blusher Long-Lasting Color For Lips, Eyes And Cheeks 1pc LOVE Holiday Gifts For Mother&Friends&Women And Girl Y2K",Beauty & Health
,70+ sold recently,3.9,5.0,4.0,,,"MAANGE 9pcs Professional Makeup Brush Set,Makeup Tools With Soft Fiber For Easy Carrying,Foundation Brush,Eye Shadow Brush,Smudge Brush,Eyebrow Brush,Brush Set For Travel",Beauty & Health
,2.7k+ sold recently,1.9,5.0,4.0,,,"50 Pcs Disposable Eyebrow Brushes, Micro Eyelash Brush, Mascara Wands, Spoolies For Lash Extensions, Makeup Eyebrow Tool (50 Pcs, Pink)",Beauty & Health
,1.2k+ sold recently,2.6,7.0,1.0,,,"Two Tone And Double-Sided Design Professional Pedicure Foot File With Lanyard For Easy Storage, 1pc U Shaped Foot Sander Colossal Foot Rasp Foot Scrubber Pedicure Tool, Best Foot Care Pedicure Tool To Remove Hard Skin And Dead Skin",Beauty & Health
,1.3k+ sold recently,2.85,23.0,1.0,,,1PC Academy Style Nylon Towel Embroidered Letter Makeup Bag Valentine's Day Gift Indoor Toilet Bag Lipstick Cosmetics Travel Vacation Storage Bag Key Card Miscellaneous Storage Change Bag,Beauty & Health
,,2.9,3.0,1.0,#2 Best Sellers,in Styling Products,"Hair Wax Stick For Edge Control, 75g, Clear, Non-greasy Texture, Suitable For Both Men And Women To Style And Set Fringes",Beauty & Health
,,8.81,4.0,1.0,#2 Best Sellers,in Oral Care Appliances,New Electric Oral Irrigator Portable Dental Water Flosser Teeth Cleaner For Home Use,Beauty & Health
,,2.59,11.0,4.0,#10 Best Sellers,"in Nail,Hand & Foot Care",10pcs Gray Half Moon Shape Nail File 100/180 Grit,Beauty & Health
,500+ sold recently,2.9,3.0,1.0,,,"1pc Creative Pink Resin & Gilt Ring/Earrings/Nail Art Display Stand Holder, Suitable For Home Use,Room,Home,Bedroom,Bathroom,House,Pink Room,Living Room Decor,Travel Stuff,Gift Bag,Gifts For Mom,Dad,Men,Friends,Teacher,Birthday,Wedding,Desk,Shelves,Accessories,Gift Boxes,Funny Gift,Storage",Beauty & Health
,,0.95,44.0,1.0,,,10g/Box Luminous Chrome Nail Powder Glow In The Dark Pigment Phosphor Blue Green Sky Blue Light Glitter For Nails Colorful Rubbing Dust Decoration Supplies,Beauty & Health
,,11.3,3.0,1.0,#7 Best Sellers,in Makeup Organizers,"Manicure Drawer Storage Box, 1pc Multifunctional Desktop Cosmetics Storage Box With Drawers, Large Capacity Waterproof & Dustproof Plastic Organizer On Dresser With Big Size, Nail Tool, Polish, And Glue Storage Rack For Bathroom Vanity, For Lipstick, Brushes, Lotions, Eyeshadow, Nail Polish And Jewelry And Desktop Storage,Room,Home,Bedroom,Bathroom,House,Pink Room,Living Room Decor,Travel Stuff,Gift Bag,Gifts For Mom,Dad,Men,Friends,Teacher,Birthday,Wedding,Desk,Shelves,Accessories,Gift Boxes,Funny Gift,Storage",Beauty & Health
,500+ sold recently,0.91,65.0,1.0,,,"1 Pc Octopus Comb,Detangling Brush,Faster Easier Detangle Wet Or Dry Hair With No Pain,Wavy/Curly/Coily/Oil/Thick/Long Hair, Knots Detangler Easy To Clean Hair Comb/Hair Brush (Dusky Pink)",Beauty & Health
,6.9k+ sold recently,2.0,5.0,1.0,,,3 Colors Liquid Blush Stick: Dewy Finish Tint Blush Makeup with Moisturizing Long-Lasting Gel-Cream in Soft Pink Shade(101),Beauty & Health
,200+ sold recently,3.2,3.0,1.0,,,"3pcs/Set Edge Control Gel For Wig Non-Greasy Frizzy Edge Control Styling Wax, Women Broken Hair Finishing Cream, Non Sticky, No Flaking, 2pcs Edge Smoother Pomade Gel With Melting Elastic Band, 1.05oz/ 30g Edge Control Set",Beauty & Health
,,4.19,30.0,6.0,#3 Best Sellers,in Powder,SHEGLAM Baked Glow Setting Powder-TranslucentÂ  Oil Control Loose Setting Powder Translucent Pore-less Flawless Smooths Fine Lines Glowy Powder Black Friday Winter Powder,Beauty & Health
,600+ sold recently,0.67,39.0,1.0,,,"100pcs Disposable Ultra Small Double-Ended Swabs, Non-Shedding Micro Brush For Eyelash Extension Glue Removal Tool",Beauty & Health
,,2.5,4.0,1.0,#4 Best Sellers,in Oral Tools,7-Piece Professional Dental Cleaning Kit: Reusable Stainless Steel Toothpicks & Portable Floss For Teeth Cleaning,Beauty & Health
,1.3k+ sold recently,2.7,7.0,1.0,,,"50g Remove Blackhead Quiyum Charcoal Peel Off Black Mask, Deep Cleansing Pores Face Mask Pore Shrinking Facial Care Cleanser Gift For Mom, Mother's Day Spa Skincare",Beauty & Health
,300+ sold recently,7.3,8.0,1.0,,,1PC Uv Led Nail Lamp 18 LEDS Lamp For Manicure Accessories Nails Accessories And Tools Nail Polish Dryer Drying Equipment Gel Professional Nail Art Tools With Automatic Sensor With 3 Timer Setting 3 Style,Beauty & Health
,10+ sold recently,1.6,6.0,4.0,,,24pcs Medium Long Almond Shape French Fresh & Simple Fruit Pattern False Nails Set + 1pc Nail File + 1pc Jelly Gel,Beauty & Health
,7.8k+ sold recently,1.4,7.0,10.0,,,"Nail Art Bead Pen With Wax Head And Self-Adhesive Function, Dual End Design For Picking Up And Removing Crystal, Rhinestone, Gem, Jewelry Sticker, One Piece, Pink Dotting Pen Tool Nail Art Tip Dot Paint Manicure",Beauty & Health
,400+ sold recently,1.3,7.0,1.0,,,14rolls Glitter Nail Striping Tape Nail Stickers DIY,Beauty & Health
,1.3k+ sold recently,1.7,6.0,6.0,,,"1pc Dual-Sided Simulation Silk Eye Mask, Light-Blocking And Fatigue-Relieving, Random Color",Beauty & Health
,8.9k+ sold recently,3.7,0.0,1.0,,,"1pc Flower-shaped Jewelry Tray, Jewelry Plate, Jewelry Storage Tray, Jewelry Holder, Creative Household Jewelry Storage Decoration, 4.13inch",Beauty & Health
,2.7k+ sold recently,3.8,12.0,4.0,,,"Initial Letter Patch Makeup Bag, Preppy Portable Chenille Letter Cosmetic Bag With Zipper, PU Leather Waterproof Travel Toiletry Bag Monogram Make Up Pouch For Women Girls (Letter A~Z)",Beauty & Health
,2.8k+ sold recently,1.7,6.0,1.0,,,1pc Silk Bonnet For Sleeping Hair Wrap Head Cover Scarf Protect Braids Bonnet,Beauty & Health
,,3.8,5.0,1.0,#3 Best Sellers,in Facial Serums,bottle of 30ml four-in-one essence liquid nicotinamide hyaluronic acid vitamin C vitamin E repairing moisturizing moisturizing skin essence,Beauty & Health
,900+ sold recently,4.4,2.0,12.0,,,"MAANGE 2pcs Professional Foundation Brush Set,Beveled Tubular Makeup Brush,Makeup Tools With Soft Fiber For Easy Carrying,Brush For Travel",Beauty & Health
,2.6k+ sold recently,1.4,7.0,5.0,,,"1pc Glass Crystal Cup, Nail Art Acrylic Liquid Powder Nail Art Cups Bowl Glassware Tools, Pink",Beauty & Health
,20+ sold recently,4.1,5.0,1.0,,,"300 Pcs Per Box,18D,Thickness 0.05mm,Sharp Narrow Stem Premade Fans Eyelash Extension,Cluster Eyelashes,Natural & Soft,Hand-Grafted False Eyelashes",Beauty & Health
,5.6k+ sold recently,2.4,8.0,1.0,,,"9 Led Nail Lamp, Mini Uv Nail Dryer For Gel Nails Polish, Portable Flashlight For Nail Art - Pink Nail Dryer For Fast Curing",Beauty & Health
,3.0k+ sold recently,3.6,3.0,1.0,,,1pc Stainless Steel Gua Sha Facial Massager Tools Metal Face Gua Sha Tool Tighten Skin Heart Shape Massage,Beauty & Health
,4.5k+ sold recently,1.8,5.0,1.0,,,5D Silk Fiber Mascara Waterproof Dense Long-term Effect Is Not Easy To Fade Curl Mascara-Blue,Beauty & Health
,,0.55,69.0,1.0,#3 Best Sellers,in Lip Care,"Cat Claw Shaped Waterproof Long-lasting Color Changing Lipstick, Moisturizing And Hydrating",Beauty & Health
,,1.9,5.0,1.0,#3 Best Sellers,in Lip Brushes,"Lip Brush, 100pcs Disposable Lipstick Lip Gloss Wands Applicator Makeup Cosmetic Tool Kit",Beauty & Health
,900+ sold recently,1.8,5.0,1.0,,,"1pc Eye & Face & Neck 3d Rhinestone Crystal Sticker Resin Gemstone Facial And Body Decoration,Temporary Tattoo For Festival,Carnival, Ins Party,Stage Performance Makeup",Beauty & Health
,,3.7,5.0,1.0,#1 Best Sellers,in Soaps,"Handmade Cold-Processed Soap With Turmeric, Lemon, Quercus And Ginger For Face And Body Wash (Granule Soap)",Beauty & Health
,60+ sold recently,2.0,63.0,4.0,,,"1pc Portable Large Capacity Makeup Bag, Modern Letter Graphic Cosmetic Bag, For Home, Travel",Beauty & Health
,,2.4,4.0,1.0,#1 Best Sellers,in Braiders & Rollers,"1pc Heatless Curling Wand(4pcs/set) With Headband, Ribbon, Claw Clip, And Curlers For Diy Soft, Natural Waves And Overnight Sleep Styling",Beauty & Health
,,1.0,50.0,1.0,,,"1pc Messy Hair Bun Hair Pieces Natural Wavy Curly Large Hair Bun Scrunchies Extensions Synthetic Hair Pieces For Women,Easy To Use",Beauty & Health
,1.7k+ sold recently,6.4,20.0,1.0,,,"1pc Detachable Multi-layer Cosmetic Storage Rack With Buckles, For Skincare And Nail Polish Organization",Beauty & Health
,2.5k+ sold recently,5.7,3.0,12.0,,,7PCS Makeup Puff Set+1pc Makeup brush cleaning bowl+18PCS makeup brush sets Premium Synthetic hair Eyeshadow Blending brush sets cosmetics tools for face and eyes Black Friday,Beauty & Health
,,1.8,5.0,1.0,#7 Best Sellers,in Eye Brushes,"50pcs Crystal Handle Disposable Eyelash Brush Spiral Small Brush & Eyebrow Comb, Curling Lash, Extension Tool Black Friday",Beauty & Health
,9.2k+ sold recently,1.4,7.0,1.0,,,Waterproof Sweat-proof Ultra Fine Eyebrow Pencil,Beauty & Health
,200+ sold recently,1.3,7.0,1.0,,,"8pcs Eyebrow Stencils For Women Makeup, Handheld Eyebrow Shaper Template Kit",Beauty & Health
,200+ sold recently,1.2,8.0,1.0,,,"60pcs/Set Safety Eyebrow Trimmer & Shaver, Exfoliating Dermaplaning Tool, Body Hair Removal Trimmer And Face & Eyebrow Razor Set Long Handle Safety Blade With Precision Cover Women Eyebrow Shaping Tools Suitable For Or Travel Use",Beauty & Health
,2.6k+ sold recently,5.3,4.0,1.0,,,"1pc Women Girls Nylon Waterproof Glitter Chenille Letter Transparent Clear Preppy Patch Makeup Cosmetic Bag Travel Toiletry Storage Pouch For Swim Beach,Pink Room Decor Home Bedroom Bathroom Living Room Desk Decor Travel Stuff Wedding House Decorbirthday Mushroom New Years Accessaries Gifts For Dad Mom Best Friend Teacher Man Funny Giftstorage Jewelry Organiser Box Bathroom Set Storage Organizer In Storage Boxes & Bins Perfume Organizer Makeup Bag Gift Storage Box Bag Bathroom In Storage Shelves & Racks Storage Makeup Organizer Makeup Case",Beauty & Health
,,1.8,5.0,1.0,#3 Best Sellers,in Facial Massage Tools,1pc Heart Design Gua Sha Board Natural Jade Facial Massager Tools For Skin Lifting And Reduce Puffiness Wrinkle Skin Care Tools,Beauty & Health
,,11.6,4.0,5.0,#7 Best Sellers,in Electric Nail Drills,Electric Nail Art Manicure Pedicure Drill Pen Style Nail Polisher Machine Tool Kit With Low Noise Cutters & Nail Files,Beauty & Health
,100+ sold recently,2.4,20.0,1.0,,,"1pc Mini Hair Extension Pliers ,Bent Nose Pliers For Hair Extensions, Hair Styling Tool,Hair Extension Tool  Hair Extension Remove Pliers ,Professional Hair Styling Tools Accessory",Beauty & Health
,3.7k+ sold recently,2.1,5.0,7.0,,,"1pc Resin Nail Art Palette Inlay Rhinestone, Nail Art Painting Mixed Color Palette Golden Edge Nail Gel Color Makeup Display Board For Foundation Makeup Tools Eyeshadow Nail Art",Beauty & Health
,500+ sold recently,1.06,44.0,1.0,,,"1 Piece Skin Care Professional Microneedle Roller, Facial Skin Care Beauty Microdermabrasion Tool",Beauty & Health
,300+ sold recently,1.94,19.0,1.0,,,1pc Palette + 1pc Rod - Clear Acrylic Nail Polish Palette False Nail Tips Drawing Nail Color Palette for Nail Color Mixing Display Manicure Polish Gel Too,Beauty & Health
,10k+ sold recently,3.34,20.0,5.0,,,20pcs Pink Waterproof Nail Tips Art Table Towels Mat Nail Tips Art Paper Disposable Foldable Nail Table Mat Nail Tips Art Waterproof Pad For Salon Practice Manicure,Beauty & Health
,200+ sold recently,1.96,18.0,1.0,,,"1 Bottle Of Watermelon Essential Oil, Single Bottle Of 100% Pure Aromatic Essence Oil, Used For Diffuser, Humidifier, Massage, Spa, Candle, Soap, Organic Watermelon Essential Oil, Perfume (10ml)",Beauty & Health
,2.2k+ sold recently,5.54,6.0,1.0,,,1PC Cute Makeup Bag Travel Cosmetic Bag Toiletry Bag Make Up Organizer Bag Large Capacity Portable Storage Bag Gift For Women Girls,Beauty & Health
,3.0k+ sold recently,2.4,4.0,1.0,,,"Simple Style Cosmetic Bag,Makeup Bag Makeup Pouch Skincare Bag Toiletry Bag Packing Cubes,Travel Essentials Cruise Essentials Dorm Essentials,Wedding Bridesmaid Gifts,Mom Gifts,Birthday Gifts,Gifts For Friends And Teachers,Home Decor,Bathroom Livingroom Bedroom Decor,Bathroom Organizer,Jewelry Organizer,Lip Oil Organizer,Nail Polish Organizer Makeup Bag Storage Makeup Organizer Makeup Case",Beauty & Health
,,1.5,6.0,1.0,#1 Best Sellers,in Single Eyeshadow,Pearl Shimmer Eyeliner Pencil With Light-reflecting And Glittering Effect Y2K,Beauty & Health
,400+ sold recently,2.6,4.0,1.0,,,"1Pc Transparent Cosmetic Bag With Semi-Transparent Pvc Toiletry Bag, Pu Matte Shower Bag, Swimming Bag, And 3 Storage Bags Set Gift For Women Travel Accessory",Beauty & Health
,400+ sold recently,1.01,44.0,1.0,,,24pcs Medium Almond Shape Press On Nails Star Pink Heart Bowknot And Rhinestone Fake Nails Valentine'S Day Gift For You Lover Nail Supplies,Beauty & Health
,,4.28,41.0,1.0,#6 Best Sellers,in Oral Care Appliances,"6 Modes Multi-Functional Sonic Electric Toothbrush, 8/4 Heads Kit, Equipped With 2 Minutes Smart Timer And 30S Area Switch Reminder, Waterproof Usb Rechargeable Oral Cleaner Set For Family Or Travel Use",Beauty & Health
,1.8k+ sold recently,4.0,9.0,1.0,,,"Sanding Bands For Nail Drill Sanding Bands #80#150#240 Grits 150Pcs Color Coarse Fine Nail Sanding Bands 2Pcs Nail Drill Bits 3/32"" Mandrel Bits Portable Storage Box Set",Beauty & Health
,100+ sold recently,2.68,1.0,1.0,,,"Qtip Holder Dispenser With Lid - 10-Ounce Bathroom Storage Box For Balls Swab Bath Salts Vanity Canisters Countertop Organizer Jar,Clear Pink",Beauty & Health
,,3.3,3.0,1.0,#5 Best Sellers,in Lip Sets,"Waterproof Lipliner, 12pcs Matte Lipliner Pencil Set",Beauty & Health
,80+ sold recently,2.43,10.0,1.0,,,"14pcs Makeup Brush Set With Random Gift Of Makeup Sponge, Coffee Color For Loose Powder Brush, Blush Brush, Contour Brush, Eyeshadow Brush, Beauty Blenders. Beginner's Must-Have Portable Storage Bag For Traveling, Makeup Tool",Beauty & Health
,8.5k+ sold recently,3.9,7.0,1.0,,,"Stainless Steel Dead Skin Nippers, G02, Russian Style, Remove Dead Cuticles",Beauty & Health
,,1.1,50.0,1.0,,,10pcs Y2K Crystal Rhombus Nail Gems Rhinestone Charms 3d Nail Art Design Accessories For Women Girl Long Acrylic Nails Tips DIY Crafts Decoration,Beauty & Health
,,1.8,50.0,1.0,,,6 Boxes/Set Mermaid Chrome Nail Powder Nail Powders 3D Holographic Aurora Iridescent  Mermaid Chrome Nail Powder Ice Transparent Holographic  Iridescent Pigment Pearl Magic Mirror Powder Metal Chrome Mirror Nail Glitter Pigment Luxury Nail Art Decorations Manicure Accessories DIY Nail Charms Nail Gems Nail Supplies  ÙØ³Ø§Ø­ÙÙ Ø§ÙØ£Ø¸Ø§ÙØ± ÙÙ ÙØ³Ø­ÙÙ Ø§ÙÙØ±ÙÙ Ø¹ÙÙ Ø´ÙÙ Ø­ÙØ±ÙØ© Ø§ÙØ¨Ø­Ø±,Beauty & Health
,,3.49,30.0,1.0,#2 Best Sellers,in Lip Tint,SHEGLAM Peel Talk Lip Tint-Tongue Twister Long-Lasting Waterproof Liquid Lipstick Peel Off Lip Stain High Pigment Tattoo Tint Black Friday Sale Gift Lip Tint,Beauty & Health
,,1.1,50.0,1.0,,,NEW 5 Pairs Wet Look Lashes Spiky Manga Wispy False Eyelashes Thick Cross Makeup Dramatic Fake Eyelashes Soft Natural Eyelashes Extension,Beauty & Health
,10+ sold recently,1.8,5.0,1.0,,,1pc Shiny Blingbling Sunflower & Green Leaf Nail Sticker,Beauty & Health
,,1.7,6.0,4.0,#9 Best Sellers,in Wigs & Accs,Clip In Bangs Front Neat Black Bangs Hairpiece Synthetic Fake False Hair Piece Bangs Hairpiece Clip In Hair Extensions For Women Heat Resistant,Beauty & Health
,10+ sold recently,0.8,50.0,1.0,,,"1 Piece Of Cute Animal Outdoor Dining Manicure Stickers, Including Bears, Bunny, Ice Cream, Popsicles, Rainbow, Radish, Cherry, Suitable For Boys And Girls To DIY Nail Stickers",Beauty & Health
,1.0k+ sold recently,4.56,20.0,1.0,,,"Anti-corrosion Press Nail Polish Remover Bottle, 1pc Glass 180ML Anti-static Nail Art Tool for Nail Washing",Beauty & Health
,100+ sold recently,4.24,20.0,6.0,,,Extra Long Square Full Cover Nail Tips 240PCS XXXL Clear Full Cover Fake Nails False Nails 12 Sizes Tapered Square Press On Fake Nail Tips For Acrylic Nails Salons Home DIY With Box Nail Supplies,Beauty & Health
,200+ sold recently,5.16,33.0,9.0,,,"Ftmy 12pcs/Set Gel Nail Polish Kit With Base Coat & Top Coat, Matte & Glossy, No Wipe, Multiple Colors, Women's Gift",Beauty & Health
,200+ sold recently,1.2,8.0,1.0,,,"1pc Temporary Tattoo Sticker With Red Rose, Pearl And Lace Pattern For Arm, Chest, Abdomen, Back Black Friday",Beauty & Health
,1.1k+ sold recently,3.4,6.0,1.0,,,"TRSTAY Anti-Aging Cream, Which Helps You Recover Young, Contains Collagen, Retinol, Hyaluronic Acid And Other Effective Ingredients",Beauty & Health
,,1.6,6.0,1.0,#1 Best Sellers,in Gel Nail Strips,1pc Semi-Cured Gel Nail Sticker French Style Nail Sticker 16pcs French Style Nail Sticker White Nail Sticker Back Glue Nude Transparent Gel Nail Sticker With UV Lamp French Style Nail Stickers DIY,Beauty & Health
,1.8k+ sold recently,2.8,3.0,1.0,,,"1 Set White Shell Pattern Makeup Brush Set With Mirror, Portable Mini Brush Set",Beauty & Health
,,1.77,46.0,1.0,#5 Best Sellers,in Wig Caps & Tools,"Hair Wax Stick For Wig Professional Hair Wax Stick Gel Cream Non-Greasy Style Hair Wax Stick For Men Women Broken Hair Artifact .Christmas,Black Friday Donna,Ofertas Esperciales",Beauty & Health
,,2.99,25.0,1.0,#6 Best Sellers,in Teeth Whitening,SlowSunday Teeth Whitening Powder,Beauty & Health
,3.9k+ sold recently,2.6,10.0,1.0,,,8Pcs Acrylic Nail Brush Flower Drawing Pen Nail Painting Brush Gradient Design Wood Handle Manicure Nail Art Polish Pen Tool,Beauty & Health
,100+ sold recently,1.41,36.0,1.0,,,10pieces ) Hair Clips Prong For Hair Metal Hair Clips For Styling Hair Clips For Alligator Hair Clips Sectioning Clips- Barrettes For Hairdressing Salon Styling Tools Stainless Steel,Beauty & Health
,900+ sold recently,4.99,17.0,1.0,,,SHEGLAM Over The Rainbow Glitter Eyeshadow Topper,Beauty & Health
,500+ sold recently,2.88,20.0,4.0,,,1pair Heart Pattern Sun Protection Nail Art Half-finger Gloves,Beauty & Health
,200+ sold recently,4.8,4.0,1.0,,,"1pc Acrylic Cosmetic Organizer Multi-Layer Transparent Display Rack With Perfume And Beauty Tools Display Rack, Reinforced Trapezoidal Structure",Beauty & Health
,,1.7,6.0,1.0,#9 Best Sellers,in Hair Care & Styling,5ML/15ML/30ML/50ML/TRSTAY Eyelash Eyebrow Growth Oil Brow Essential Oils Essence Anti Alopecia Castor Oil Organic 100% Pure,Beauty & Health
,,9.2,4.0,4.0,#5 Best Sellers,in Makeup Organizers,"Multifunctional Rotatable Cosmetic Storage Box, 1pc Large Capacity Makeup Organizer, Desk Organizer Fits Face Moisturizer, Perfume, Facial Cleanser, Storage Bucket For Countertop Vanity, Kitchen And Bathroom, Gift For Women And Girls-White,Room,Home,Bedroom,Bathroom,House,Pink Room,Living Room Decor,Travel Stuff,Gift Bag,Gifts For Mom,Dad,Men,Friends,Teacher,Birthday,Wedding,Desk,Shelves,Accessaries,Gift Boxes,Funny Gift,Storage",Beauty & Health
,1.0k+ sold recently,1.28,20.0,1.0,,,1pc Mini Transparent Hair Comb For Straightening Hair Hair Brush,Beauty & Health
,,19.7,8.0,1.0,#7 Best Sellers,in Nail Art Salon Sets,30PCS Acrylic Nail Powder Set With 30ML Acrylic Liquid 36W Nail Lamp Nail Drill Machine 100pc Nail Tips Full Cover Nail Design Manicure Tool Set,Beauty & Health
,500+ sold recently,2.76,48.0,1.0,,,"1pc Bracelet Display Stand Single Layer Velvet Watch Holder For Display, Jewelry Organizer, Watch Presentation Box, Necklace Bracelet Pendant Chain Holder, Watch Display Stand",Beauty & Health
,300+ sold recently,0.67,44.0,1.0,,,"Nail Art Diy Colorful Pearl Luster Super Thin Laser Glitter Sparkle Powder Box With Star, Moon, Heart, Butterfly Shape And Gradient, Mixed Design, 1 Box Nail Charms Nail Gems Nail Supplies",Beauty & Health
,,11.6,4.0,1.0,#2 Best Sellers,in Makeup Organizers,"1 Cosmetic Storage Box, Multi-Layer Drawer, Skin Care Product Transparent Shelf, Lipstick Facial Mask Storage",Beauty & Health
,,0.9,10.0,1.0,#2 Best Sellers,in Nail Glue & Adhesive,"1set 2gNail Glue For Acrylic Nails, Clear No Wipe Adhesive Rhinestone Gems Glue Gel, Nail Glue Gel Press On Nails For Nail Art Manicure",Beauty & Health
,,6.1,8.0,1.0,#4 Best Sellers,in Foot & Hand Care Tools,"Foot Soak Callus Remover Gel Extra Strength Callus Remover Gel Foot Soak With Epsom Salts For Calluses, Dry Cracked Heels,Odor - Pedicure For Tired Feet",Beauty & Health
,,47.99,32.0,1.0,,,"Ionic Hair Straightning Brush|Portable Hot Comb, 9 Temp Settings, 30s Fast Heating, Hair Straightening Comb With LED Display, Anti-Scald & Auto-Shut Off Hair Straightening Iron (Pink)",Beauty & Health
,500+ sold recently,4.37,22.0,14.0,,,"Spring/Summer New Fashion Plaid Quilted Cosmetic Pouch, Casual Clutch, Wrinkled Mini Bubble Bag Makeup Bag Organizer Makeup Organiser Makeup Storage Makeup Holder Cosmetic Bag Cosmetic Storage Organizer Cosmetics Bags Cosmetic Organiser",Beauty & Health
,1.6k+ sold recently,1.6,0.0,1.0,,,"Moisturizing And Long-Lasting Color Changing Lip Gloss With Temperature Sensing Effect, It Can Reduce Lip Lines And Improve Lip Dryness. Suitable For Daily And Natural Makeup, Can Be Used Alone Or As Lipstick Base.",Beauty & Health
,,2.2,4.0,5.0,#6 Best Sellers,in Lip Sets,"Lip Oil, Hydrating Gloss Tinted Lip Balm Transparent Lip Care, Big Brush Head Glitter Shine, Long Lasting Nourishing Non-sticky Fresh Texture",Beauty & Health
,,1.5,0.0,18.0,#10 Best Sellers,in Combs,"Shampoo Comb Scalp Massager,1Pc Shampoo Brush With Soft Silicone Bristles Wet And Dry Use Scalp Care Brush Detangling Hair Comb For Men, Women, And Children Black Friday Hair Brush",Beauty & Health
,800+ sold recently,2.17,34.0,1.0,,,1pc Silicone Facial Massage Ice Tray,Beauty & Health
,,2.1,0.0,1.0,#2 Best Sellers,in Eye Care,"5pairs/Pack Collagen Crystal Eye Mask Under Eye Patch, Moisturizing, Anti-Wrinkle, Reducing Fine Lines, Dark Circles, Puffiness, Lifting & Firming Eye Patches",Beauty & Health
,900+ sold recently,1.05,30.0,18.0,,,"Shampoo Comb Scalp Massager,1Pc Shampoo Brush With Soft Silicone Bristles Wet And Dry Use Scalp Care Brush Detangling Hair Comb For Men, Women, And Children Black Friday Hair Brush",Beauty & Health
,300+ sold recently,1.37,49.0,1.0,,,"6pcs Lipstick Gift Set, 8 Kinds Of Fruit Flavored Lip Gloss, Lipstick, Colorless Lipstick, Party Supplies Gifts, Souvenir Gifts, Long-Term Moisturizing And Nourishing Lip Mask",Beauty & Health
,200+ sold recently,2.1,13.0,4.0,,,"10pcs Large Anti-Oxidation Jewelry Bags, Clear Jewelry Zipper Bags, Small Jewelry Organizer, Ring Earring Storage Bags, Watch Necklace Bracelet Earrings Ring Storage Bag,Self Seal Jewelry Packing Pouch, Portable Waterproof Ziplock Bags",Beauty & Health
,1.2k+ sold recently,1.37,32.0,1.0,,,"Liquid Lipcolor,Moisturizing Lip Gloss, Non-stick Cup Mirror Nourishing Lip Oil For Daily Use",Beauty & Health
,3.9k+ sold recently,2.0,5.0,1.0,,,1pc Mesh Makeup Bag Black Friday,Beauty & Health
,1.3k+ sold recently,3.75,32.0,10.0,,,"Preppy Makeup Bag For Women Travel Toiletry Bag Chenille Letter Cosmetic Bag PU Leather Waterproof Pouch Cute Zipper Organizer, Skin, Hair And Face",Beauty & Health
,400+ sold recently,4.8,13.0,10.0,,,"Preppy Makeup Bag For Women Travel Toiletry Bag Chenille Letter Cosmetic Bag PU Leather Waterproof Pouch Cute Zipper Organizer, Skin, Hair And Face",Beauty & Health
,300+ sold recently,2.05,27.0,1.0,,,"1pc Facial Cleansing Brush & 1pc Makeup Headband,Skincare,Room Decor,Home Decor,Bedroom Decor,Bathroom,Christmas Gifts,Bathroom Decor,Travel,Travel Stuff,Wedding,Christmas Party,Mom Gifts,Home,Room,House Decor,Christmas Gift,Gifts For Mom,Birthday,Pink Room Decor,Living Room Decor,Bedroom,Gifts For Men,Dad Gifts,Mushroom,New Years,Mom,Accessories,Gifts For Dad,Friends,Funny Gift",Beauty & Health
,,1.5,6.0,4.0,#5 Best Sellers,in Hair Care & Styling,5ML/15ML/30ML/50ML Hair Growth Serum Anti Preventing Hair Loss Alopecia Liquid Damaged Hair Repair Growing Faster,Beauty & Health
,,5.49,15.0,1.0,#10 Best Sellers,in Face Make Up,SHEGLAM Lock'dÂ InÂ SettingÂ Spray Mattifying Effect Quick-Drying Long Lasting Makeup Locking Spray Oil-Control Non-Greasy Makeup Setting Black Friday Winter Summer Setting Spray,Beauty & Health
,,3.49,36.0,7.0,#7 Best Sellers,in Beauty & Health,SHEGLAM Glam 101 Lipstick & Liner Duo-Deep Caramel 2-In-1 Matte Dual-Ended Lip Liner Lipstick Pencil Highly Pigmented Long Lasting Smooth Easy To Wear Lip Makeup Black Friday Winter Pink Brown Lip Liner,Beauty & Health
,,4.99,17.0,14.0,#1 Best Sellers,in Blush,SHEGLAM ColorÂ BloomÂ LiquidÂ BlushÂ MatteÂ Finish-Love CakeÂ  Gel Cream BlushÂ  Long Lasting Non-Fading Highly Pigmented Lightweight Long Wear Smooth Blusher Black Friday Winter Pink Brown Gifts Blush,Beauty & Health
,,5.99,25.0,1.0,#10 Best Sellers,in Highlighter,SHEGLAM Go Go Glow Highlighting Body Mist-Frosted Opal Body Glitter Powder Spray High-Shine Finish Multi-Use Shimmer Glow Highlighter Face Makeup Black Friday Winter Gifts Highlighter,Beauty & Health
,10+ sold recently,5.9,5.0,1.0,,,"90ML 3.0FL.OZ Fragrance Hair & Body Mist Floral Fruity Notes Body Spray For Women, Lychee, Jasmine, Vanilla, Musk Uplifting Scent Perfume Spray, All Day Lasting Gift For Any Occasion, Ideal Holiday Gift",Beauty & Health
,,2.2,4.0,5.0,#10 Best Sellers,in Makeup,"Lip Glow Oil - Moisturizing Lip Treatment for Soft, Smooth Lips - Natural Lip Care with Hydrating and Nourishing Oils",Beauty & Health
,,4.99,17.0,7.0,#2 Best Sellers,in Contour & Bronzer,SHEGLAM Sun Sculpt Liquid Contour-Warm HoneyÂ  Gel Cream ContourÂ  Non-Greasy Long Lasting Highly Pigmented Natural Contour Contouring Weightless Bronzer Black Friday Winter Brown Contour & Bronzer,Beauty & Health
,7.2k+ sold recently,1.2,8.0,8.0,,,"False Eyelash Applicator"" ""Eyelash Applicator;Convenient Beauty Tool For Effortless Application Of False Eyelashes, Adhesive, And Hair Styling. Simplify Your Beauty Routine With Ease(Black)!",Beauty & Health
,,4.64,23.0,14.0,#5 Best Sellers,in Blush,SHEGLAM Color Bloom Liquid Blush-Petal Talk  Liquid Blush Liquid Waterproof Long Lasting High Pigment Non-Fading  Natural Lasting Glow Lightweight Face Makeup Black Friday Hot Pink Blush,Beauty & Health
,2.2k+ sold recently,1.8,5.0,1.0,,,1pc Waterproof Matter Eyeliner Gel,Beauty & Health
,,1.7,6.0,1.0,#1 Best Sellers,in Tattoo Ink,"Henna Dye Cream, Semi-Permanent Tattoo Ink, Body Art Colorful Tattoo Pigment, Long-Lasting Herbal Tattoo Ink, Temporary Tattoo Cream, Suitable For Parties.",Beauty & Health
,,2.7,7.0,6.0,#4 Best Sellers,in Brows & Lash Tools,"6 In 1 Lash Curler Set Eyelash Curler Eyebrow Brush Kit For Women With Lash Curler, Eyelash Comb Separator, Mascara Brushes, Angled Eyebrow Brush And Comb, 10 Silicone Refills Pads For Lash & Brow",Beauty & Health
,,2.9,3.0,4.0,#3 Best Sellers,in Body Make Up,"Highlighter Makeup Palette With Sparkles, Illuminate Facial Contours And Add Brightness, Pearl Powder For Body Highlighting",Beauty & Health
,,4.99,17.0,14.0,#6 Best Sellers,in Blush,SHEGLAM Color Bloom Liquid Blush-On Point  Liquid Blush Liquid Waterproof Long Lasting High Pigment Non-Fading  Natural Lasting Glow Lightweight Face Makeup Black Friday Pink Blush,Beauty & Health
,,3.78,12.0,4.0,#9 Best Sellers,in Nail Glue & Adhesive,60ml Nail Cuticle Remover Gel Cream Softner Liquid Smooth Moisturizing Nail Dead Skin Nail Art Treatment Care Repair Manicure Tools With Cuticle Pusher,Beauty & Health
,100+ sold recently,1.7,0.0,4.0,,,"1pc/45ml Portable Spray Bottle With Frame And Card-Style Perfume Bottle, Suitable For Travel, Party And Birthday Gift",Beauty & Health
,,1.89,24.0,7.0,#6 Best Sellers,in Body Care,SLOWSUNDAYâ¢ AloeÂ ExfoliatingÂ FootÂ PeelÂ MaskÂ RepairÂ HeelsÂ &Â RemovesÂ DryÂ DeadÂ Skin-Â PeelingÂ ForÂ CrackedÂ Foot,Beauty & Health
,500+ sold recently,4.49,31.0,21.0,,,SHEGLAM Complexion Boost Concealer-Earth Sponge-Head Applicator Matte Liquid Concealer Long Lasting Brightening Color Corrector Weightless All-Day Long Lasting Hydrating Concealer Black Friday Winter Concealer,Beauty & Health
,2.6k+ sold recently,4.0,13.0,14.0,,,"1 Piece Beige Minimalist Corduroy Functional Storage Bag,Multifunctional Sanitary Napkin Storage Bag Small Square Bag Ins Japanese Sweet Corduroy Square Makeup Toiletry Storage Bag.",Beauty & Health
,3.5k+ sold recently,4.0,13.0,14.0,,,"Minimalist Corduroy Functional Storage Bag,Multifunctional Sanitary Napkin Storage Bag Small Square Bag Ins Japanese Sweet Corduroy Square Makeup Toiletry Storage Bag.",Beauty & Health
,10k+ sold recently,2.3,4.0,1.0,,,New Cat Eye Eyelashes 3D Natural Transparent Band False Lashes Fluffy Soft Cross 5 Pairs Manga Lashes Wispy Natural Eyelash Extension Makeup,Beauty & Health
,,4.9,4.0,1.0,#4 Best Sellers,in Led Makeup Mirror,"Pocket Mirror 1X/3X Magnifying Led Travel Makeup Mirror With Light, 2-Sided Foldable Handheld Illuminated Mirror For Home Tabletop Decoration, Bathroom, Dresser Vanity & Countertop Bedroom Travel Dormitory Mirror Women Gift",Beauty & Health
,300+ sold recently,1.5,6.0,6.0,,,5pcs Nail Files For Natural Nails - Emery Boards For Nails Supply 100/180 Grit Nail Files For Gel Nails - Nail Buffer Block To Shape And Smooth - Professional Nail File Black Buffer Nail File Set,Beauty & Health
,5.8k+ sold recently,5.99,25.0,1.0,,,SHEGLAM Go Go Glow Highlighting Body Mist-Love Bomb Body Glitter  Powder Spray High-Shine Finish Multi-Use Shimmer Glow Highlighter Face Makeup Black Friday Winter Purple Pink Gifts Highlighter,Beauty & Health
,,2.2,4.0,5.0,#4 Best Sellers,in Lips,"Hydrating Lip Glow Oil, Moisturizing Lip Oil Gloss Transparent Toot Lip Oil Tinted Non-Sticky Nourishing Long Lasting Repairing Lightening Lip Lines and Dry Lips Lip Care Products",Beauty & Health
,,2.2,4.0,5.0,#9 Best Sellers,in Lips,"Rmoce Lip Oil, Hydrating Lip Glow Oil, Lip Plumper Gloss, Moisturizing Lip Oil, No-Sticky Transparent Plumping Lip Gloss, Lip Gloss Lip Balm Lip Care",Beauty & Health
,,2.4,4.0,1.0,#3 Best Sellers,in Highlighter,"Highlighter Powder Stick, 1pc Long-Wearing Brightening Body Highlighter",Beauty & Health
,,1.9,5.0,12.0,#9 Best Sellers,in Eyelashes Tools,50pcs Disposable Eyelash Brush Micro Crystal Lash Mascara Wand Makeup  Beauty Applicator,Beauty & Health
,1.4k+ sold recently,1.55,30.0,4.0,,,"6pcs Women's Hair Clips Set - Wide Teeth And Double Hinged Design - Crocodile Shaped Hair Styling Clips For Salon, Anti-slip Hairpins, Professional Plastic Hair Clips, Division Clips For Thick Hair, Short Snout Crocodile Clips, Used For Styling, Sectioning Hair, Barbering, Daily Wear Etc. Black Friday",Beauty & Health
,1.4k+ sold recently,1.36,20.0,4.0,,,"1pc Scalp Massager,Scalp Brush, Scalp Massage Brush Comb Shampoo Hair Washing Comb Shower Brush Bath Spa Slimming Massage Brush Shampoo Brush Silicone Hair Scalp Massager Shampoo Brush, Scalp Scrubber With Ultra-Soft Bristles, Integrated Design Scalp Exfoliator For Deep Cleanse, Dandruff Removal And Hair Growth Hair Brush",Beauty & Health
,,1.6,6.0,10.0,#1 Best Sellers,in Brushes Accessories,"1pc Silicone Flower Shaped Makeup Brush Cleaning Pad, Pink",Beauty & Health
,3.6k+ sold recently,1.57,8.0,1.0,,,"5Ml Bottom Refillable Perfume Bottle With Pump And Aluminum Shell, Portable Liquid Makeup Spray Dispenser Black Friday,Makeup Bag Makeup Pouch Skincare Bag Toiletry Bag Packing Cubes,Travel Essentials Cruise Essentials Dorm Essentials,Wedding Bridesmaid Gifts,Mom Gifts,Birthday Gifts,Gifts For Friends And Teachers,Home Decor,Bathroom Livingroom Bedroom Decor,Bathroom Organizer,Jewelry Organizer,Lip Oil Organizer,Nail Polish Organizer Makeup Bag Storage Makeup Organizer Makeup Case",Beauty & Health
,,1.58,7.0,4.0,#8 Best Sellers,in Eyebrows,"Waterproof Liquid Eyebrow Pen, Long-lasting Smudge Proof Eye Brow Makeup Product",Beauty & Health
,2.6k+ sold recently,3.99,33.0,20.0,,,SHEGLAM Like Magic 12Hr Full Coverage Concealer-Caramel  Matte Liquid Concealer Long Lasting Brightening Color Corrector Weightless All-Day Long Lasting Hydrating Concealer Black Friday Winter Concealer,Beauty & Health
,,1.9,0.0,1.0,#1 Best Sellers,in Bestselling Combs,"1pc Silicone Hair Washing Brush Comb Scalp Massage Comb, Shampoo Brush For Head Itching Relief",Beauty & Health
,3.0k+ sold recently,2.1,5.0,9.0,,,"1 Pack Spa Headband For Washing Face Or Facial, Skincare Headbands, Makeup Hairband Sponge, Terry Cloth Headbands, Face Wash Headband, Puffy Hairband For Sports Or Yoga, Fashion Accessories For Women And Girls, Great Gifts, White",Beauty & Health
,,3.95,34.0,20.0,#1 Best Sellers,in Concealer,SHEGLAM Like Magic 12Hr Full Coverage Concealer-Chantilly  Matte Liquid Concealer Long Lasting Brightening Color Corrector Weightless All-Day Long Lasting Hydrating Concealer Black Friday Winter Concealer,Beauty & Health
,10k+ sold recently,1.6,6.0,4.0,,,"Waterproof Liquid Eyebrow Pen, Long-lasting Smudge Proof Eye Brow Makeup Product",Beauty & Health
,1.3k+ sold recently,1.4,7.0,1.0,,,10pcs Pink Plastic Triangle Bead Sorting Trays Nail Art Tray Jewelry Picking Plates For Diamond Jewelry,Beauty & Health
,3.5k+ sold recently,0.95,57.0,4.0,,,"6pcs Women's Hair Clips - Wide Teeth And Double Hinges Design - Crocodile Shaped Sectioning Clip Professional Salon Clips, Non-slip Hair Clips. Suitable For Styling, Hair Partitioning, Haircutting, Daily Wear, Etc. Black Friday",Beauty & Health
,1.9k+ sold recently,1.6,6.0,1.0,,,"1pc Portable Makeup Brush Organizer Case, Travel Toothbrush Holder, Pen Holder Set, Multifunctional Cup With Cover For Bathroom Essentials,Room,Home,Bedroom,Bathroom,House,Pink Room,Living Room Decor,Travel Stuff,Gift Bag,Gifts For Mom,Dad,Men,Friends,Teacher,Birthday,Wedding,Desk,Shelves,Accessaries,Gift Boxes,Funny Gift,Storage",Beauty & Health
,5.5k+ sold recently,1.8,10.0,6.0,,,8pcs Silicone Flower Design Toe Splitter,Beauty & Health
,3.7k+ sold recently,3.99,20.0,5.0,,,SHEGLAM Jelly Wow Hydrating Lip Oil-Loco For CocoÂ  Moisturizing Clear Lip Gloss Plumping Non-Sticky Lip Care High Shine Finish Nourishing Coconut Extract Liquid Lip Cosmetics Black Friday Winter  Lip Gloss,Beauty & Health
,,1.8,10.0,10.0,#2 Best Sellers,in Nail Polish Remover Tools,"300pcs/bag Magic Nail Polish Remover Wraps, Pink, Bark Pattern, Non-shedding Nail Wipes For Gel Nail Polish And Eyelash Extensions, Cleansing Wipes Without Remover Included",Beauty & Health
,3.0k+ sold recently,2.2,0.0,1.0,,,"Eyeshadow Palette, 9-Color Matte Easily Blendable Long-Lasting Matte Eye Shadow Makeup Eyeshadow Palette",Beauty & Health
,9.9k+ sold recently,1.6,11.0,6.0,,,Nail File 5pcs Professional Reusable 100/180 Grit Double Sides Washable Nail File Manicure Tools For Poly Nail Extension Gel And Acrylic Nails Tools Suit For Home Salon,Beauty & Health
,900+ sold recently,1.9,5.0,5.0,,,1pc Heart-shaped Moisturizing Jelly Lipstick Pen With Mirror & Glossy Finish Y2K Makeup Lipstick,Beauty & Health
,,1.4,7.0,5.0,#9 Best Sellers,in Eyeliners,"Glitter Eyeliner 10-Color , Long Lasting Shimmer Waterproof Colourful Eyeliner, Easy Coloring Eye  Non-Smudge Fast Drying Long Lasting Eye Makeup(Color 03# 1pc)",Beauty & Health
,7.0k+ sold recently,1.6,6.0,1.0,,,"Matte Highlighter Pen, 1Pc Long Lasting Eye Shiny Makeup Star Diamond Streamer Liquid Eyeshadow Highlighter Wand",Beauty & Health
,3.5k+ sold recently,6.7,3.0,4.0,,,"5pcs Hair Brush Comb Set For Curly Hair With Hair 200mlSpray Bottle, Hair Brush Hairline Brush And Rat Tail Comb With Stainless Steel Long Tail Soft Glossy Teasing Brush For Hair Stylist WomenDetangling Brush Set, 9 Row Brush Sides Hair Edge Brush Set For Wet And Dry Hair",Beauty & Health
,,0.5,64.0,5.0,#7 Best Sellers,in Lip Gloss,"Liquid Lipcolor,Waterproof Long-lasting Matte Lip Gloss 04",Beauty & Health
,50+ sold recently,2.0,64.0,4.0,,,"1pc Portable Makeup Storage Bag, ,Modern Letter Graphic Makeup Storage Bag For Home",Beauty & Health
,60+ sold recently,0.6,50.0,1.0,,,"Acne Blackhead Removing Face Cleansing Brush, 1pc Soft Silicone Facial Cleansing Pad, Face Exfoliator Face Scrubby For Massage Pore Cleansing And Exfoliating, Shower Tool Brushes Cool Gift For Girl,Skincare,Room Decor,Home Decor,Bedroom Decor,Bathroom,Christmas Gifts,Bathroom Decor,Travel,Travel Stuff,Wedding,Christmas Party,Mom Gifts,Home,Room,House Decor,Christmas Gift,Gifts For Mom,Birthday,Pink Room Decor,Living Room Decor,Bedroom,Gifts For Men,Dad Gifts,Mushroom,New Years,Mom,Accessories,Gifts For Dad,Friends,Funny Gift",Beauty & Health
,,4.3,4.0,1.0,#6 Best Sellers,in Hair Treatment,"100g Nourishing Hair Mask Repair Damaged Hair, Prevent Dryness, Breakage, Knotting And Hair Loss",Beauty & Health
,,1.7,11.0,4.0,#6 Best Sellers,in Nail Glue & Adhesive,2 Bottles/pack 7g Nail Glue With Brush Head,Beauty & Health
,,1.8,10.0,4.0,#10 Best Sellers,in Nail Powder & Liquids,6 Grids Pearl Glitter Nail Powder  Effect Holographic Mirror Iridescent Nails Chrome Pigment Fine Nail Art Dust,Beauty & Health
,,6.57,10.0,1.0,#6 Best Sellers,in Women Shave & Hair Removal Appliances,200cc Pink Waxing Kit Wax Heater Warmer Hair Removal Machine For Hand Foot Body SPA Epilator Paraffin Wax Pot,Beauty & Health
,1.7k+ sold recently,0.67,48.0,12.0,,,"Eyeliner Pen, 1pc Long-Wearing Waterproof Eye Makeup Product Y2K Makeup Beauty Cosmetics",Beauty & Health
,2.6k+ sold recently,1.5,12.0,5.0,,,Upgrade Your Look With 24pcs Short Square Ombre Full Cover Fake Nail Classic Press On Nails Set Nail Supplies,Beauty & Health
,100+ sold recently,1.2,8.0,1.0,,,Black Friday 1box Heart & Butterfly Shaped Nail Art Decoration DIY Nail Charms Nail Gems Nail Supplies,Beauty & Health
,10k+ sold recently,1.3,7.0,1.0,,,"7g Super Strong Nail Glue, Suitable For False Nail Tips, Acrylic Nails, Finger Armor, Long-lasting Adhesion For Nail Art Decoration, Rhinestone Glue With Fast Drying",Beauty & Health
,,2.8,7.0,13.0,#8 Best Sellers,in Makeup Puffs & Sponges,"15pcs Makeup Sponges Set With Storage Container, 3pcs Beauty Blenders & 3pcs Mini Beauty Blenders & 3pcs Powder Puffs & 3pcs Mini Powder Puffs & 3pcs Mini Finger Air Cushion Powder Puffs, Foundation Mixing Beauty Sponge, Flawless For Liquid, Cream And Powder, Multi-Colored Makeup Sponges, Latex-Free Dry/Wet Dual-Use Foundation Cream, Containing Air Cushion Powder Puffs, Latex-Free Mixed Sponge And Makeup Puff, Suitable For Liquid Foundation, Foundation, Concealer. Suitable For All Skin Types. Made Of Ultra-Soft Velvet, Specially Designed For Contouring, Eyes, And Corners, A Beauty Blender Foundation Mixing Container.",Beauty & Health
,,4.2,9.0,1.0,#5 Best Sellers,in Nail Glue & Adhesive,"1pc Nail Rhinestone Glue, Gel Nail Glue For Rhinestones For 3D Design Super Strong",Beauty & Health
,600+ sold recently,2.86,23.0,1.0,,,1PC Academy Style Nylon Towel Embroidered Letter Makeup Bag Valentine's Day Gift Indoor Toilet Bag Lipstick Cosmetics Travel Vacation Storage Bag Key Card Miscellaneous Storage Change Bag,Beauty & Health
,800+ sold recently,0.55,54.0,1.0,,,"Barber Cleaning Brush, Neck Dust Collector, Hairstyle Brush, Hairdresser Specific Cleaning Brush, Hair Accessories",Beauty & Health
,5.2k+ sold recently,6.24,20.0,1.0,,,1pc Acrylic DIY Trapezoidal Display And Storage Shelf,Beauty & Health
,8.0k+ sold recently,1.9,5.0,6.0,,,"Fake Eyelashes Strip,7Pairs Natural False Eyelashes Makeup False Eyelashes",Beauty & Health
,100+ sold recently,0.65,46.0,7.0,,,1pc Simple Solid Color Exfoliating Bath Glove,Beauty & Health
,5.6k+ sold recently,3.49,30.0,1.0,,,SHEGLAM Peel Talk Lip Tint-Samesies Long-Lasting Waterproof Liquid Lipstick Peel Off Lip Stain High Pigment Tattoo Tint Black Friday Sale Gift Lip Tint,Beauty & Health
,,27.79,30.0,1.0,#1 Best Sellers,in Human Affordable Wear & Go Wigs,Short Wig With Bangs 1Bf99J# Human Hair Machine Made Wig Ombre Color,Beauty & Health
,2.5k+ sold recently,1.12,20.0,1.0,,,"Eyeliner Stencils,10Pcs Reusable Eyeliner Stencil Template For Eye Makeup",Beauty & Health
,3.0k+ sold recently,2.6,4.0,4.0,,,"1pc Resin Roller and Gua Sha Set- Anti Aging Resin Face Roller Massager & Guasha Tool for Face, Eye, Neck- Natural Beauty Skin Care Tools Body Muscle Relaxing Relieve Wrinkles Pink",Beauty & Health
,,2.9,0.0,1.0,#9 Best Sellers,in Personal Makeup Mirrors,1pc Simulation Laptop Modeling Makeup Mirror Personality Portable Mini Makeup Mirror Home Decoration Random,Beauty & Health
,300+ sold recently,1.7,0.0,1.0,,,"Arc-Shaped Hair Pins, Bobbypin, Hair Braiding Tool, 50pcs Ladies Hair Bun Hairpin, (2.4Inches), (Black) Black Friday",Beauty & Health
,1.0k+ sold recently,1.6,6.0,13.0,,,"24pcs Short Rainbow French Style Nude Color Simple Dopamine-INS Inspired Cute Fun Square False Nails + 1pc Jelly Glue + 1pc Nail Buffer Set, Summer Press On Nails Nail Supplies",Beauty & Health
,1.2k+ sold recently,0.56,57.0,1.0,,,"2pcs Double-Sided Edge Brush For Hair, Eyebrow, And Beauty Contouring, Suitable For Women And Girls' Natural Hairstyles Hair Brush Comb",Beauty & Health
,10+ sold recently,1.4,7.0,1.0,,,"3pcs New Transparent Mesh Cosmetic Bag For Women, Large Capacity Makeup & Skincare Storage Bag, Including Small Lipstick Bag And Medium Portable Toiletry Bag, Outdoor Travel Set",Beauty & Health
,,10.5,4.0,1.0,,,1pc Curling Iron Storage Rack Wall-Mounted Punch-Free Bathroom Wall Bedroom Table Storage Straight Hair Plate Curling Iron Anti-Scalding Rack With Hook,Beauty & Health
,600+ sold recently,7.6,4.0,1.0,,,"Cosmetic Storage Box,1Pc Pink Double Layer Makeup Storage Box Portable Cosmetic Storage Organizer,Room,Home,Bedroom,Bathroom,House,Pink Room,Living Room Decor,Travel Stuff,Gift Bag,Gifts For Mom,Dad,Men,Friends,Teacher,Birthday,Wedding,Desk,Shelves,Accessories,Gift Boxes,Funny Gift,Storage",Beauty & Health
,1.0k+ sold recently,1.7,6.0,1.0,,,"MAANGE 50pcs Crystal Handle Disposable Eyelash Brush,Easy Carrying Makeup Tools For Travel",Beauty & Health
,50+ sold recently,0.78,40.0,1.0,,,"High Heel Anti-Blister Stickers, Transparent+Can Be Cut To Fit, PE Material, Invisible Heel Sticker",Beauty & Health
,1.4k+ sold recently,0.68,62.0,1.0,,,24pcs Short Square French Style White Rose Minimalist Sexy Artificial Nails Set Press On Nails For Party Or Daily Wear Nail Supplies,Beauty & Health
,2.0k+ sold recently,2.9,6.0,1.0,,,Black Friday 30pcs/Bag 3D Nail Charms Kawaii Candy Random Mixed Resin For Acrylic Nail Art Tips Rhinestones Decoration DIY Jewelry Manicure Tool Nail Gems Nail Supplies,Beauty & Health
,1.1k+ sold recently,3.0,3.0,1.0,,,"1Pc Makeup Bag Checker Cosmetic Bag Chessboard Grid Pink,Green Women Bags For Make Up Blue , Black Small Bag Storage Makeup Case Yellow,Purple Travelling Bags For Ladies,Pencil Case Daily Big Large Capacity Makeup Brushes Travel Toiletry Bag Organizer Make Up Bagmakeup Bag Makeup Pouch Skincare Bag Toiletry Bag Packing Cubes,Travel Essentials Cruise Essentials Dorm Essentials,Wedding Bridesmaid Gifts,Mom Gifts,Birthday Gifts,Gifts For Friends And Teachers,Home Decor,Bathroom Livingroom Bedroom Decor,Bathroom Organizer,Jewelry Organizer,Lip Oil Organizer,Nail Polish Organizer",Beauty & Health
,,2.4,8.0,1.0,#6 Best Sellers,in Foot & Hand Care Tools,4pcs Stainless Steel Toe Nail Trim Kit Foot Scraper Foot Nail Care Double Sided Pedicure Nail File Callus Remover For Cleaning And Removing Ingrown Toenails,Beauty & Health
,700+ sold recently,0.53,65.0,1.0,,,"2Pcs/Set Pink Simple Spray Bottle For Daily Use Pocket Travel Size Cologne Sprayer Subpackage Bottle Travel Vacation Camping, Living Room Home Bedroom Bathroom House Decor, Travel Stuff, Wedding, Party, Birthday, Gifts For Men Mom Dad Friends, New Years, Accessories, Funny Gift",Beauty & Health
,5.8k+ sold recently,4.49,10.0,1.0,,,SHEGLAM Freck Please Freckle Tint-TanÂ  Smudge Tint Waterproof Long Lasting Natural Multi-Use Liquid ContourÂ  Smooth Face Makeup Black Friday Winter Contour & Bronzer,Beauty & Health
,1.6k+ sold recently,1.9,5.0,1.0,,,"Crystal Bright Lip Oil,Transparent Shine Shimmer Mirror Glass Lip Lipstick Base Lip Gloss",Beauty & Health
,,1.9,5.0,5.0,#2 Best Sellers,in Cuticle Care Products,"Maomia Dry Flower Cuticle Oil, With Flower Fragrance To Nourish, Moisturize, Strengthen, And Shine Nails And Cuticles",Beauty & Health
,3.9k+ sold recently,1.8,5.0,1.0,,,PECOLOVERS Double Head Stamp Waterproof Liquid Eyeliner Moon Star Heart Shapes Stamp Quick Dry Eye Liner Pencil Makeup Tool,Beauty & Health
,2.8k+ sold recently,1.9,5.0,1.0,,,1pc Long-Wearing Waterproof Eyebrow Styling Cream,Beauty & Health
,,3.4,3.0,1.0,#1 Best Sellers,in Fascia Guns,"6pcs Massage Gun Head Attachments For Fascia Gun, 6 Different Replaceable Massage Heads Compatible With All Parts Of The Body (Massage Gun Not Included)",Beauty & Health
,80+ sold recently,9.2,0.0,1.0,,,"11 Pcs Hair Brush Set, Detangling Brush,Spray Bottle,3 Pieces Slick Back Hair Brushes For Toddlers,Scalp Massager Shampoo Brush,Premium Wide Tooth Comb,Alligator Hair Clips,Flower Hair Clip For Women Girls",Beauty & Health
,200+ sold recently,3.6,3.0,1.0,,,MAANGE 2pcs Twin Head Makeup Brush Set With Blush Brush Foundation Brush Finishing Brush Loose Powder Brush Makeup Tools For Traveling,Beauty & Health
,,4.3,4.0,1.0,#4 Best Sellers,in Eye Care,60pcs Rose Hyaluronic Acid Eye Mask Anti Dark Circles Eye Bags Rose Collagen Moisturizing Anti Wrinkle Eye Patches Eye Skin Care Mask,Beauty & Health
,,2.6,10.0,1.0,#2 Best Sellers,in Nail Art Accessories,"Manicure Pedicure Set,Professional Toenails Cuticle Cutter Clipper Fingernails Grooming Kit-Stainless Steel Nail Clippers Set Travel Case- Nail Care Tools For Men And Women",Beauty & Health
,2.9k+ sold recently,1.0,9.0,1.0,,,"CIRI 1set Nail Glue For Acrylic Nails, Clear No Wipe Adhesive Rhinestone Gems Glue Gel, Nail Glue Gel Press On Nails For Nail Art Manicure",Beauty & Health
,,1.9,5.0,1.0,#3 Best Sellers,in Concealer,"3-Color Cream Concealer, 1Pc Long-Wearing Waterproof Face Makeup Product Full Coverage Concealer",Beauty & Health
,700+ sold recently,1.7,6.0,4.0,,,"Waterproof Ultra Matte Liquid Lipstick, Long-Wearing Lip Makeup For Daily Metal tube Lip Cream",Beauty & Health
,100+ sold recently,1.1,8.0,4.0,,,"Nail Drill Bit, 1pc Metal Nail Bits For Nail Drill E-File, Bits Manicure Pedicure Remover Tools For Acrylic Gel Nails, Salon Home Nail Care Supplies For Acrylic Nail Gel Fast Remove",Beauty & Health
,4.7k+ sold recently,1.5,0.0,9.0,,,HANDAIYAN Color Eyeliner Quick-Drying Brow Pencil Sweat-Proof Glue Eyeliner Extremely Thin Rotating Eyeshadow Pencil NET WT:0.2g,Beauty & Health
,8.6k+ sold recently,3.36,20.0,6.0,,,4pcs Colorful Manicure Tool Set Quickly Effortless Stainless Steel Nail Clippers For Men & Women Nail Cleaner,Beauty & Health
,800+ sold recently,1.4,7.0,1.0,,,"3pcs Waterproof Transparent Toiletry Bag, Cosmetic Bag, Large Capacity Travel Makeup Bag, Convenient To Carry, Multifunctional Storage Bag, Suitable For Skincare Products, Towels, Toys, Daily Necessities Storage Storage Makeup Organizer Makeup Case",Beauty & Health
,10+ sold recently,2.0,5.0,1.0,,,"1pc Easy-To-Clean Hollow Out Hair Comb, Suitable For All Hair Types, Unisex, Great Gift For Friends & Family, Ideal For Bathroom Or Travel Use Hair Brush",Beauty & Health
,1.6k+ sold recently,1.2,8.0,4.0,,,"1PC 3ML Peach Red Nail Cuticle Oil Pen, Plant Nutrient Oil Moisturizing Anti-Barb Nail Edge Finger Nail Care Tool",Beauty & Health
,2.1k+ sold recently,1.7,11.0,1.0,,,"24pcs Luxurious Elegance French-Inspired Long Square Press-On Nails With 3D Pearl,Flowers, Pearl Heart , And Bow",Beauty & Health
,1.9k+ sold recently,2.3,8.0,1.0,,,"Brow Stamp Stencil Kit - 1-Step Brow Stencil Kit For Beginners, Brow Stencil And Stamp Kit Is Long-Lasting, Smudge-Proof And Waterproof, 10 Reusable Brow Shape Stencils For Perfect Brow Shapes",Beauty & Health
,300+ sold recently,1.1,8.0,1.0,,,1sheet Luminous Heart Pattern Nail Art Sticker Nail Stickers DIY,Beauty & Health
,,4.69,22.0,1.0,#8 Best Sellers,in Highlighter,SHEGLAM Glow Bloom Liquid Highlighter-Tea Cake Gel Cream Highlighter Shimmer Dewy Finish Long Wear Brightening Non-Caking Waterproof Glow Highlighter Makeup Black Friday Winter Trending Y2K Gifts Highlighter,Beauty & Health
,300+ sold recently,14.6,8.0,1.0,,,51PCS Makeup Tools Set Including:1pc Multi-Functional Zipper Toiletry And Cosmetic Bag Waterproof+25PCS Makeup Brush Sets+3PCS Makeup Sponges+3PCS Mini Makeup Sponges+6PCS Triangle Powder Puffs+6PCS Mini Air Cushion Powder Puff+3PCS Facial Cleansing Sponges+1pc Hairband+2PCS Hand Bowl Strap+1pc Makeup Brush Cleaning Tools,Beauty & Health
,,1.0,0.0,1.0,,,1sheet Flame Print Nail Art Sticker,Beauty & Health
,,1.05,58.0,1.0,#10 Best Sellers,in Nail Polish Removers,"1pc Soaking Bowl For Nail Art To Soak The Fingertips, Used For Beautifying, Polishing & Cleaning",Beauty & Health
,500+ sold recently,2.5,7.0,7.0,,,80 Slots Empty Nail Slider Storage Book Clear Sticker Holder Organizer Album Display Design Nail Tool Photo Showing Shelf,Beauty & Health
,200+ sold recently,2.7,4.0,1.0,,,"1pc Oval Heart Pattern Hair Cushion Brush, Ultra Soft Comb Teeth, Detangling Hairbrush Glides Through Tangles, Wet Brush Original Detangler Hair Brush, For All Wet Dry Damaged Hair, For Women & Men Black Friday",Beauty & Health
,200+ sold recently,0.75,66.0,1.0,,,Randomly Choose 4 Pieces Of Loofah Exfoliating Gloves To Create Soft And Smooth Skin - Perfect For Bathing,Beauty & Health
,,1.9,10.0,1.0,#3 Best Sellers,in Nail Polish Remover Tools,"200pcs Non-Woven Nail Polish Remover Wipes, Pink Heart Shaped UV Gel Art Cleaning Tool, Nail Art Tool, Purple Nail Remover Cloth, Soak Off Tool",Beauty & Health
,2.2k+ sold recently,2.0,5.0,1.0,,,"Mirror Watery Lip Oil,Moisturizing Lip Gloss Water Gloss Lip Glaze Non-Stick Cup Lipstick",Beauty & Health
,3.4k+ sold recently,2.2,8.0,1.0,,,20pcs 2ml Nail Art Glue For Rhinestone & Nail Instant Dry Strong Adhesive Glue For False Nails,Beauty & Health
,,1.75,13.0,1.0,#8 Best Sellers,in Nail Art Tools,"3Pcs Nail Files 100/180 Grit, Professional Quality Nail Sanding Block File Emery Board Nail Buffer Block For Home Salon",Beauty & Health
,2.6k+ sold recently,2.5,4.0,1.0,,,"Long Lasting Powder , Powder-Foundation Waterproof Oil-control Makeup Setting Powder",Beauty & Health
,,2.5,4.0,1.0,#1 Best Sellers,in Body Cleaning Tools,"2pcs Exfoliating Glove Mitt, Shower Bath Body Wash Cleaner Scrubber Gloves Dead Skin And Dirt Remover For Body, Korean Body Exfoliator Sponge Loofah For Women Men, Bath And Body Works, Living Room Home Bedroom Bathroom House Decor, Travel Stuff, Wedding, Party, Birthday, Gifts For Men Mom Dad Friends, New Years, Accessaries, Funny Gift",Beauty & Health
,5.3k+ sold recently,2.4,4.0,1.0,,,"Waterproof Eyeliner Pencil, Long-wearing Gel Eyeliner For Professional Makeup",Beauty & Health
,1.5k+ sold recently,6.99,13.0,1.0,,,SHEGLAM Sunkissed Body Highlighter - MedusaÂ  LiquidÂ  HighlighterÂ  LiquidÂ  Shimmer Long Wear BrighteningÂ  Glow Body Highlighter Black Friday Party Y2K Highlighter,Beauty & Health
,,1.2,14.0,1.0,#1 Best Sellers,in Transfer Foil Stickers,10pcs Cheetah Leopard Print Transfer Nail Foil Stickers Snake Wild Animal Skin Manicure Wrap Starry Sky Paper On Nails Art DIY,Beauty & Health
,3.0k+ sold recently,1.8,10.0,1.0,,,2pcs Anti UV Gloves for Nail Lamp Professional Fingerless Glove for UV LED Manicure Lamps Dryer,Beauty & Health
,300+ sold recently,4.8,4.0,1.0,,,"Define Styling Brush,Multifunctional Home Bounce Styling Comb, Bristle Airbag Hairdressing Comb, Big Wave Curl Comb, Pointed Tail Comb, Bouncy Curl Definition Styling Comb:1/5pcs",Beauty & Health
,200+ sold recently,3.44,59.0,1.0,,,"1PC Cosmetic Storage Box With Drawers, Desk Organizer, Suitable For Storing Cosmetics, Lipstick, Jewelry, Manicures, Skincare Products, Vanity, Bathroom, Glasses, Makeup Brushes, Learning Supplies, Etc",Beauty & Health
,2.1k+ sold recently,13.7,7.0,7.0,,,12PCS Color 8ml Metallic Spider Gel Line Painting Gel Nail Polish Set French Line Design For DIY Painting Drawing Manicure Art 3D Varnish DIY Manicure,Beauty & Health
,,10.3,0.0,4.0,#2 Best Sellers,in Towels,4pcs/Set  Three-Color Stripe Pattern Water-Absorbent Towels/Facial Towels,Beauty & Health
,,3.2,3.0,1.0,#10 Best Sellers,in Blush,6-color Matte Blush Palette With Brush,Beauty & Health
,30+ sold recently,1.5,6.0,1.0,,,3pcs Summer Hibiscus Nail Stickers Hawaiian Flower Vine Simple Design DIY Adhesive Decals Nail Art Sliders White Pink DIY Nail Supplies Manicure Decoration,Beauty & Health
,500+ sold recently,1.72,34.0,1.0,,,"7Pcs Black Travel Bottle Set 60Ml+40Ml+10G Empty Containers For Skincare, Lotion, Cream, Makeup Subpackage Bottle Dispensing Bottles Spray Bottle, Living Room Home Bedroom Bathroom House Decor, Travel Stuff, Wedding, Party, Birthday, Gifts For Men Mom Dad Friends, New Years, Accessaries, Funny Gift",Beauty & Health
,2.7k+ sold recently,5.5,8.0,9.0,,,"50pcs Triangle Shaped Powder Puff, Designed For Eyes And Corners, Beauty Blender For Foundation Mixing, Suitable For All Skin Types. Black Friday",Beauty & Health
,400+ sold recently,4.52,29.0,1.0,,,"Whipped Soap Scrub Body Scrub Multi-Color Cream Soap Moisturizing Multi-Salad Flower Soap, Spa Bath Exfoliating",Beauty & Health
,400+ sold recently,1.46,30.0,1.0,,,"1pc Makeup Tool Beauty Blender Storage Box With Silicon Beauty Blender Case, Puff Storage Organizer",Beauty & Health
,1.3k+ sold recently,1.8,10.0,1.0,,,50Pcs Clear Nail Swatches Color Showing Card Gel Polishtemplate Display Chart Acrylic Nail Art Sample Stand Palette Manicure Accessories Nail Supplies,Beauty & Health
,10+ sold recently,1.4,0.0,1.0,,,"U Shape Tongue Scrapper â Premium 1pcPc Stainless Steel Tongue Cleaner For Your Tongue â Oral Care Tongue Tool For Bad Breath â Easy To Carry â Ideal For Travels, Meetings, Work, Or Home Use, Living Room Home Bedroom Bathroom House Decor, Travel Stuff, Wedding, Party, Birthday, Gifts For Men Mom Dad Friends, New Years, Accessaries, Funny Gift",Beauty & Health
,300+ sold recently,1.25,17.0,1.0,,,"1pc Foot Pumice Stone & Exfoliating Scrub Tool, Safe & Easy for Feet Callus & Rough Heels Hard Skin Callus Remover",Beauty & Health
,300+ sold recently,1.1,8.0,1.0,,,1sheet Glitter Nail Art Sticker & 1pc Nail File Nail Stickers DIY,Beauty & Health
,1.6k+ sold recently,1.4,7.0,1.0,,,2pcs/Pair New Face Dimple Makers Women Facial Dimple Training Tool Developer Smile Trainer Face Piecings Jewelry,Beauty & Health
,200+ sold recently,2.6,4.0,1.0,,,"1pc 15/30/50ml Acrylic Press Vacuum Cream Bottle, Cream Lotion Full Cover Bottle, For Outdoor Travel, Living Room Home Bedroom Bathroom House Decor, Travel Stuff, Wedding, Party, Birthday, Gifts For Men Mom Dad Friends, New Years, Accessaries, Funny Gift",Beauty & Health
,1.0k+ sold recently,1.01,37.0,1.0,,,"24pcs/Set Pink Short Square & White French Style Press On Nails With Leaf Decoration, Acrylic Nail Art For Women And Girls, Easter Nail Decoration Nail Supplies",Beauty & Health
,400+ sold recently,4.7,13.0,1.0,,,make up brush holder cup,Beauty & Health
,9.5k+ sold recently,1.7,6.0,1.0,,,5G/15G/30G/50G/TRSTAY Stretch Mark Cream removes scars and marks,Beauty & Health
,10k+ sold recently,4.42,10.0,4.0,,,"Cloud Pillow Cosmetic Bag,1Pc Beige Letter Graphic Zipper Design Makeup Bag Reusable Cosmetic Bag,Makeup Bag Makeup Pouch Skincare Bag Toiletry Bag Packing Cubes,Travel Essentials Cruise Essentials Dorm Essentials,Wedding Bridesmaid Gifts,Mom Gifts,Birthday Gifts,Gifts For Friends And Teachers,Home Decor,Bathroom Livingroom Bedroom Decor,Bathroom Organizer,Jewelry Organizer,Lip Oil Organizer,Nail Polish Organizer Storage Makeup Organizer Makeup Case",Beauty & Health
,,1.34,11.0,1.0,#9 Best Sellers,in Eyebrows,Ultra-fine Waterproof & Sweat-proof Eyebrow Pencil,Beauty & Health
,,6.99,13.0,4.0,#5 Best Sellers,in Highlighter,SHEGLAM Lunar Glow Highlighter Multi-Dimensional Shine Highlighter Powder High-Shine Finish Blue-Green Reflective Sheen Multi-Use Glow Face Makeup Black Friday Winter Purple Gifts Goth Highlighter,Beauty & Health
,1.7k+ sold recently,0.96,13.0,1.0,,,"100pcs/Set Multicolor Grooming Eyebrow Razor & Shaver Set, Safety Eyebrow Trimmer & Shaver, Exfoliating Dermaplaning Tool, Body Hair Removal Trimmer And Face & Eyebrow Razor Set Long Handle Safety Blade With Precision Cover Women Eyebrow Shaping Tools Suitable For Or Travel Use",Beauty & Health
,,1.2,8.0,1.0,#2 Best Sellers,in Temporary Tattoos,"1pc Black Rose & Butterfly Design Large Temporary Tattoo Sticker For Arms, Chest, Abdomen, Back Black Friday",Beauty & Health
,200+ sold recently,1.7,11.0,1.0,,,Boxed 180# Emery Ring 50pcs Emery Grinding And Polishing Is Suitable For Women And Girls,Beauty & Health
,100+ sold recently,2.3,4.0,1.0,,,"Hairpin U Clip For Styling & Fixing, 100pcs/set, 40pcs Of 4.5cm + 30pcs Of 5.0cm + 30pcs Of 6.0cm, Black",Beauty & Health
,400+ sold recently,1.5,6.0,1.0,,,"Upgrade Your Look And Get Charm With 24pcs/Set Square Nail Art Cover With Pink, Blush, Rainbow, Seven-Color, French Edges, Pearl Finish, Suitable For Daily Wear By Girls Press On Nails Nail Supplies",Beauty & Health
,2.4k+ sold recently,1.39,7.0,1.0,,,"6pcs/Set Multicolor Safety Eyebrow Trimmer & Shaver, Exfoliating Dermaplaning Tool, Body Hair Removal Trimmer And Face & Eyebrow Razor Set Long Handle Safety Blade With Precision Cover Women Eyebrow Shaping Tools Suitable For Or Travel Use",Beauty & Health
,,9.1,3.0,1.0,,,"Ginger, Gold & Bamboo Charcoal Jelly Face Mask For Facials - Hydrating, Brightening & Nourishing Jelly Mask | Jelly Mask Powder | 23 Oz",Beauty & Health
,100+ sold recently,1.3,0.0,1.0,,,"5pcs Perfume Atomizers, Mini Refillable Empty Spray Bottles For Fragrance, Scent Pump Case, Portable Travel Size",Beauty & Health
,200+ sold recently,8.55,29.0,1.0,,,"1PC 16LED USB/Battery Dual Use Makeup Mirror Light, Desktop Mirror Surface Rotatable Makeup Mirror Light 3-Speed Touch Screen Vanity Mirror, Brightness Adjustable Cosmetic Light Up Mirror, Portable Dormitory Bedroom Desktop Vanity Mirror With Light",Beauty & Health
,,2.2,8.0,1.0,#2 Best Sellers,in Makeup Packaging,"1pc Portable Circular Gold Travel Mirror With Powder Puff And Glitter Makeup Replacement Box For 6g Puff, Colors Random",Beauty & Health
,8.6k+ sold recently,2.6,7.0,1.0,,,THE POWERPUFF GIRLS X SHEIN 3pcs Love Heart Patterned Colorful Eyebrow Tweezer Set,Beauty & Health
,100+ sold recently,3.5,5.0,1.0,,,"MAANGE 6pcs Makeup Remover Puff,Soft And Skin Friendly Face Towel,Cleanning Tools Easy Carrying For Travel",Beauty & Health
,,3.5,0.0,1.0,#10 Best Sellers,in RECOMMENDED Sleeping Goods,Slimming Face Mask V-Line Lifting Tightening Full Face Lift Chin Lift Anti-Sagging Marionette Lines Double Chin Shaping Band,Beauty & Health
,800+ sold recently,2.25,22.0,1.0,,,"Checkerboard Cosmetic Bag - 1Pc Large Capacity Colorblock Knitted Knitted Wash Storage Bag For Women'S Outdoor Travelmakeup Bag Makeup Pouch Skincare Bag Toiletry Bag Packing Cubes,Travel Essentials Cruise Essentials Dorm Essentials,Wedding Bridesmaid Gifts,Mom Gifts,Birthday Gifts,Gifts For Friends And Teachers,Home Decor,Bathroom Livingroom Bedroom Decor,Bathroom Organizer,Jewelry Organizer,Lip Oil Organizer,Nail Polish Organizer Makeup Bag Storage Makeup Organizer Makeup Case",Beauty & Health
,5.5k+ sold recently,6.0,3.0,1.0,,,5.41 Oz  Spray â Multi Award Winning Anti Frizz Spray Keeps Hair Frizz Free For Days No Matter The Weather With Moisture Repellant Anti Humidity Technology; Glass Hair Results,Beauty & Health
,,1.8,10.0,1.0,,,"100pcs Black Eyebrow Shaver, Safe Facial Hair Remover, Easy To Use Eyebrow Trimmer For Women And Men, Used For Trimming And Shaping Eyebrows",Beauty & Health
,900+ sold recently,0.95,41.0,4.0,,,"Professional Eyeliner Brush, 4Pcs Long Handle Reversible Cosmetic Brush Makeup Tools For Sensitive, Delicate, Dry Skin Black Friday",Beauty & Health
,500+ sold recently,2.4,4.0,1.0,,,"Small Portable Makeup Bag,Makeup Bag Makeup Pouch Skincare Bag Toiletry Bag Packing Cubes,Travel Essentials Cruise Essentials Dorm Essentials,Wedding Bridesmaid Gifts,Mom Gifts,Birthday Gifts,Gifts For Friends And Teachers,Home Decor,Bathroom Livingroom Bedroom Decor,Bathroom Organizer,Jewelry Organizer,Lip Oil Organizer,Nail Polish Organizer Storage Makeup Organizer Makeup Case",Beauty & Health
,80+ sold recently,1.6,0.0,1.0,,,"3pcs/5pcs/10pcs/20pcs/60pcs/100pcs Oil Control LAIKOU JAPAN Sakura Mud Mask, 5g Pore Cleaning Facial Mask Mild Face Mask Protable For Travel, Camping, Hiking, Climbing, Outdoor SPA For Women & Girl Sample Sack Mother's Day Gift",Beauty & Health
,100+ sold recently,3.0,3.0,1.0,,,"6pcs/Set Travel Storage Bags Including Cosmetic Bags, Toiletry Bags, Packing Cubes, Luggage Organizers, Waterproof Shoe Storage Pouches, Shirt & Underwear Storage Bag, Portable Suitcase Accessories Kit, Multi-Functional Travel Organizer Set, Foldable Large Capacity Storage Bags, Lightweight Travel Overnight Bags, Holiday Weekend Bags, Dustproof Luggage Bags, Compression Storage Bags For Clothes, Home & Travel Accessories",Beauty & Health
,,2.4,4.0,1.0,#1 Best Sellers,in EMS Massage Patches,Physical Wireless Tens Ems Massager Electric Smart Fitness Body Silicone Neck Back Full Body Massage Patch Muscle Stimulator -Mom Gifts Valentines Gift Boyfriend Gifts Valentine Day Gifts Pink Cute St Patrick Day,Beauty & Health
,,2.5,4.0,1.0,#10 Best Sellers,in Makeup Bags,"1Pc/Set Bow Knot & Rose Design Quilting Cosmetic Bag, Fashionable Portable Makeup Bag, Multi-Functional Storage Bag For Lipstick, Sanitary Napkin, Coins, Keys Etc, Large Capacity Lovely Wash Bag For Travel Organizer Cosmetic Bag For Travel, Mother's Day Gift",Beauty & Health
,100+ sold recently,1.8,10.0,1.0,,,"40 Slots Empty Nail Art Sticker Storage Book Collecting Album,Room,Home,Bedroom,Bathroom,House,Pink Room,Living Room Decor,Travel Stuff,Gift Bag,Gifts For Mom,Dad,Men,Friends,Teacher,Birthday,Wedding,Desk,Shelves,Accessaries,Gift Boxes,Funny Gift,Storage",Beauty & Health
,100+ sold recently,5.2,7.0,1.0,,,Transform Your Nails with Multifunctional Manicure Kit 38pcs Nail Clipper Kit Manicure kit For Women And Girls,Beauty & Health
,800+ sold recently,16.6,12.0,1.0,,,"Double Layer Travel Case Compatible With REVLON One Step Blow Hair Dryer Brush Volumizer Original 1.0, Plus 2.0 And Styler, Teal Makeup Bag Organizer Makeup Organiser Makeup Storage Makeup Holder Cosmetic Bag Cosmetic Storage Organizer Cosmetics Bags Cosmetic Organiser",Beauty & Health
,,1.4,7.0,1.0,#3 Best Sellers,in Foot & Hand Care Tools,"1pc Professional Foot Callus Remover Pedicure Tool, Double-Sided Coarse Dead Skin File, Pedicure Razor Shaver, For Cracked Heels And Rough Skin",Beauty & Health
,300+ sold recently,1.5,6.0,1.0,,,"1Pair Cow Leather Leather Forefoot Cushions For High Heels, Soft Anti-Shock, Sweat Absorbent And Slip Resistant, Self-Adhesive Invisible Anti-Slip Front Foot Pads For Summer Sandals,High Heel.",Beauty & Health
,3.4k+ sold recently,1.3,7.0,1.0,,,"Charming & Convenient 24pcs Short Square Gradient Pink Sequin Nail Art Set, Press On Nails For Parties, Dancing And Daily Wear Nail Supplies",Beauty & Health
,400+ sold recently,4.5,4.0,1.0,,,Edge Control Hair Gel Edge Brush Refillable Pocket Size Baby Hair Brush Kit Perfect Performance Long Lasting No White Residue Extreme Strong Hold Natural Formula Hair Gel for Women,Beauty & Health
,3.5k+ sold recently,2.2,4.0,9.0,,,96pcs Solid 4Different Nude Colors Glossy Wearable Nail Art Lovely Short Square Fake Nails Detachable Finished False Nails Press On Nails With Storage Box As New Year Gift For Women And Girls Nail Supplies,Beauty & Health
,400+ sold recently,0.72,52.0,1.0,,,"1pc Wild Eyebrow Brush With Black Hackle Hair, A Multi-functional Brush For Eyebrow & Hairline, Makeup Brush For Eyebrow Pencil, Special For Cosmetics",Beauty & Health
,,1.3,7.0,1.0,#6 Best Sellers,in Eye Brushes,"Upgraded Blade-Shaped Eyeliner Brush With Ultra-Fine Tip, Angled Brow Brush & Precise Detail Brush, White",Beauty & Health
,,3.0,6.0,10.0,#4 Best Sellers,in False Eyelashes,7 Pairs Full Strip Natural Soft  Fluffy Eyelash Cross Wispy Dramatic Volume Faux Mink Lashes,Beauty & Health
,700+ sold recently,0.87,52.0,4.0,,,"12-Compartment Box Soft Clay Sheet Nail Art Decoration With Heart, Fruit And Flower Pattern, For Valentine's Day, Easter, Christmas, Thin Sticker, Uv Resin, Crystal Mud Filling DIY Nail Charms Nail Gems Nail Supplies",Beauty & Health
,600+ sold recently,1.58,25.0,1.0,,,10pcs Hair Perm Rods Plastic Cold Wave Rods Hair Curling Roller Hair Styling Hairdressing Tools,Beauty & Health
,2.8k+ sold recently,16.6,4.0,1.0,,,"4Pcs/Set Aesthetic Letter Embroidered Travel Makeup Bag, 1Pc Lightweight Multifunctional Waterproof Cosmetic Organizer Handbag Bath Shower Wallet Pouch Portable Cosmetics Brush Storage Clutch With Zipper Closure For Lipstick, Brush, Skincare, Mobile Phone, Coin, Small Items, For Home, Travel, Vacation And School Use, Black Friday,Makeup Bag Makeup Pouch Skincare Bag Storage Makeup Organizer Makeup Case",Beauty & Health
,20+ sold recently,2.5,4.0,1.0,,,"2pcs 10ml/20ml/30ml Amber Dropper Bottles Empty Glass Dark Brown Tincture Bottles With Graduated Eye Droppers  For Essential Oils, Liquids - Leakproof For Travel",Beauty & Health
,,2.8,7.0,1.0,#8 Best Sellers,in Nail Polish,"10ml/Pcs Chameleon Glitter Water Based Nail Polish,Fast Dry,Long Lasting,Peel Off,Manicure Nails Art For Women & Girls",Beauty & Health
,6.6k+ sold recently,1.6,6.0,1.0,,,"1Pc Double Headed Sponge Brush With Purple Rhinestone Handle For Gradient, Blending, Watercolor Painting And Nail Art Dotting Pen Tool Nail Art Tip Dot Paint Manicure",Beauty & Health
,400+ sold recently,0.85,60.0,1.0,,,"1pc Milk White Portable Comb, Small And Compact, With An Airbag On Hand, Makeup Mirror In Hand, Air Cushion Comb, Hair Massage In One Piece Hair Brush",Beauty & Health
,400+ sold recently,1.2,8.0,1.0,,,Pointed Metallic Handle Hair Comb Black Friday Hair Brush,Beauty & Health
,2.0k+ sold recently,1.6,6.0,1.0,,,"Angle Concealer Brush, Blending Make Up Brush, Professional Liquid Cream Stick Applicator Tool",Beauty & Health
,,2.05,72.0,1.0,#5 Best Sellers,in Mirrors,"European Style Retro Double Sided Makeup Mirror For Bedroom Desk Dressing Mirror, Rotatable Small Mirror With Flower Design. Freestanding Vintage Palace Style Rotating Makeup Mirror For Dormitory And Bedroom. Detachable&Double-Sided Desktop Makeup Mirror For Teen Girls., Vanity Mirror, Living Room Home Bedroom Bathroom House Decor, Travel Stuff, Wedding, Party, Birthday, Gifts For Men Mom Dad Best Friends Teacher, New Years, Accessaries, Funny Gift",Beauty & Health
,,4.38,32.0,1.0,#1 Best Sellers,in Hair Dryers,1pc Salon Tools Black Pink Universal Silicone Hair Dryer Diffuser Hood Adjustable Temperature Dispersion Resistant Drying Hair Dryer,Beauty & Health
,,1.9,0.0,1.0,#10 Best Sellers,in Lip Plumper,Waterproof Moisturizing Low Saturation Lip Gloss Y2K Lip Palm Lip Oil,Beauty & Health
,200+ sold recently,2.2,0.0,1.0,,,"1pc Purple Silicone Massage Shampoo Brush, Scalp Cleaning And Soft Hair Washing Combs, Hair Care Tool",Beauty & Health
,200+ sold recently,1.0,9.0,1.0,,,"20pcs+4pcs Accessories 5ml Mini Glass Perfume Spray Bottles, Including 20 Sprayers, 2 Funnels, And 2 Droppers, Refillable Cosmetic Travel Sample Atomizer Perfume Bottles, For Living Room, Bedroom, Bathroom, Home DÃ©cor, Travel, Weddings, Parties, Birthdays, Men And Women Gifts, New Years, Accessories, Fun Gifts",Beauty & Health
,400+ sold recently,2.8,3.0,1.0,,,SHEIN BASIC LIVING Valentine's Day Color Block Shampoo Massage Brush Black Friday,Beauty & Health
,,1.9,10.0,1.0,#5 Best Sellers,in Rhinestones & Decorations,12Grids Y2K Style 3D Flower Nail Charms White Pink Petal Decorations AB Flatback Rhinestone Gems For Nail Parts Cute Manicure Accessories DIY Nail Supplies,Beauty & Health
,1.8k+ sold recently,1.5,6.0,1.0,,,"1pc Makeup Sponge With Storage Box,2 powder puff sets, beauty eggs+storage box set makeup, portable makeup sponge daily makeup Black Friday",Beauty & Health
,200+ sold recently,2.3,12.0,5.0,,,"1PC Hot Selling Fashion Item: Polyester Fiber Letter Printed Zipper Women's Cosmetic Bag, Storage Bag, A Great Gift For Couples And Family. Makeup Bag Can Be Printed With Logo Pattern, Printed With English Letters For Women's Storage Bag.  Zero Wallet, Simple, High Appearance, Cute, Large Capacity Storage Bag, Portable Card Bag",Beauty & Health
,100+ sold recently,15.99,33.0,1.0,,,The Ordinary Marine Hyaluronics Acne Marks Fading Essence 30ml/1oz,Beauty & Health
,400+ sold recently,2.2,0.0,1.0,,,"Manual Facial Cleansing Brush, 1pc Double Side Skin Care Facial Cleaning Brush, Silicone Facial Scrubber Manual Dual Face Wash Brush For Deep Pore Exfoliation Makeup Massaging,Skincare,Room Decor,Home Decor,Bedroom Decor,Bathroom,Christmas Gifts,Bathroom Decor,Travel,Travel Stuff,Wedding,Christmas Party,Mom Gifts,Home,Room,House Decor,Christmas Gift,Gifts For Mom,Birthday,Pink Room Decor,Living Room Decor,Bedroom,Gifts For Men,Dad Gifts,Mushroom,New Years,Mom,Accessaries,Gifts For Dad,Friends,Funny Gift",Beauty & Health
,4.2k+ sold recently,1.8,5.0,1.0,,,"1pc Black Triangular Concealer Brush For Acne, Dark Circles, Tear Troughs, Highlighting And Detailing",Beauty & Health
,,4.99,17.0,12.0,#9 Best Sellers,in Lip Plumper,SHEGLAM Pout-Perfect Shine Lip Plumper-Mahogany Magic Moisturizing Plumping Solid Lip Gloss Non-Stick Nourishing Lip Plumping Serum Coconut Oil Lipstick Lip Cosmetics Black Friday Sale Lip Plumper,Beauty & Health
,2.4k+ sold recently,2.7,7.0,10.0,,,5 Bottles Fast-Dry Nail Glue False Nail Tips Adhesive with Brush Super Strong Sticky Rhinestone Fake Nails Gel Manicure,Beauty & Health
,5.1k+ sold recently,12.1,4.0,5.0,,,"MAANGE 30pcs Professional Makeup Brush Set With Velvet Bag, Makeup Tools With Soft Brush Hair For Easy Carrying,Foundation Brush,Eye Shadow Brush,Blending Brush,Eyebrow Brush,Brush Set For Travel",Beauty & Health
,20+ sold recently,2.1,0.0,1.0,,,Popular Pure Color 100% Natural Viscose Exfoliating Glove Viscose Fiber Scrub Glove Exfoliating Gloves 1pc,Beauty & Health
,5.0k+ sold recently,2.1,5.0,1.0,,,"1pc One Of 6 Colors Jelly Lip Gloss With Shiny & Moisture Effect, Long-Lasting & Anti-Stains, Cute Cat Printed",Beauty & Health
,100+ sold recently,1.56,40.0,1.0,,,"1pc Makeup Brush Storage Stand, Plastic Desk Stand Holding Rack For Pen, Pencil, Eyeliner, Cosmetic Brush,Room,Home,Bedroom,Bathroom,House,Pink Room,Living Room Decor,Travel Stuff,Gift Bag,Gifts For Mom,Dad,Men,Friends,Teacher,Birthday,Wedding,Desk,Shelves,Accessaries,Gift Boxes,Funny Gift,Storage,Makeup Brush Holder",Beauty & Health
,,1.9,5.0,6.0,#10 Best Sellers,in Liquid Lipstick,"Soft Matte Lip Cream,Highly Pigmented Long-Lasting Wear Non-Stick Cup Liquid Lipstick Lip Gloss Lip Glaze",Beauty & Health
,,1.8,5.0,1.0,#10 Best Sellers,in Lip Care,Miel Labial Hidratante Hidratante Base Labial Hidratante Color Labial Hidratante Color Desnudo Brillo Labial Cara Blanca,Beauty & Health
,,13.62,71.0,1.0,#6 Best Sellers,in Travel Storage,Makeup Bag With Light Up Mirror Travel Cosmetic Case Box - 3 Color LED Lighted Mirror With Adjustable Brightness - Waterproof Leather - Adjustable Dividers - Brush Organizer PU Leather,Beauty & Health
,300+ sold recently,18.7,4.0,1.0,,,"4pcs Simple Jelly-Like Waterproof Transparent PU Cosmetic Bags With Letter Embroidery, Large Capacity, Suitable For Daily Use, Business Trip, And Vacation",Beauty & Health
,300+ sold recently,0.45,65.0,9.0,,,Black Friday 1pack 10g Nail Art Sequin DIY Nail Charms Nail Gems Nail Supplies,Beauty & Health
,,4.34,38.0,1.0,#2 Best Sellers,in Beauty Care Appliances,Electric Blackhead Remover Pore Vacuum Acne Cleanser,Beauty & Health
,400+ sold recently,3.3,6.0,1.0,,,"[Sanrio Official]1pc 50ML Sanrio Anime HelloKitty Plastic Dispensed Spray Bottle Kawaii Cinnamoroll My Melody ABS Travel Portable Pendant Girl Gift  Sanrio,Sanrio Hello,Hello Kitty,Kuromi,Sanrio Hello Kitty,Sanrio Kuromi,Sanrio Officially,Sanrio Melody,Sanrio Officially Licensed,Sanrio Sakura,Sanrio Cartoon,Sanrio Characters,Sanrio Kawaii,Sanrio Cute,Women Sanrio,Sanrio Sanrio,Character Sanrio, Sanrio Stuff",Beauty & Health
,800+ sold recently,1.7,6.0,1.0,,,1pc Silk Bonnet For Sleeping Hair Wrap Head Cover Scarf Protect Braids Bonnet,Beauty & Health
,,3.26,19.0,7.0,#1 Best Sellers,in Manicure Hand Rests & Accessories,20pcs Pink Disposable Table Mat Nail Art Waterproof Nail Paper Towels Clean Pads 3 Lays Protection Manicure Napkins,Beauty & Health
,,1.7,6.0,1.0,,,"10pcs Mini Makeup Blender Sponge, 1pc Storage Case, Cosmetic Mixer And Applicator Beauty Blender For Makeup, Suitable For All Skin Types, Wet And Dry Dual-Use Beauty Blender",Beauty & Health
,1.0k+ sold recently,1.02,49.0,1.0,,,30sheets Floral Print Tattoo Sticker Black Friday,Beauty & Health
,,2.0,5.0,1.0,#6 Best Sellers,in Mascaras,"Long-lasting Mascara For Lengthening, Thickening And Curling Eyelashes, Natural Looking And Non Smudging",Beauty & Health
,500+ sold recently,0.89,36.0,1.0,,,24pcs Flesh Color Gradual Change Pink Square Short Artificial Nail Tips & 1pc Jelly Gel & 1pc Polishing Bar Press On Nails Nail Supplies,Beauty & Health
,,2.0,5.0,1.0,#8 Best Sellers,in Lips,"Liquid Lipcolor,Moisturizing Lip Gloss,Â 10ml Mirror Jelly Y2K Liquid Lipstick",Beauty & Health
,,4.0,2.0,1.0,#7 Best Sellers,in Massage & Relaxation Tools,1pc Women Roller Handle Fat Press Press Roller Massager Body Lymphatic Massage Body Portable Face Lift Tools Roller Cellulite Massager,Beauty & Health
,300+ sold recently,1.2,0.0,1.0,,,"Tattoo Sticker,1 Sheet Flower Pattern Temporary Tattoos For Women,Tattoo Stickers Adults,Realistic Tattoo Roses,For Women and Girls Black Friday",Beauty & Health
,1.5k+ sold recently,1.3,7.0,1.0,,,"Nail Art Brushes Set,20pcs Double-Ended Nail Art Brush Pen,Brush Kit Nail Art Tool, Eye Shadow Brush,For Home Use and Professional Nail Salon",Beauty & Health
,700+ sold recently,1.48,26.0,1.0,,,30pcs 100/180 Grit Disposable Washable Mini Sponge Nail Buffer Block and Shine Kit for Polishing Smooth and Shiny Natural Fingernail Nail File Smoother Buffer Block,Beauty & Health
,2.0k+ sold recently,1.8,5.0,1.0,,,1pc Moisturizing Gradient Lipstick New Color Changing Long-Lasting Waterproof Lip Balm Cosmetics,Beauty & Health
,100+ sold recently,1.5,50.0,1.0,,,"10pcs Herbal Foot Soak Bag With Natural Ginger & Safflower, Deep Relaxing And Relieve Cold Feet, Foot Care Product",Beauty & Health
,5.5k+ sold recently,1.5,6.0,1.0,,,"Natural Herbal Essence, Preventing Hair Loss Hair Serum For Thinning Hair Thickening & Reawakening",Beauty & Health
,1.2k+ sold recently,1.4,7.0,7.0,,,"24pcs Long Coffin Shape Sparkling Firework Design Pink Iridescent Nail Art Set, Full Cover Finger Nails, Suitable For Parties, Dance, Daily Wear Press On Nails Nail Supplies",Beauty & Health
,300+ sold recently,1.79,15.0,1.0,,,A Set Of 4pcs Eyebrow Tweezers Eyelash Tweezers Pink Double Eyelid Tweezers Beard Tweezers,Beauty & Health
,,15.3,4.0,1.0,#1 Best Sellers,in Electric Foot Files,"Electric Foot Grinder, Foot Callus Remover, USB Rechargeable, Adjustable Speed, With 60pcs Replacement Sandpapers, Suitable For Both Men And Women To Remove Dry Skin And Dead Skin On Feet",Beauty & Health
,,1.9,5.0,4.0,#8 Best Sellers,in Individual Eyelashes,60Pcs Lash Clusters 80D DIY Eyelash Extension DD Curling Volume Individual Lashes Cluster DIY Eyelash Extensions At Home 12/14/16mm Soft Wispy Clusters False Eyelash,Beauty & Health
,,2.1,0.0,7.0,#6 Best Sellers,in Body Make Up,"1pc Silver Chameleon Body Glitter Glitter Sequins Color-Changing Mermaid Makeup Glitter Gel Suitable For Face, Hair, Eyes, Lips, Body, Etc. Different Colors At Different Angles. Suitable For Holiday Parties, Halloween, Christmas, Stage, Nightclub",Beauty & Health
,400+ sold recently,2.33,73.0,1.0,,,Black Friday Y2K Aesthetic Multicolor Holographic Neon Shimmer Glitter Ice Muscle Aurora Nail Pigment Powder Fine Chrome Rubbing Dust Mirror Polish Decor DIY Nail Charms Nail Gems Nail Supplies,Beauty & Health
,,5.99,25.0,4.0,#7 Best Sellers,in Highlighter,SHEGLAM Lunar Glow Highlighter-Heart Galaxy,Beauty & Health
,,5.5,0.0,1.0,#3 Best Sellers,in Makeup Bags,"1Pc Waterproof PVC Makeup Bag With Zipper,Versatile Preppy Colourful Patch SPF Letter Frame Triangle Clear Quality Alloy Zip Decorations Cosmetic Bag Travel Toiletry Storage For Female Storage Bag Wash Bag For Travel Business Back To School Bathroom Shopping Daily Use Essential Gift For Birthday Party Anniversary",Beauty & Health
,,2.6,7.0,1.0,#6 Best Sellers,in Ingrown Toenail Tools,"Stainless Steel Large Nail Clipper With Open Mouth And Slant Tip, Imported Original, Anti-Splash, Single Toe Nail Clipper For Thick Toenails And Paronychia",Beauty & Health
,2.2k+ sold recently,1.3,7.0,4.0,,,"24pcs Square Shape False Nails, White Color French Manicure Tips With Pearl Powder & Heart Shaped Accent Nail + Nail File + Jelly Glue Press On Nails Nail Supplies",Beauty & Health
,800+ sold recently,0.55,63.0,1.0,,,"24pcs Short Square Black Butterfly Striped Glitter Design Nail Stickers Set For Women And Girls, Suitable For Press On Nails Supplies",Beauty & Health
,600+ sold recently,4.87,49.0,4.0,,,"1pc Portable EVA Hair Straightener Case, Curling Iron Carrying Container, For Hair Flat Iron Straightener Curler, Woman Travel Bag(Black)",Beauty & Health
,800+ sold recently,2.1,5.0,1.0,,,"6 Powder Puff Holder Cases, Travel Beauty Blender Holder Portable Triangle Powder Puff Storage Box Clear Small Makeup Sponge",Beauty & Health
,,2.7,10.0,1.0,,,"Blister Bandages, Blister Pads (15PCS) Gel Blister Cushions, Blister Pads, Hydrocolloid Seal Adhesive Bandages For Fingers, Toes, Heel Blister Prevention & Recovery, Waterproof, Ultra-Thin",Beauty & Health
,40+ sold recently,1.39,13.0,1.0,,,Highlighter Brush Soft Face Blending Makeup Brush For Cheekbone Highlighting Bronzer Contour Blush With Cream Powder Mineral Cosmetics,Beauty & Health
,,1.66,17.0,9.0,#6 Best Sellers,in Nail Art Stickers & Decals,2pcs 5D Embossed Flower Nail Stickers Pink Blue Petals Butterfly French Line Acrylic Spring Summer Floral Slider Nail Decor Nail Art Supplies DIY,Beauty & Health
,400+ sold recently,1.16,36.0,1.0,,,4sheets Leaf Pattern Nail Art Sticker & 1pc Nail File Nail Stickers DIY,Beauty & Health
,5.0k+ sold recently,1.7,6.0,8.0,,,10pcs Nail Cleaning Brush Nail Brush For Cleaning Fingernails,Beauty & Health
,5.8k+ sold recently,1.3,7.0,17.0,,,"24pcs Short Square Solid Color False Nails, Grey & White Simple Style, With 1pc File And 1pc Jelly Gel Press On Nails Nail Supplies",Beauty & Health
,1.4k+ sold recently,2.5,7.0,1.0,,,1pc 4.6in Vintage Scissors With Plum Blossom Pattern For Trimming Beautiful Eyebrows,Beauty & Health
,,3.7,12.0,10.0,#9 Best Sellers,in Travel Storage,"3 Pcs Foam Quilted Makeup Bag,Cute Women's Cosmetic Bag, Flower Aesthetic Print Pattern Cosmetic Pouch Set, Travel Toiletries Organizer Bag",Beauty & Health
,1.5k+ sold recently,1.6,11.0,6.0,,,"Black Half Moon Double-Sided Emery Nail File For Manicure, Pedicure, Natural, And Acrylic Nails - Black (Grit 100/180)",Beauty & Health
,100+ sold recently,7.6,4.0,1.0,,,"Cosmetics Storage Box, Drawer Desktop Storage Cabinet, Dressing Makeup Box, Multifunctional Storage, Large Capacity Skin Care And Perfume Storage Box, Suitable For Bathroom, Study And Bedroom",Beauty & Health
,,4.49,25.0,6.0,#5 Best Sellers,in Powder,SHEGLAM Baked Glow Setting Powder-Light BrownÂ  Oil Control Loose Setting Powder Translucent Pore-less Flawless Smooths Fine Lines Glowy Powder Black Friday Winter Powder,Beauty & Health
,500+ sold recently,3.6,5.0,1.0,,,"28 Grids Clear Lipstick Holder, 1pc Acrylic Lipgloss Lipstick Organizer And Storage Display Case For Lip Gloss, Plastic Makeup Organizer Lipstick Tubes, For Dresser, Bathroom, Vanity & Countertop,Room,Home,Bedroom,Bathroom,House,Pink Room,Living Room Decor,Travel Stuff,Gift Bag,Gifts For Mom,Dad,Men,Friends,Teacher,Birthday,Wedding,Desk,Shelves,Accessaries,Gift Boxes,Funny Gift,Storage",Beauty & Health
,,3.49,0.0,1.0,#7 Best Sellers,in Oral & Nose Care,SLOWSUNDAYâ¢ Teeth Cleaning Powder,Beauty & Health
,500+ sold recently,2.0,5.0,4.0,,,"1 Pc Compact Portable Mini Daisy Candy Air Cushion Comb,Detangling Hair Brush With Handle,Styling&Hairdressing Tool,Hair Care,Girl Gift(Blue)",Beauty & Health
,,1.8,10.0,1.0,#4 Best Sellers,in Mirrors,"1pc Portable Heart-Shaped Folding Makeup Mirror With Cute Cloth Cover And Printed Pattern - Double Side Cosmetic Mirror Suitable For Home And Travel, Ideal Gift For Women, Girls, Mothers, Friends And Wives, Compact Mirror, Pocket Small Vanity Mirror, Living Room Home Bedroom Bathroom House Decor, Travel Stuff, Wedding, Party, Birthday, Gifts For Men Mom Dad Best Friends Teacher, New Years, Accessaries, Funny Gift",Beauty & Health
,,11.2,0.0,1.0,#2 Best Sellers,in Makeup Display Cases,"1pc 9 Inch Acrylic Shelf, 4 Tier Perfume Organizer And Cologne Organizer, POP Shelves Tiered Riser Display Stand, Acrylic Display For Decoration And Organizer(With Protective Film)",Beauty & Health
,,7.4,16.0,1.0,#3 Best Sellers,in Power Toothbrushes,"1Pc Electric Toothbrush With 6 Replaceable Brush Heads, Usb Rechargeable, 5 Cleaning Modes, With Bathroom Wall-Mounted Toothbrush Holder Storage Rack And Travel Toothbrush Head Cover (Portable Protective Cap), Sonic Intelligent Toothbrush Ipx7 Full Body Waterproof For Home Bathroom Travel",Beauty & Health
,,9.39,36.0,1.0,#8 Best Sellers,in Massage & Relaxation Appliance,"Teckwe Menstrual Heating Pad,Portable Cordless Heating Pad With LED Power Display,Electric Waist Belt Device,Fast Heating Pad With 3 Heat Levels And 4 Massage Modes,Fast And Effective Back Or Abdominal Heating,Back Or Belly Heating Pad For Women And Girl,Type-C Charging Port 1800mah Battery",Beauty & Health
,1.5k+ sold recently,1.5,6.0,1.0,,,Black Friday Gold Chrome Mirror Nail Powder Metallic Golden Glitter Pigment Dust Nail Art Decoration With 1pc Eyeshadow Sticks DIY Nail Charms Nail Gems Nail Supplies,Beauty & Health
,400+ sold recently,2.41,17.0,1.0,,,"Adjustable Dry Hair Hat Hair Dryer1Pcs , Hair Drying Hat, Long Tail Heating Hat, Hair Styling Hat, Hair Styling Tool Supplies For Hair Styling, Curling, Deep Conditioning, Portable Hair Dryer Cap Fits All Head Hair Sizes Hair Dryer Bonnet",Beauty & Health
,1.2k+ sold recently,1.9,5.0,1.0,,,"3pcs Dental Oral Cleaning Tools Teeth Cleaning Tool 4pcs Dental Care Kit Tooth Filling Repair Set Stainless Steel Dental Tools For Men Women Kids And Pet Care, Living Room Home Bedroom Bathroom House Decor, Travel Stuff, Wedding, Party, Birthday, Gifts For Men Mom Dad Friends, New Years, Accessaries, Funny Gift",Beauty & Health
,,1.6,6.0,1.0,#3 Best Sellers,in Teeth Whitening,SLOWSUNDAYâ¢ Teeth Whitening Pen,Beauty & Health
,,1.8,5.0,1.0,#2 Best Sellers,in Gel Nail Strips,"Semi-Hard Gel Nail Sticker With UV Lamp Hardening, Nail Art Decoration For Full Nails Nail Stickers DIY",Beauty & Health
,50+ sold recently,1.4,7.0,5.0,,,"2PCS Makeup Sponge,Suitable for Cream & Powder Concealer, Loose Powder makeup applicator Black Friday",Beauty & Health
,100+ sold recently,1.6,0.0,1.0,,,"Solid Color Plush Eye Cover, Purple Soft Blackout Eyeshade For Sleeping",Beauty & Health
,600+ sold recently,1.2,8.0,1.0,,,"1pc Oil-Absorbing Volcanic Stone Facial Roller, Portable Reusable Oil-Control Tool For Massaging Facial Skin During Home Travel",Beauty & Health
,500+ sold recently,2.52,13.0,1.0,,,"2PC Silicone Bowl Facial Mask Mixing Bowl DIY Face Mask Bowl For Home Use, Facial Mask, Mud Mask And Other Skincare Products",Beauty & Health
,1.4k+ sold recently,1.2,8.0,1.0,,,"10 Pack Latex Round Flat Puffs (Random Color Shipped) Beauty Sponge For Perfect Foundation Coverage, Makeup Sponge, This Beauty Blender Does Not Absorb Foundation, Best For Liquid And Cream Makeup Products Black Friday",Beauty & Health
,,1.1,0.0,1.0,#3 Best Sellers,in Eye Brushes,"Ultra-Thin Angled Liner Brush, Angled Brow Brush, Eyeshadow Brush For Under-Eye And Eyelid, Affordable Makeup Tools That Are Versatile And Extremely Effective",Beauty & Health
,400+ sold recently,1.07,64.0,1.0,,,"1pc 2-In-1 Foldable Hair & Makeup Mirror â Portable, Tabletop, Contemporary Beauty Tool For Travel,Folding Comb With Makeup Mirror, Easy To Carry, Perfect For Travel Outgoing Use, Dual-Use Air Cushion Comb, Scalp Massage Hair Comb(Frosted)",Beauty & Health
,2.3k+ sold recently,1.2,8.0,1.0,,,"1set 7g Nail Glue For Acrylic Nails, Clear No Wipe Adhesive Rhinestone Gems Glue Gel, Nail Glue Gel Press On Nails For Nail Art Manicure",Beauty & Health
,700+ sold recently,1.53,15.0,1.0,,,"1pc Flat Head Fibre Bristles Makeup Brush For Foundation, Blush, Powder, Multi-function Loose Powder Brush, Soft Bristles, Easy To Use For Daily Makeup Black Friday",Beauty & Health
,6.4k+ sold recently,1.5,6.0,4.0,,,"1.5MM Ultra-fine Wild Eyebrow Pencil, Smudge Proof For Brow Makeup",Beauty & Health
,,1.43,77.0,1.0,#1 Best Sellers,in Body Braces & Supports,"20pcs/1pack The Pure Natural Ingredients Of Foot Patch Plantar Patch For Sleeping, Bamboo Vinegar Foot Care Stickers",Beauty & Health
,4.6k+ sold recently,1.4,0.0,1.0,,,"1pc Black Steel Needled Eyelash Comb & Brush Set, Stainless Steel Fine Tooth Comb Portable Eyelash Curling Auxiliary Tool, Eye Makeup Tool, False Eyelash Grooming Tool",Beauty & Health
,,1.92,20.0,6.0,#8 Best Sellers,in Brushes Sets,13pcs Minimalist Makeup Brushes,Beauty & Health
,4.5k+ sold recently,5.7,8.0,10.0,,,Black Friday Cartoon Cute & Simple Style Mixed Resin Nail Art Decoration Set DIY Nail Charms Nail Gems Nail Supplies,Beauty & Health
,1.0k+ sold recently,4.5,4.0,1.0,,,"Portable Large Capacity Waterproof Zipper Cosmetic Bag,Makeup Bag Makeup Pouch Skincare Bag Toiletry Bag Packing Cubes,Travel Essentials Cruise Essentials Dorm Essentials,Wedding Bridesmaid Gifts,Mom Gifts,Birthday Gifts,Gifts For Friends And Teachers,Home Decor,Bathroom Livingroom Bedroom Decor,Bathroom Organizer,Jewelry Organizer,Lip Oil Organizer,Nail Polish Organizer Makeup Bag Storage Makeup Organizer Makeup Case",Beauty & Health
,100+ sold recently,2.2,8.0,1.0,,,"50pcs Transparent Nail Swatch Sticks With Ring, Clear Fan-Shaped Nail Art Polish Practice Display Tips Nail Sample Sticks, Nail Practice Color Display Polish Board",Beauty & Health
,,1.5,0.0,1.0,#9 Best Sellers,in Makeup Bags,"3Pcs/Set Portable Mesh Breathable Toiletry Bags For Daily Essentials Organizationmakeup Bag Makeup Pouch Skincare Bag Toiletry Bag Packing Cubes,Travel Essentials Cruise Essentials Dorm Essentials,Wedding Bridesmaid Gifts,Mom Gifts,Birthday Gifts,Gifts For Friends And Teachers,Home Decor,Bathroom Livingroom Bedroom Decor,Bathroom Organizer,Jewelry Organizer,Lip Oil Organizer,Nail Polish Organizer",Beauty & Health
,300+ sold recently,6.0,0.0,1.0,,,"1pc Transparent Desktop Step Type Perfume Storage Rack, Suitable For Dressing Table, Lipstick And Skincare Product Organizer, Multi-Functional Blind Box And Collectible Display Shelf, Please Peel Off The Protective Film Before Use",Beauty & Health
,400+ sold recently,1.5,6.0,1.0,,,"Peach Flavored Lip Care, Moisturizing Honeypot Design Lip Care Product",Beauty & Health
,300+ sold recently,3.3,40.0,1.0,,,"1Pc Large Capacity Portable Makeup Bag, Pouch Pu Waterproof Cosmetic Tool Storage Bag, Travel Toiletry Bag,Makeup Bag Makeup Pouch Skincare Bag Toiletry Bag Packing Cubes,Travel Essentials Cruise Essentials Dorm Essentials,Wedding Bridesmaid Gifts,Mom Gifts,Birthday Gifts,Gifts For Friends And Teachers,Home Decor,Bathroom Livingroom Bedroom Decor,Bathroom Organizer,Jewelry Organizer,Lip Oil Organizer,Nail Polish Organizer Storage Makeup Organizer Makeup Case",Beauty & Health
,200+ sold recently,2.52,30.0,1.0,,,"Multifunctional Makeup Brush Storage Bag, Portable Travel Brush Case, Lightweight Organizer makeup brushes storage",Beauty & Health
,1.9k+ sold recently,5.5,7.0,4.0,,,"Foldable Nail Arm Rest, Nail Hand Rest For Nails Tech, Macaron Hand Rest Stand For Acrylic Nail, Portable Acrylic Hand Holder, Nail Pillow Arm Rest, Nail Supplies For Manicure Table",Beauty & Health
,300+ sold recently,3.4,3.0,1.0,,,Messy Flully Straight Bun Hair Piece Synthetic Claw Clip In Short Ponytail Extension For Women,Beauty & Health
,300+ sold recently,1.16,60.0,1.0,,,"1 Pc Mini Oval Air Cushion Bamboo Comb,Natural Bamboo Comb Paddle Detangling Hairbrush, Suit For Women Men And Kids ,Portable Detangling Haircomb For Massaging Scalp,Thin/Curly/Dry Hair  Yellow Hair Brush",Beauty & Health
,,3.7,5.0,4.0,#9 Best Sellers,in Body Make Up,"1 Piece Body Glitter Highlighter Powder Spray, High Gloss Shimmer, Natural Three-Dimensional Contouring Blush Powder, Sparkling Glow For Lips, Eyes, Hair, Face And Body Makeup",Beauty & Health
,1.4k+ sold recently,4.1,9.0,1.0,,,6PCS/SET Fluorescent Glow-In-Dark Gel Nail Polish Soak Off Party Bright Pink Green Yellow Sparkle Colorful Gel Varnish For Nail Art DlY,Beauty & Health
,1.9k+ sold recently,5.4,4.0,1.0,,,Set Of 10 Waterproof Long-lasting Matte Lip Gloss For Everyday Or Festival Use,Beauty & Health
,400+ sold recently,19.77,23.0,1.0,,,"100% Real Hair Mannequin Head Training Head Manikin Cosmetology Doll Head for Hairdresser Practice Braiding Hair Styling with Clamp stand (14 inch, black)",Beauty & Health
,,1.68,7.0,1.0,#9 Best Sellers,"in Nail,Hand & Foot Care","Manicure Set Pedicure Kit Womens Nail Clippers Set Professional Grooming Care Tools Nail Kit Including Facial, Fingernails And Toenails Care With Travel Case Women",Beauty & Health
,1.1k+ sold recently,4.99,17.0,12.0,,,SHEGLAM Pout-Perfect Shine Lip Plumper-Walk On The Beach Moisturizing Plumping Solid Lip Gloss Non-Stick Nourishing Lip Plumping Serum Coconut Oil Lipstick Lip Cosmetics Black Friday Sale Brown Lip Plumper,Beauty & Health
,400+ sold recently,2.77,38.0,1.0,,,"MUYKY Water Flossers For Teeth,Water Flosser Portable,Water Flosser For Braces,Manual Water Flosser Cordless,Water Flossers For Teeth With Braces,Dental Floss For Bridges,Teeth Cleaning Kit (3 Heads)",Beauty & Health
,700+ sold recently,1.21,50.0,1.0,,,"3 Pcs 60ML Refillable Silicone Travel Bottles Set - Leak Proof And Squeezable For Shampoo, Lotion, And Toiletries - Perfect For Carry On And On-The-Go Use",Beauty & Health
,200+ sold recently,3.7,3.0,1.0,,,10/20Pcs 60ml Transparent Hand Sanitizer Bottle With Flipping Cap For Liquid Soap Dispenser Lotion Shampoo Refillable Empty Bottle,Beauty & Health
,600+ sold recently,2.3,4.0,1.0,,,"2pcs 8ML Empty Perfume Spray Bottle, Living Room Home Bedroom Bathroom House Decor, Travel Stuff, Wedding, Party, Birthday, Gifts For Men Mom Dad Friends, New Years, Accessories, Funny Gift",Beauty & Health
,,1.9,5.0,1.0,#2 Best Sellers,in Liquid Lipstick,"Soft Matte Lip Cream,Highly Pigmented Long-Lasting Wear Non-Stick Cup Liquid Lipstick Lip Gloss Lip Glaze",Beauty & Health
,9.7k+ sold recently,1.3,7.0,1.0,,,"1Pc Transparent Silicone Nail Art Stamping Kit, French Design For Manicure Plate Stamp Polish Seal Two Sides Stamper Scraper Nail Stamping Plate",Beauty & Health
,900+ sold recently,3.0,6.0,1.0,,,"Gift Day & Night Lip Mask Set For Sleeping And Repairing, Fade Lip Lines, Moisturizing Lips, Daily Use",Beauty & Health
,,4.29,35.0,1.0,#1 Best Sellers,in Women Shave & Hair Removal Appliances,"Teckwe Epilator,2*AAA Batteries Portability Removal Device,Cordless Epilators Hair Removal For Women,Hair Removal Cordless Electric Trimmer For Legs Arms Armpit Bikini,Product Does Not Include Batteries",Beauty & Health
,40+ sold recently,3.82,33.0,1.0,,,"Natural Dark Spot Fade Cream For Face, Body, And Sensitive Areas - Korean Skincare Products For Underarms, Elbows, And Privates - 1.85 Fl. Oz",Beauty & Health
,,8.97,35.0,1.0,#2 Best Sellers,in Nail Curing Lamps & Dryers,UV LED Nail Lamp UV Light For Nails For Gel Nails Professional Nail Dryer 66 LEDs Automatic Sensor,Beauty & Health
,3.5k+ sold recently,3.2,11.0,1.0,,,"Watermelon Niacinamide Moisturize Serum For Face Skin Care, Hydrating & Brighten With Hyaluronic Acid, Glycerin And Vitamin E, Lightweight Facial Serum & Priming Liquid Highlighter(50ml)",Beauty & Health
,,3.1,3.0,1.0,#3 Best Sellers,in Led Makeup Mirror,"1Pc Mini Makeup Mirror With Light, Portable Pocket Folding Double-Sided Mirror, Gift (Battery Not Included, Needs To Be Purchased Separately) For Home Tabletop Decoration, Bathroom, Dresser Vanity & Countertop Bedroom Travel Dormitory Mirror Women Gift",Beauty & Health
,20+ sold recently,2.7,0.0,1.0,,,"Reusable Magic Hair Eraser, Painless Exfoliator Removal For Back, Arms, Legs, Portable Epilator Device For Women And Men, Washable Body Hair Trimmer, Efficient Bikini Line Shaver",Beauty & Health
,,2.57,61.0,1.0,#10 Best Sellers,in Styling Products,6.8fl.Oz/ 200ml Curl Defining Cream Bouncy Enhancers Defines Curls Mousse Leave-In Conditioner Moisturizer For Curly Hair Volumizing Cream Curling Perfection Wavy Hair-Smoothing Anti-Frizz Products,Beauty & Health
,400+ sold recently,2.4,11.0,1.0,,,1pc Gold-Plated Umbrella Shaped Fine Teeth Tungsten Steel Nail Art Polish Head,Beauty & Health
,1.2k+ sold recently,1.5,6.0,1.0,,,24pcs/Set Medium-Length European Style Pink & White Stripe & Glitter & Line Pattern Press-On Nails For Stylish Women With 1pc Nail Rubbing Stripe And 1pc Jelly Gel Nail Supplies,Beauty & Health
,,10.1,0.0,1.0,#7 Best Sellers,in Ear Pick and Sets,"30pcs/set Multi-functional Stainless Steel Manicure Set For Home Use, Nail Clippers, Ear Spoon, Acne Needle, Convenient Nail Art Tools",Beauty & Health
,7.7k+ sold recently,1.7,6.0,1.0,,,5ML/15ML/30ML/50ML/Rice Fermented Hair Growth Oil Essence Hair Oils Growth Serum Rich Nourishing Ingredients Promotes Thicker Stronger,Beauty & Health
,300+ sold recently,1.4,7.0,1.0,,,13 Sets Of Cosmetic Brushes Eye Shadow Basic Female Cosmetics 3pcs Cosmetic Sponge 1pc Cosmetic Brush Cleaning Box Powder Blush Mixed Cosmetic Tools Beginner,Beauty & Health
,900+ sold recently,1.3,7.0,1.0,,,"2pcs/pack 1ml Plastic Empty Mascara Tube, Round Eyelash Container And Wand, Cosmetic Packaging Material",Beauty & Health
,,0.76,60.0,1.0,#9 Best Sellers,in Hair Treatment,"Rosemary Mint Scalp & Hair Care Oil With Biotin & Essential Oil, Moisturizing And Nourishing Oil For All Hair Types",Beauty & Health
,1.3k+ sold recently,6.48,10.0,1.0,,,Pink Wax Hair Removal Kit 500cc Wax Heater 4 Packs Hair Removal Wax Beads 20pcs Wax Applicator Sticks Suitable For Women To Use At Home For Hair Removal 110V Voltage,Beauty & Health
,,2.5,4.0,6.0,#1 Best Sellers,in Foundation,"Oil Control Foundation, 30Ml Long-Lasting Full Coverage Liquid Foundation Cover Under Blemishes & Skin Discoloration",Beauty & Health
,5.7k+ sold recently,1.2,8.0,13.0,,,Upgrade Your Look With 24pcs Long Square White Heart Print Full Cover Fake Nail Kit & 1pc Nail File & 1sheet Tape Press On Nails Nail Supplies,Beauty & Health
,,2.5,7.0,1.0,,,1 Box Mixed High-Quality Translucent Cubic Zirconia Flash Pointed Bottom Manicure Cubic Zirconia Sugar Pigeon Egg Round Naked Manicure Cubic Zirconia Nail Art Decoration Nail Jewelry Cubic Zirconia Drill,Beauty & Health
,2.9k+ sold recently,1.25,40.0,5.0,,,1pc Shot Glass with Lid Nail Art Liquid Powder Crystal Cup Nail Dappen Dish,Beauty & Health
,400+ sold recently,2.1,5.0,1.0,,,Figure Graphic Zipper Makeup Bag Black Friday,Beauty & Health
,500+ sold recently,1.7,0.0,1.0,,,"8/16pcs Exfoliating Shower Gloves, Mitt Washcloth Bath Gloves For Shower, Double Sided Exfoliating Gloves, For Spa, Massage And Body Scrubs, Body Scrubber Bathing Accessories",Beauty & Health
,500+ sold recently,3.0,9.0,7.0,,,3pcs Rainbow Stainless Steel Set Nail Cutter Clipper Nipper Nail Tools Kit,Beauty & Health
,,1.7,0.0,8.0,#2 Best Sellers,in Eye Mask,"1pc/2pcs/3pcs/4pcs/5pcs/10pcs  Shading Sleep Eye Mask Imitation Silk Ice Feel Comfortable, Relaxing Fatigue, Lunch Rest, Sleeping",Beauty & Health
,,2.7,0.0,1.0,#4 Best Sellers,in Makeup Bags,"1 PC Travel Makeup Brush Case, Portable Makeup Brush Cosmetic Holder,Soft And Comfortable Makeup Brush Organizer,Fashionable And Beautiful Cosmetic Brush Bag",Beauty & Health
,,12.7,11.0,1.0,#9 Best Sellers,in Facial Beauty Devices,"Double Chin Machine, 5 Modes And 12 Intensity Levels Face Lift Device, Intelligent Lifting Firming Saggy Skin Tightening Machine For Women Skin Care, Led Photon Therapy Facial Vibration Massager Face Lifting Heated Double Chin V Massage",Beauty & Health
,300+ sold recently,3.0,3.0,1.0,,,Hairpin Storage Magnetic Wristband Black Friday,Beauty & Health
,1.7k+ sold recently,2.3,4.0,1.0,,,"1pc Natural Bamboo Color  Beard Brush For Barber Shop, Hair Styling, Beard Grooming, Face Cleaning, Shoe Cleaning And Etc.",Beauty & Health
,,1.4,7.0,1.0,#9 Best Sellers,in Nail Art Accessories,1Pack About 100Pcs 10Cm Long Disposable Ultra-Small Swab Lint Free Micro Brushes Wood Buds Swabs Eyelash Extension Glue Removing Nail Tools For Home Salon,Beauty & Health
,3.6k+ sold recently,2.2,4.0,1.0,,,Matte And Soft Pink Peach Color Cheek Blush Stick Provides A Natural Contour And A Lasting Flush Glossy Finish,Beauty & Health
,1.6k+ sold recently,2.8,7.0,5.0,,,"13pcs Nail Art Brush Set Including Led Lamp Pen, Liner Pen, Flower Pen, Silicone Pen, Drill Pen, Rhinestone Pen, Crystal Pen And Other Nail Tools",Beauty & Health
,400+ sold recently,1.5,0.0,1.0,,,1pc ABS Gua Sha Massage Board,Beauty & Health
,200+ sold recently,1.96,27.0,1.0,,,"Floral Print Lipstick Organizer With Mirror, Vintage Messenger Makeup Organizer Travel Box, Jewelry Box Organizer, Vintage Coin Pouch Spring Trendy Elegant Makeup Storage Makeup Bag Lipstick Holder For Lip Gloss Lipstick Lip Oil Lip Balm",Beauty & Health
,,2.9,3.0,1.0,#5 Best Sellers,in Tattoo Ink,"2Pcs Black & Chestnut Henna Temporary Tattoo Paste For Body Art, Long Lasting & Semi-Permanent, Suitable For Wrist Henna Ink",Beauty & Health
,2.1k+ sold recently,2.7,4.0,1.0,,,"Dry/Wet Body Brush For Exfoliating, Naturally Removing Dead Skin And Improving Skin Texture, The Scrub Brush Is Suitable For Stimulating Lymphatic And Blood Flow, Massage Black Friday",Beauty & Health
,,1.9,5.0,1.0,#7 Best Sellers,in Setting Spray,"Sand-like Setting Spray For Long-lasting, Waterproof, Sweatproof, Oil-controlled, Non-fading Makeup And Brightened Skin Tone",Beauty & Health
,,4.6,4.0,1.0,#2 Best Sellers,in Hair Care & Styling,"40 Capsules Hair Treatment Serum, Hair Vitamins Serum Capsule, Enriched With A C E Pro B5, Moroccan Macadamia Avocado Oils, Conditioner For Women & Men, No Rinse And Safe For All Hair",Beauty & Health
,,1.7,15.0,4.0,#6 Best Sellers,in Nail Art Practice Tools,160Pcs Nail Swatches Oval Round Tips For Display Nail Samples Gel Polish Palette Color Chart Manicure Practicing Tools,Beauty & Health
,800+ sold recently,2.95,50.0,1.0,,,"10 Pairs Magnetic Eyelashes Kit With 2 Magnetic Eyeliners & Tweezer, Party And Daily Style False Eyelashes Natural Look, Long-Lasting Reusable - No Glue Needed",Beauty & Health
,700+ sold recently,4.49,25.0,1.0,,,SHEGLAM Jelly Wow Hydrating Lip Oil-Strike Gold,Beauty & Health
,10+ sold recently,1.1,0.0,1.0,,,"140pcs Waterproof Five-Pointed Star Acne & Freckle Cover Stickers For Party, Outdoor, Photoshoots",Beauty & Health
,,3.61,12.0,1.0,#6 Best Sellers,in Waist Massage Belts,"1pc Black Self-Heating Back Waist Protective Strap For Both Men And Women Can Be Used Multiple Times, Multiple Sizes Can Be Selected",Beauty & Health
,600+ sold recently,2.1,5.0,7.0,,,"Oval Golden Edge Resin Stone Nail Polish Palette Mixing Color Drawing Pallet Gel Polish Display Manicure Tool, 1pc",Beauty & Health
,2.7k+ sold recently,3.2,3.0,1.0,,,HANDAIYAN Summer Beach Sexy Body Brightening Body High Light Liquid Emulsion Net Content 20ml,Beauty & Health
,200+ sold recently,1.7,6.0,1.0,,,Round Cleansing Brush Pad,Beauty & Health
,80+ sold recently,3.12,49.0,1.0,,,White Makeup Bag Towel Embroidery Cosmetics Travel Amenity Bag Letter White Makeup Bag Portable Wallet Ladies Makeup Bridal Shower Gift Engagement Bridesmaid Bachelorette Party Gifts,Beauty & Health
,500+ sold recently,1.7,6.0,1.0,,,"Eyebrow Tattoo Preservative Film,1 Roll/200M Disposable Eyebrow Tattoo Plastic Wrap Preservative Film For Professional Eyebrow Lips Permanent Make Up Supplies,Wrap Cover Tape Roll,For Multi-Purpose Use Black Friday",Beauty & Health
,,1.2,8.0,6.0,#2 Best Sellers,in Nail Drill Bits,Safety Diamond Sand Grinding T-shaped Disc-shaped Grinding Head Bits Small Nail Drill Head Tool for Shortening Acrylic Pointed Nails Pedicure Drill Bits Manicure Pedicure Tools Home Salon Use,Beauty & Health
,1.7k+ sold recently,3.99,11.0,1.0,,,SHEGLAM Snatch 'n' Glow Stick-Tea Cake Cream Highlighter Makeup Stick Long Wear Brightening Non-Caking Highlighter Face Makeup Black Friday Sale Gift Orange Highlighter,Beauty & Health
,800+ sold recently,2.5,7.0,1.0,,,50pcs/Pack Empty Sterilizing Bag Disposable Self-Sealing Sterilization Pouches For Manicure Nail Art Tools Accessories Supplies,Beauty & Health
,3.4k+ sold recently,3.8,12.0,4.0,,,"Initial Letter Patch Makeup Bag, Preppy Portable Chenille Letter Cosmetic Bag With Zipper, PU Leather Waterproof Travel Toiletry Bag Monogram Make Up Pouch For Women Girls (Letter A~Z)",Beauty & Health
,3.4k+ sold recently,1.4,7.0,8.0,,,"24pcs/Set Short Square Shaped Minimalist Style Nail Tips With Printing, Including 1pc Nail File And 1pc Jelly Glue Press On Nails Nail Supplies",Beauty & Health
,1.0k+ sold recently,2.1,9.0,1.0,,,"1pc Star Design Nail Polish Mixing Palette, Manicure Drawing Display Tray Manicure Tool",Beauty & Health
,1.7k+ sold recently,2.07,26.0,1.0,,,"1Pc Remove Blackhead LAIKOU Japan Sakura Peel-Off Mask, 50g Deep Cleansing Pores Tearing Mask Brighten Skin Tone Facial Mask For Women, Mom, Wife, Sister, Teen, Girl Friend Skincare Mom Gifts",Beauty & Health
,400+ sold recently,1.6,6.0,9.0,,,2pcs Summer Coconut Tree Nail Art Sticker Yellow Blooming Flower Palms Leaf Flamingo Bird Beach Sliders Self Adhesive Decals DIY Decorations Manicure Nail Stickers,Beauty & Health
,60+ sold recently,0.65,50.0,1.0,,,"1pc, Creative Mini Strawberry Candle - Perfect for Party Decor, Photo Props, and Aesthetic Home Decor - Ideal Birthday Gift and Art Craft Ornament",Beauty & Health
,,2.8,7.0,13.0,#7 Best Sellers,in Makeup Tools,"15pcs Makeup Sponge Set With Storage Container, Including 3pcs Beauty Blender & 3pcs Mini Beauty Blender & 3pcs Large Powder Puff & 3pcs Mini Powder Puff & 3pcs Mini Finger Cushion Puff, For Liquid, Cream And Powder Foundation, Multi-Colored Makeup Sponge, Latex-Free Dry And Wet Dual Use Foundation Cream, With Air Cushion Puff, Latex-Free Beauty Sponge And Makeup Puff, For Liquid Foundation, Foundation And Concealer. Suitable For All Skin Types. Made Of Ultra-Soft Velvet, Specially Designed For Contouring, Eye And Corner, Beauty Blending Container For Mix Foundation.",Beauty & Health
,200+ sold recently,0.76,72.0,7.0,,,"Best Teacher Letter Printed Beauty Storage Bag Cartoon Printed Zipper Bag, Lightweight Carry-On Bag, Teacher Multi-Functional Portable Cosmetic Bag, Best Gift For Mom, Teacher, Friend, Nurse, Teacher Appreciation Storage Bag, Toiletry Bag, Portable Cosmetic Bag , Ladies Gift Makeup Storage Toiletry Bag, Friendship Gift For Sisters Travel Makeup Bag, Girl Gift Girlfriend Gift, Perfect For School Trips Holiday Essentials Teacher Gifts Teacher Bag",Beauty & Health
,,10.3,4.0,1.0,#9 Best Sellers,in Shower & Scrubs,"Watermelon Sugar Salt Body Scrub Exfoliating Bath Salt Scrub, Multiple Scents Available",Beauty & Health
,200+ sold recently,3.0,3.0,1.0,,,"1pc Detangling Brush For Afro America/African Hair, Textured 3a To 4c Kinky Wavy/Coily/Wet/Dry/Oil/Thick/Long/Curly Hair Detangler",Beauty & Health
,,12.7,0.0,1.0,#8 Best Sellers,in Bedroom,"1pc Plastic Makeup Storage Box, Nordic Clear Multi-Layer Dust-Proof Cosmetic Storage Box For Bedroom, Bathroom, Gift For Valentine's Day",Beauty & Health
,,0.86,68.0,1.0,#7 Best Sellers,in Nail Art Storage & Display,"Nail Drill Bits Organizer With Sterilization Cap, Display Stand, And Wash Box - Convenient Storage Solution For Sanitized Nail Art Tools  Pink",Beauty & Health
,7.6k+ sold recently,1.1,8.0,1.0,,,288pcs (12 Sheets) Adhesive Tabs Waterproof Breathable Glue Tabs Double-Sided Nail Jelly Nail Stickers DIY,Beauty & Health
,,9.0,6.0,1.0,#6 Best Sellers,in Led Makeup Mirror,"Vanity Lights Usb Tricolor Light Foldable Makeup Mirror Vanity Mirror Magnifying Mirror For Home Tabletop Decoration, Bathroom, Dresser Vanity & Countertop Bedroom Travel Dormitory Mirror Women Gift",Beauty & Health
,300+ sold recently,1.15,39.0,1.0,,,100Pcs/Set Manicure Gel Polish Nail Art Paper Tray Salon Home Nail Care Supplies Nail Gel Color Display Board For Nail Art Diy Manicure Tool,Beauty & Health
,100+ sold recently,0.9,50.0,4.0,,,"Lace Wig Headband, Velvet Lace Divider Headband With Wig Cap, Non-slip Hair Band",Beauty & Health
,,2.25,25.0,5.0,#6 Best Sellers,in Hair Removal Tools,"20pcs Black Stainless Steel Eyebrow Razors, Women Beauty Makeup Tools",Beauty & Health
,1.2k+ sold recently,3.99,39.0,20.0,,,SHEGLAM Perfect Skin High Coverage Concealer-Chantilly 20 Shades Liquid Concealer Brush Moisturizing Weightless All-Day Hydrate Concealer Makeup Black Friday Sale Concealer,Beauty & Health
,100+ sold recently,1.9,5.0,1.0,,,"MAANGE 3pcs Makeup Remover Puff,Soft And Skin Friendly Face Towel,Cleaning Tools Easy Carrying For Travel,Skincare,Room Decor,Home Decor,Bedroom Decor,Bathroom,Christmas Gifts,Bathroom Decor,Travel,Travel Stuff,Wedding,Christmas Party,Mom Gifts,Home,Room,House Decor,Christmas Gift,Gifts For Mom,Birthday,Pink Room Decor,Living Room Decor,Bedroom,Gifts For Men,Dad Gifts,Mushroom,New Years,Mom,Accessories,Gifts For Dad,Friends,Funny Gift",Beauty & Health
,500+ sold recently,1.7,6.0,1.0,,,"TRSTAY Intensive Moisturizing Hand And Foot Mask For Dry And Cracked Skin, With Foot Cream",Beauty & Health
,,1.5,6.0,1.0,#4 Best Sellers,in Hair Treatment Essential Oils,"Hair Growth Essential Oil,Effective Women Hair Growth Treatment Hair Growth Serum Anti Hair Loss Hair Density Serum Hair Loss Care Beauty",Beauty & Health
,,1.9,5.0,15.0,#10 Best Sellers,in Press On Nails,"Transform Your Nails With, 24pcs Press On Nails Long Almond French & Bowknot,Faux Pearl Design False Nails Set, Contain 1pc Jelly Glue And 1pc Nail File, For Nail Art Decorations By Women & Girls Nail Supplies",Beauty & Health
,700+ sold recently,2.2,8.0,1.0,,,"Nail Drill Bits Set, 10pcs Nail Bits For Nail Drill E-File, Bits Manicure Pedicure Remover Tools For Acrylic Gel Nails, Salon Home Nail Care Supplies For Acrylic Nail Gel Fast Remove",Beauty & Health
,1.5k+ sold recently,1.5,6.0,1.0,,,24pcs Wearable Square/Round Nail Art Fake Nails With Beautiful Floral Design In Simple Yet Elegant Pink And Multi-Color For Daily And Party Wear Press On Nails Nail Supplies,Beauty & Health
,,1.9,5.0,1.0,#3 Best Sellers,in Styling Products,"Strong Hold Edge Control Gel, Non-Greasy No Flake Styling Wax For Smoothing & Slick Shiny Hair Wigs 113g/ 30g Strawberry Scent",Beauty & Health
,1.3k+ sold recently,1.5,12.0,1.0,,,"10pcs 2ml Nail Glue For Diamond Stickers Or Artificial Nail Tips, Quick-drying Fast Curing & High Viscosity",Beauty & Health
,1.5k+ sold recently,0.67,52.0,1.0,,,"3pcs Makeup Brush Set,Blade eyeliner brush fine oblique head eyebrow brush outline eyeliner ultra-thin eye shadow brush makeup brush Black Friday",Beauty & Health
,400+ sold recently,4.3,4.0,4.0,,,"Large Capacity Cosmetic Bag, 1Pc Beige Storage Double Cosmetic Bag Toiletry Organizer Bag Makeup Travel Bag,Makeup Bag Makeup Pouch Skincare Bag Toiletry Bag Packing Cubes,Travel Essentials Cruise Essentials Dorm Essentials,Wedding Bridesmaid Gifts,Mom Gifts,Birthday Gifts,Gifts For Friends And Teachers,Home Decor,Bathroom Livingroom Bedroom Decor,Bathroom Organizer,Jewelry Organizer,Lip Oil Organizer,Nail Polish Organizer Makeup Bag Storage Makeup Organizer Makeup Case",Beauty & Health
,,2.65,22.0,1.0,#1 Best Sellers,in Cosmetic Mirror,"1pc Rectangle Foldable Portable Makeup Mirror With Stand, Travel Mirror, Beauty Tool, Desktop Mirror, Gift For Women And Girls",Beauty & Health
,100+ sold recently,2.6,0.0,1.0,,,"3pcs Swab Holder, Makeup Remover Pad Dispenser, Covered Makeup Remover Pad Storage Box, Transparent Cosmetic Organizer, Bathroom Makeup Swab & Pad Holder",Beauty & Health
,50+ sold recently,1.0,0.0,1.0,,,"Clean Silicone Facial Sheet Brush, 1pc Face Care DIY Mud Facial Sheet Apply Skin Care Tool",Beauty & Health
,500+ sold recently,5.65,33.0,1.0,,,"Electric Nail File Multi-Function Nail Drill Toenail Sander For Thick Nails Professional 4 Speeds Electric Nail File For Thick Toenails, Nail Polishing Nursing Peeling Removing Grinding Edge Shaping",Beauty & Health
,300+ sold recently,26.81,30.0,1.0,,,Short Curly Wave Pixie Cut T Part Lace Wig 12X0.5 Real Human Hair Wig 1B Natural Black Color Affordable Hair Replacement Wig Cheap Daily Use Wig For Beginner Friendly,Beauty & Health
,,1.42,16.0,7.0,#1 Best Sellers,in Nail Art Storage & Display,"Nail Tool Storage Box With Nail Files, Pens And Sponge, Light Therapy Pen, Portable Rectangle Jewelry Storage Box For Nail Tools, Plastic Transparent Box For Nail Accessories And Nail Art Decoration, Nail Tip Storage Container",Beauty & Health
,200+ sold recently,2.35,54.0,1.0,,,20pcs Clear Handle Makeup Brush Set Black Friday,Beauty & Health
,1.1k+ sold recently,1.26,26.0,1.0,,,1pc Pink U-shaped Nail Clipper UV Gel Acrylic Nail Cutter For Gel Nail Extension And Trimming With Flat Mouth For French Nail,Beauty & Health
,900+ sold recently,2.2,8.0,1.0,,,10pcs Disposable Waterproof Manicure Table Mat Wipes Home Manicure & Nail Salon Use,Beauty & Health
,3.9k+ sold recently,2.4,4.0,1.0,,,"120pcsÂ IndividualÂ Eyelashes,Â SunflowerÂ StyleÂ FalseÂ Eyelashes,Â CartoonÂ Style,Â ReusableÂ AndÂ CanÂ AmplifyÂ Eyes",Beauty & Health
,7.3k+ sold recently,2.8,7.0,13.0,,,"Makeup Sponge 15pcsset With Storage Container, Including 3 Regular Makeup Sponges & 3 Mini Makeup Sponges & 3 Regular Powder Puff & 3 Mini Powder Puff & 3 Mini Finger Cushion Puff. It Can Be Used For Liquid, Cream And Powder. Multi-Colored Makeup Sponges Are Latex-Free And Come In Wet And Dry Formats. It Comes With Cushion Puff, Non-Latex Mixed Sponge, And Powder Puff For Liquid Foundation, Foundation And Concealer. Suitable For All Skin Types. Made Of Super Soft Velvet, It Is Specially Designed For Sculpting, Eyes, And Corners, And For Mixing Make-Up Foundation.",Beauty & Health
,3.1k+ sold recently,1.2,20.0,10.0,,,Nail Art Dot Diamond Crayon Wax Head Comes With Sticky Dot Drill Remover And Suction Pen Dot Bead Jewelry Tool Pen Double-ended Dot Bead Pen Wax Head Comes With Sticky Diamond Pen Holder Manicure New Style One Pack White,Beauty & Health
,3.3k+ sold recently,1.6,16.0,1.0,,,3D Acrylic Flowers Bowknot AB Rhinestone Nail Charms Rhinestone Pink Flowers For Nail Decorations Gold Caviar Beads Mixed Beads Manicure Design Nail Supplies DIY Nail Gems,Beauty & Health
,1.6k+ sold recently,2.4,0.0,1.0,,,1pc Multi-Color Bath Artifact Long Handle Soft Hair Japanese Bath Brush Multi-Functional Two-In-One Rubbing Mud Bath Brush Back Brush,Beauty & Health
,8.0k+ sold recently,3.1,6.0,1.0,,,"Black Friday Tiny Flower Design Nail Art Decoration, 2boxes Gold Color Silver Steel Ball Jewelry Rhinestone Nail Art Charms Nail Art Accessory Nail Art Decoration DIY Nail Gems Nail Supplies",Beauty & Health
,1.2k+ sold recently,9.9,4.0,5.0,,,40PCS Makeup Tools Set Including: 20PCS Makeup Brush Sets+4PCS Makeup Sponges+4PCS Mini Makeup Sponges+4PCS Triangle Powder Puffs+4PCS Mini Air Cushion Powder Puff+1PCS Makeup Brush Cleaning Tools+1PCS Hairband+2PCS Hand Bowl Strap For Preventing Water From Flowing Into Clothes,Beauty & Health
,10k+ sold recently,1.5,12.0,4.0,,,"No Wipe Nail Glue Rhinestones Adhesive Gel, 10ml Top Coat Gel Polish for Nail Art Decorations",Beauty & Health
,,5.2,9.0,8.0,#3 Best Sellers,in Rhinestones & Decorations,"500 Pcs 3D Nail Charms And Flatback Pearls Set 1, 8 Colors Nail Bows Charm + Pink&White Star Heart Moon Cute Nail Jewels + 2-4mm White Nail Pearls For Nail Art DIY Decoration With Pickup Tools Nail Gems Nail Supplies",Beauty & Health
,1.2k+ sold recently,0.15,86.0,1.0,,,Black Friday 1pack Star Design Nail Art Sequin DIY Nail Charms Nail Gems Nail Supplies,Beauty & Health
,1.3k+ sold recently,2.6,0.0,1.0,,,"4/8/10 Pcs Exfoliating Shower Gloves, Mitt Washcloth Bath Gloves For Shower, Double Sided Exfoliating Gloves, For Spa, Massage And Body Scrubs, Body Scrubber Bathing Accessories",Beauty & Health
,,2.1,13.0,1.0,#8 Best Sellers,in Brows & Lash Tools,1pc Eyelash Curler & 1pc Brush,Beauty & Health
,10k+ sold recently,1.5,6.0,1.0,,,"Eyelash Curler Refill Strip,30Pcs Silicone Eyelash Curler Refills Eyelash Curler Refill Pads For Eyelash Lifting",Beauty & Health
,1.6k+ sold recently,5.2,4.0,4.0,,,1Pc Colorlamb Portable Shaving Razor for Women Bikini Leg Hair Private Body Shaver Use 5 Layer Skin Care Soap Blades Cartridge Hair Removal Manual Travel Shaver White Color Black Friday,Beauty & Health
,400+ sold recently,0.99,66.0,13.0,,,"Black Friday Champagne Chunky Glitter For Nails, 4Bottles 4Colors Chunky Face Glitter Holographic Hair Resin Craft Glitter Cosmetic Glitter DIY Nail Charms Nail Gems Nail Supplies",Beauty & Health
,,2.7,0.0,1.0,,,"1pc/3pcs Vanity Makeup Storage Organizer, Q-Tip Holder Bathroom Container, Round Pad/Floss Dispenser, For Sorting And Storing",Beauty & Health
,,3.82,46.0,1.0,#1 Best Sellers,in Polishes & Scrubs,4.59oz Turmeric & Vitamin C Face Scrub Face Mask Facial Cleansing Face Cream Rejuvenating Exfoliating Clearing Blackheads Acne And Large Pores,Beauty & Health
,3.3k+ sold recently,1.8,5.0,10.0,,,"Portable Eyelash Curler With Silicone Pads, 1pc Stainless Steel Black Comfort Grip Lash Curler With 10 Extra Silicone Replacement Pads, Achieve Perfect Curls In 5 Seconds, Long-Lasting And Non-Damaging Lash-Lifting, Enlarges Eye Shape, Eyelash Curler Suitable For All Eye Types, Makeup Tools Suitable For Women And Girls",Beauty & Health
,,2.0,5.0,1.0,#5 Best Sellers,in Primer,"Moisturizing Face Primer, Long-lasting, Lightweight, Creamy Texture, Minimizes Pores And Fine Lines, Natural Matte Base Cream",Beauty & Health
,3.2k+ sold recently,4.99,17.0,7.0,,,SHEGLAM Sun Sculpt Liquid Contour-Tawny AmberÂ  Gel Cream ContourÂ  Non-Greasy Long Lasting Highly Pigmented Natural Contour Contouring Weightless Bronzer Black Friday Winter Brown Contour & Bronzer,Beauty & Health
,400+ sold recently,1.3,7.0,1.0,,,"Large Sheet Multisize 3d Simulated Gemstone Eye & Face Decoration Stickers, Diy Music Festival Y2k Makeup Party Eye & Face Decoration Stickers",Beauty & Health
,2.4k+ sold recently,1.5,6.0,1.0,,,Matte Small and Cute Waterproof and Sweatproof Blush #01 Color,Beauty & Health
,5.4k+ sold recently,1.6,6.0,25.0,,,24 Pieces Boxed Almond Shape Pink Transparent White French Love Gradient French  Neutral Nails Japanese Styls Press On Nails Almond Shape Press On Nails Extra Short  Nail Supplies Fake Nails Art Short Nails Gel Nail Stickers Nail Kits Nail Kit For Gift Ldea Giving Kids Dress Up Accessories  & 1pc Mini Nail File & 1sheet Adhesive Tabs,Beauty & Health
,1.0k+ sold recently,2.5,7.0,1.0,,,14pcs/set 2ml Pink Acrylic Nail Gel Kit With Long-lasting And Extra Strong Adhesive For Nail Salons And Home Diy,Beauty & Health
,,2.3,8.0,1.0,,,"22pcs Solid Color Gel Nail Polish Stickers, Waterproof Nail Adhesive Decals For Women",Beauty & Health
,,3.8,3.0,1.0,#6 Best Sellers,in Moisturizers,"Aloe Revital Soothing Balm- Deeply Hydrating, Skin Nourishing After Sun Skin Care For Face, Body And Hair - Sunburn, Redness",Beauty & Health
,500+ sold recently,3.0,3.0,1.0,,,"1 Pc Large Air Cushion Bamboo Comb,Bamboo Paddle Hair Brush With Handle, Natural Bamboo Comb Paddle Detangling Hairbrush, Suit For Women Men And Kids ,Portable Detangling Haircomb For Massaging Scalp,Thin/Curly/Dry Hair  (Yellow)",Beauty & Health
,,1.8,0.0,1.0,#8 Best Sellers,in Lip Gloss,HANDAIYAN Mirror Moisturizing Glass Lip Honey Fruit Color Jelly Lip Color Toot Lip Glaze Lip Oil Single Water Content 10ml,Beauty & Health
,400+ sold recently,1.02,49.0,1.0,,,"1pc Nylon Needle Shaped Styling Hair Brush, Used To Remove, Separate, Sculpt And Define Wet Or Curly Hair, Easily Pass Through Tangles (Small) Comb",Beauty & Health
,,2.2,4.0,1.0,#4 Best Sellers,in Mascaras,Eyelash Growth Serum Waterproof Transparent Mascara Eyelash Extension Liquid Long Thick Lashes Beauty Care Eye Makeup Gift For Women Eyelashes Eyebrow Nourishing Serums,Beauty & Health
,60+ sold recently,3.3,3.0,1.0,,,"1pc Simple Portable Mini Women's Travel Jewelry Box, Bridesmaid Gift And Travel Necessity, With Zippered Pockets For Rings, Necklaces And Earrings",Beauty & Health
,,0.73,39.0,1.0,#7 Best Sellers,in Brows & Lash Tools,"Eyebrow Razor, 3Pcs Stainless Steel Eyebrow Razors Eyebrow Shaver Multipurpose Face Razors Facial Hair Knife Remover Makeup Tools",Beauty & Health
,70+ sold recently,5.8,33.0,1.0,,,"LED Vanity Mirror Touch Screen 3 Lights Portable Standing Folding Vanity Mirror 5x Magnification Compact Vanity Mirror, Cosmetic Mirror With Lights For Makeup Desk & Dressing Room",Beauty & Health
,400+ sold recently,2.55,36.0,1.0,,,"1pc Eye Shadow Palette Makeup Storage Box, Transparent Cosmetic Organizer, Suitable For Dressing Table, Bathroom Counter, Kitchen Cabinet, With 7 Compartments",Beauty & Health
,5.7k+ sold recently,2.9,3.0,1.0,,,Large Boar  Hair Brush For Straightening Hair Black Friday Comb,Beauty & Health
,400+ sold recently,2.2,8.0,1.0,,,"Nail Drill Bit, 1pc Metal Nail Bits For Nail Drill E-File, Bits Manicure Pedicure Remover Tools For Acrylic Gel Nails, Salon Home Nail Care Supplies For Acrylic Nail Gel Fast Remove, Colorful",Beauty & Health
,800+ sold recently,4.99,35.0,1.0,,,"Teckwe Touch Control LED Cosmetic Mirror,Mirror With Vanity Light,3 Colors Adjustable & Foldable Storage Rechargeable,Tabletop LED Folding Cosmetic Vanity Mirror For Dormitory Use",Beauty & Health
,,1.8,10.0,1.0,,,"1pc Nail Art Practice Stand With Acrylic Base And Automatic Adsorption Nail Display Stand For  Practice Tips, With Exquisite Gift Box Packaging Nail Art Tool",Beauty & Health
,600+ sold recently,1.3,0.0,1.0,,,1pc European & American Style Leopard Print Fish Clip Large Horizontal Clip Edge Clip Banana Clip Tortoise Shell Clip Flat Bean Clip Ponytail Holder,Beauty & Health
,2.3k+ sold recently,3.0,3.0,7.0,,,"1Pc Cosmetic Makeup Bag Organizer Toiletry Drawstring Bag For Travel Portable Storage Pouch,Makeup Bag Makeup Pouch Skincare Bag Toiletry Bag Packing Cubes,Travel Essentials Cruise Essentials Dorm Essentials,Wedding Bridesmaid Gifts,Mom Gifts,Birthday Gifts,Gifts For Friends And Teachers,Home Decor,Bathroom Livingroom Bedroom Decor,Bathroom Organizer,Jewelry Organizer,Lip Oil Organizer,Nail Polish Organizer Storage Makeup Organizer Makeup Case",Beauty & Health
,1.0k+ sold recently,1.0,9.0,1.0,,,"1set 3gNail Glue For Acrylic Nails, Clear No Wipe Adhesive Rhinestone Gems Glue Gel, Nail Glue Gel Press On Nails For Nail Art Manicure",Beauty & Health
,500+ sold recently,1.8,5.0,9.0,,,50pcs mascara Disposable Micro Eyelash Comb Brush Spoolers Makeup Kit lash Extension Brushes Mascara Applicator Wand Lash Eyebrow Brush Eyelash brush,Beauty & Health
,100+ sold recently,1.25,22.0,1.0,,,"4pcs Disposable Rubber Band Hair Removal Tool, Portable Rubber Band Knife, Hair Removal Without Injury, Hair Cutting Rope Tool",Beauty & Health
,50+ sold recently,1.15,50.0,1.0,,,BASIC LIVING Marble Pattern Eyelash Curler,Beauty & Health
,700+ sold recently,8.8,0.0,1.0,,,LANEIGE Mini Lip Sleeping Mask EX Balm Care Berry 3g,Beauty & Health
,4.6k+ sold recently,1.7,11.0,16.0,,,"24Pcs/Set Press On Nails Long Square White French Acrylic Nails Tips Pink Bow Tie & Heart-Shaped Pattern With Rhinestones Design Fake Nail,Contain 1pc Jelly Glue And 1pc Nail File,Suitable For Women And Girls Daily Life And Party Use Nail Supplies",Beauty & Health
,600+ sold recently,1.6,11.0,6.0,,,"5pcs Nail File, Emery Board Nail Files For Acrylic Nails And Natural Nails, 100/180 Grit Double Sided Fingernail Files Gel Nail Professional Reusable Washable Manicure Pedicure Kit Set Gray",Beauty & Health
,,1.2,8.0,1.0,#10 Best Sellers,in Skin Care,Coconut Lip Balm - Long Lasting Nourishment And Moisture For Men And Women - Daily Care Lip Balm,Beauty & Health
,10k+ sold recently,2.24,20.0,1.0,,,"1 Pc Heatless Curling Wand Random Colors, Silk Headbands With 2 Hair Ties, Soft And Natural Curls And Waves, Heatless Sleep Curls No Heat Curling Methods Sleep Curls Curls Hair Products For Women,Sleep Curls Overnight Wet Hair Sleep Curls Styling Tool For A Good Night's Sleep Sleeping Curling Wand Headband, Hair Wrap Sleep Curls, Heatless Curling Wand Wand To Curl Hair Without Heat  Hair Twist Sleep Curls,Overnight Hair Curlers To Sleep In,No Heat Curlers For Damage-Free Hair - Easy To Use Heat",Beauty & Health
,400+ sold recently,1.16,39.0,1.0,,,"1pc Creative & Lovely Frog Design Plush Spa Facial Headband For Makeup And Washing Face, Terry Cloth Hairband Yoga Sports Shower Facial Elastic Head Band Wrap For Girls And Women,Skincare,Room Decor,Home Decor,Bedroom Decor,Bathroom,Christmas Gifts,Bathroom Decor,Travel,Travel Stuff,Wedding,Christmas Party,Mom Gifts,Home,Room,House Decor,Christmas Gift,Gifts For Mom,Birthday,Pink Room Decor,Living Room Decor,Bedroom,Gifts For Men,Dad Gifts,Mushroom,New Years,Mom,Accessaries,Gifts For Dad,Friends,Funny Gift",Beauty & Health
,200+ sold recently,1.24,27.0,1.0,,,"1PC Transparent Makeup Brush Storage Bag - Waterproof PVC Zipper Pencil Box For Travel, Home, And Office - Organize And Protect Your Makeup Brush Makeup Bag Storage Makeup Organizer Makeup Case",Beauty & Health
,300+ sold recently,2.8,3.0,1.0,,,"1pc Aluminum Comb For Hair Volume, High-Temperature Resistant Styling Comb, Nylon Tooth Cylinder Roll Comb, Anti-Static, High-Temperature Resistant, Non-Damaging, Massaging And Styling Comb. Hair Brush",Beauty & Health
,,1.8,10.0,4.0,#3 Best Sellers,in Nail Art Brushes,"Nail Art Drill Pen Tool, Double-headed Point Drill Wax Pen, Diamond Glue Wax Pen For Removing Drill And Coloring Nail Art Pen",Beauty & Health
,2.2k+ sold recently,1.7,6.0,6.0,,,"Minimalism Simple French Style 24pcs Short Square False Nails With Golden Edge, Suitable For Any Occasion. Press On Nails Nail Supplies",Beauty & Health
,300+ sold recently,1.36,28.0,1.0,,,"2pcs Mint Flavor Roll Dental Floss, Deep Cleaning Dental Floss ,Portable Disposable Dental Floss Picks For Travel Daily Life",Beauty & Health
,900+ sold recently,1.7,6.0,1.0,,,"5G/15G/30G/50G/Perfect Chest Anti-Wrinkle Whitening+ Firming Cream Anti-Aging Cream For Chest, Neck & Face Purple",Beauty & Health
,500+ sold recently,1.71,34.0,1.0,,,5 Pairs Natural Cat Elf False Eyelashes Fluffy Soft Dramatic 3D Mink Lashes Long Wispy Eyelash Multi-layered Eyelashes short Thick Fake Eyelash Extension Bulk Faux Cils Makeup products maquiagem Wedding Party & Club Daily work Meeting natural Fake lashes Comfortable to wear Band Eye Lashes  Handmade Upper Lash Winged End Eye Elongated Eyelashes Natural Realistic Eyelash Full Strip Lashes Lasting Volume Popular Make up Beauty Tools full false lashes eyelashes extension kit,Beauty & Health
,4.9k+ sold recently,1.6,11.0,5.0,,,24pcs French Style Square Shaped False Nail Set With White Border And Minimalist Design Press On Nails Nail Supplies,Beauty & Health
,,5.49,8.0,1.0,#3 Best Sellers,in Makeup Remover,SHEGLAM Nourishing Neroli Face Cleansing Balm 35g Cream To Oil Vitamin C Makeup Melting Cleansing Balm Face Cleanser Makeup Remover Black Friday Gifts Makeup Remover,Beauty & Health
,4.1k+ sold recently,4.99,17.0,1.0,,,SHEGLAM Mello Jello Nourishing Lip Balm-Garnet Rosy Pink Sheer Glow Daily Lip Care Ultra-Nourishing Lip Balm Moisturizing Lip Primer Made With Vitamin E Jojoba Seed Oil,Beauty & Health
,600+ sold recently,5.99,20.0,1.0,,,SHEGLAM Starry Wish Liquid Eyeshadow Trio - North Star 3 Pcs/Set Glitter Finish Eyeshadow Set Pigmented MetallicÂ  High Shine Long Lasting And Long Wear Diamond Glowing Eyeshadow Eye Makeup Black Friday Party Eyeshadow,Beauty & Health
,,2.1,5.0,1.0,#6 Best Sellers,in Health Care,Body Care Patch,Beauty & Health
,10+ sold recently,1.4,0.0,1.0,,,"20pcs Butterflies & Flowers Bright Temporary Tattoo Stickers - Waterproof, Long-Lasting Body Art - Allergy-Proof And Reusable For Face, Arms, Back, Legs - Perfect For Parties, Beaches And Festivals",Beauty & Health
,,4.4,4.0,1.0,#7 Best Sellers,in Bath & Shower,"100g African Handmade Black Soap With Shea Butter And Coconut Oil, Gently Exfoliates, Cleanses The Skin, And Cares For The Whole Body. This Handmade Black Soap Contains Shea Butter And Coconut Oil, And The Natural Ingredients Gently Nourish The Skin, Help Exfoliate, And Deeply Cleanse The Face And Body Skin. The Carefully Crafted Handmade Craftsmanship Retains The Nourishing Ingredients And Brings You An Extraordinary Bathing Experience. It Is Also Suitable For Facial Cleansing And Body Bathing. The Fresh And Pleasant Aroma Allows You To Relax.",Beauty & Health
,100+ sold recently,1.0,0.0,1.0,,,"Clean Silicone Facial Sheet Brush, 1pc Face Care DIY Mud Apply Skin Care Tool",Beauty & Health
,20+ sold recently,5.4,16.0,7.0,,,"13pcs Makeup Brush Set + Three Compartments Storage Bucket Send A Beauty Powder Puff, Makeup Brush/Cosmetic Brush Black Friday",Beauty & Health
,,2.7,4.0,1.0,#10 Best Sellers,in DIY Mask Tools,"50pcs Compressed Facial Sheet Sheet Beauty DIY Disposable Mask Paper Natural Skin Care Wrapped Masks Normal Thick, Get A Small Mask Bowl",Beauty & Health
,400+ sold recently,11.8,4.0,15.0,,,45PCS Makeup Tools Set Including: 25pcs Makeup Brush Sets+4PCS Makeup Sponges+4PCS Mini Makeup Sponges+4PCS Triangle Powder Puffs+4PCS Mini Air Cushion Powder Puff+1pc Makeup Brush Cleaning Tools+1pc Hairband+2PCS Hand Bowl Strap For Preventing Water From Flowing Into Clothes,Beauty & Health
,,1.7,6.0,1.0,#2 Best Sellers,in Combs,"3pcs Hair Styling Comb Set, Teasing Hair Brush Rat Tail Comb Edge Brush,Hair Styling Comb Combs For Salon, Hair Brush Rat Tail Comb Double Edge Control Brush Rat Tail Combs For Parting, For Edge Back Brushing, Combing, Slicking Hair For Women, Hair Brush/Hair Comb",Beauty & Health
,100+ sold recently,2.1,5.0,1.0,,,"1pc Foundation Brush Chubby Makeup Brush Kabuki Brush Travel Powder Brush for Blending Liquid, Cream or Powder Cosmetics & 2pcs Makeup Blender Sponge Black Friday",Beauty & Health
,,2.99,14.0,1.0,#10 Best Sellers,in Makeup Brushes,SHEGLAM Color Bloom Liquid Blush Brush Synthetic Kitty Paw Design Blush Brush Professional Soft Makeup Brush Liquid Blending Makeup Tool Black Friday Winter Gifts Face Brush,Beauty & Health
,,1.0,0.0,1.0,,,1sheet Lip Pattern Nail Art Sticker,Beauty & Health
,,1.4,50.0,1.0,#1 Best Sellers,in Facial Hydration Appliances,New Cold Spray Hydration Device Handheld Portable Hydration Device Beauty Sprayer Rechargeable Nano Mist,Beauty & Health
,,1.5,6.0,1.0,#10 Best Sellers,in Moisturizers,"Whitening Moisturizer, 1Pc Deep Hydrating Body Cream Body Essence Cream Body Lotion",Beauty & Health
,1.2k+ sold recently,0.36,72.0,4.0,,,"1pc Pink Nail Art Silicon Mirror Powder Pen, Multi-Functional Brush With  Pigment And Glitter For Applying And Smudging Powder",Beauty & Health
,100+ sold recently,1.1,8.0,1.0,,,1sheet Flower Print Nail Art Sticker Nail Stickers DIY,Beauty & Health
,7.7k+ sold recently,2.4,8.0,1.0,,,"1set Y2K 3d Gel Nail Extension, Carving polishing 5D Modeling scuplting solid nail polish Gel",Beauty & Health
,,2.33,10.0,1.0,#5 Best Sellers,in Refillable Containers,1pc Horticultural Disinfection Spray Bottle 200/300/500ml Beauty Hair Continuous Spray Makeup Refill Bottle,Beauty & Health
,,3.1,0.0,1.0,#8 Best Sellers,in Daily Home Essentials,"1pc/2pcs Men's And Women's 3D Contoured Cup Sleep Mask And Eye Mask, Hollowed-Out Nighttime Sleep Eye Mask, Light Blocking, Soft & Comfortable Eyeshade For Travel, Yoga & Nap",Beauty & Health
,,3.76,6.0,1.0,#7 Best Sellers,in Braiders & Rollers,1pc Heatless Curling Rod Headband No Heat Silk Ribbon Curling Rod Hair Roller Curls With Hair Claw Clip And Scrunchies Natural Soft Wave DlY Hair Rollers Styling Tool For Sleep In Overnight Heatless Curling Rod Headband No Heat Silk Ribbon Curling Rod Hair Roller.Heatless Hair Curl.(Pink) Black Friday,Beauty & Health
,4.7k+ sold recently,1.5,6.0,1.0,,,"Flower Pattern Matte Blush, 1pc Long-Wearing Smudge Proof Face Makeup Product",Beauty & Health
,,5.95,7.0,1.0,#6 Best Sellers,in Braiders & Rollers,"30pcs Self-Adhesive Hair Rollers Set For Different Hair Lengths,Hair Curling Roller & Clip Set With 18 Hair Curlers Self Grip Holding Rollers And 12 Stainless Steel Alligator Hair Clip Heatless Curlers With Clips As Diy Hair Styling Tool Black Friday",Beauty & Health
,4.0k+ sold recently,1.9,21.0,1.0,,,"2 Pack 5ML Gold And Silver Metallic Nail Art Gel, Super Shiny Mirror Gel Brushable Painting Line French Manicure Gel Polish,Punk Y2K Nail Art Decoration DIY For Daily, Party, Festival Nail Salon Supplies",Beauty & Health
,500+ sold recently,1.0,9.0,1.0,,,"20pcs Gift Set Peach Fruit Hand Cream, Avocado/Grapefruit/Peach Hand Cream Set, Deep Moisturizing, Refines Pores, Tightens Skin, Reduces Fine Lines On Dry Rough Hands",Beauty & Health
,,12.7,7.0,1.0,#2 Best Sellers,in Hot-Air Brushes & Straight Hair Combs,"3 Barrels Hair Curling Iron, 1 Pcs 22mm Hair Crimper Temperature Adjustable, Ceramic Tourmaline Fast Heating Hair Curling Iron For Water Ripple Crimping, Egg Rolls, Straightening, Curling",Beauty & Health
,2.0k+ sold recently,1.6,20.0,1.0,,,"3pcs Makeup Brushes Set, Including Powder & Concealer Brush, Lip Brush, Sponge Applicator",Beauty & Health
,7.1k+ sold recently,1.7,11.0,1.0,,,"Elevate Your Style With, 24pcs Press On Nails Long Almond Pink French & Bowknot,Faux Pearl Design False Nails Set , Contain 1pc Jelly Glue And 1pc Nail File, For Nail Art Decorations By Women & Girls Nail Supplies",Beauty & Health
,1.9k+ sold recently,1.7,6.0,1.0,,,"8ml Aurora Top Coat Gel Nail Polish, Pink Pearl Glitter Effect Iridescent UV Gel Soak Off UV LED Nail Art Varnishes Manicure",Beauty & Health
,1.9k+ sold recently,1.5,6.0,1.0,,,"1PC 5ml Clear Eyelash Glue, Waterproof Super Strong Hold False Eyelash Adhesive, Brush On Lash Glue For False Eyelashes, Quick Drying And Long Lasting Lash Glue",Beauty & Health
,1.5k+ sold recently,0.89,53.0,1.0,,,"10pcs Metallic Nail Art Accessories With Rhinestone Decor, Including Star, Heart, And Planet Shaped DIY Nail Charms Nail Gems Nail Supplies",Beauty & Health
,,2.49,29.0,1.0,#4 Best Sellers,in Acne Treatment,SLOWSUNDAYâ¢ Universal Blemish Patch,Beauty & Health
,,10.7,4.0,1.0,,,"Multifunctional Desktop Makeup Storage Box For Nail Tools, Polishes And Glues. Large Capacity, Waterproof, And Dustproof Plastic Storage Box For Dressing Tables, Bathrooms, Rooms, Bedrooms, Living Rooms. Suitable For Lipsticks, Brushes, Lotions, Eyeshadows, Purchases, Traveling, And Gifting To Mom, Dad, Men, Friends, And Teachers. Can Be Used As Storage Box For Birthdays, Weddings, Desks, Shelves And Accessories. Comes In A Fun Gift Box.",Beauty & Health
,2.0k+ sold recently,3.2,6.0,1.0,,,"Hair Wax Stick, Styling Wax For Smooth Wigs, Slick Stick For Hair Non-Greasy Styling Hair Pomade Stick For Flyaways Edge & Frizz Hair - 2.7 Oz",Beauty & Health
,300+ sold recently,14.4,12.0,13.0,,,1pc Hair Dryer Storage Pillow Bag Men's And Women's Leafless Hair Dryer Portable Storage Bag Curler Curling Iron Storage Bag Travel Portable PU Leather Dust-Proof Air Duct Protective Cover,Beauty & Health
,2.8k+ sold recently,1.1,8.0,1.0,,,"Tattoo Sticker,1 Sheet Flower Pattern Temporary Tattoo For Women,Tattoo Stickers Adults,Realistic Tattoo Flower,For Women and Girls Black Friday",Beauty & Health
,3.4k+ sold recently,4.5,4.0,1.0,,,10Pcs Classic Multifunctional Cosmetic Brush For Making Up Supply For Dresser Black Friday,Beauty & Health
,,1.29,8.0,6.0,#4 Best Sellers,in Makeup Puffs & Sponges,"24pcs/15pcs/8pcs Triangle Flocked Makeup Sponges, Soft Fluffy Texture Sponge For Facial Body Powder Puff, Mixed Set Makeup Beauty Tools",Beauty & Health
,300+ sold recently,3.3,3.0,1.0,,,"HD Wig Cap,20PC Ultra Thin Wig Caps Light Beigen, Nylon Wig Caps For Women Stretchy,Summer Wear Comfortable Wig Cap Bald Cap For Women",Beauty & Health
,200+ sold recently,4.6,2.0,1.0,,,Simple & Fashionable Makeup Bag / Wash Bag / Storage Bag,Beauty & Health
,1.8k+ sold recently,2.4,4.0,6.0,,,"1Pc Makeup Bag Green, Checker Cosmetic Bag Squre Waterproof,Women Bags For Make Up , Small Bag Storage Makeup Case,Travelling Bags For Ladies,Pencil Case Daily Big Large Capacity Makeup Brushes Travel Toiletry Bag Organizer Make Up Bagmakeup Bag Makeup Pouch Skincare Bag Toiletry Bag Packing Cubes,Travel Essentials Cruise Essentials Dorm Essentials,Wedding Bridesmaid Gifts,Mom Gifts,Birthday Gifts,Gifts For Friends And Teachers,Home Decor,Bathroom Livingroom Bedroom Decor,Bathroom Organizer,Jewelry Organizer,Lip Oil Organizer,Nail Polish Organizer Storage Makeup Organizer Makeup Case",Beauty & Health
,20+ sold recently,4.35,50.0,1.0,,,"1pc Dry And Wet Separation EVA Waterproof Wash Bag, Double-Layer Large Capacity Toiletry Bag, Large Capacity Cosmetic Bag, Going Out Travel Portable Multi-Functional Storage Bag, Beach Swimming Storage Bag, Transparent Skin Care Bag For Toiletries, Thickened Wash Bag For Women Men, Travel Essentials, Sell At A Loss",Beauty & Health
,2.4k+ sold recently,1.96,32.0,1.0,,,"Manicure Tool Manicure Dedicated Black Soaking Bowl Double Layer Buckle Thermal Insulation Hand Softening Dead Skin Soaking Bowl,Nail Art Supplies",Beauty & Health
,,2.49,29.0,1.0,,,SlowSunday Purple Corrector Serum,Beauty & Health
,900+ sold recently,2.0,5.0,1.0,,,1pc Random Color Flea Comb Black Friday,Beauty & Health
,700+ sold recently,1.3,7.0,4.0,,,"24pcs False Square Nail Tips Set - French Nail Tips, Pink, Square Nail Tips + Nail File + Jelly Glue Press On Nails Nail Supplies",Beauty & Health
,400+ sold recently,3.2,3.0,8.0,,,Claw Clip Messy Bun Hair Pieces For Women Messy Wavy Curly Hair Bun Extensions Tousled Updo Bun Hair Clip In Synthetic Hair Bun Ponytail Extension,Beauty & Health
,600+ sold recently,2.9,3.0,1.0,,,Roll-On Original Pheromone Perfume Oil Cologne For Her 0.34fl.Oz(10mL) Infused Fragrance,Beauty & Health
,700+ sold recently,4.5,12.0,1.0,,,"1pc Waterproof PU Leather Portable Travel Cosmetic Bag, Initials A-Z Preppy Patch Pocket Personalized Toiletry Bag Lipstick Bag With Zipper, Cute And Fashionable Toiletry Storage Bag, Suitable For Business Trips, Vacations, Daily Use For Women, Date Gifts (White) Makeup Bag Make Up Organizer Wash Bag For Travel Back To School Bathroom Dorm Essentials Travel Essentials Gift For Makeup Tools For Girl Mom Valentines Gifts For Valentines Day Women Gifts Girl Gifts Girlfriend Gifts",Beauty & Health
,300+ sold recently,1.3,7.0,1.0,,,"24pcs Short Square Solid Color False Nails, Light Purple Simple Style, With 1 Piece Nail File And 1 Jelly Glue Press On Nails Nail Supplies",Beauty & Health
,1.0k+ sold recently,6.3,3.0,1.0,,,"50ml Moisturizing Cream, Nourishing & Moisturizing Skin, Brightening & Whitening Skin, Hydrating & Easy To Absorb Face Cream",Beauty & Health
,7.5k+ sold recently,4.99,17.0,7.0,,,SHEGLAM Snatch 'n' Define Stick-Terracotta Cream Contour Stick Long Lasting Highly Pigmented Sweat Proof Bronzer Sculpting Lightweight Smooth Natural Contour Face Makeup Black Friday Party Contour & Bronzer,Beauty & Health
,4.1k+ sold recently,2.9,3.0,1.0,,,"Mini Led Nail Lamp, Egg Shaped, Nail Drying Lamp 6W UV LED Lamp Mini Portable Nail Dryer With USB Carble For Gel Polish Home Travel Use Manicure Tools Portable Quick-Dry Gel Nail Lamp Usb Powered Gel Polish U V Light For Easy And Fast Nail Extension, U V LED Curing Lamp For Manicure Starters DIY Nail Art Manicure Accessories",Beauty & Health
,1.5k+ sold recently,2.4,4.0,4.0,,,"Matte Finishing Makeup Loose Setting Powder, Long-Lasting Coverage Oil Control Face Makeup Finishing Powder",Beauty & Health
,100+ sold recently,2.6,4.0,1.0,,,Cosmetic & Letter Graphic Zipper Makeup Bag Black Friday,Beauty & Health
,1.3k+ sold recently,8.0,4.0,1.0,,,"1Set Simple Waterproof Semi-Transparent Pvc Towel Embroidered Letter Makeup Bag, Multi-Function Toiletry Bag, Coin Bag, Mother And Baby Bag, For Everyday, Travel, Business, Vacation.",Beauty & Health
,,1.9,34.0,1.0,#9 Best Sellers,in Foot Care,"Foot Care Lavender Oil Foot Soak Ball, Ginger Oil Foot Soak Ball For Moisturizing, Refreshing And Cleaning Feet",Beauty & Health
,7.0k+ sold recently,1.5,6.0,4.0,,,"Hair Growth Serum,Ginger Hair Growth Serum Essential Oil Hair Density Serum Hair Growth Oil Anti Hair Loss Fast Grow Hair Growth Oil Essential Oil Treatment",Beauty & Health
,,3.75,25.0,4.0,#4 Best Sellers,in Eye Make Up,SHEGLAM Brow-Fection Angled Brush & Dip-Chocolate Hair-Like Strokes Liquid Eyebrow Gel Pen Easy To Color Long Lasting Quick Drying Natural Shaping Outlining Filling Eyebrow Makeup,Beauty & Health
,700+ sold recently,1.25,26.0,1.0,,,"24pcs Short Square Shaped Blue Glitter Nail Tips With Heart Shaped Rhinestones, 3d False Nail Design With Jelly Glue, 1pc Nail File And 1pc Stick Press On Nails Nail Supplies",Beauty & Health
,,1.8,5.0,1.0,#8 Best Sellers,in Braiders & Rollers,"10/20/30pcs Flexible Foam Hair Curling Rods With A Rat Tail Comb, Styling Tools For Daily, Travel And Sleeping",Beauty & Health
,10k+ sold recently,4.8,4.0,9.0,,,"20 Pairs Fluffy Wispy Russian Strip Lashes - D Curl Faux Mink Lashes For Long-Lasting, Natural-Looking Eyelashes",Beauty & Health
,1.0k+ sold recently,1.5,6.0,1.0,,,Makeup Brush 13pcs Brushes Set3pcs Cosmetic Makeup Sponge1pcs Makeup Brush Cleaning Box Beauty Tool Eyeshadow Blush Professional Brushes,Beauty & Health
,2.1k+ sold recently,1.6,11.0,1.0,,,"Eyelash Curler, 1pc Stainless Steel Eyelash Curler With Wide Opening For Easy And Long-lasting Curling Effect, Professional Makeup Tool For Makeup Artists",Beauty & Health
,700+ sold recently,1.4,7.0,1.0,,,10pcs Black Plastic Triangle Bead Sorting Trays Nail Art Tray Jewelry Picking Plates For Diamond Jewelry,Beauty & Health
,300+ sold recently,12.1,4.0,1.0,,,"25ml+25ml+25ml+30ml 4-Bottle Women's Perfume Set Spray Box, Sun Vacation Mini Fragrance Set, Includes Orange, Lemon, Woody Sandalwood, Jasmine Flower Scent, Suitable For Outdoor Dating, Shopping, Tourism, With Rich & Sensual Amber Perfume",Beauty & Health
,,4.6,4.0,1.0,#1 Best Sellers,in Hair Treatment,Hair Vitamin Serum Capsules Enriched With Moroccan Oil Shiny & Smooth & Healthy Hair Care 40pcs,Beauty & Health
,,1.38,71.0,1.0,#7 Best Sellers,in Makeup Display Cases,1pc Acrylic Makeup Brush Organizer & 3 Compartments Cosmetic Storage Box & Pen Holder,Beauty & Health
,5.9k+ sold recently,2.2,8.0,1.0,,,"6pcs Brow Tweezers Set With Curved Scissors, Eyelash Brush, Depilation Tweezers For Removing Hair On Face, Clip For Eyebrows",Beauty & Health
,800+ sold recently,1.7,11.0,4.0,,,"Use 24pcs Short Square French Pink Bow Design False Nails To Enhance Your Look. Suitable For Party, Date, Dance And Daily Wear. Press On Nails Nail Supplies",Beauty & Health
,300+ sold recently,3.1,3.0,1.0,,,"1 Pc Large Wavy Rib Shaped Vented Brush, Women Thick Long Curly Paddle Hair Detangling Massage Brushes, Fast Drying Hair Straight Barber Volume Comb, Curved Anti Static Styling Tool For Wet/Dry Hair Black",Beauty & Health
,,1.3,7.0,1.0,#2 Best Sellers,in Nail Art Storage & Display,10/15/24/42 Grids Nail Art Jewelry Storage Box Abs Independent Storage Tube For Nail Art Tools Small Travel Organizer Container Adjustable Removable Divider For Beads Craft Jewelry Earring Screws Nail Rhinestones Accessories,Beauty & Health
,4.3k+ sold recently,4.99,17.0,1.0,,,SHEGLAM Max Impact Extreme Volumizing Mascara Waterproof Lengthening Quick Drying No Smudge Long Lasting Thick Smooth Black Mascara Eye Makeup Black Friday Winter Y2K Mascara,Beauty & Health
,200+ sold recently,2.2,8.0,1.0,,,Electroplated Polishing Head 1pc Tungsten Steel Polishing Is Suitable For Women And Girls,Beauty & Health
,900+ sold recently,3.75,46.0,10.0,,,"Preppy Makeup Bag For Women Travel Toiletry Bag Chenille Letter Cosmetic Bag PU Leather Waterproof Pouch Cute Zipper Organizer, Skin, Hair And Face",Beauty & Health
,2.2k+ sold recently,1.7,6.0,1.0,,,24pcs Y2K Aesthetic Short Square Floral Smiling Pattern Lovely Fake Nail & 1sheet Tape & 1pc Nail File For Women Press On Nails Nail Supplies,Beauty & Health
,1.3k+ sold recently,9.07,37.0,1.0,,,"Pink Electric Nail Polish Drill Machine Set With Nail Drill Bits & Sanding Rings, 20000RPM Portable Electric Manicure Art Pen Electric Nail Grinder, Nail Efile Nail Drill Pen Manicure Machine Kit, Professional Nail Art Polish, For Shaping And Buffing, Cuticle Dead Skin Callus Remover & Gel Exfoliator Machine Set, Toenail Grinder Nail Polishing Equipment Nails Appliance Manicure Pedicure Kit Accessory DIY Nail Art Tool For Ceramic 
Acrylic Gel Nail, Salon & Home Use & New Year Gift For Girls",Beauty & Health
,100+ sold recently,1.5,6.0,1.0,,,"1pc Makeup Sponge With Storage Box,2 powder puff sets, beauty eggs+storage box set makeup, portable makeup sponge daily makeup Black Friday",Beauty & Health
,,1.7,6.0,1.0,#6 Best Sellers,in Personal Care,Moisturizing Body Milk Brightening Cream 45% LW Collagen Bamboo Charcoal Has A Significant Effect,Beauty & Health
,,2.0,5.0,1.0,#9 Best Sellers,in Refillable Containers,SHEIN X Care Bears Heart Shaped Pink Portable Refillable Container With Bear Pattern,Beauty & Health
,,1.9,5.0,1.0,#4 Best Sellers,in Eyeshadow Palettes,"9-Color Eyeshadow Palette, Shimmer & Matte Smudge Proof Eye Shadow Makeup Product For Daily Use",Beauty & Health
,100+ sold recently,4.5,4.0,1.0,,,"1pc Women's Perfume Spray, 90ml Fresh And Long-Lasting Fragrance, Not Irritating, Suitable For Dating",Beauty & Health
,7.1k+ sold recently,1.5,12.0,1.0,,,1Pc Purple Fake Nail Tips Cutter Professional Nail Clippers Straight Edge Acrylic Nail Clipper Manicure False Nail Guillotine Cut Nail Manicure Tool For Salon Home Nail Art,Beauty & Health
,1.3k+ sold recently,1.6,6.0,5.0,,,Purple Mini Nail Buffer Block 100/180 Grit Sponge Nail Polish Sanding Buffer Strips Nail File Blocks Manicure Tools 20pcs,Beauty & Health
,300+ sold recently,1.1,8.0,1.0,,,14pcs Red Flowers Full Nail Art Stickers For Fingers DIY,Beauty & Health
,,1.2,8.0,6.0,#7 Best Sellers,in Press On Nails,Press On Nails Get Glamorous With 24pcs Long Almond Flower Pattern Full Cover Fake Nail Kit & 1pc Jelly Gel & 1pc Nail File Nail Supplies,Beauty & Health
,1.8k+ sold recently,2.7,7.0,7.0,,,Manicure Cuticle Cutter Steel Pusher 3pcs/set,Beauty & Health
,1.1k+ sold recently,3.0,3.0,1.0,,,"1PCS Hair Wax Stick, Wax Stick for Hair, Slick Stick for Hair Non-greasy Styling Hair Pomade Stick, Strong Hold Makes Hair Look Neat and Tidy",Beauty & Health
,7.1k+ sold recently,1.5,12.0,1.0,,,24pcs Short Almond Shape Flowers Pink False Nail Tips With 1pc Jelly Glue 1pc Nail File Press On Nails Nail Supplies,Beauty & Health
,1.2k+ sold recently,1.3,13.0,1.0,,,Nails Art Stamping Plates Kit French Manicure Design Plate Stamp Polish Stencil Template Seal Stamper Scraper Accessories Tools,Beauty & Health
,,1.9,0.0,1.0,#5 Best Sellers,in Lip Plumper,Waterproof Moisturizing & Fine Glitter Lip Gloss Y2K Lip Palm Lip Oil,Beauty & Health
,2.2k+ sold recently,3.99,33.0,20.0,,,SHEGLAM Like Magic 12hr Full Coverage Concealer,Beauty & Health
,,1.8,5.0,4.0,#10 Best Sellers,in Eyeshadow Palettes,"4-Color Eyeshadow Palette, 1pc Long-Wearing Highly Pigmented Eye Makeup Product For Women",Beauty & Health
,200+ sold recently,3.7,5.0,1.0,,,"Clear Swab Storage Box, 1pc Dust-Proof Makeup Organizer, Lipstick Storage Container, Small Power Puff Box, Multifunctional Cosmetic Storage Box, Desk Canisters For Dresser, Bathroom, Vanity,Room,Home,Bedroom,Bathroom,House,Pink Room,Living Room Decor,Travel Stuff,Gift Bag,Gifts For Mom,Dad,Men,Friends,Teacher,Birthday,Wedding,Desk,Shelves,Accessories,Gift Boxes,Funny Gift,Storage",Beauty & Health
,2.2k+ sold recently,1.9,5.0,5.0,,,1pc Love Heart Moisturizing Glossy Jelly Lipstick Pen Y2K Makeup Lip Pen,Beauty & Health
,900+ sold recently,1.06,41.0,8.0,,,2 Sheets 5D Hibiscus Flower Nail Stickers Summer Decor Pink White Flowers Nail Decals Tropical Leaves Sliders Manicure FoilsY2K Girls Summer Design Manicure Decoration DIY,Beauty & Health
,500+ sold recently,1.8,5.0,1.0,,,Shimmering Eyeshadow Glitter Gel - Body Nail Hair FaceStickers -Creamy Loose Sequins And Rhinestones For Partyand Festival Makeup,Beauty & Health
,1.0k+ sold recently,2.96,34.0,4.0,,,"Black Friday Nail Art Rhinestone For Nails, 1 Box/24 Grids Half Round Assorted Colors Caviar Beads Flatback Manicure Charms Crystal Aurora Gems Glittery DIY Nail Art Decoration Nail Supplies",Beauty & Health
,,1.33,22.0,1.0,#9 Best Sellers,in Makeup Puffs & Sponges,"Set Of 4 Beauty Eggs, Beauty Sponge For Foundation Mixing, Flawless Liquid, Cream And Powder, Multi-Color Makeup Sponge, Latex-Free Wet And Dry Foundation Cosmetic Balm, Suitable For All Skin Types.",Beauty & Health
,400+ sold recently,1.8,10.0,1.0,,,"12pcs Jewelry Silk Purse Pouch, Jewellery Gift Bags, Multiple Colors (Random Color) mini makeup bag",Beauty & Health
,900+ sold recently,2.0,9.0,1.0,,,10Pcs/Bag 3D Scorpion Shape Nail Charm Flatback Metal Nail Scorpion Design Nail Art Accessories For DIY Craft Manicure Decorations Nail Charms Nail Gems Nail Supplies,Beauty & Health
,1.3k+ sold recently,6.1,8.0,8.0,,,600pcs XS Almond Half Cover Fake Nails Half Matte False Nail Extension Extra Short Almond Soft Gel Nail Tips For Small Nail Bed Press On Nails Nail Supplies,Beauty & Health
,700+ sold recently,2.0,5.0,1.0,,,"9-Color Eyeshadow Palette, 1Pc Highly Pigmented Long-Wearing Waterproof Eyeshadow Tray Eye Shadow Compact Eye Shadow",Beauty & Health
,,4.3,7.0,1.0,#6 Best Sellers,in Mirrors,Cartoon Cute  Mirror Rose Gold 1 Piece Metal Handheld Cosmetic Mirror Portable Suitable For Holiday Gifts For Girls,Beauty & Health
,3.4k+ sold recently,1.4,7.0,1.0,,,"1pc 40 ML Empty Spray Bottle,Refillable Perfume Atomizer Bottle, Mini Spray Bottles, Small Pocket Perfume Bottle, Scent Pump Case, Portable Empty Perfume Container For Travel, Living Room Home Bedroom Bathroom House Decor, Travel Stuff, Wedding, Party, Birthday, Gifts For Men Mom Dad Friends, New Years, Accessaries, Funny Gift",Beauty & Health
,200+ sold recently,3.9,5.0,1.0,,,"1pc Fashionable Waterproof SUN Storage Cosmetic Bag - Transparent, Compact Travel Organizer, Suitable For Women's Beach And Makeup Essentials",Beauty & Health
,,3.8,3.0,1.0,#7 Best Sellers,in Perfume,"1pc 10ml YARA Rollerball Fragrance Perfume (C-01) For Women Long-Lasting Fragrance, Strong",Beauty & Health
,,1.7,11.0,5.0,,,120PCS (5 Packs) White French Tips Toenails Press On Toenails: Short Square Fake Toe Nails Kit: Full Cover False Toe Nails Glossy Acrylic Glue Stick On Toenails For Women - 120Pcs,Beauty & Health
,,1.6,6.0,1.0,#9 Best Sellers,in Contour & Bronzer,"Nature Simulation Freckle Pen, 1pc Smudge Proof Highly Pigmented Facial Makeup Product",Beauty & Health
,2.4k+ sold recently,1.6,6.0,1.0,,,"5pcs/set Nail File And Buffer- Double Sided Nail File, Rectangular Nail Buffer, Buffer Block Sponge Polished, Nail Brush, Perfect Manicure Tool Kit For Shiny Nail",Beauty & Health
,,1.4,7.0,1.0,#5 Best Sellers,in Lip Gloss,"Liquid Lipcolor,Cantaloupe Fruit Flavor Moisturizing Color Changing Lip Glaze",Beauty & Health
,1.6k+ sold recently,11.99,59.0,1.0,,,LANBENA Blackhead Remover Peel Off Mask For Face And Nose - 30g/1.05oz. Remove Black Heads Face Black Head Remover Strips.,Beauty & Health
,,6.2,0.0,1.0,#1 Best Sellers,in Oral Care Appliances,1pc Rechargeable Electric Toothbrush With 6 Adjustable Modes And 4 Brush Heads,Beauty & Health
,1.0k+ sold recently,1.05,42.0,1.0,,,4pcs Nail Art Glitter Storage Box,Beauty & Health
,,2.11,8.0,1.0,#8 Best Sellers,in Oral Tools,"3pcs/Set Stainless Steel Tongue Scraper Set Used For Removing Tongue Coating And Reducing Bad Breath, Oral Cleaning Tools, Living Room Home Bedroom Bathroom House Decor, Travel Stuff, Wedding, Party, Birthday, Gifts For Men Mom Dad Friends, New Years, Accessaries, Funny Gift",Beauty & Health
,100+ sold recently,4.6,8.0,1.0,,,"Nail Forms For Acrylic Nails, 400pcs Nail Forms For Polygel Nail Tips Guide, Nail Forms For Builder Gel, Nail Forms Roll For Salon Nail Former Stickers With Numbers Marked For Nail Art Diy",Beauty & Health
,100+ sold recently,1.7,0.0,1.0,,,1pc Foundation Brush Black Friday,Beauty & Health
,400+ sold recently,1.9,0.0,1.0,,,"1pc Exfoliating Bath Glove, Pink Bath Exfoliating Mitt For Bathroom",Beauty & Health
,20+ sold recently,3.2,3.0,1.0,,,"10pcs/Set Champagne-Colored Makeup Brush Kit (Big 5 & Small 5) With Gold Tubes, Including Blush Brush, Powder Brush, Contour Brush, Foundation Brush, Eye Shadow Brush, Nose Shadow Brush, Highlight Brush, Brighten Brush, Factory Direct Sale, FINDCOLOR",Beauty & Health
,700+ sold recently,1.8,5.0,1.0,,,"Portable Cosmetic Facial Pads Holder/Organizer, 1pc Pink Small Makeup Organizer/Cosmetic Storage Organizer, Portable Hair Clip Organizer, Multifunctional Storage Case With Push Switch, Storage Box For Facial Pads, Clips, Jewelry Rings, Earrings,Room,Home,Bedroom,Bathroom,House,Pink Room,Living Room Decor,Travel Stuff,Gift Bag,Gifts For Mom,Dad,Men,Friends,Teacher,Birthday,Wedding,Desk,Shelves,Accessaries,Gift Boxes,Funny Gift,Storage",Beauty & Health
,900+ sold recently,8.1,4.0,1.0,,,"4 Packs Travel Bottles For Toiletries, Tsa Approved 3oz Portable Travel Bottles, Leak Proof Squeezable Silicone Travel Size Containers, Travel Accessories With Clear Toiletry Bag, Living Room Home Bedroom Bathroom House Decor, Travel Stuff, Wedding, Party, Birthday, Gifts For Men Mom Dad Friends, New Years, Accessories, Funny Gift",Beauty & Health
,,1.9,10.0,1.0,#7 Best Sellers,in Gel Nail Polish,15Pcs 1G Nail Glue For Acrylic Nails Nail Tip Glue Professional Nail Glue False Nail Tips Glue For Broken Nails Super Adhesive Acrylic Nails Fake Nails Tips Nail Glue Gel,Beauty & Health
,30+ sold recently,7.4,12.0,1.0,,,"Transparent Chic Makeup Bag With Zipper And Handle, Portable Travel Toiletry Kit Set For Women And Men,Simple Cosmetic Bag For Makeup Bag For School Cute Clear Make Up Pouch For Travel Tiny Leather Make Up Organizer Case For Backpack Toiletry Bag Waterproof Square Pouch With Zipper",Beauty & Health
,,1.46,34.0,1.0,#6 Best Sellers,in Body Braces & Supports,"1pc Random Color Neck Support Brace For Neck Care, Cervical Support, Forward Neck Correction, Anti-hump, Pain Relief",Beauty & Health
,1.9k+ sold recently,2.7,4.0,1.0,,,"1pc Coral Fleece Microfiber Hair Towel Wrap for Women, Anti Frizz Hair Drying Towel with Elastic Strap, Fast Drying Hair Turbans for Wet Hair, Long, Thick, Curly Hair, Super Soft Hair Wrap Towels,Fast Drying Hair Turban Soft, No Frizz Hair Wrap Towels for Women Wet Hair, Curly, Longer, Thicker Hair",Beauty & Health
,30+ sold recently,75.59,20.0,5.0,,,84 Inches Long Portable 2 Folding Massage Bed Spa Bed W/Carry Case Table Heigh Adjustable Salon Bed Face Cradle Bed,Beauty & Health
,100+ sold recently,1.1,8.0,1.0,,,"Clean Silicone Facial Sheet Brush, 1pc Face Care Mud Film Skin Care Tool",Beauty & Health
,,1.49,25.0,1.0,#5 Best Sellers,in Facial Masks,SLOWSUNDAYâ¢ Collagen Facial Mask,Beauty & Health
,100+ sold recently,1.7,6.0,1.0,,,Wooden Nail File Emery Boards Buffering Files Professional Manicure Pedicure Beauty Tools 10pcs/Pack Nail Files Set For Home And Salon Use,Beauty & Health
,1.8k+ sold recently,1.72,28.0,1.0,,,"9-Color Eyeshadow Palette, 1Pc Highly Pigmented Long Wearing Eyeshadow Tray Waterproof Eye Shadow Compact",Beauty & Health
,,0.45,74.0,1.0,#8 Best Sellers,"in Bath Brushes, Sponges & Scrubbers","1/2 Pieces Exfoliating Shower Gloves, Shower Gloves Towel Bath Gloves, Reversible Exfoliating Gloves For Spa, Massage And Body Scrub, Body Scrub Bath Accessories",Beauty & Health
,,10.5,4.0,1.0,#2 Best Sellers,in Facial Beauty Devices,"Home Face And Neck Massage Tool, Face Massager, Three-Color LED Light Mode, Heating Mode, Skin Care, Improve Skin Smoothness And Brightness",Beauty & Health
,1.7k+ sold recently,2.3,4.0,1.0,,,5pairs Cat Eye Volumized Faux Mink False Eyelashes,Beauty & Health
,7.7k+ sold recently,1.9,5.0,1.0,,,"120pcs Almond Shaped Medium Size Transparent Matte False Nails With 12 Sizes Oval Acrylic Artificial Nail Tips Kit, Suitable For Nail Salons And Diy At Home Press On Nails Nail Supplies",Beauty & Health
,,1.7,6.0,1.0,#5 Best Sellers,in Full Wrap Nail Stickers,"1pc Gradient Full Wrap Water-Resistant Tear-Off Manicure Sticker, Women Nail Art, Self-Adhesive Nail Sticker Fits For Festival, Party, And Stage Dress-Up Nail Stickers DIY",Beauty & Health
,100+ sold recently,4.1,50.0,1.0,,,"Acrylic Nail Kit Acrylic Powder And Liquid Set, Full Nail Kit Set Professional Acrylic With Everything, DIY Acrylic Nail Kit With Monomer Practice Finger Brush Tips For Beginners",Beauty & Health
,,8.6,3.0,1.0,#6 Best Sellers,in Makeup Bags,"2Pcs Towel & Corduroy Cosmetic Bag Set With Embroidered Initial Letter Monogram, Large Capacity For Daily Use And Traveling,Makeup Bag Makeup Pouch Skincare Bag Toiletry Bag Packing Cubes,Travel Essentials Cruise Essentials Dorm Essentials,Wedding Bridesmaid Gifts,Mom Gifts,Birthday Gifts,Gifts For Friends And Teachers,Home Decor,Bathroom Livingroom Bedroom Decor,Bathroom Organizer,Jewelry Organizer,Lip Oil Organizer,Nail Polish Organizer Makeup Bag Storage Makeup Organizer Makeup Case",Beauty & Health
,100+ sold recently,2.8,3.0,1.0,,,"1pc Acrylic Cosmetic Organizer, Multi-Layer Transparent Storage Rack, Perfume Display Stand, Beauty Tool Holder, Reinforced Thickened Step-Shaped Display Rack, Makeup Collection Shelf",Beauty & Health
,3.3k+ sold recently,1.3,7.0,6.0,,,"24pcs/15pcs/8pcs Triangle Shaped Flocked Makeup Sponge, Soft Fluffy Texture, Suitable For Face & Body Powder Puff, Mixed Set Cosmetic Tool For Makeup And Beauty",Beauty & Health
,,2.49,17.0,14.0,#4 Best Sellers,in Lip Liner,SHEGLAM So Lippy Lip Liner-Mojave Creamy Matte Lip Liner Pencil High Pigment Not Easy to Fade Silky Smooth Matte Contour Tint Lip Makeup Black Friday Party Y2K Lip Liner,Beauty & Health
,,0.99,34.0,1.0,#7 Best Sellers,in Facial Masks,SLOWSUNDAYâ¢ Niacinamide Forehead Patch,Beauty & Health
,10k+ sold recently,2.61,10.0,1.0,,,New 10 pairs natural long 3D mink false eyelashes fake lashes makeup kit Mink Lashes extension eye lashes short eyelashes,Beauty & Health
,,10.7,4.0,1.0,#4 Best Sellers,in Makeup Sets,"Makeup Kit For Women Full Kit,Long-Wearing Makeup Product Set, 8Pcs Lipstick & Eyeshadow Palette & Eyebrow Pen Kit Waterproof Long Lasting Cosmetic Kit Gift Set For Women, Girls & Teens",Beauty & Health
,2.0k+ sold recently,1.9,5.0,4.0,,,Khaki Color Hairpiece Anti-slip Headband,Beauty & Health
,3.7k+ sold recently,1.3,7.0,1.0,,,Foot Pumice And Scrubber For Feet And Heels Callus And Dead Skins 1pc Pink Safely And Easily Eliminate Callus And Rough Heels,Beauty & Health
,2.0k+ sold recently,3.9,3.0,1.0,,,HARRY POTTER X SHEIN 4pcs/set Black Makeup Brushes Black Friday,Beauty & Health
,400+ sold recently,1.2,8.0,4.0,,,2 In 1 Eyebrow & Eyelash Brush Double-Ended Angled Eye Brow Brush and Spoolie Brush Black Friday,Beauty & Health
,5.4k+ sold recently,3.99,20.0,4.0,,,SHEGLAM Pout Pillow Cushion Lip Gloss-K.O. Moisturizing Liquid Lipstick High Shine Finish Sponge Tip Applicator  Moisturizing  Non-Sticky Lip Glaze Purple Lip Gloss,Beauty & Health
,100+ sold recently,0.65,59.0,1.0,,,"Upgrade Your Look With Press On Nails, Short Nude Glossy French Gradient Nail, Extra Short False Nail, Manicure Fake Nail Kit For Finger Wear Nail Supplies",Beauty & Health
,30+ sold recently,1.46,23.0,1.0,,,1pc Head Massager,Beauty & Health
,6.4k+ sold recently,2.5,4.0,5.0,,,7 Pairs Russian Strip Lashes Natural Looking Soft & Fluffy Mink Lashes 3D False Eyelashes Russian Volume Eyelashes Fake Eyelashes Dramatic Messy Mink Lashes Wispy Long Foxy Eye Lifting Look Eyelash Extension Kit Full Eyelash Strip To Lengthen And Volumize The Outer Corner Of Your Eye Beauty Makeup,Beauty & Health
,300+ sold recently,1.5,6.0,1.0,,,"Makeup Remove Face Towels, 1pc Reusable Makeup Remover Cloth, Microfiber Cleansing Towel 15.7 Inch X 6.7 Inch Microfiber Cleansing Towel For Face, Mascara, Eyeliner, Foundation, Lipstick,Skincare,Room Decor,Home Decor,Bedroom Decor,Bathroom,Christmas Gifts,Bathroom Decor,Travel,Travel Stuff,Wedding,Christmas Party,Mom Gifts,Home,Room,House Decor,Christmas Gift,Gifts For Mom,Birthday,Pink Room Decor,Living Room Decor,Bedroom,Gifts For Men,Dad Gifts,Mushroom,New Years,Mom,Accessaries,Gifts For Dad,Friends,Funny Gift",Beauty & Health
,,1.7,51.0,1.0,#6 Best Sellers,in Electric Hair Clippers,Portable Lithium Battery Hair Clipper Electric Clipper T9 Hair Clipper Engraving Oil Head Shaver Bald Head Household Electric Clipper Haircut Machine,Beauty & Health
,30+ sold recently,2.6,26.0,1.0,,,"Portable Mini Jewelry Box, Travel-Friendly Organizer For Rings, Earrings And Necklaces, High Appearance Value Bracelet Case",Beauty & Health
,5.8k+ sold recently,2.1,5.0,1.0,,,"Liquid Blush,1Pc Highly Pigmented Liquid Blush Long-Wearing Brightening Blush Shading Blusher Contouring Festival Stage Makeup Blush",Beauty & Health
,2.7k+ sold recently,5.5,4.0,1.0,,,"2 Pcs Kojic Acid Soap Dark Spot Remover Soap, Fades Age Spots, Freckles, Rejuvenating, Exfoliating And Nourishing, For Face And Body Exfoliating Moisturizing Whitening Care",Beauty & Health
,8.3k+ sold recently,4.6,2.0,1.0,,,"18pcs Mini Capsule Matte Lipstick Set, Long-lasting & Highly Pigmented",Beauty & Health
,3.3k+ sold recently,1.6,20.0,6.0,,,"24pcs/Set Ins Style Fresh Painted Almond Shape Full Coverage False Nails With A Set Of Manicure Tools, Suitable For Women, Party, Dance And Daily Wear Press On Nails Nail Supplies",Beauty & Health
,300+ sold recently,1.9,10.0,1.0,,,"Body Hair Removal And Eyebrow Razor Set Of 8, Sharp Eyebrow Hair Removal And Eyebrow Scraping Knife, Eyebrow Trimming Tool, Makeup Tool",Beauty & Health
,,4.5,4.0,5.0,#3 Best Sellers,in Eyelashes Set,"DIY Eyelash Extension Kit 200pcs Individual Lashes Cluster D Curl, 8-16mm Mix Lash Clusters With Lash Bond And Seal And Lash Applicator Tool For Self Application At Home (30D-0.07D-8-16MIX KIT)",Beauty & Health
,6.3k+ sold recently,4.4,8.0,1.0,,,4Pcs Cuticle Pusher Double Sided - Sharp Edge Spoon Shaped Dual Ended Cuticle Pusher Remover Clean Stainless Steel Manicure Pedicure Manicure Care Tool,Beauty & Health
,3.4k+ sold recently,1.6,6.0,1.0,,,"Matte Liquid Eyeliner, 1pc Highly Pigmented Smudge Proof Eye Makeup Product Y2K Makeup Beauty Cosmetics",Beauty & Health
,200+ sold recently,2.2,33.0,1.0,,,"GLOZ 30ML Nail Rhinestone Glue For Nails, Super Strong Gel Nail Glue For Nail Charm 3D Nails Bling Gel For Decoration Gem Nail Art Jewel Diamonds Cured Need UV/LED Beauty Gift",Beauty & Health
,100+ sold recently,1.3,7.0,6.0,,,"24pcs/15pcs/9pcs Triangle Shaped Flocked Cosmetic Sponge For Setting, Soft & Textured Set Of Mixed Makeup Beauty Tools For Face & Body",Beauty & Health
,,2.1,5.0,4.0,#10 Best Sellers,in Contour & Bronzer,"Highlight Contour Stick,1Pc Long-Wearing Brightening Shadow Waterproof Contour Cream Pearlescent Silkworm Nose Shadow Contouring Stick Contour Wand",Beauty & Health
,2.7k+ sold recently,1.01,28.0,1.0,,,1pc Dish Cup For Nail Art Acrylic Liquid - Clear Glass Nail Monomer Liquid Bowl Dampen Dish Acrylic Powder Holder Acrylic Glass Jar For Nails,Beauty & Health
,2.4k+ sold recently,2.7,7.0,1.0,,,12 Sheets Butterfly Nail Art Stickers Self-Adhesive Butterfly Flower Pattern Nail Decals Colorful Mixed Design For Women Girl Nail Decorations DIY,Beauty & Health
,,2.0,5.0,1.0,#4 Best Sellers,in Tattoos Stencils & Accessories,"Tattoo Stencil Kit, 4Sheets Flower Print Tattoo Stencils for Women and Girls,Reusable Henna Stencils For Hand,Diy Tattooing Template,Tattoo Stickers for Face Paint Body Art Black Friday",Beauty & Health
,100+ sold recently,5.4,10.0,1.0,,,"1pc 90ml Women's Hair & Body Fragrance Mist Spray, Vanilla Gourmand Notes, Pistachios, Caramel, Salt,Plum,Woodsy Notes ,Litchi,Hibiscus,Sea Notes,Pitahaya, Vanilla Perfume Spray Lasts All Day Ideal Gift For Any Occasion-DM001 DM002 DM003 DM004",Beauty & Health
,300+ sold recently,3.32,17.0,19.0,,,Pack of 1 Large Braiding Hair 24Inch Suitable For Women And Children Daily Holidays And Cosplay Braided Wear Blue Colour Fashion Synthetic Hair Crochet Hair Extensions Useful and Deft High Temperature Hair Woven hair extensions for Halloween and Christmas,Beauty & Health
,100+ sold recently,1.2,8.0,1.0,,,2sheets Abstract Art Nail Art Sticker Nail Stickers DIY,Beauty & Health
,1.4k+ sold recently,1.09,32.0,4.0,,,7ML S Top Coat Sparking  Gel Nail Polish Semi Permanent UV Gel Function Top Coat For Nail Art Gel Varnish,Beauty & Health
,300+ sold recently,1.72,43.0,1.0,,,"Air Cushion Comb With Massage Nodes, Ladies' Anti-Static Long & Curly Hair Detangler, Home & Salon Use",Beauty & Health
,700+ sold recently,3.8,3.0,1.0,,,"Long Lasting Fruity Fragrance Perfume, 30Ml Per Bottle, Bear Design In Peach Pink, Cute And Light Scent For Baby, Women'S Natural And Stylish Choice",Beauty & Health
,700+ sold recently,1.2,8.0,1.0,,,"4 Pictures/112pcs Star-Shaped Concealer Sticker ,Suitable For All Kinds Of Parties, Get-Togethers And Holiday Gifts",Beauty & Health
,,4.9,4.0,1.0,#2 Best Sellers,in Fragrances & Aromatherapy,Kona 50mL Persistent Fresh Perfume For Women Elegant Fragrance Eau De Toilette Citrus Infinite Distant Perfume For Women,Beauty & Health
,10+ sold recently,2.1,0.0,1.0,,,"Flower Letter Print Cosmetic Bag, Cosmetic Bag Wallet, Initials A-Z Alphabet Pattern Toiletry Storage Bag, Toiletry Bag, Zipper Mobile Phone Wallet, Pencil Bag, Clutch Bag, Teacher Gift, Ladies Travel Essentials, Girl Gift, Makeup Tools Makeup Brush Storage And Storage, Large-Capacity Women'S Travel Cosmetic Bag, Toiletries, Skin Care Products Cosmetic Bag, Essential For Travel, Essential For Cruises, Essential For Dormitories",Beauty & Health
,100+ sold recently,8.0,4.0,8.0,,,"12pcs Multi-Functional Black Make-Up Brush Set, Including Powder Brush, Blush Brush, Foundation Brush, Eyeshadow Brush, Blending Brush, Contour Brush, With Superfine Texture Without Powder Clogging + Beveled Beauty Egg, Round Beauty Egg, White Powder Puff",Beauty & Health
,6.0k+ sold recently,3.2,9.0,5.0,,,Nail Art Dust Cleaner Brush 1Pc Pink Rose Shaped Aromatherapy Nail Brush With Acrylic Crystal Base Transparent Gold Edged Box Cleaner Brush For Nails,Beauty & Health
,,5.3,0.0,1.0,#10 Best Sellers,in Towels,2pcs Wheat Stem Pattern Coral Fleece Soft Face Towel Bath Towel Fast Drying & Non-Shedding,Beauty & Health
,3.2k+ sold recently,1.0,9.0,7.0,,,"1pc 3g Transparent Glue,Nail Sheet Drilling Adhesive, Extension And Reinforcement Adhesive Soft Nail Tips Gel Quick Drying Manicure Tool",Beauty & Health
,1.1k+ sold recently,0.4,71.0,1.0,,,Fashionable 24pcs Blue & Black Gradient Luster Press-On Short Square Nails For Creating Daily Elegant Appearance Plus Jelly Gel & Nail File Nail Supplies,Beauty & Health
,3.6k+ sold recently,3.99,20.0,4.0,,,SHEGLAM Pout Pillow Cushion Lip Gloss-Sweet Dreamz Moisturizing Liquid Lipstick High Shine Finish Sponge Tip Applicator  Moisturizing  Non-Sticky Lip Glaze Pink Rosa Lip Gloss,Beauty & Health
,,1.2,8.0,7.0,#3 Best Sellers,in Brows & Lash Tools,"20Pcs Eyelash Curler Refill Strip,Silicone Eyelash Curler Refills Eyelash Curler Refill Pads For Eyelash Lifting With Box",Beauty & Health
,700+ sold recently,2.8,0.0,1.0,,,"1pc Plain Mesh Makeup Brush Storage Bag, Modern Portable Fiber Makeup Organizer For Travel",Beauty & Health
,2.8k+ sold recently,2.7,27.0,1.0,,,12 Colours Neon Fluorescent Pigments Nail Powder Rainbow Gradient Nail Polish Glitter Spring Summer DIY Chrome Dust Manicure Decorations Nail Charms Nail Gems Nail Supplies,Beauty & Health
,1.5k+ sold recently,4.8,8.0,4.0,,,"Nail Accessories Kit, Kawaii Mymelody Nail Rhinestone Gems For Manicure DIY Crafts Nail Charms Nail Supplies",Beauty & Health
,90+ sold recently,1.0,23.0,1.0,,,1pc 24k Gold Crystal Collagen Eye Mask Anti Wrinkle Sleeping Gel Eye Patches Moisturizing Collagen Eye Mask Eye Care,Beauty & Health
,30+ sold recently,3.3,8.0,1.0,,,100pcsProfessional Large Wax Waxing Wood Body Hair Removal Sticks Applicator Spatula,Beauty & Health
,3.3k+ sold recently,1.7,0.0,1.0,,,"1pc Pink Scrub Sponge, Exfoliating Scrub Towel, Three-Dimensional Painless Scrub Sponge, Can Be Painless Decontamination",Beauty & Health
,100+ sold recently,1.2,0.0,1.0,,,"1pc Extra Soft Nano Toothbrush Set-Revolutionary Micro-NanoBristles For Gentle Deep Cleaning,Ideal For Sensitive Teeth GumsPremium Oral Care Solution For Adults Daily Smile Maintenance AtHome",Beauty & Health
,,1.3,7.0,4.0,#7 Best Sellers,in Concealer,"High Coverage Concealer, 1Pc Nourishing Liquid Foundation Tube Concealer Nourishing Foundation For Under Eye Dark Circles",Beauty & Health
,3.3k+ sold recently,3.65,15.0,7.0,,,"3pcs Pink Clear Bogg Beach Bag Accessories, Plastic Zipper Insert Bag For Beach Bag, Travel Makeup Toiletry Grocery Organizer, Cosmetic Divider Storage Inner Pouch",Beauty & Health
,4.6k+ sold recently,3.75,25.0,4.0,,,SHEGLAM Brow-Fection Angled Brush & Dip-Auburn Hair-Like Strokes Liquid Eyebrow Gel Pen Easy To Color Long Lasting Quick Drying Natural Shaping Outlining Filling Eyebrow Makeup,Beauty & Health
,1.3k+ sold recently,1.0,9.0,1.0,,,"2 Sheets Of Waterproof Numbered Nail Stickers, Circular Nail Polish Gel Color Labels For Keeping Track Of Nail Polish Colors And Design, Consecutive Number Stickers",Beauty & Health
,500+ sold recently,2.3,8.0,1.0,,,"24pcs High-Grade Colorful French Style 3D Rhinestone Inlaid Stars Medium-Sized Press-On False Nails, Suitable For Women And Girls Daily Wear",Beauty & Health
,100+ sold recently,3.0,3.0,1.0,,,20pcs Neon Yellow Makeup Brush Set Black Friday,Beauty & Health
,,2.2,8.0,1.0,,,"Magnifying Mirror Suction Cup, 10x Mirror & 15X Magnifying Makeup Mirrors, Portable Travel Mirror And Tweezers Kit For Eyebrow Tweezing, Blackhead Blemish Removal",Beauty & Health
,400+ sold recently,1.6,11.0,1.0,,,Get Glamorous With 24pcs Medium Square Shape Pink French Tip And Classic Design Press On Nails Full Cover False Nails For Daily Use Nail Supplies,Beauty & Health
,1.2k+ sold recently,1.5,6.0,1.0,,,1pc Or 2pcs/Set Clear Beauty Salon 8.12oz 4.06oz Plastic Dye Squeeze Applicator Hair Oil Applicator Bottle Pointy Hair Dry Cleaning Bottle,Beauty & Health
,,1.9,0.0,8.0,#7 Best Sellers,in Daily Home Essentials,"1pc/2pcs/3pcs/4pcs/5pcs/10pcs  Shading Sleep Eye Mask Imitation Silk Ice Feel Comfortable, Relaxing Fatigue, Lunch Rest, Sleeping",Beauty & Health
,,1.3,7.0,1.0,,,2sheets Chinese Mahjong Print Nail Art Sticker Nail Stickers DIY,Beauty & Health
,500+ sold recently,11.5,8.0,1.0,,,24 In 1 Acrylic Nail Kit For Beginners 12 Color Glitter Acrylic Powder White Clear Pink Acrylic Powder Nails Extension Professional Nails Kit Acrylic Set Manicure Tools Acrylic Supplies Gift For Women,Beauty & Health
,100+ sold recently,7.3,4.0,1.0,,,"Warm Tissue/Facial Cleansing Cloth/Makeup Removal Wipes Storage Box,Room,Home,Bedroom,Bathroom,House,Pink Room,Living Room Decor,Travel Stuff,Gift Bag,Gifts For Mom,Dad,Men,Friends,Teacher,Birthday,Wedding,Desk,Shelves,Accessories,Gift Boxes,Funny Gift,Storage",Beauty & Health
,300+ sold recently,1.5,0.0,1.0,,,"4pcs Professional Eyebrow Brush Set,Makeup Tools With Soft Fiber For Easy Carrying,Brush For Travel",Beauty & Health
,200+ sold recently,1.56,22.0,1.0,,,"8 Pieces/10 Pieces Mini Makeup Brush Set With Storage Bag, Portable Travel Supplies, Powder Brush Contour Brush Eye Shadow Brush Eyebrow Brush Concealer Brush Set, Professional Makeup Brushes Essential Cosmetics Ideal Gift, There Are Two Styles To Choose From, A: 1 Pc Storage Bag/B: 1 Storage Bag + 10 Makeup Brushes Storage Cosmetic Bag",Beauty & Health
,,2.6,0.0,1.0,#8 Best Sellers,in Electric Toothbrushes,"Smart Electric Toothbrush With 6 Modes 42000vpm & Smart Timer - Effectively Cleans Teeth & Gums, Rechargeable USB Electric Toothbrush With 4/8 Replacement Head, Electric Toothbrush For Adults, Available In 3 Colors, Great Gift Father's Day Gift",Beauty & Health
,2.5k+ sold recently,2.1,5.0,1.0,,,"1 Pc Dry&Wet Dual-Use Oval Shaped Hair Comb With Handle, For Fluffy & Smooth Hair, Hollowed Out Design, Best Gift For Girls, Suitable For Spa Hair Care,Hollow Comb For Quick Hair Drying And Styling Hair Brush",Beauty & Health
,60+ sold recently,2.8,10.0,1.0,,,3 Pcs Makeup Bag Cosmetic Bag Set For Women Checkered Travel Organizer Bathroom Toiletry Pouch Large Capacity Storage Bag,Beauty & Health
,1.0k+ sold recently,1.7,6.0,1.0,,,15ml Transfer Foil Gel Nail Polish Adhesive Sticker Nail Glue Soak Off UV Printing Gel Varnish Nail Art Manicure Gel,Beauty & Health
,6.4k+ sold recently,2.7,7.0,1.0,,,Black Friday 24 Grids Popular Y2K Aesthetic Nail Art Rhinestones With Flat Bottom Resin Ab Glittering DIY Nail Charms Nail Gems Nail Supplies,Beauty & Health
,200+ sold recently,2.82,40.0,1.0,,,"Black Hair Shampoo, Hair Cleanser Enriched With Polygonum Multiflorum Extract For Nourishing And Cleaning, Making Your Hair Shiny And Smooth",Beauty & Health
,1.5k+ sold recently,2.9,3.0,1.0,,,"Satin Heatless Hair Curler 1Sets/2PCS, Pillow Soft Rollers With Hair Caps, Soft Heatless Curling Rod Headband For All Hair Types, No Heat Curlers To Sleep In",Beauty & Health
,200+ sold recently,1.7,6.0,1.0,,,Abdominal Cream Men's And Women's Shaping Cream Exercise Sweating Line Massage Cream To Strengthen Muscle Shaping Movement,Beauty & Health
,400+ sold recently,4.4,8.0,1.0,,,1pc Nicotinamide Essence 75ml Watermelon Bulb Brightening Essence Facial Essence,Beauty & Health
,5.4k+ sold recently,1.9,5.0,6.0,,,"1Pc Pink Heart Shaped Crystal Glass Nail Art Cup With Lid, Coated Crystal Glass Nail Cup, Brush Cleaning Cup, Color Mixing Cup",Beauty & Health
,40+ sold recently,4.8,11.0,1.0,,,1pc 50ml Watermelon Facial Cream Deep Moisturizing Nourishing Repair Skin Redness Relieve Dryness Skin Firming Smoothing Skin Paste,Beauty & Health
,10k+ sold recently,0.85,50.0,4.0,,,"False Eyelashes, 3pairs Fluffy Volumized Eyelashes Lashes Dramatic Look 3D Wispy Faux Mink Lashes",Beauty & Health
,,5.6,3.0,1.0,#5 Best Sellers,in Wig Glues and Treatments,"Lace Melting Spray And Holding Spray(120ml), Extreme Hold Melting Spray For Lace Wigs, Glueless, Strong Natural Finishing Hold, Dries Quickly, Wig Melting Spray & Hair Adhesive for Wigs,black friday offerte speciali,ofertas for Black Friday Donna christmas gifts",Beauty & Health
,2.1k+ sold recently,3.8,3.0,1.0,,,"1pc Skin-tone Posture Corrector Back Brace, Back Sitting Posture Correction Device, Adjustable For Adults & Students, Preventing Hunchback, Unisex",Beauty & Health
,,2.2,4.0,1.0,#6 Best Sellers,in Glitter & Facial Gems,1 Pc 900pills Rainbow Color Stereo Face Glittry Gem Stickers Music Festival DIY Eyes Face Jewels Stickers Y2K Style Wedding Party Bride Bridesmaid Body Make Up Component Easter Vintage Suitable For Dance Performances Parties And Stage Fake Tattoos,Beauty & Health
,,1.2,8.0,1.0,,,1/10pcs 3ml Lip Gloss Empty Plastic Tubes Mini Clear Lipgloss Packaging Container Lipstick Bottles Refillable Empty Bottle,Beauty & Health
,6.6k+ sold recently,1.7,6.0,1.0,,,1pc 10ml Roll-on Milky Peach Fragrance Perfume,Beauty & Health
,,1.3,19.0,4.0,#10 Best Sellers,in Nail Art Brushes,2 Packs Nail Art Sfumato Brush Nail Art Gradient Blush Brush Painting Nail Art Brush For DIY At Home Nail Painting Tool,Beauty & Health
,200+ sold recently,2.16,20.0,1.0,,,"1pc Funny Makeup Cosmetic Bag Zipper Pouch, Letter Printed Canvas Cosmetic Travel Bag Toiletry Case Multi Functional Pouch Gifts For Friends,Gifts For Women Mom Friends Sister, Makeup Bag, Cosmetic Travel Bag With Zipper, Travel Toiletry Storage Bag, Wallet Pencil Bag, School Pencil Case, Stationery Bag, Women Gift,",Beauty & Health
,,2.0,5.0,6.0,#8 Best Sellers,in Single Eyeshadow,"Long-wearing Liquid Eyeshadow, Shimmer Brightening Eyeshadow Stick",Beauty & Health
,200+ sold recently,1.27,62.0,1.0,,,1pc Satin Bonnet Silky Bonnet With Elastic Tie Band Adjustable Straps Hair Bonnet Jumbo Size For Sleeping Satin Bonnet Stretchy Tie Band For Women Long Curly Braid Hair-Brown,Beauty & Health
,1.0k+ sold recently,3.4,3.0,7.0,,,"13pcs Makeup Brush Set Beauty Tools With Storage Bag Makeup Puff 1pc, Makeup Brush/Cosmetic Brush Black Friday",Beauty & Health
,1.4k+ sold recently,10.8,4.0,1.0,,,HISMILE PAP+ Whitening Toothpasteâ¢ Powerful And Effective Daily Whitening.A Fluoride-Free Everyday Whitening Toothpaste Designed To Gently Lift Stains For An Overall Brighter Smile,Beauty & Health
,4.0k+ sold recently,2.99,25.0,1.0,,,SHEGLAM Plushy Lip Balm-02 Pink Natural Gloss Hydrating Tinted Lip Care Olive Oil Shea Butter Lip Makeup Black Friday Winter Lip Care,Beauty & Health
,5.1k+ sold recently,1.5,6.0,1.0,,,"Ginger Hair Growth Essential Oil, Preventing Hair Loss Hair Serum",Beauty & Health
,,1.5,6.0,7.0,#3 Best Sellers,in Nail Glue & Adhesive,2pcs 5g Nail Tips Gel Nail Polish For False Nails Art Extend Strong Adhesive Solid Tube Nail Rhinestone Adhesive Glue For Stick Nail Tip Glue UV Gel,Beauty & Health
,60+ sold recently,4.5,4.0,1.0,,,40Pcs Set HAIR VITAMIN Hair Hair Treatment Serum - No Rinse With Argan Macadamia Avocado Oils -Vitamins A C E -Conditioner For Women & Men Haircare Fragrance Care Essential Oil Moisturizing And Repairing Hair Shine Enhancing Smooth And Straighten Curling Improvement,Beauty & Health
,1.0k+ sold recently,1.2,8.0,1.0,,,"Black Friday Shimmering Mixed 3D Heart Design Nail Art Decoration, 50pcs Love Rhinestone Decor Jewelry Rhinestones Nails Gems Nail Art Accessory Nail Art Decoration DIY Nail Charms Nail Supplies",Beauty & Health
,600+ sold recently,4.86,24.0,6.0,,,"50pcs Makeup Tools Set, Including 10 Loose Powder Puffs, 20 Air Cushion Puffs, 10 Beauty Blenders, And 10 Mini Beauty Blenders; Also Including Foundation Blending Beauty Sponge, Multi-Color Makeup Sponge, Latex-Free Dual-Use Wet And Dry Makeup Puffs; Suitable For All Skin Types; Made Of Ultra-Soft Velvet, Specifically Designed For Contouring, Eye And Corner Areas; Beauty Blender Holder Container; Including Air Cushion Powder Puffs, Latex-Free Blending Sponges And Makeup Puffs, Applicable To Liquid Foundation, Cream And Powder Foundation, Concealer.",Beauty & Health
,400+ sold recently,2.55,39.0,1.0,,,"1pc 7 Grids Clear Storage Holder For Eyeshadow Palette, Acrylic Transparent Makeup Container For Powder Case, Blush Organizer Shelf",Beauty & Health
,5.1k+ sold recently,1.5,12.0,4.0,,,Black Friday 20pcs Gold Metal Shiny Butterfly Nail Art Decoration 3D Alloy Jewelry Rhinestone Butterfly Nail Charms DIY Part Nail Accessories Nail Gems Nail Supplies,Beauty & Health
,,4.49,10.0,4.0,#6 Best Sellers,in Lip Plumper,SHEGLAM Hot Goss Plumping Lip Gloss-Oh Em GeeÂ  Instant Volumising Tinted Lip Gloss High Shine Finish Moisturizing Lip Plumper Gloss Reduce Lip Fine Lines Non-Sticky Lip Glow Oil Black Friday Sale Pink Lip Gloss,Beauty & Health
,400+ sold recently,2.3,4.0,5.0,,,"3Inch Messy Claw Clip Chignon, Synthetic Wig For Party, Prom, Suitable For All Women, Add Volume To Your Hair.",Beauty & Health
,2.2k+ sold recently,2.3,4.0,1.0,,,"Ladies' Heatless Hair Curler Wand & Headband For Soft & Shiny Curly Hair, Hair Styling Tool Accessory",Beauty & Health
,,1.9,5.0,1.0,#2 Best Sellers,in Facial Massage Tools,Micro Needle Derma Roller For Hair Growth Professional Dermaroller For Beard Growth Skin Care Tool,Beauty & Health
,,14.3,4.0,1.0,,,MAANGE 7pcs Face Makeup Brush Set With Loose Powder Brush Blush Brush Finger Foundation Brush Contour Brush Concealer Brush Highlighter Brush Makeup Tools Gift For Women & Girl Travel Makeup Brush Set,Beauty & Health
,1.4k+ sold recently,15.7,4.0,4.0,,,"MAANGE 18pcs Professional Makeup Brush Set With Velvet Bag&5pcs Beauty Blender&2pcs Makeup Remover Puff&5pcs Triangle Powder Puff&3pcs Mini Thumb Puff&Toiletry Bag&2pcs Cleaning Mat,Makeup Tools With Soft Fiber For Easy Carrying",Beauty & Health
,500+ sold recently,1.6,6.0,1.0,,,"Skin Brightening Cream For Joint, Elbow, And Armpit Darkening, Moisturizes And Nourishes Skin",Beauty & Health
,1.1k+ sold recently,2.4,8.0,1.0,,,"10Pcs Heart Dangle Nail Charms For Valentine'S Day, Pearl Rhinestone Charms Nail Jewelry For Acrylic Nails, Alloy Metal Charms With Pearls Rhinestones Inlay For Nail Decoration Nail Bling DIY Nail Gems Nail Supplies",Beauty & Health
,6.8k+ sold recently,2.2,4.0,8.0,,,"7pairs Cat Eye Cross And Transparent Stem Short Style Natural False Eyelashes, Essential For Daily Makeup",Beauty & Health
,100+ sold recently,0.6,57.0,1.0,,,"16pcs Coffee Color Sparkly Nail Stickers With 1 Nail File, For Nail Art DIY",Beauty & Health
,3.4k+ sold recently,6.7,4.0,1.0,,,"12pcs Lip Gloss Set, Moisturizing Matte Not Easy To Fade Lip Stain, Lipstick, Fine Glitter Lip Glaze, Gift Box For Mother Day Valentine Day",Beauty & Health
,,1.2,8.0,8.0,#8 Best Sellers,in Beauty & Health,"5pcs Black Triangle Shaped Powder Puff Set For Loose Powder, With Crystal Velvet Short Hair, Soft And Adhensive",Beauty & Health
,2.6k+ sold recently,1.4,7.0,1.0,,,Mirror Watery Lip Gloss Long-lasting Liquid Lipstick,Beauty & Health
,5.8k+ sold recently,2.4,0.0,1.0,,,"20pcs Makeup Brush Set, Cosmetic Tool Kit Black Friday",Beauty & Health
,500+ sold recently,13.2,20.0,1.0,,,4pcs Towel Embroidered Letter PU Embroidery Waterproof Fabric Cosmetic Bag Suitable For Daily Commute And Business Travel Makeup Bag Storage Makeup Organizer Makeup Case,Beauty & Health
,1.7k+ sold recently,5.75,28.0,4.0,,,SHEGLAM Lunar Glow Highlighter-Tea Cake,Beauty & Health
,60+ sold recently,1.66,39.0,11.0,,,1pc Cosmetic Bag Makeup Bags Wallet Name Initials A-Z Letter Pattern Toiletry Organizer Pouch Wash Bag Zipper Phone Purse Pencil Pouch Clutch Bag Teacher Gifts Travel Essentials For Women Girl Gift For For Makeup Tools Makeup Brushes Storage Portable Nurse Bag Nurse Gifts Durable Ideal Choice For Gifts,Beauty & Health
,2.4k+ sold recently,3.9,3.0,1.0,,,"3 PCS Heatless Hair Curler, Flexi Rods With Hook, Heatless Curling Rod For All Hair Types, No Heat Curlers To Sleep In, Overnight Heatless Curls For Blowout Hair",Beauty & Health
,40+ sold recently,2.28,40.0,1.0,,,1pc Eye Shadow Powder Compact Storage Box Makeup Organizer Blush Holder Clear Desktop Display Case 7-Grid Transparent Storage,Beauty & Health
,400+ sold recently,1.9,5.0,1.0,,,"50pcs Disposable Crystal Eyelash Brush Mascara Brushes Wands for Eye Lash Extension, Eyebrow and Makeup Brush for Eyelash Extension Supplies Black Friday",Beauty & Health
,1.0k+ sold recently,0.8,50.0,4.0,,,"Elevate Your Style With,24pcs Short Square Cute Cartoon Snail Print Full Cover Design Fake Nail Kit,Contain 1pc Jelly Glue And 1pc Nail File Press On Nails Nail Supplies",Beauty & Health
,,51.59,30.0,1.0,#8 Best Sellers,in Glueless Wigs,Glueless Transparent Lace Water Wave 4X4 10-14 Inch 150% Nature Color Bob Lace Closure Wig Pre Plucked Hairline Beginner Friendly Short Short Human Hair For Women,Beauty & Health
,400+ sold recently,1.7,11.0,1.0,,,Instantly Upgrade Your Look With 24pcs Short Square 3D Blush Gradient Peach Blossom Decor Fake Nail & 1pc Nail File & 1sheet Tape Press On Nails Nail Supplies,Beauty & Health
,9.2k+ sold recently,1.3,7.0,11.0,,,"Upgrade Your Look With 24pcs Glossy Nude Press On Nails, Short Square Solid Color Full Cover Fake Nail Set Nail Supplies",Beauty & Health
,300+ sold recently,2.5,7.0,1.0,,,10pcs Eyebrow Trimming Tool Set,Beauty & Health
,90+ sold recently,1.1,8.0,5.0,,,"2PCS Makeup Sponge,Suitable for Cream & Powder Concealer, Loose Powder makeup applicator Black Friday",Beauty & Health
,,3.4,8.0,1.0,#5 Best Sellers,in Skin Care Sets,"LAIKOU Vitamin C Whitening Travel Skincare Set (3pcs), Including 17ml Brightening Serum, 15g Eye Cream For Dark Circles, And 30g Anti-Crack Moisturizer; Utilized For Travel And Spot Correction, Spa And Personal Self-Care For Women & Girls, Ideal Mother's Day Gift.",Beauty & Health
,800+ sold recently,1.56,18.0,1.0,,,"Rich Lips, Large Mouth, Elastic Lip Oil, Jelly Lips, Transparent, Moisturizing And Moisturizing Lips",Beauty & Health
,700+ sold recently,2.34,22.0,7.0,,,Cosmetic Bag Lady Makeup Bags Wallet Name Initials Letter Pattern Toiletry Organizer Pouch Wedding Party Wash Bag Zipper Phone Purse Pencil Pouch Make Up Bags Valentine'S Day Gifts Clutch Bag Bridesmaid Make Up Pouch Toiletries Organizer Bag Cosmetic Case,Beauty & Health
,3.5k+ sold recently,1.2,8.0,5.0,,,"1 Sheets Large Size Blue Luminous And White Ink Glow In The Dark Originality Body Art Temporary Tattoo Stickers, Glitter Butterfly Starlight Pattern,Waterproof Fake Tattoo, Lasts 2-5 Days, Covering Scars,Can Be Used On Arms Wrist Shoulders Legs Waist Neck Hand Chest Thighs Finger,Party Birthday Surprise Gift",Beauty & Health
,,1.0,0.0,1.0,,,1sheet Polka Dot Nail Art Sticker & 1pc Nail File,Beauty & Health
,200+ sold recently,3.5,20.0,10.0,,,6PCS/Set Nail Gel Polish Set 7ml Summer Spring Macaron Color Nail UV Gel Polish Solid Color Soak Off Semi Permanent UV Gel Varnish Kit Manicures DIY Nails,Beauty & Health
,,4.3,7.0,1.0,#5 Best Sellers,in Led Makeup Mirror,High-Definition 5x Mirror Magnification Patch Mirror Three Level Dimming Portable Flip Cover Circular Folding LED Makeup Mirror With One Side Enlarged 2X Beauty Mini USB Light Emitting Charging Small Mirror,Beauty & Health
,200+ sold recently,4.7,4.0,1.0,,,"10 Pack,MTS Needle,Derma Microneedling Pen Replacement Cartridges,Electric Derma Beauty Pen Needle Cartridges  12 Pin/36Pin/Round Nano/42 Pin/3D Nano",Beauty & Health
,100+ sold recently,1.6,0.0,1.0,,,"1pc High-End Square Glass Perfume Spray Bottle, 3ml/5ml/10ml Crop/10ml Long Refillable Perfume Atomizer",Beauty & Health
,600+ sold recently,1.45,15.0,1.0,,,1pc Loofah Loofah Sponge Bath Towel,Beauty & Health
,400+ sold recently,1.27,42.0,1.0,,,3pcs/set Blending + Nose Shadow Makeup Brushes,Beauty & Health
,,5.1,4.0,1.0,#8 Best Sellers,in Wig Glues and Treatments,"Hair Wax Stick, Hair Smoothing Wax Stick, Flyaway Hair Wax Stick, Hair Gel Stick, Non-Greasy Styling Hair Paste For Flyaway Hair And Edge Control Frizzy Hair Matching Pink  Sets Combs Set Of Three.",Beauty & Health
,500+ sold recently,5.5,14.0,1.0,,,"100ml 3.4fl.Oz Body Spray For Women Hair & Body Mist, Woody Gourmand Notes, Uplifting Scent Vanilla Orichid Perfume Spray, All Day Lasting Gift For Any Occasion, Ideal Holiday Gift B0031",Beauty & Health
,900+ sold recently,2.11,32.0,4.0,,,Perfect Gift For Teachers Travel And Cosmetic Storage Multifunctional Storage Bag Portable Cosmetic Bag Cruise Essential Cosmetic Storage Bag Travel Essential Toiletry Bag Pencil Bag Stationery Box Bag Meaningful Letter Teacher Thank You Bag Can Store Keys Sanitary Napkins And More Travel Storage Bag Fashionable Cartoon Simple Style Foldable Storage Bag Can Be Used For College Dormitories Travel Back-To-School Cruise Essentials Etc. Great Gift For Teachers Women Men Wife Parents Birthdays Holidays,Beauty & Health
,8.1k+ sold recently,1.8,5.0,1.0,,,"3D Stereo Eyebrow Gel, Waterproof Natural Styling Eyebrow Styling Gel Eye Brow Gel",Beauty & Health
,10k+ sold recently,1.6,0.0,5.0,,,Waterproof Eyelash Glue 5ml Professional Strong Hold DIY Clear Glue Hypoallergenic Latex Free Lash Glue  Long Lasting Eyelash Adhesive Suitable For Sensitive Eyes,Beauty & Health
,,1.4,7.0,1.0,#7 Best Sellers,in Lip Care,"1pc Lip Oil Lipoil With Translucent Tube, Colorless Moisturizing And Nourishing Your Lips, Fading Lip Wrinkles And Preventing Chapped Lips, 18ml",Beauty & Health
,900+ sold recently,2.4,4.0,1.0,,,"2-in-1 Waterproof Hair Shadow To Fill And Contour Your Hairline And Face, Long-lasting And Portable For Daily Use With Applicator",Beauty & Health
,6.3k+ sold recently,1.5,6.0,4.0,,,"1.5MM Ultra-fine Wild Eyebrow Pencil, Smudge Proof For Brow Makeup",Beauty & Health
,,6.9,4.0,1.0,#4 Best Sellers,in Power Toothbrushes,"6 Modes Multi-Functional Electric Sonic Toothbrush, Including 8Pcs/4Pcs Brush Heads Set, With 2 Minutes Smart Timer/30S Zone-Switch Reminder, Home Use Waterproof Usb Rechargeable Automatic Toothbrush Suitable For Couple, Adult, Kids, Oral Care Or Travel Use",Beauty & Health
,400+ sold recently,6.2,5.0,1.0,,,"50ml Moisturizing Cream Nourishing Moisturizer Brightening & Whitening Skin Water Replenishing, Easily Absorbed Face Cream",Beauty & Health
,200+ sold recently,4.7,4.0,1.0,,,"1pc Toiletry Bag For Travel With Hanging Hook,Water-Resistant Makeup Cosmetic Bag,Travel Organizer Packing Cubes For Carry-On Travel Essentials Accessories Toiletries,Hanging Toiletry Bag, Travel Wash Bag For Women Portable Folding Cosmetic Organizer Large Capacity Girls Makeup Bag Waterproof Shower Bag With Separate Compartment Storage Makeup Organizer Makeup Case",Beauty & Health
,,2.0,9.0,5.0,#6 Best Sellers,in Rhinestones & Decorations,Black Friday 12 Grids Moon Star Nails Gold Metallic Nail Sequins Charms 3D Nail Art Tips Decoration Press On Manicure Supply DIY Nail Gems Nail Supplies,Beauty & Health
,500+ sold recently,1.7,6.0,6.0,,,"1pc Double-Sided Silk Imitation Eyeshade, Pink, Light-Blocking, Sleep Mask, Relieves Eye Fatigue, Helps Sleep",Beauty & Health
,,1.5,12.0,6.0,#4 Best Sellers,in Nail Glue & Adhesive,"5 Bottle Professional Nail Glue, Powerful Adhesive for Nail Instant Adhesive Nail Art Glue",Beauty & Health
,,5.99,25.0,1.0,#2 Best Sellers,in Primer,SHEGLAM Triple Threat Correcting Primer 3 In 1 Color Pore Minimizing Facial Makeup Primer Smooth Fine Lines Color Correcting Lightweight Face Primer Black Friday Winter Primer,Beauty & Health
,,1.4,7.0,1.0,#10 Best Sellers,in Nail Art Stickers & Decals,"6 Sheets/288pcs French Style Nail Art Stickers With Stripe Guidelines, Diy Nail Design Decoration Stencil Tool. Easy To Use And Remove. Suitable For Both Professional Salon And Home Use",Beauty & Health
,90+ sold recently,1.4,7.0,5.0,,,"2PCS Makeup Sponge,Suitable for Cream & Powder Concealer, Loose Powder makeup applicator Black Friday",Beauty & Health
,5.7k+ sold recently,5.45,24.0,1.0,,,"UV Gel Nail Lamp Purple Nail Phototherapy Machine,Professional Manicure Lamp 1Pc Plastic Nail Lamp Quick-Drying Nail Polish Glue Baking Lamp Nail Lamps Portable Handle Large Space Nail Machine Automatic Smart Sensor Nail Art Supplies Accessories For Gel Polish Curing Salon Use & Home DIY Nail Art, Best Gifts For Girls",Beauty & Health
,,1.2,8.0,12.0,#8 Best Sellers,in Decoration Stickers,2pcs Colorful Blue Purple Butterfly Flowers Leaves Nail Stickers DIY Y2K-Style Nail Art Decals Decoration Nail Design Manicure Tips Nail Accessories Friend Gift,Beauty & Health
,1.3k+ sold recently,2.99,25.0,1.0,,,SHEGLAM SHEGLAM Essential Square Eyeshadow Quad-VEIL,Beauty & Health
,1.7k+ sold recently,2.2,4.0,1.0,,,"1Pc Simple And Fashionable Portable Large Capacity Makeup Bag, Suitable For Women, Girls, Home, School, Travelmakeup Bag Makeup Pouch Skincare Bag Toiletry Bag Packing Cubes,Travel Essentials Cruise Essentials Dorm Essentials,Wedding Bridesmaid Gifts,Mom Gifts,Birthday Gifts,Gifts For Friends And Teachers,Home Decor,Bathroom Livingroom Bedroom Decor,Bathroom Organizer,Jewelry Organizer,Lip Oil Organizer,Nail Polish Organizer",Beauty & Health
,400+ sold recently,10.2,12.0,4.0,,,1PC Small Cosmetic Bag For Purse Mini Makeup Bag For School Cute Clear Make Up Pouch For Travel Tiny Leather White Make Up Organizer Case For Backpack Toiletry Bag Waterproof Square Pouch With Zipper,Beauty & Health
,,1.8,0.0,1.0,#7 Best Sellers,in Tattoos Stencils & Accessories,"Tattoo Stencil Kit, 4Sheets Butterfly & Flower Pattern Tattoo Stencils for Women and Girls,Reusable Henna Stencils For Hand,Diy Tattooing Template,Tattoo Stickers for Face Paint Body Art Black Friday",Beauty & Health
,900+ sold recently,1.8,14.0,1.0,,,"10Pcs Fourth Of July Temporary Tattoos,American Flag Red White And Blue Fake Tattoo Stickers, 4th Of July,USA Party Favors,Memorial Day, Independence Day, Labor Day Decorations Party Supplies",Beauty & Health
,200+ sold recently,2.33,25.0,5.0,,,1pc Portable Mini Zipper Cosmetic Bag Or Sanitary Pad Organizer Pouch Puffer Makeup Bag Make Up Organizer Toiletry Bag Makeup Storage,Beauty & Health
,500+ sold recently,2.4,11.0,5.0,,,"1pc Letter A-Z Flower Print Makeup Bag, Cosmetic Bag Lady Makeup Bags Wallet Name Initials Letter Pattern Toiletry Organizer Pouch Wedding Party Wash Bag Zipper Phone Purse Pencil Pouch Make Up Bags  Clutch Bag Bridesmaid Make Up Pouch Toiletries Organizer Bag Cosmetic Case Gift For Girls,Cosmetic Pouch For Small Items Storage Makeup Tools Makeup Brushes Storage Storage For Nurses, Doctors, Teachers Bag, Suitable For Personal Travel Cosmetics Storage",Beauty & Health
,2.4k+ sold recently,3.6,8.0,1.0,,,"1Set/7Pcs Rainbow Stainless Steel Nail Clipper, Cuticle Pusher, Manicure Tool Set Cuticle Cutter Trimmer Cuticle Clippers For Women Manicure Tools Nail Curve Pincher",Beauty & Health
,1.1k+ sold recently,1.95,35.0,5.0,,,1pc Portable Mini Zipper Cosmetic Bag / Sanitary Napkin Organizer Puffer Makeup Bag Make Up Organizer Toiletry Bag Makeup Storage Mini Bag Sanitary Bag Period Bag Mini Makeup Bag Pad Bag Sanitary Pouch Napkin Bag Coin Purse,Beauty & Health
,700+ sold recently,1.8,0.0,1.0,,,"1pc Blue Cooling Gel Eye Mask, Shade Light And Cool Sleeping Ice Crystal Eye Mask, Multi-Function Cooling And Warming Eye Mask For Eye Fatigue Relief, Nap, Travel",Beauty & Health
,100+ sold recently,3.8,3.0,1.0,,,"[Sanrio Official]1pc Meal Plate Anime Kawaii Disc Tableware Cute Fruit Plate Cartoon Snack Tray Gift Match The Cups ,Jewelry Tray Decorative Ceramic Tray For Holding Jewelry & Small Items,Jewelry Storage Display Showcase Holder Box For Home Sanrio,Sanrio Hello,Hello Kitty,Kuromi,Sanrio Hello Kitty,Sanrio Kuromi,Sanrio Officially,Sanrio Melody,Sanrio Officially Licensed,Sanrio Sakura,Sanrio Cartoon,Sanrio Characters,Sanrio Kawaii,Sanrio Cute,Women Sanrio,Sanrio Sanrio,Character Sanrio, Sanrio Stu",Beauty & Health
,400+ sold recently,2.6,4.0,1.0,,,A Waterproof Transparent Cosmetic Bag Travel Toiletry Organizer Portable Clear Makeup Bag Storage Makeup Organizer Makeup Case,Beauty & Health
,1.3k+ sold recently,1.9,5.0,1.0,,,24pcs Short-Length INS-Style Lovely Ballet Bowknot French Gold & Pink Onion Powder Print Glittering 3D Rose Camellia Rhinestone Pearl Sweet Square Nail Tips + 1pc Jelly Glue + 1pc Nail File Set Press On Nails Supplies,Beauty & Health
,4.0k+ sold recently,2.1,5.0,1.0,,,Floating Glaze Water Ice Lip Gloss,Beauty & Health
,60+ sold recently,2.2,8.0,1.0,,,"Nail Drill Bit, 1pc Metal Nail Bits For Nail Drill E-File, Bits Manicure Pedicure Remover Tools For Acrylic Gel Nails, Salon Home Nail Care Supplies For Acrylic Nail Gel Fast Remove, Colorful",Beauty & Health
,,6.3,5.0,1.0,,,"100ML 3.4FL.OZ Fragrance Hair & Body Mist Gourmand Vanilla Notes Body Spray For Women, Lavender, Cream, Vanilla, Musk Uplifting Scent Perfume Spray, All Day Lasting Gift For Any Occasion, Ideal Holiday Gift",Beauty & Health
,2.4k+ sold recently,1.6,6.0,5.0,,,24pcs Semi-Sheer Nude Rhinestones Accent Abstract Colorblock Long Square French Style Full Cover Fake Nail Upgrade Your Look With Press On Nails Manicure Kit Nail Supplies,Beauty & Health
,,1.7,0.0,1.0,,,"Large Knitted Bow Knitted Hair Tie, Cute Elastic Hair Tie For Ponytail, Donut Shaped Headband",Beauty & Health
,1.4k+ sold recently,1.7,0.0,4.0,,,"1pc Portable Anti-Static Mini Massage Comb, Ideal For Traveling Black Friday Hair Brush",Beauty & Health
,3.0k+ sold recently,5.99,36.0,1.0,,,"Teckwe Blackhead Remover,Pore Vacuum Electric Black Head Remover For Face Acne Comedone Whitehead Extractor Kit  USB Interface Type With 3 Suction Power & 4 Probes For Men & Women",Beauty & Health
,200+ sold recently,8.08,17.0,1.0,,,"Usb Charging Led Travel Makeup Mirror With 3 Lighting Colors, Polished Surface, Foldable Portable For Makeup Table, Rechargeable Lithium Battery, Glass Compatible, Odorless",Beauty & Health
,600+ sold recently,2.36,56.0,1.0,,,"1pc Silicone Body Scrubber, Silicone Loofah, Body Wash Scrubber, Body Scrub Brush, Body Scrubbers for Use in Shower, Silicone Loofah Body Scrubber",Beauty & Health
,30+ sold recently,1.6,6.0,1.0,,,10g Jar Holographic Neon Ice Muscle Aurora Nail Pigment Powder Fine Chrome Rubbing Dust,Beauty & Health
,,2.0,0.0,1.0,#10 Best Sellers,in Lip Gloss,"Moisturizing & Long-lasting Lipstick Gloss With Mirror-like Shine & Non-stick Cup Formula, Single Piece Lip & Cheeks Dual Use, Easy To Apply And Long-wearing Without Fading Or Smudging",Beauty & Health
,500+ sold recently,1.2,8.0,1.0,,,"1pc Temporary Waterproof Face Tattoo Sticker, Gold Glitter Tattoo For Face, Body & Nails, Beautiful Decoration For Photography, Makeup, Stage, Festival, Party And Daily Unique Face Decoration",Beauty & Health
,2.3k+ sold recently,1.4,7.0,1.0,,,Poly Nail Gel Nail Extension Gel With Other Basic Poly Gel Christmas Fall Nail Art Tools,Beauty & Health
,900+ sold recently,1.9,5.0,1.0,,,"Classic Pink-White-Clear Acrylic Powder Set, 3 Bottles X 10g With Liquid For Nail Art Extension & Carving In Clear/White Color DIY Nail Charms Nail Gems Nail Supplies",Beauty & Health
,40+ sold recently,1.0,50.0,1.0,,,"Short Square Shaped Gradient Blue Purple Shiny Press On False Nails For Women (24 Pcs) With Free Jelly Glue And Nail File, Perfect Fit",Beauty & Health
,1.4k+ sold recently,2.9,6.0,7.0,,,"3pcs/set Manicure Dead Skin Scissors, Stainless Steel Cuticle Pusher",Beauty & Health
,,0.95,53.0,1.0,#5 Best Sellers,in Braiders & Rollers,10pcs Random Color Sponge Hair Curler No Heat Hair Roller Wave Formers Sticks Perm Rods Hair Styling Tool Heatless Hairs Curler,Beauty & Health
,,4.99,17.0,4.0,#3 Best Sellers,in Blush,SHEGLAM ColorÂ BloomÂ DayglowÂ LiquidÂ BlushÂ ShimmerÂ Finish-Love CakeÂ  Glowing Gel Cream Blush Long Lasting Non-Fading Highly Pigmented Lightweight Long Wear Smooth Blusher Black Friday Winter Pink Brown Gifts Blush,Beauty & Health
,,1.2,8.0,7.0,#8 Best Sellers,in Makeup Tools,"6pcs Triangle Shaped Plush Powder Puff, Specially Designed For Contour, Under Eye And Corner Of Eye, Beauty Blender Foundation Mixing Container, Suit For All Skin Types.",Beauty & Health
,1.4k+ sold recently,1.48,22.0,1.0,,,"1pc African Bath Sponge, Shower Body Scrubber Loofah With Long Handle, Exfoliating Bath Sponge, Back Scrubber For Skin Care (Pink) + Bonus: Fun Gift",Beauty & Health
,,2.6,4.0,1.0,,,"Facial Hair Removal For Women,Painless Hair Shaver Put In The Battery Use,Lady Face Electric Razor For Lip, Chin,Arms,The Best Female Mustache Remover",Beauty & Health
,,2.6,21.0,4.0,#10 Best Sellers,in Rhinestones & Decorations,"Multi-Size AB Crystal Nail Rhinestones Set Flat Bottom Crystal Clear Diamond Gems DIY Nail Art Decorations Strass Stones With Nails Crayons, Tweezers Nail Charms Nail Supplies",Beauty & Health
,,2.5,4.0,1.0,,,"2pcs/Set Salon Hair Dryer Nozzle Replacement Accessories Set, Diffuser Nozzle And Comb Attachment For Hair Blower",Beauty & Health
,2.0k+ sold recently,1.2,8.0,6.0,,,White Ring Palette 1pc Resin Metal Butterfly Shape Phnom Penh Color Matching Is Suitable For Women And Girls.,Beauty & Health
,10k+ sold recently,1.7,11.0,4.0,,,"1pc Nail Art U-Shaped Stainless Steel Clipper, Sharp Cutter For Gel Extension And French Manicure",Beauty & Health
,100+ sold recently,1.6,6.0,1.0,,,"Enhance Your Look For Parties, Dates And Everyday Wear With Fashionable Design 24pcs Rainbow Color Almond Shaped French Soft Full Coverage Press-On False Nail Tips. Press On Nails Nail Supplies",Beauty & Health
,1.1k+ sold recently,1.4,7.0,1.0,,,1PC Women's Trendy Nail Designs Flowers Nail Bohemia Stickers Decor 5d Holographic Nail Stickers Glossy Embossed Art Boho Decals Self-Adhesive DIY,Beauty & Health
,300+ sold recently,2.18,39.0,1.0,,,Cartoon Sloth & Floral Print Luggage Insert With Zipper Fashionable Polyester For Travel Makeup Bag Cosmetic Bag Make Up Organizer Wash Bag Gift For Thanksgiving For Girl Women Mom,Beauty & Health
,5.2k+ sold recently,1.9,5.0,1.0,,,5pcs/set Double Ended Nail Art Pen,Beauty & Health
,1.9k+ sold recently,0.95,37.0,1.0,,,Elevate Your Style With 24pcs Short Square Pink Solid Glitter Fake Nail & 1sheet Tape & 1pc Nail File Press On Nails Nail Supplies,Beauty & Health
,,14.4,4.0,1.0,#9 Best Sellers,in Hair Styling Care Appliances,"Portable Automatic Hair Curler, Wireless Rechargeable Curling Iron Ideal Hair Curling Iron Wand Curling Iron For Travel, Home And Various Occasions Gift For Women",Beauty & Health
,,2.2,4.0,1.0,#10 Best Sellers,in Eyebrows,"HANDAIYAN Waterproof, Not Easy To Fade And Faint Color Brow Dye Makeup Cos Special Ultra High Chroma Capacity 3g",Beauty & Health
,,6.49,13.0,1.0,#1 Best Sellers,in Liquid Lipstick,SHEGLAM Soft 90's Glam Lip Liner And Lip Duo Set-Moody Taupe Lip Set 3-In-1 Lip Makeup Plumping Lip Gloss Moisturizing Plant Extracts Long Lasting Liquid Lipstick Lip Makeup Black Friday Winter Brown Liquid Lipstick,Beauty & Health
,1.0k+ sold recently,2.8,3.0,1.0,,,"ROMWE Kawaii 1pc Pink Bowknot Designed Hair Cushion Comb, Anti-Static Smooth Massage Paddle Hair Brush For Home Use",Beauty & Health
,1.5k+ sold recently,4.99,17.0,6.0,,,SHEGLAM Baked Glow Setting Powder-ChocolateÂ  Oil Control Loose Setting Powder Translucent Pore-less Flawless Smooths Fine Lines Glowy Powder Black Friday Winter Powder,Beauty & Health
,,2.5,4.0,1.0,#9 Best Sellers,in Beauty Tools,"New Arrival 7 Pairs Cat Eye 3d Natural False Eyelashes + 5d Wispy Cross Manga Eyelash Mascara, Soft & Natural-looking Eyelash Extension Makeup",Beauty & Health
,400+ sold recently,2.6,10.0,5.0,,,"1pc Makeup Bag Simple Travel Cosmetic Bag Wash Bag, Makeup Storage Bag, Portable Outdoor Travel Toiletry Bag, Fashionable Handbag For Travel Daily Use, Travel Goods Storage Bag, For Makeup Tools, PU Leather, Travel Accessories Men Toiletry Bag Makeup Brushes Storage",Beauty & Health
,80+ sold recently,1.7,6.0,1.0,,,Instantly Upgrade Your Look With 24pcs Luxurious Short Square Press On Nails Set Blue Red And White Firework Red Lines White French Full Coverage Fake Nails Kit Artificial Nails Kit Manicure Set Includes 1sheet Adhesive Tabs &1pc Mini File For Women And Girls Office Daily Wear False Nails,Beauty & Health
,1.6k+ sold recently,2.5,7.0,1.0,,,10pcs 80/80 Grit Nail Files Double Sided Emery Board Washable Emery Boards Reusable Nail Buffers Manicure Tools For Natural Nails Acrylic Nails Home And Salon Use,Beauty & Health
,,3.7,5.0,1.0,#6 Best Sellers,in Soaps,"100g Turmeric, Lemon, Ferulic Acid, Ginger Handmade Soap For Women Facial And Body Cleansing",Beauty & Health
,6.2k+ sold recently,2.9,3.0,1.0,,,1pc Four Colors Stereo Contour Powder With Delicate Texture Matte Bronzing Makeup Powder Beginner Contouring Palette,Beauty & Health
,300+ sold recently,4.8,8.0,1.0,,,"[Sanrio Official]Sanrio Stationery Hello Kitty Pencil Case Large Capacity Double-Deck Pen Case Kuromi Cinnamoroll Pencils Bag Supplies Kids Gift Sanrio,Sanrio Hello,Hello Kitty,Kuromi,Sanrio Hello Kitty,Sanrio Kuromi,Sanrio Officially,Sanrio Melody,Sanrio Officially Licensed,Sanrio Sakura,Sanrio Cartoon,Sanrio Characters,Sanrio Kawaii,Sanrio Cute,Women Sanrio,Sanrio Sanrio,Character Sanrio, Sanrio Stuff",Beauty & Health
,2.3k+ sold recently,1.5,12.0,1.0,,,6Ml Uv Led Soak Off Gel Varnishes Lacquers Polish For Manicure Y2K Mirror Metal Gel Nail Polish Nail Design Decoration Gift Nail Salon At Home,Beauty & Health
,700+ sold recently,0.18,86.0,8.0,,,Black Friday 10ml Shiny Sugar Nail Glitter Powder For Manicure Y2K Flock Powder Nail Art Decorations Sweater Yarn White Snow Candy Dust Powder Green DIY Nail Charms Nail Gems Nail Supplies,Beauty & Health
,700+ sold recently,1.9,5.0,1.0,,,1pc Gua Sha Jade Stone Tools Guasha Tool for Face Skincare Facial Body Acupuncture Relieve Muscle Tensions Reduce Puffiness Festive Gifts,Beauty & Health
,,1.4,7.0,11.0,#1 Best Sellers,in Rhinestones & Decorations,"20pcs 3d Butterfly Shaped Nail Art Jewelry, Silver Color Nail Charm Rhinestones,Diy Nail Decoration Supplies Nail Charms Nail Gems",Beauty & Health
,900+ sold recently,1.26,37.0,1.0,,,5ML/15ML/30ML/50ML/  Pore control serum  skin tightening  Professional skincare  Shrink pores  Purifying skin care,Beauty & Health
,,3.5,8.0,1.0,#7 Best Sellers,in Manicure Hand Rests & Accessories,"Nail Art Table Mat, Nail Arm Rest Pad For Acrylic Nails, Soft Microfiber PU Leather Nail Mat For Table, Foldable Nail Hand Rest Pillow Manicure Pad, Acrylic Nail Training Mat Desk Mat For Nail Cushion",Beauty & Health
,600+ sold recently,10.75,10.0,1.0,,,"Mielle Organics Mielle Organics Rosemary Mint Scalp & Hair Strengthening Oil For All Hair Types, 2 Ounce",Beauty & Health
,1.1k+ sold recently,2.28,26.0,1.0,,,"6 Boxes Mirror Holographic Iridescent  Pearlescent Aurora Chrome Nail Powder, Nail Art Pigment Dust Powder Mirror Nail Glitter Powder Nails UV Gel Polish Pigment Nail Art Decorations ÙØ³Ø­ÙÙ Ø£Ø¸Ø§ÙØ± ÙØ±ÙÙ ÙØ¤ÙØ¤Ù",Beauty & Health
,,6.85,19.0,7.0,#2 Best Sellers,in Powder,SHEGLAM Insta-Ready Face & Under Eye Setting Powder Duo-TRANSLUCENT,Beauty & Health
,300+ sold recently,1.5,6.0,1.0,,,Black Friday 10pcs Vintage Nail Art Decoration DIY Nail Charms Nail Gems Nail Supplies,Beauty & Health
,1.4k+ sold recently,2.9,12.0,1.0,,,"50pcs, Anti-Oxidation Jewelry Bags, Clear Jewelry Zipper Bags, Small Jewelry Organizer, Ring Earring Storage Bags, Self Seal Jewelry Packing Pouch, Portable Waterproof Ziplock Bags, Small Business Supplies, Cheapest Items Available, Sale",Beauty & Health
,1.3k+ sold recently,2.5,11.0,4.0,,,"1PC Silicone Makeup Sponge Holder Shatterproof Beauty Egg Organizer Egg Storage Egg Holder Beauty Eggs Sponge Storage Box Sponge Box For Women Girl For Travel Holiday Vacation Travel Essentials Travel Accessories, Silicone Blender Case Portable Travel Cosmetic Case Makeup Sponge Blender Silicone Case",Beauty & Health
,3.3k+ sold recently,2.3,4.0,1.0,,,"1 Piece Of 85g Black Skin Whitening And Brightening Handmade Kojic Acid Soap Inhibits Formation, Removes Dark Spots, Improves Skin Tone, Cleansing And Skin Care Soap, Deep Cleansing And Brightening Bath, Face And Armpit Soap",Beauty & Health
,,7.0,4.0,1.0,#9 Best Sellers,in Eyelashes Set,"80d Diy Eyelash Extension Kit With Glue, Tweezers, Brushes, Remover, Clusters, Natural Thick Extensions, 9-15mm Personalized Kit With Lash Glue, Applicator, Home Use",Beauty & Health
,200+ sold recently,1.6,11.0,1.0,,,Wooden Nail File Emery Boards Buffering Files Professional Manicure Pedicure Beauty Tools 10pcs/Pack Nail Files Set For Home And Salon Use,Beauty & Health
,1.3k+ sold recently,2.5,4.0,4.0,,,"Checkered Pattern Makeup Bag, 1Pc Exquisite Solid Color Minimalist Minimalist Solid Color Plush Cosmetic Bag Style Hairy Zipper Toiletries Storage Bag Black Friday,Makeup Bag Makeup Pouch Skincare Bag Toiletry Bag Packing Cubes,Travel Essentials Cruise Essentials Dorm Essentials,Wedding Bridesmaid Gifts,Mom Gifts,Birthday Gifts,Gifts For Friends And Teachers,Home Decor,Bathroom Livingroom Bedroom Decor,Bathroom Organizer,Jewelry Organizer,Lip Oil Organizer,Nail Polish Organizer Storage Makeup Organizer Makeup Case",Beauty & Health
,200+ sold recently,5.8,50.0,1.0,,,Black Bob Wigs For Women Short Curly Synthetic Wig With Bangs For Party And Cosplay 14 Inch Natural Heat Resistant Hair,Beauty & Health
,800+ sold recently,0.18,86.0,8.0,,,Black Friday 10ml Shiny Sugar Nail Glitter Powder For Manicure Flock Powder Nail Art Decorations Sweater Yarn White Snow Candy Dust Powder Orange DIY Nail Charms Nail Gems Nail Supplies,Beauty & Health
,3.9k+ sold recently,2.5,4.0,5.0,,,7 Pairs Russian Strip Lashes Natural Looking Soft & Fluffy Mink Lashes 3D False Eyelashes Russian Volume Eyelashes Fake Eyelashes Dramatic Messy Mink Lashes Wispy Long Foxy Eye Lifting Look Eyelash Extension Kit Full Eyelash Strip To Lengthen And Volumize The Outer Corner Of Your Eye Beauty Makeup,Beauty & Health
,1.4k+ sold recently,4.99,17.0,12.0,,,SHEGLAM Take A Hint Lip Tint-Good HabitsÂ  Color Changing Long Lasting Lip Gloss High Gloss Finish All Day Non-Sticky Moisturizing Lip Stain For Dry Lips Black Friday Winter Gifts Liquid Lipstick,Beauty & Health
,100+ sold recently,4.15,50.0,1.0,,,Short Pixie Cut Wigs For Women Glueless Wear And Go Wigs Heat Resistant Short Layered Wigs With Bangs Natural Looking Synthetic Full Wigs With Bangs: Beginner-Friendly Synthetic Wig,Beauty & Health
,400+ sold recently,1.25,50.0,1.0,,,"Retinol Cream For Face, Retinol Cream, Retinol Moisturizer For Face And Neck, Wrinkle Cream For Face, Retinol Complex 1 Fl.Oz",Beauty & Health
,3.3k+ sold recently,2.52,10.0,1.0,,,"1pc Large Capacity Pink Acrylic Desktop Storage Shelf, Multifunctional Storage Container",Beauty & Health
,50+ sold recently,2.5,14.0,1.0,,,Cosmetic Bag Makeup Bags Wallet Name Initials A-Z Letter Pattern Toiletry Organizer Pouch  Wash Bag Zipper Phone Purse Pencil Pouch Clutch Bag    Teacher Gifts Travel Essentials For Women Girl Gift For For Makeup Tools Makeup Brushes Storage,Beauty & Health
,2.1k+ sold recently,2.9,6.0,1.0,,,"False Eyelashes Storage Box, 1pc Pink Makeup Organizer, Portable Storage Case With Mirror, For Travel, Business Trip,Room,Home,Bedroom,Bathroom,House,Pink Room,Living Room Decor,Travel Stuff,Gift Bag,Gifts For Mom,Dad,Men,Friends,Teacher,Birthday,Wedding,Desk,Shelves,Accessories,Gift Boxes,Funny Gift,Storage",Beauty & Health
,,4.3,9.0,1.0,#2 Best Sellers,in Manicure Hand Rests & Accessories,"1 PC Pink/Gray Manicure Hand Pillow And Manicure Table Mat, PU And Washable Foldable Nail Polish Hand Rest Arm Wrist Rest Pad For Nail Instructor Nail Care Nail Salon Tools, Foldable Manicure Hand Pad For Nail Art Armrest Pad, Soft Microfiber Leather Manicure Pad, Manicure Pad, Manicure Table Mat, Table Mat For Nail Technician Salon Home Use",Beauty & Health
,6.2k+ sold recently,1.7,6.0,4.0,,,"1pc Precise & Smooth Quick-Dry Waterproof Long-Lasting Anti-Smudge Eyeliner Pen, With Ultra-Fine Tip",Beauty & Health
,1.4k+ sold recently,1.5,6.0,5.0,,,24pcs Short Square Press On Nails - Cool Metallic Chrome Pink False Nails | Punk Metal Chrome Finish Short Reusable Fake Nails In 12 Sizes - Nail Kits As Gift For Women And Girls & 1sheet Tape & 1pc Nail File Nail Supplies,Beauty & Health
,800+ sold recently,2.45,30.0,1.0,,,"Bamboo Oval Massage Cushion Comb, Cushion Hair Brush, Thick - Bamboo Detangling Hairbrush for Massaging Scalp, For Women Hair Brush/ Hair Comb(Small Size)",Beauty & Health
,20+ sold recently,2.7,50.0,1.0,,,60pcs Moisturizing And Firming Eye Masks For - Collagen And Golden Eye Patches For Firming And Tightening Under Eye Skin,Beauty & Health
,400+ sold recently,3.5,8.0,1.0,,,"Gellen Solid Nail Glue Gel, Press On Nail Glue Solid Acrylic Nail Glue Gel For False Nail Tips, Non-Sticky Hand Carving Gel UV LED Nail Extension Glue Gel 1pc-2Pcs 15G",Beauty & Health
,100+ sold recently,2.28,9.0,1.0,,,"4pcs Beauty Egg Makeup Sponge Blender Set, Super Soft, Durable And Elastic, Multi-Colored Sponges For Wet/Dry Use, Professional Makeup Tool Suitable For All Skin Types",Beauty & Health
,1.0k+ sold recently,1.55,50.0,6.0,,,Afro Puff Drawstring Ponytail Kinky Curly Bun Hair Synthetic Short Extensions Hairpieces Updo Hair For,Beauty & Health
,60+ sold recently,3.7,5.0,1.0,,,Pink Anti-Slip Cushion Hair Brush 1pc Large Plastic Classic Rectangular/Square Massage Scalp Hair Brush/ Hair Comb For All Hair Types Dry & Wet Use Black Friday,Beauty & Health
,2.4k+ sold recently,0.55,61.0,5.0,,,24pcs False Toe Nails French Pedicure Design Set + Jelly Glue + Nail File Press On Nails Nail Supplies,Beauty & Health
,,1.37,43.0,1.0,#8 Best Sellers,in Reed Diffuser Oils,"1/2 Bottle Of Coconut Vanilla Essential Oil Single Bottle Of 100% Pure Aromatic Essential Oil, Used For Diffuser, Humidifier, Massage, Spa, Candle, Soap, Perfume -10ml",Beauty & Health
,40+ sold recently,2.6,4.0,1.0,,,"Cute Children Hair Brush, Printed ABS Material With Cartoon Pattern Of Cute Cat And Polka Dot Design, Suitable For Women Home Use",Beauty & Health
,10+ sold recently,2.9,3.0,1.0,,,"60ml Lace Melting And Holding Spray, Non-Glue Fake Hair Gel For Wigs, Lace Adhesive Spray For Wigs, Wig Extension, Strong Natural Forming, Edge Protection And Maintenance",Beauty & Health
,2.8k+ sold recently,3.4,8.0,1.0,,,"1 Box White Rhinestone Adhesive Nail Art Kit, 10ml Adhesive Rhinestone Filled Rhinestone Gemstone Nail Gel, Gem Jewelry Manicure Charms Rhinestone Earrings Clear 3D Decorative Nail Art and Beauty Accessories",Beauty & Health
,5.9k+ sold recently,1.8,10.0,1.0,,,"Upgrade Your Look - 24pcs/Set Small Bulb Shape Crystal & Cat Eye Pattern Nail Art Set Suitable For Parties, Dancing And Daily Wear - With Jelly Gel & Nail File Press On Nails Nail Supplies",Beauty & Health
,900+ sold recently,1.6,6.0,1.0,,,Elevate Your Style With 24pcs Short Square Blue French Striped Fake Nail & 1sheet Tape & 1pc Nail File Press On Nails Nail Supplies,Beauty & Health
,1.3k+ sold recently,1.7,6.0,4.0,,,"Waterproof Liquid Lipstick, Long-Wearing Metallic Lip Gloss Metal Tube Lip Cream",Beauty & Health
,,8.7,3.0,1.0,#1 Best Sellers,in Synthetic Extensions,18pcs Sparkle Extra Long Straight Hair Tinsel Synthetic Hair Extension Kit,Beauty & Health
,7.7k+ sold recently,1.7,6.0,7.0,,,5 Pairs Manga Anime Lashes Natural Look Faux Mink Wispy Fluffy 3D Volume Eyelashes Korean Japanese Asian Cosplay Eyelashes,Beauty & Health
,1.6k+ sold recently,9.99,47.0,1.0,,,"Highly Pigmented Eye Makeup Palette, Matte Shimmer Metallic Eyeshadow Pallet Long Lasting Blendable Natural Colors Make Up Eye Shadows Cosmetics Gift Kit",Beauty & Health
,,2.49,29.0,1.0,#8 Best Sellers,in Acne Treatment,SlowSunday Mix N' Match Blemish Patch,Beauty & Health
,6.4k+ sold recently,3.0,3.0,1.0,,,"Yoni Essential Oil For Women, Natural Feminine Oil, Ph Balanced For Women, Eliminates Odor And Soothes, 100% Natural Feminine Intimate Deodorant Made With Stawberry Oils (1 Fl Oz/30 Ml)",Beauty & Health
,1.8k+ sold recently,2.9,3.0,1.0,,,"1PC Elegant, Versatile Mannequin Head Stand For Wigs, Hats & Masks â Ideal For Professional Styling, Display At Home & Travel Use â Unisex",Beauty & Health
,20+ sold recently,1.2,25.0,1.0,,,Hufenlan 7ml Soft Gel Nail Polish 3-In-1 Transparent False Nail Extension Glue For Durable Nail Art,Beauty & Health
,2.2k+ sold recently,1.6,11.0,13.0,,,Upgrade Your Look With 24pcs Short Square Sheer Nude Solid Full Cover Fake Toenail Press-On Pedicure Gel Nails Kits Nail Supplies,Beauty & Health
,300+ sold recently,1.25,50.0,1.0,,,"Dark Spot Corrector For Face And Body - Skin Lightening And Brightening Cream, Dark Spot Remover, Hyperpigmentation Treatment Blemish Remover For Sun Spots, Acne Scars, Melasma For Men&Women (30ML/1 Fl.Oz)",Beauty & Health
,1.4k+ sold recently,0.56,57.0,8.0,,,Black Friday 10ML Y2K Aesthetic Canned Winter Nail Art White Wool Wool Transparent Glitter Powder Sugar Powder DIY Nail Glitter Powder Nail Art Jewelry Nail Charms Nail Gems Nail Supplies,Beauty & Health
,1.9k+ sold recently,1.2,8.0,1.0,,,2rolls Heart Print Nail Art Protection Bandage,Beauty & Health
,,3.99,33.0,20.0,#5 Best Sellers,in Concealer,SHEGLAM Like Magic 12hr Full Coverage Concealer,Beauty & Health
,,2.1,5.0,1.0,#5 Best Sellers,in Face Brushes,"Pro 47 Foundation Brush Broom Powder & Shadow Brush Liquid/cream & Blush Mix Angled Professional Makeup Brush Makeup Tools, 1pc",Beauty & Health
,600+ sold recently,2.2,4.0,4.0,,,3-Piece Foam Sleep Slouchy Curler Fairy Powder Sponge Big Wavy Curly Hair,Beauty & Health
,2.2k+ sold recently,1.4,7.0,1.0,,,"Liquid Lipcolor,Blueberry Fruit Flavor Moisturizing Color Changing Lip Glaze",Beauty & Health
,2.3k+ sold recently,3.6,8.0,4.0,,,"1pc Makeup Organizer Box For Eyeshadow Palette, Transparent Cosmetic Storage Box, Suitable For Dressing Table, Vanity, Bathroom Countertop, Cabinet, 7 Compartments,Room,Home,Bedroom,Bathroom,House,Pink Room,Living Room Decor,Travel Stuff,Gift Bag,Gifts For Mom,Dad,Men,Friends,Teacher,Birthday,Wedding,Desk,Shelves,Accessories,Gift Boxes,Funny Gift,Storage",Beauty & Health
,50+ sold recently,0.75,50.0,1.0,,,"24pcs Short Square Black And White Striped Press On Nails Set, Suitable For Party Or Daily Wear Nail Supplies",Beauty & Health
,,2.18,9.0,4.0,#3 Best Sellers,in Nail Glitter Powder,6pcs Chrome Gold Silver Nail Powder Pigment Mirror Metallic Rubbing Nail Art Glitter Dust Decorations,Beauty & Health
,80+ sold recently,4.9,4.0,1.0,,,"Portable Hair Brush & Comb For Hair Styling,1 Pc Mane Hair Straightening Brush, Styling Curling Hair Care Tool, Hair Brush With Soft Comb Teeth, For Thick Coarse Hair â Use For Smoothing And Straight Hair Styles(Black)",Beauty & Health
,,0.67,44.0,1.0,#9 Best Sellers,in Face Brushes,"1pc Eye Brush, Black Angled Curved Dense And Soft Bristles, Full Brush Head",Beauty & Health
,2.0k+ sold recently,1.8,10.0,1.0,,,5pcs Diamond Encrusted Velvet Double-sided Triangular Loose Powder Puff For Household And Cosmetologist Use,Beauty & Health
,1.0k+ sold recently,15.0,50.0,1.0,,,Versace VERSACE EROS 0.17OZ EDT PERFUME SPRAY FOR MEN MINI,Beauty & Health
,400+ sold recently,18.0,5.0,1.0,,,Bath And Body Works Body Spray Body Mist Fragrance,Beauty & Health
,4.2k+ sold recently,1.4,7.0,6.0,,,"24pcs Short Square Shaped False Toe Nails With Clear French Design, Full Toe Cover Fake Nails Suitable For Women And Girls To Enhance Their Style Press On Nails Nail Supplies",Beauty & Health
,1.6k+ sold recently,1.5,12.0,5.0,,,100 PCS 3D Pink Resin Butterfly Bear Nail Ornaments Rose Blossom Peach Skirt Bow Deer Snake Rabbit Animal Shape Nail Art Rhinestones Faux Pearls For Nail Art Decoration Making Crafts Mix Ramdom Resin Nail Art Charms Cartoon Pink White Nail Rhinestone Ornaments DIY Accessories Supplies Nail Gems,Beauty & Health
,400+ sold recently,1.2,8.0,1.0,,,"Colorful Tweezers Set For Bullet Journaling, Including Straight And Curved Tweezers, Angled Tweezers, Eyelash Extension Tweezers, And Pointed Tip Tweezers",Beauty & Health
,1.7k+ sold recently,2.9,0.0,1.0,,,"1pc Acrylic Display Shelf, 1-5 Tiers Trapezoid Home Organization Stand, Jewelry Cosmetic Display Rack, Multi-level Transparent Organizer For Cake Perfume",Beauty & Health
,100+ sold recently,1.2,0.0,4.0,,,1 Rolls Isolation Breathable Eyelash Extension Under Eye Pad Tape PE Adhesive Grafting Tape For False Eyelash Extensions Tools,Beauty & Health
,2.0k+ sold recently,2.2,4.0,1.0,,,"5 Pairs Fine-stemmed Black Single-layer False Eyelashes, Super Natural Look, For Beginners, Everyday Wear, Dating, Bridal Makeup",Beauty & Health
,1.8k+ sold recently,1.5,12.0,5.0,,,"1pc Stainless Steel Eyelash Curler, Makeup Curling Tool, False Eyelash Assistant, Beauty Wide-angle Makeup Tool, Soft & Durable Without Pinching, Long-lasting, Comfortable To Use",Beauty & Health
,,4.19,30.0,7.0,#5 Best Sellers,in Contour & Bronzer,SHEGLAM Sun Sculpt Liquid Contour-TerracottaÂ  Gel Cream ContourÂ  Non-Greasy Long Lasting Highly Pigmented Natural Contour Contouring Weightless Bronzer Black Friday Winter Brown Contour & Bronzer,Beauty & Health
,,5.22,10.0,1.0,#8 Best Sellers,in Women Electric Shavers,"Rechargeable 3-In-1 Electric Razor For Women - Painless Hair Trimmer For Face, Nose, Eyebrows, Beard, Mustache, Arm, Leg, Armpit, And Bikini - Portable Body Shavers Set Rechargeable Grooming Kit Holiday Gift",Beauty & Health
,,4.64,23.0,14.0,#8 Best Sellers,in Blush,SHEGLAM Color Bloom Liquid Blush-Hot Topic Liquid Blush Liquid Waterproof Long Lasting High Pigment Non-Fading Natural Lasting Glow Lightweight Face Makeup,Beauty & Health
,1.5k+ sold recently,1.17,27.0,1.0,,,Get Glamorous With 24pcs Long Square White French 3D Rhinestone Decor Fake Nail & 1pc Nail File & 1sheet Nail Tape Press On Nails Nail Supplies,Beauty & Health
,600+ sold recently,10.3,4.0,1.0,,,"46pcs Professional Makeup Tool Set For Beginners, Including 25 Makeup Brushes (Foundation Brush, Powder Brush, Blush Brush, Highlight Brush, Eyeshadow Brush Set, Eyelash Brush, Eyeliner Brush, Contour Brush, Detail Brush) + 3 Beauty Blenders For Liquid Makeup And Mixing + 3 Triangular Powder Puffs For Setting Powder And Softening Edges + 6 Finger Puffs For Concealing + 6 Mini Makeup Blenders + 1 Makeup Brush Cleaning Bowl For Brush And Blender Cleaning + 1 Waterproof Cosmetic Bag For Storage + 1 Eyelash Curler",Beauty & Health
,2.6k+ sold recently,4.56,20.0,1.0,,,"Hair Dryer Hood Diffuser Attachment For Blow Drying, Curl Styling, Hair Drying & Massage, Fits 1.5 Inch To 2.7 Inch-Perfect For Most Different Designs Of Hair Dryer, Black (Black Friday)",Beauty & Health
,1.0k+ sold recently,6.0,12.0,5.0,,,"1pc Waterproof Transparent Pvc Cosmetic Bag With Nylon Zipper And Embroidered Letter Patches,Mother's Day Gift For Mom Basics Swim Bag Swimmers Tropical Coastal Vibes Beach Bag For Swimming Summer Island Holiday Vacation Beach Accesories For Girl Boy Men Woman, Perfect For Music Festival",Beauty & Health
,300+ sold recently,1.49,71.0,1.0,,,"4PCS Hair Wax Stick With Hair Styling Combs Set, Hair Slick Stick Wax Stick For Hair, 1 Teasing Hair Brush, 1 Pin Tail Comb, 1 Edge Control Hair Brush, Easier And Faster Detangling On Wash Day Hair Brush With Hair Styling Comb Set",Beauty & Health
,1.5k+ sold recently,4.5,4.0,1.0,,,"1oz Classic Women Perfume, Suitable For Elegant And Sophisticated Mature Women,  Floral Fragrance, Can Be Refreshed At Any Time In Multiple Scenarios, Mix And Match As You Like",Beauty & Health
,1.1k+ sold recently,3.0,9.0,1.0,,,10pcs Fake Nail Stand & 1pc Magnetic Base Holder,Beauty & Health
,90+ sold recently,1.7,6.0,1.0,,,"Self Grip Hair Roller Set, 6pcs Hair Roller, Heatless Hair Curlers, Hair Rollers With 6pcs Hair Clips, Salon Hairdressing Curlers, Diy Hair Styles Black Friday",Beauty & Health
,400+ sold recently,0.95,37.0,1.0,,,"24pcs Coffin-Shaped Square Medium To Long Length Nail Tips With Shiny French Sweetheart Red Heart Nail Stickers, French-Style INS Blue Floral Adult Nail Tips With One Jelly Glue And One Nail File, Ideal For Festival Party Wear. Press On Nails Nail Supplies",Beauty & Health
,2.1k+ sold recently,3.45,51.0,1.0,,,"Eyelash Fan USB Rechargeable Handheld Mini Fan Lash Dryer, Perfect For Eyelash Extension Application",Beauty & Health
,300+ sold recently,4.21,16.0,1.0,,,"120ml Snail Essence Water Gel, Improve Roughness, Enhance Elasticity",Beauty & Health
,3.5k+ sold recently,1.3,7.0,1.0,,,"1sheet Flower Design Back Adhesive Nail Sticker For Nail Art Decoration, Sticker Accessory Nail Design Manicure Tips Nail Decals Friend Gift Nail Stickers DIY",Beauty & Health
,500+ sold recently,1.9,5.0,12.0,,,"MAANGE 1pc Flat Head Foundation Brush,Makeup Tools With Soft Fiber For Easy Carrying,Brush For Travel",Beauty & Health
,2.3k+ sold recently,2.3,8.0,1.0,,,"Black Friday Nail Art Decoration Accessory 3d White & Colorful Resin & Glittered Display Plate With Resin Crystal Rhinestone Vintage Flower & Laser Shaped Diy Household, Outdoor, Salon Use Nail Charms Nail Gems Nail Supplies",Beauty & Health
,2.3k+ sold recently,0.49,62.0,1.0,,,10pcs Alloy 3d Metallic Bowknot & Streamers Nail Art Decorations DIY Nail Charms Nail Gems Nail Supplies,Beauty & Health
,4.6k+ sold recently,1.9,5.0,1.0,,,"1pc Nail Clipper For Thick Nails, Stainless Steel Nail Cutters, Heavy Duty Large Wide Mouth Fingernail And Toenail Clippers For Men Women",Beauty & Health
,200+ sold recently,1.5,6.0,1.0,,,"1pc Eyelash Curler,Eyelash Curler, Vegan Makeup Tool, Creates Eye-Opening & Lifted Lashes, Lash Curler Includes Additional Rubber Replacement Pad,Portable Compact Plastic Partial Makeup Curler",Beauty & Health
,800+ sold recently,0.88,51.0,5.0,,,5Pcs Colorful Spiral Nail Art Rhinestones Set Dotting Pen Tool Nail Art Tip Dot Paint Manicure Dual-Ended Nail Art Point Drill,Beauty & Health
,1.3k+ sold recently,1.8,10.0,1.0,,,"Upgrade Your Style! 24pcs Long Square Faux Nails Set With Simple & Elegant Matte, Glitter, French Tips & Rhinestone Designs, For Women & Girls With Short Nails Press On Nails Nail Supplies",Beauty & Health
,3.5k+ sold recently,1.6,6.0,1.0,,,Waterproof Mascara,Beauty & Health
,500+ sold recently,3.52,66.0,1.0,,,"Manicure Drawer Storage Box, 1pc Multifunctional Desktop Cosmetics Storage Box With Drawers, Large Capacity Waterproof & Dustproof Plastic Organizer On Dresser With Big Size, Nail Tool, Polish, And Glue Storage Rack For Bathroom Vanity, For Lipstick, Brushes, Lotions, Eyeshadow, Nail Polish And Jewelry And Desktop Storage,Room,Home,Bedroom,Bathroom,House,Pink Room,Living Room Decor,Travel Stuff,Gift Bag,Gifts For Mom,Dad,Men,Friends,Teacher,Birthday,Wedding,Desk,Shelves,Accessaries,Gift Boxes,Funny Gift,Storage",Beauty & Health
,,2.1,9.0,1.0,#5 Best Sellers,in Press On Nails,"Short Almond/Short Square/Short Coffin/Other Shapes Style Boxed Acrylic Nail Tips - 120pcs, 12 Sizes, Half Frosted, Perfect For Home DIY Or Gifting - Women's Nail Care Essential Press On Nails Nail Supplies",Beauty & Health
,6.1k+ sold recently,1.2,8.0,1.0,,,"1Pc Double-Headed Silicone Pen For Diy Flower Carving, Line Drawing & Nail Art Powder Brush Dotting Pen Tool Nail Art Tip Dot Paint Manicure",Beauty & Health
,700+ sold recently,1.28,29.0,1.0,,,"Black Friday Green Nail Powder White Pearl Luster Moonlight Aurora Effect Bright Mirror, Nail Polish Fairy Pigment Grinding Powder DIY Nail Charms Nail Gems Nail Supplies",Beauty & Health
,2.3k+ sold recently,4.0,2.0,1.0,,,"Blush Stick, Red Shade",Beauty & Health
,500+ sold recently,1.22,63.0,1.0,,,1pc Satin Bonnet Silky Bonnet With Elastic Tie Band Adjustable Straps Hair Bonnet Jumbo Size For Sleeping Satin Bonnet Stretchy Tie Band For Women Long Curly Braid Hair-Black,Beauty & Health
,6.5k+ sold recently,2.59,11.0,6.0,,,"10pcs Beauty Blender Set, Powder Blending Makeup Sponge, For Liquid Cream And Powder, Multicolor Without Latex Suitable For All Skin Types",Beauty & Health
,1.3k+ sold recently,3.6,5.0,6.0,,,"5pcs Detangling Brush Set 9-Row Cushion Nylon Styling Brushes, Rattail Comb Cutting Comb Set For African Hair Textured Kinky Wavy/ Curly/ Coily/ Wet/ Dry/ Oil/ Thick/ Long Hair Detangling Brush For Curly Hair Brush For Afro America 3a To 4c Kinky Wavy, Curly, Coily Hair, Detangle Easily With Wet/Dry , Mist Spray Bottle For Hair Bottle200ml",Beauty & Health
,,5.04,2.0,1.0,,,"Multi-Functional Hair Fluffy Curly Hair Hollow Comb Hair Comb 2pcs Black Anti-Knot Hair Comb, Hair Brush/Hair Comb",Beauty & Health
,200+ sold recently,5.0,4.0,1.0,,,"16pcs/Set Pink Makeup Brush Kit, Including 12pcs Soft & Fluffy Cosmetic Brushes, 2pcs Triangle Powder Puffs And 2pcs Soft Makeup Sponges",Beauty & Health
,10k+ sold recently,1.2,8.0,7.0,,,"10Pcs Strong Round Multi-Functional Magnet & Cylinder Shaped Manicure Magnet For Diy Cat Eye Nails, Suitable For Use With Tweezers",Beauty & Health
,500+ sold recently,1.3,7.0,1.0,,,"3Pcs 2Ml Mini Glossy Silver Cap Glass Dropper Bottle Set Small Sample Vials With Lid For Traveling Essential Oils Cosmetic Liquid Sample Perfume, Living Room Home Bedroom Bathroom House Decor, Travel Stuff, Wedding, Party, Birthday, Gifts For Men Mom Dad Friends, New Years, Accessories, Funny Gift",Beauty & Health
,200+ sold recently,1.66,46.0,1.0,,,"1 Pc Large Wavy Rib Shaped Vented Brush, Women Thick Long Curly Paddle Hair Detangling Massage Brushes, Fast Drying Hair Straight Barber Volume Comb, Curved Anti Static Styling Tool For Wet/Dry Hair White",Beauty & Health
,5.8k+ sold recently,6.9,8.0,14.0,,,"3pcs 15ml Matte Top Coat And Base Coat Nail Polish Set, No Wipe",Beauty & Health
,100+ sold recently,5.34,47.0,1.0,,,A Large Capacity Cute Sardine Can Shape Storage Bag  Cosmetic Bag Toiletry Bag Makeup Storage Creative Catfish Can Makeup Bag Autumn Must-Have Fashion PortableMultifunctional  Suitable For Travel  Suitable For School Travel Simple Style For Bathroom For Women,Beauty & Health
,,1.6,6.0,1.0,#5 Best Sellers,in Single Eyeshadow,"Liquid Eyeshadow Pen, 1pc Long-Wearing Smudge Proof Eye Makeup Product",Beauty & Health
,900+ sold recently,1.4,13.0,1.0,,,24pcs Short Square Fake Nails Simple Colorful Ink Press On Nails Wearable False Nail For Women New Year Gift Nail Supplies,Beauty & Health
,100+ sold recently,11.6,12.0,4.0,,,Pink Waterproof PU Leather Multifunctional Makeup Bag Double-Layer Large Capacity Portable Travel Cosmetic Bag Toiletries Storage Bag With Handle For Woman Dividers PU Makeup Bag Brush Storage Bag Men Business Wash Bag,Beauty & Health
,,1.46,9.0,1.0,#1 Best Sellers,in Eyelashes Tools,"1PC 5ml Clear Eyelash Glue, Waterproof Super Strong Hold False Eyelash Adhesive, Brush On Lash Glue For False Eyelashes, Quick Drying And Long Lasting Lash Glue",Beauty & Health
,,2.2,0.0,1.0,#9 Best Sellers,in Eyeshadow Palettes,"9-Color Eyeshadow Palette, Semi-Matte & Shimmery Finish Eye Shadow Long-Wearing Eyeshadow Tray",Beauty & Health
,80+ sold recently,5.7,8.0,1.0,,,"24 Pack 576 Pcs Short Round Press On Nails, 12 Pack Short Matte Press On Nails, 12 Pack Short Glossy Press On Nails For Women Nails Salon Art Decor Nail Supplies",Beauty & Health
,700+ sold recently,2.4,4.0,1.0,,,26Pcs Silver Letters Nail Charms Glitter Crystals Diamonds Nail Rhinestones English Alphabet Nail Charms 3D Shiny Letter Capital Nail Gems Jewelry Design For Women Acrylic Nail DIY Decoration Supplies,Beauty & Health
,1.2k+ sold recently,5.7,3.0,1.0,,,"1pc Floral Fruity Gourmet Cloud Perfume, Sweet Praline Cream Scent, Long-Lasting Fragrance Women's Eau De Toilette, Ideal Holiday Gift 50ML/1.7FL.OZ 6447",Beauty & Health
,600+ sold recently,2.3,4.0,1.0,,,"4PCS Baby Pink Heatless Hair Curler - Heatless Curling Rod Headband For Long Hair, Hair Curlers To Sleep In Overnight For Women Heatless Curls Soft Wave DIY Hair Rollers Styling Tool",Beauty & Health
,1.9k+ sold recently,1.67,24.0,4.0,,,"Highlight Contour Stick,1Pc Long-Wearing Brightening Shadow Waterproof Contour Cream Pearlescent Silkworm Nose Shadow Contouring Stick Contour Wand",Beauty & Health
,1.6k+ sold recently,2.3,4.0,9.0,,,"1pc/Set Spring/Summer Ditsy Floral Print Cosmetic Bag, Portable Stitching Cloth, Large Capacity, Cute Flower INS Travel Student Set, Ideal For Organizing Lipsticks, Glasses, Sanitary Napkins, As Gifts For Friends And Teachers, Providing Home Decoration, Bathroom/Living Room/Bedroom Decoration, Bathroom Organizer, Jewellery Organizer, Lip Balm Organizer, Nail Polish Organizer",Beauty & Health
,2.3k+ sold recently,1.9,5.0,1.0,,,"Liquid Lipcolor,Glossy Lip Gloss, Long-Wearing Moisturizing Lipstick Primer Y2K Liquid Lipstick",Beauty & Health
,900+ sold recently,5.39,12.0,1.0,,,"1pc Elegant Women Perfume Spray, Natural Woody Iris Fragrance, 1.7oz, Suitable For Daily Use Or Date To Increase Attraction",Beauty & Health
,,2.1,9.0,1.0,#6 Best Sellers,in Nail Art Brushes,"3PCS Acrylic Nail Brush Set - Size 8/10/14  Acrylic Nail Brushes For Acrylic Application,  Acrylic Powder Brushes For Nails Extension & 3D Nail Carving",Beauty & Health
,60+ sold recently,3.5,13.0,4.0,,,"Tampon Storage Bag Women Cosmetic Bag Coin Purse Cosmetic Bag Tampon Storage Bag Sanitary Bag Napkin Bag Student Sanitary Napkin College Dormitory Necessities, Miscellaneous Bag Mini Bag Mini Cosmetic Bag Women Student Girls",Beauty & Health
,500+ sold recently,1.6,6.0,6.0,,,DAZY Purple Hair Curler Black Friday,Beauty & Health
,3.6k+ sold recently,1.7,6.0,1.0,,,1pc Cartoon Kangaroo Mascara,Beauty & Health
,800+ sold recently,3.2,3.0,1.0,,,"3Pcs Lip Oil Big Brush Head Hydrating Moisturizing Glow Plumping Clear Tinted Oil Magic Strawberry, Grapes, Pineapples Plumper Lip Gloss Care,Nourishing Repairing Reducing Dry Lip Lines Makeup",Beauty & Health
,400+ sold recently,1.5,6.0,4.0,,,Upgrade Your Look With 24pcs Short Square Orange Cute Flower Pattern Manicure Set For Women And Girls,Beauty & Health
,100+ sold recently,7.65,14.0,1.0,,,"1 Pure Hand-Woven Cosmetic Brush Case, And Skin Care Product Storage And Organization, Classic White/Khaki",Beauty & Health
,1.7k+ sold recently,1.4,7.0,1.0,,,"HANDAIYAN Matte Lip Gloss, Long-Lasting, Non-Stick, Non-Fading, Daily Use NET CONTENT :2.5ml",Beauty & Health
,,2.78,10.0,1.0,#8 Best Sellers,in Styling Tools,"1pc 300ml Beautifying Spray Bottle High-Pressure Continuous Spraying Hairdressing Water Sprayer, Air-Pressure Type Hairdressing Fine Mist Sprays Alcohol Sprayer",Beauty & Health
,800+ sold recently,2.95,46.0,1.0,,,"Neck And Face Wrinkle Reducing Peptide Day And Night Cream, With Hyaluronic Acid, Double Chin Shrinking, Day And Night Anti-Wrinkle Cream - Firming, Moisturizing Face Cream. Contains Vitamin E, Collagen Peptide, Acetyl Hexapeptide-8. 50g",Beauty & Health
,,1.7,6.0,1.0,#3 Best Sellers,in Decoration Stickers,Lace Flower Petals 3D Nail Stickers 4pcs White Pink Rose Red Yellow Romantic Floral Print Gel Polish Manicure Self-Adhesive Decals Slider DIY Spring Summer Nail Art Decoration,Beauty & Health
,,1.2,0.0,4.0,#2 Best Sellers,in Lip Brushes,1pc Concealer Brush Small Synthetic Fiber Makeup Brush Lip Brush Makeup Eyeshadow Brush for Blending Eye Shadow Liner Black Friday,Beauty & Health
,2.0k+ sold recently,1.5,6.0,1.0,,,"Instant Style Elevator! 24pcs Short Coffin Shape Press-On Nails With Pink Pearl Shimmer Glittery Powder, European Style. Complete Set Includes 1 Jelly Glue And 1 Nail File. Perfect For Parties, Dances & Daily Wear.",Beauty & Health
,6.9k+ sold recently,1.4,13.0,1.0,,,"Professional Stainless Steel Nail Clippers Set With Ear Pick And Nail File - Durable And Portable Foot & Hand Care Tool, Suitable For Fingernails And Toenails",Beauty & Health
,,4.64,23.0,7.0,#8 Best Sellers,in Face Make Up,SHEGLAM Sun Sculpt Liquid Contour-Soft TanÂ  Gel Cream ContourÂ  Non-Greasy Long Lasting Highly Pigmented Natural Contour Contouring Weightless Bronzer Black Friday Winter Brown Contour & Bronzer,Beauty & Health
,,1.9,5.0,7.0,#1 Best Sellers,in Lip Brushes,"50pcs Disposable Lip Applicator, Crystal Lip Stick, Crystal Lip Brush Applicator, Lipstick Brush, Lip Gloss Applicator, Mascara Brush Makeup Tools",Beauty & Health
,5.5k+ sold recently,0.96,47.0,22.0,,,"24pcs Coffin Shaped Press On Nails With Red Spider Web Design And Heart Decor, Including 1 Nail File And 1 Jelly Glue Nail Supplies",Beauty & Health
,50+ sold recently,1.7,11.0,1.0,,,10pcs Nail Files Double Sided Emery Board Washable Emery Boards Reusable Nail Buffers Manicure Tools For Natural Nails Acrylic Nails Home And Salon Use,Beauty & Health
,500+ sold recently,3.49,30.0,5.0,,,SHEGLAM Jelly Wow Hydrating Lip Oil-Loco For Coco,Beauty & Health
,200+ sold recently,1.4,7.0,5.0,,,"2PCS Makeup Sponge,Suitable for Cream & Powder Concealer, Loose Powder makeup applicator Black Friday",Beauty & Health
,,3.49,22.0,1.0,#7 Best Sellers,in Eyebrows,SHEGLAM Set Me Up Brow GelÂ  Long Lasting Waterproof Clear Eyebrow Gel Long Wear Smudge-proof Moisturizing Eyebrow Makeup Black Friday  Eyebrow,Beauty & Health
,100+ sold recently,3.7,3.0,1.0,,,Black Anti-Slip Cushion Hair Brush 1pc Large Plastic Minimalist Solid Color Rectangular/Square Durable Waterproof Handheld Frosted Dry & Wet Use Hair Brush/ Hair Comb For Birthday For Women And Men Black Friday,Beauty & Health
,300+ sold recently,1.1,50.0,1.0,,,"1 Pc Arabic Style 10ml Golden Glass Perfume Spray Bottle, Travel Cosmetic Liquid Sub-Bottling, Mini Sample Packaging,Fine Spray, Travel Essentials, Living Room Home Bedroom Bathroom House Decor, Travel Stuff, Wedding, Party, Birthday, Gifts For Men Mom Dad Friends, New Years, Accessaries, Funny Gift",Beauty & Health
,30+ sold recently,10.1,4.0,1.0,,,100ml Arabic Women's Fragrance Yara Perfume  Men's Fragrance Niche Perfume,Beauty & Health
,600+ sold recently,1.16,23.0,1.0,,,1pc Inverted Cone Nail Drill Bits Fine Diamond Cuticle Clean Burr Russian Mills Electric Manicure Drills Nails Accessories,Beauty & Health
,,2.2,4.0,1.0,#7 Best Sellers,in Eyeshadow Palettes,"Highlighter, Blush, Eyeshadow Palette With Shimmer&Glitter, Contouring, And Concealing Function, Perfect For Brighten Dark Circle, Matte Earth Colour, Daily Day Look",Beauty & Health
,300+ sold recently,3.3,3.0,9.0,,,Claw Clip Messy Bun Hair Pieces for Women Tousled Updo Ponytail Synthetic Curly Wavy Bun Hair Extension With Hair Clips,Beauty & Health
,,1.4,7.0,1.0,#8 Best Sellers,in Nail Polish Remover Tools,1Pc 250ml Transparent Acetone Nail Polish Remover Pump Empty Dispenser Bottle For For Cleanser Toner Nail Polish Remover Pump Lip & Eye Makeup Remover Pink Top Cap,Beauty & Health
,,1.4,0.0,1.0,,,4pcs Makeup Puff Set Soft Triangle Powder Mineral Puff For Face Makeup,Beauty & Health
,600+ sold recently,3.44,20.0,4.0,,,"4pcs/Set Silk-Like Eye Mask, Headband, Scrunchie Sleep Set Home Accessories",Beauty & Health
,400+ sold recently,3.74,75.0,1.0,,,Miniso Barbie Shining Collection Phone Shape Foldable Mirror,Beauty & Health
,800+ sold recently,1.37,49.0,1.0,,,"6pcs Lipstick Gift Set, 6 Kinds Of Fruit Flavored Lip Gloss, Lipstick, Colorless Lipstick, Party Supplies Gifts, Souvenir Gifts, Long-Lasting Moisturizing And Nourishing Lip Mask",Beauty & Health
,300+ sold recently,2.5,4.0,1.0,,,Extra Large Size Powder Brush For Face Black Friday,Beauty & Health
,100+ sold recently,5.8,3.0,1.0,,,"1 Bottle 90ml/100ml/250ml Summer Digital Body Hair Spray Perfume, Gourmand/Fruit Scent, For Party, Office, Festival Gift, DM001/DM002/DM003/DM004",Beauty & Health
,,10.44,10.0,1.0,#7 Best Sellers,in Women Shave & Hair Removal Appliances,"Rechargeable 4-In-1 Electric Razor For Women - Painless Hair Trimmer For Face, Nose, Eyebrows, Beard, Mustache, Arm, Leg, Armpit, And Bikini - Portable Body Shavers Set Rechargeable Grooming Kit Perfect Personal Care Tool",Beauty & Health
,,2.5,0.0,1.0,,,10rolls Nail Art Striping Tape,Beauty & Health
,500+ sold recently,0.79,58.0,1.0,,,"1pc Cute Slogan Embroidered Plush Eye Mask, Soft Sleep Eye Shade Travel Accessory, Suitable For Home And Travel",Beauty & Health
,100+ sold recently,1.5,0.0,1.0,,,"Salon Anti Static Salon Hair Styling Comb Household Wheat Straw Hairdressing Comb Pink 2pcs Comb Set, Hair Brush/Hair Comb Black Friday",Beauty & Health
,1.9k+ sold recently,2.9,9.0,1.0,,,24 Pcs XXL New Duck Beak Nail Crystal Butterfly Blue French Edge Blue Five-Petal Flower Rhinestone Feast Designed For Girls And Women Duck Beak Fake Nails With Jelly Glue 1 Piece And File Strip 1 Piece Press On Nails Supplies,Beauty & Health
,2.0k+ sold recently,2.9,6.0,36.0,,,1Pc 15Ml Y2K Aesthetic Fluorescent Green Gel Nail Polish Soak Off Led/Uv Long-Lasting Quick-Drying Nail Art Design Christmas Day Gifts For Women Nail Salon At Home,Beauty & Health
,,7.69,30.0,30.0,#5 Best Sellers,in Foundation,SHEGLAM Skinfinite Hydrating Foundation-Nude Flawless Dewy Foundation Hydrating Coverage Invisible Pore Concealer Pore-less Non-Greasy Lightweight Natural Soft Liquid Foundation Black Friday Winter  Foundation,Beauty & Health
,8.8k+ sold recently,3.6,3.0,1.0,,,"20pcs/pack Soft, Long, Curling, Thick, Skin-Friendly, Non-Irritating False Eyelashes, Reusable, Suitable For Eyelash Extensions",Beauty & Health
,700+ sold recently,2.74,24.0,4.0,,,1-8 Packs Goddess Boho Box Braids Crochet Hair 12-22 Inch Bohemian Box Braids With Curly Ends Synthetic Ombre Braiding Hair For Women & Girl,Beauty & Health
,100+ sold recently,1.9,0.0,4.0,,,1pc Foaming Bath Ball,Beauty & Health
,,3.6,5.0,1.0,#8 Best Sellers,in False Eyelashes,Faux Mink Eyelashes with Clear Band Strip Lashes Fluffy Natural Look Wispy Light 13MM Short False Eyelashes Invisible Small 3D Fake Lashs Pack 10 Pairs(Can be DIY cut open),Beauty & Health
,10k+ sold recently,1.74,52.0,1.0,,,1pc Usb Charging Hair Trimmer With Data Cable,Beauty & Health
,300+ sold recently,6.2,5.0,1.0,,,"Magnetic Eyelashes With Applicator, Natural Reusable Magnetic Eyelash Kit With Magnets, No Glue Needed, Easy To Apply & Remove, Gift For Women And Mothers (Refer To Instruction Manual)",Beauty & Health
,100+ sold recently,0.6,54.0,1.0,,,"24pcs Short False Nails With French Style Pink And White Flower Pattern, Including 1pc Nail Glue And 1pc Nail File, Easy To Apply & Remove, Spring And Summer Style Press On Nails Nail Supplies",Beauty & Health
,1.4k+ sold recently,2.7,7.0,1.0,,,3pcs Nail Dead Skin Remover Tool Set Quickly Effortless Stainless Steel Nail Clippers For Men & Women Nail Cleaner,Beauty & Health
,,2.0,5.0,11.0,#9 Best Sellers,in Rhinestones & Decorations,Black Friday 1box Faux Pearl Nail Art Decoration Diy Nail Charms Nail Gems Nail Supplies,Beauty & Health
,,1.9,10.0,1.0,#6 Best Sellers,in Nail Powder & Liquids,Black Friday 6 Bottles Of Aurora Powder For Nails Y2K Aesthetic Holographic Sparkle Sequins Charms Nail Glitter DIY Nail Gems Nail Supplies,Beauty & Health
,1.7k+ sold recently,0.57,53.0,1.0,,,"4-Piece Cat Eye Eyeliner Stencil Set, Wing And Smokey Eye Shadow Applicator, Perfect For Eyeliner Liquid, Waterproof Eyeliner Pencil, Eyeliner Gel, Eyeliner Brush. Great For Beginners And Professional Makeup Artists.",Beauty & Health
,70+ sold recently,1.7,6.0,1.0,,,"50 Pcs/Pack, Mocha Color Five-Pointed Star Shape Flat Bottom Nail Art Diamonds, 6mm Small Size, Glass Material, 8 Light Color Series To Choose From, Shiny Water Ripples, Randomly Mixed, Starfish Shape, Summer Theme, Cute Solid Color Simple Style, Suitable Nail Salon Or Holiday DIY Accessories Nail Charms Nail Gems Nail Supplies",Beauty & Health
,800+ sold recently,1.2,8.0,4.0,,,"MAANGE 1pc Triangle Powder Puff With Case For Wet Use,Soft And Skin Friendly Makeup Puff,Makeup Tools Easy Carrying For Travel",Beauty & Health
,8.5k+ sold recently,3.0,6.0,10.0,,,7 Pairs Full Strip Natural Soft  Fluffy Eyelash Cross Wispy Dramatic Volume Faux Mink Lashes,Beauty & Health
,5.2k+ sold recently,1.7,11.0,1.0,,,"2pcs 10g Nail Art Glue, Super Sticky Builder Glue Soak Off UV Gel, For Gem Stones Jewelry Diamond Beads, Manicure Decoration",Beauty & Health
,500+ sold recently,0.67,44.0,1.0,,,"1pc Small Makeup Foundation Brush For Concealing,Blending,Setting & Buffing Under Eye Concealer Brush Mini Angled Flat Top Nose Contour Brush Soft Dense Hair Full Coverage For With Powder Liquid Cream Cosmetic Pro Small Makeup Foundation Brush",Beauty & Health
,400+ sold recently,4.8,4.0,1.0,,,"Sauvasine Turmeric Body Lotion, With Turmeric Root Extract For Whitening And Aloe Vera Leaf Extract & Vitamin E For Improving Skin Elasticity, Moisturizing Body Cream",Beauty & Health
,4.2k+ sold recently,1.6,6.0,6.0,,,4 Sheets 3D Sliver Stars Nails Stickers Bronzing Star Nail Art Decals Y2K Styles Black White Gold Silver Self Adhesive DIY Sliders Manicure Decorations Nail Art Supplies,Beauty & Health
,1.6k+ sold recently,2.6,4.0,10.0,,,"Waterproof Matte Foundation, 1pc Long-Wearing Oil Control Concealer Foundation Cream For Women",Beauty & Health
,3.3k+ sold recently,3.0,9.0,1.0,,,"Facial Bandage For V-Line Lifting, Face Mask Bandage For Lifting, Face Lift Sleeping Mask For Anti-Sagging, Facial Lifting Mask For Sleep, Exercise, And Yoga. They Are Lightweight And Breathable.",Beauty & Health
,1.2k+ sold recently,2.5,4.0,1.0,,,"Monochrome Fine Flash Eye Shadow, Long Wearing Shimmer Pearlescent Shimmer Finish Eye Shadow",Beauty & Health
,6.6k+ sold recently,4.2,5.0,1.0,,,"Strawberry Perfume For Women, Fruity Floral Notes, Strawberry, Jasmine, Raspberry, Amber Scent, Long Lasting Fresh Eau De Toilette For Women, Perfect Gift For Her! BB602-1",Beauty & Health
,300+ sold recently,1.9,5.0,4.0,,,Messy Bun Hair Piece Hair Bun Scrunchies Synthetic Wavy Chignon Ponytail Hair Extensions Thick Updo Hairpieces For Women Girls 1pc Brown,Beauty & Health
,1.0k+ sold recently,3.49,13.0,1.0,,,SHEGLAM Ready Set Eyeshadow Primer Super Long-Lasting And Pigmented Eye Primer Weightless Base Lotion For All Skin Type Easy To Color Smudge-Free Crease-Free Eye Makeup Black Friday Sale Eye Primer,Beauty & Health
,2.6k+ sold recently,4.8,4.0,1.0,,,"1pc Adult Simple Envelope-Style Semi-Transparent PU Cosmetic Bag / Toiletries Bag / Storage Bag / Gift Packaging (Excluding Products Inside), Suitable For Daily, Holiday, Business, And Party Gifts Makeup Bag Storage Makeup Organizer Makeup Case",Beauty & Health
,900+ sold recently,6.7,4.0,1.0,,,"1pc Sophisticated Multi-Layer Jewelry Storage Box With Earring, Necklace, Ring Display Stand, Velvet Flip Cover Drawer Style Organizer,Room,Home,Bedroom,Bathroom,House,Pink Room,Living Room Decor,Travel Stuff,Gift Bag,Gifts For Mom,Dad,Men,Friends,Teacher,Birthday,Wedding,Desk,Shelves,Accessories,Gift Boxes,Funny Gift,Storage",Beauty & Health
,600+ sold recently,4.49,25.0,1.0,,,SHEGLAM | Willy wonka Cocoa Yum Lip Balm Black Friday Sale Gift Lip Care,Beauty & Health
,600+ sold recently,11.9,4.0,15.0,,,45PCS Makeup Tools Set Including: 25pcs Makeup Brush Sets+4PCS Makeup Sponges+4PCS Mini Makeup Sponges+4PCS Triangle Powder Puffs+4PCS Mini Air Cushion Powder Puff+1pc Makeup Brush Cleaning Tools+1pc Hairband+2PCS Hand Bowl Strap For Preventing Water From Flowing Into Clothes,Beauty & Health
,,3.2,3.0,1.0,#7 Best Sellers,in Nail Curing Lamps & Dryers,"U V Light For Nails, Portable Salon Quick Dry USB Nail Dryer Machine UV LED Nail Light For Curing All Nail Gel Rechargeable Nail Art Tools Home Use, Gel X Lamp For Gel Nails Flash Cure Lamp For Gel Nails LED Nail Lamp Portable Mini Nail Dryer Gel Polish Nail Glue Gel USB Flashlight Home DIY Manicure Nail Art Tool Best Gift For Girls",Beauty & Health
,,2.7,4.0,1.0,#3 Best Sellers,in Hair Treatment Essential Oils,Eyelash Serum  Lash Boosting Serum,Beauty & Health
,,3.4,0.0,1.0,#2 Best Sellers,in Oral Care Appliances,1pc Rechargeable/battery-powered Electric Toothbrush With 6-speed Adjustable Option And 6 Replacement Heads,Beauty & Health
,100+ sold recently,1.2,8.0,1.0,,,1Bag 10G Holographic Gold Chunky Glitter Powder Mixed Hexagon Shape Sequins For Gel Nail Polish Epoxy Resin DIY Accessories,Beauty & Health
,200+ sold recently,2.7,0.0,1.0,,,"1PC  Cute Cartoon   Melody  Double-Sided Simulated Silk Sleeping Eye Mask, Lunch Break Blackout Straps For Travel Eye Protection Breathable To Relieve Fatigue",Beauty & Health
,1.8k+ sold recently,2.5,4.0,5.0,,,Synthetic Messy Curly Claw Hair Bun Chignon Hair Extensions Scrunchy Fake False black Hair With Tail for Women Hairpieces,Beauty & Health
,100+ sold recently,4.25,50.0,1.0,,,Short Pixie Synthetic Wigs For Women Short Hair Pixie Cut Wig Bob Wolf Cut For Womens Wigs With Bangs Natural  Synthetic Wigs For Women,Beauty & Health
,900+ sold recently,0.88,45.0,4.0,,,"Black Friday Vintage Punk Y2k Alloy Colorful Cross Nail Art Sticker, Random Color (10pcs) Macaron Color Simple Matching Style Retro Alloy Cross, Gothic Style Solid Metal Nail Drill Decoration, Fake Nail Decoration Accessories Nail Charms Nail Supplies Nail Gems DIY",Beauty & Health
,400+ sold recently,2.5,0.0,1.0,,,"1pc Exquisite Transparent Desktop Cosmetic Storage Box For Dressing Table & Mirror Cabinet, Suitable For Placing Perfume, Lipstick, Eye Shadow, Face Mask, Skin Care Products",Beauty & Health
,,5.44,22.0,1.0,#4 Best Sellers,in Liquid Lipstick,SHEGLAM Lip Dazzler Glitter Kit-Center Stage Long-Lasting Glitter Lip Gloss Sexy Super Stay Non-Sticky Shiny Liquid Kit Liquid Lipstick Pink Y2K Rosa Liquid Lipstick,Beauty & Health
,2.8k+ sold recently,3.99,20.0,8.0,,,SHEGLAM Power Bouquet Lip Gloss -Sunny SandsÂ  Shiny Tinted Moisturizing Lip Gloss Plumping Non-Sticky Lip Oil Repairing Gardenia Extract Lip Care Black Friday Winter Brown Lip Gloss,Beauty & Health
,2.8k+ sold recently,5.99,20.0,11.0,,,SHEGLAM Bright Eyes Cooling Concealer-Nude Cooling Metal Applicator Matte Liquid Concealer Long Lasting Coverage Brightening Color Corrector Weightless Ultra-Hydrating Concealer Black Friday Winter Concealer,Beauty & Health
,800+ sold recently,4.4,4.0,4.0,,,"Multifunctional Storage Bag,Large Capacity Makeup Bag Organizer Cosmetic Bag For Travel,Makeup Bag Makeup Pouch Skincare Bag Toiletry Bag Packing Cubes,Travel Essentials Cruise Essentials Dorm Essentials,Wedding Bridesmaid Gifts,Mom Gifts,Birthday Gifts,Gifts For Friends And Teachers,Home Decor,Bathroom Livingroom Bedroom Decor,Bathroom Organizer,Jewelry Organizer,Lip Oil Organizer,Nail Polish Organizer Storage Makeup Organizer Makeup Case",Beauty & Health
,4.4k+ sold recently,5.49,27.0,1.0,,,SHEGLAM X Care Bears Cuddle Time Blush-Fab-U-Lous  Powder Blush Palette High Pigment Non-Fading Long Lasting Natural Lasting Lightweight Face Makeup Black Friday Pink Winter Blush,Beauty & Health
,1.6k+ sold recently,1.5,6.0,4.0,,,1pc Eyelash Tweezers & 1pc Eyebrow Tweezers,Beauty & Health
,100+ sold recently,0.86,34.0,1.0,,,Full Wrap Nail Polish Stickers 1 Sheet 14 Stickers Self-Adhesive Gel Nail Wraps Waterproof Long-Lasting 3D Fashionable Nail Strips DIY Nail Art Decorations For Women Girls Home Celebrations Dances Parties Holidays Travel Quick Manicure Black Shimmering Silver,Beauty & Health
,8.9k+ sold recently,2.0,9.0,13.0,,,"24pcs Press On Nails Long Square White Classic French Tip Acrylic 3D Pink Bow & Pearl Sweet Style Design False Nails Set, Reusable Soft Gel Stick On Nails In 12 Sizes, Contain 1pc Jelly Glue And 1pc Nail File, For Nail Art By Women & Girls Nail Supplies",Beauty & Health
,300+ sold recently,1.7,6.0,1.0,,,"1100Pcs/2100Pcs Purplish Black AB Flat Back Resin Rhinestones Beads, 2mm 3mm 4mm 5mm 6mm Non-Hot Fix Flatback Round Jelly Resin Rhinestones Gems For DIY Jewelry Craft, Nail Art Decoration, Face Makeup, Making Accessories, Shoes, Clothes, Bags Nail Charms Nail Supplies",Beauty & Health
,2.5k+ sold recently,1.6,6.0,1.0,,,"Matte Highlighter Pen, 1Pc Long Lasting Eye Shiny Makeup Star Diamond Streamer Liquid Eyeshadow Highlighter Wand",Beauty & Health
,2.3k+ sold recently,2.7,7.0,1.0,,,"Black Friday Nail Art Rhinestones, 24 Grids Colorful Resin Rhinestones, Ab Surface Treatment, 2mm/3mm, Flat Back, Luminous, 2mm DIY Nail Charms Nail Gems Nail Supplies",Beauty & Health
,70+ sold recently,4.3,50.0,1.0,,,Synthetic Long Bouffant Wavy Hair Wig With A Cap Baseball Cap Naturally Attached To The Cap Wig For Women,Beauty & Health
,600+ sold recently,3.7,8.0,1.0,,,"Nail Brush Cleaner And Conditioner,Nail Brush Cleaner - Quickly Clean Gel Nail Brushes, Paint Brushes, Airbrushes, Art Tools, Nail Brush Preserver And Restorer For Kolinsky Acrylic Nail Brush & Gel Nail Brush,Nail Cleaner Tools,Nail Art Brush Cleaner & Restorer For Gel Polish/Nail Extension Gel/Nail Art Liner/Dip Powder/Acrylic Powder Manicure Brush DIY Salon At Home",Beauty & Health
,1.8k+ sold recently,1.7,6.0,10.0,,,"Nail Art Rhinestone Picker Wax Tool Dual-Ended Crystal Studs Gemstones Beads Jewel Applicator With Wax Head, New Marble & Acrylic Rhombus Gel Nail Pencil For Manicure, 1pc",Beauty & Health
,300+ sold recently,4.9,50.0,1.0,,,Short Bob Wigs With Bangs For Women Loose Wavy Wig Curly Wavy Shoulder Length Bob Synthetic Cosplay Wig For Girl Colorful Costume Wigs (Light Blue Wig),Beauty & Health
,2.0k+ sold recently,4.06,71.0,1.0,,,"1pc Cosmetic Storage Rack, Simple Clear Storage Box, Dressing Table Organizer, Large Capacity Skincare Holder, Suitable For Bottles, Cups, Cosmetics, Room Decor, Home Decor, Bathroom Accessories",Beauty & Health
,200+ sold recently,1.3,7.0,1.0,,,"24pcs Light Blue French Tip Press On Nails, Cute Summer Idea Simple Fake Nails, Glossy Glue On Nails Full Cover Short Square False Nails For Women Girls Nail Supplies",Beauty & Health
,1.6k+ sold recently,1.6,6.0,1.0,,,1bag Mixed Mocha And Transparent Half Round Crystal & Mermaid Beads Nail Art Decoration DIY Nail Charms Nail Gems Nail Supplies,Beauty & Health
,900+ sold recently,1.9,5.0,4.0,,,"1 Pc Compact Portable Mini Daisy Candy Air Cushion Comb,Detangling Hair Brush With Handle,Styling&Hairdressing Tool,Hair Care,Girl Gift(Green)",Beauty & Health
,1.0k+ sold recently,1.4,7.0,1.0,,,"Revamp Your Nails With 24pcs Short Square French Design Manicure Set, Simple Pink With White Edge, Long Press On Nails, Suitable For Women And Girls Nail Supplies",Beauty & Health
,100+ sold recently,3.1,11.0,4.0,,,Cosmetic Bag Lady Makeup Bags Wallet Initials 26 Letter Pattern Toiletry Organizer Pouch Wedding Party Wash Bag Zipper Phone Purse Pencil Pouch High-Capacity Make Up Bags Clutch Bag Bridesmaid Make Up Pouch Toiletries Organizer Bag Cosmetic Case Handbag,Beauty & Health
,,0.9,18.0,10.0,#2 Best Sellers,in Rhinestones & Decorations,Black Friday Gorgeous Pearl White Nail Art With Mirrored Holographic Chrome - Mirror Nail Powder Pigment DIY Nail Charms Nail Gems Nail Supplies,Beauty & Health
,2.9k+ sold recently,3.2,3.0,1.0,,,"Smooth Lip Color Lipstick,4Pcs Matte Non-Stick Cup Highly Pigmented Smudge Proof Lip Gloss Lip Makeup Product Kit",Beauty & Health
,2.9k+ sold recently,4.3,9.0,1.0,,,2 in 1 Nail Drill and Polish Head Organizer &1pc Dustproof Makeup Organizer & Portable Nail Drill Organizer with Cleaning Brush & 30 Hole Nail Polish Head Organizer &  Nail Tool Organizer,Beauty & Health
,200+ sold recently,1.7,6.0,1.0,,,"Hair Curly Hair Ribs Hollow Comb 1pc Purple Dry And Wet Massage Home Hair Comb Lady Long Hair Comb, Hair Brush/Hair Comb",Beauty & Health
,,5.35,50.0,15.0,#9 Best Sellers,in Synthetic Extensions,4PCS Clip in Hair Extensions 20inch Wavy Hair Extensions Clip ins Natural Brown Hair Extensions Full Head Synthetic Hair Pieces for Women Natural Luster,Beauty & Health
,200+ sold recently,1.76,16.0,1.0,,,"1.06oz Keratin Hair Mask, Strengthens Hair, Deep Smoothing Conditioner, Professional Keratin Hair Care Cream For All Hair Types",Beauty & Health
,1.1k+ sold recently,2.65,37.0,4.0,,,"1Pc Portable Large Capacity Makeup Organizer And Toiletry Bag For Travel Black Friday,Makeup Bag Makeup Pouch Skincare Bag Toiletry Bag Packing Cubes,Travel Essentials Cruise Essentials Dorm Essentials,Wedding Bridesmaid Gifts,Mom Gifts,Birthday Gifts,Gifts For Friends And Teachers,Home Decor,Bathroom Livingroom Bedroom Decor,Bathroom Organizer,Jewelry Organizer,Lip Oil Organizer,Nail Polish Organizer Makeup Bag Storage Makeup Organizer Makeup Case",Beauty & Health
,4.1k+ sold recently,1.2,8.0,9.0,,,30pcs Kawaii Candy Pink Bow Nail Charms 3D Resin Jewelry Nail Art Decoration Accessories Pennant Bow French Style Nail Supplies DIY Nail Gems,Beauty & Health
,,2.4,4.0,4.0,#6 Best Sellers,in Powder,"Matte Finishing Makeup Loose Setting Powder, Long-Lasting Coverage Oil Control Face Makeup Finishing Powder Pressed Powder",Beauty & Health
,400+ sold recently,12.5,4.0,6.0,,,Short Curly Synthetic Wig With Bangs,Beauty & Health
,60+ sold recently,4.45,50.0,1.0,,,"Women's Fashionable 10-Inch Natural Fluffy Brown Short Curly Hair Wig With Side Bangs, Suitable For Daily Wear",Beauty & Health
,900+ sold recently,1.5,6.0,1.0,,,"24pcs/Set French Style Pink Color Simple Oval Shaped Full Cover False Nails, Great For Daily Wear For Women And Girls, Comes With 1pc Nail Glue And 1pc Nail File Press On Nails Nail Supplies",Beauty & Health
,100+ sold recently,5.9,3.0,1.0,,,"3pcs Facial Massage Tool, 3-Piece Set Of Jade Roller Gua Sha, Natural Xiuyan Jade. Face Roller Massager, Scraping Tool, Jade Stone Massage Tool Anti-Aging, Restores Facial And Neck Vitality, Reduces Wrinkles And Eye Puffiness. For Facial Massage, Suitable For Both Home And Beauty Salon Use . Women Gift",Beauty & Health
,80+ sold recently,2.0,0.0,1.0,,,"2pcs 7.48*4.72inch Scrubbing Bath Glove, Random Color Five Finger Skin Exfoliation & Purification Scrub Gloves",Beauty & Health
,1.6k+ sold recently,1.6,6.0,16.0,,,24Pcs Grey Pink Almond Shape Press On Nails Press On Nails Chrome Metallic Streak Art Nail Press Ons Handmade For Women And Girls Nail Supplies,Beauty & Health
,,1.5,6.0,1.0,#8 Best Sellers,in Wig Caps & Tools,1pc Wig Rack For Hanging Wigs,Beauty & Health
,200+ sold recently,2.1,42.0,1.0,,,1pc Refillable Perfume Bottle Atomizer For Travel F806 5ml/0.16oz,Beauty & Health
,1.0k+ sold recently,2.1,5.0,1.0,,,"110pcs Pre-Cut Medical Foam Tape Eyelash Extension Pad, Beauty Tool For Eye Makeup, Non-Woven Low Allergy, Waterproof, Latex Free",Beauty & Health
,,1.6,6.0,1.0,#4 Best Sellers,in Press On Nails,"24pcs Short Black Square Shaped Nail Wraps Adorned With Mysterious Vines & Rhinestones, Press-On Fake Nails, Suitable For Women And Girls Nail Supplies",Beauty & Health
,3.5k+ sold recently,5.49,15.0,1.0,,,SHEGLAM Sweet Cheeks Blush Trio-Enamored 3-Clolor Powder Blush Palette Long Lasting High PigmentÂ  Pore-less Matte Cheeks All-Day Blusher Black Friday Winter Pink Rosa Blush,Beauty & Health
,600+ sold recently,1.9,14.0,4.0,,,"1 Piece Set Of S/M/L Three Sizes Transparent Cosmetic Bag, Transparent Toiletry PVC Bag, PACKISM TSA Approved Toiletry Bag - Clear Makeup Bag Waterproof Quart Size Bag, Travel Makeup Cosmetic Bag For Women, Carry On Airport Airline Compliant Bag",Beauty & Health
,400+ sold recently,1.9,5.0,1.0,,,"Semi-Solid Spider Gel For Nail Art, 1 Piece. Crafted From ABS Material In An 8g White Square Plastic Bottle, This Unique Semi-Solid Formula Facilitates Precise Control, Making It Easy For Users To Create Intricate And Sophisticated Nail Designs. The Meticulously Designed Bottle Mouth Prevents Spills, Maintaining A Tidy Workspace.  Ideal For Various Nail Art Designs, Including Lines, Patterns, And Three-Dimensional Effects, Catering To Diverse Personalized Preferences. The Lightweight Product Design, Packaged In A Convenient Single Unit, Is Perfect For On-The-Go Individuals, Allowing Them To Maintain Flawless Nails Anytime, Anywhere.  Suitable For Personal DIY Nail Care At Home, As Well As For Use In Professional Settings Such As Nail Art Studios And Salons. It Also Makes A Thoughtful Gift For Girls Who Appreciate The Art Of Nail Design.",Beauty & Health
,300+ sold recently,0.75,56.0,1.0,,,3 pieces Wig Crochet Braids Crochet Needle Hair Extensions Wig Tools Dirty Braids Hair Extensions Crochet,Beauty & Health
,200+ sold recently,10.7,4.0,1.0,,,Magnifying Glass LED Light Head Loupe Jeweler Watch Bright Magnifier With 5 Lens,Beauty & Health
,800+ sold recently,3.82,40.0,1.0,,,"Lace Melting Spray For Glueless Wig Install, Strong Hold Lace Adhesive For Wigs, Lace Spray Melt Down Your Lace For Closure And Frontal Wigs, Skin Friednly Formula To Protect Edges",Beauty & Health
,300+ sold recently,1.5,6.0,1.0,,,"10 Pairs/pack Collagen Gel Eye Pads For Eyelash Extension, Lash Extension Supplies & Tools, Eyelash Technician Supplies",Beauty & Health
,3.2k+ sold recently,6.49,12.0,1.0,,,"50pcs Disposable Nail Art Table Towels 13""X18"" - 3 Ply Waterproof Dental Bibs For Patients - Dentist Or Medical Tray Cover And Nail Table Cover Supplies",Beauty & Health
,700+ sold recently,1.5,6.0,1.0,,,10Pcs 1G Super Nail Glue For Acrylic Nails Nail Tip Glue Professional Nail Glue False Nail Tips Glue For Adhesive Acrylic Nails Fake Nails Tips Nail Glue Gel,Beauty & Health
,400+ sold recently,3.5,8.0,8.0,,,Waterproof Nail Tips Art Table Towels Mat 20pcs Nail Tips Art Paper Disposable 3 Ply Foldable Nail Table Mat Nail Tips Art Waterproof Pad For Salon Practice Manicure (White),Beauty & Health
,700+ sold recently,1.9,5.0,1.0,,,Black Friday 10rolls Cartoon Graphic Nail Transfer Foil DIY Nail Charms Nail Gems Nail Supplies,Beauty & Health
,800+ sold recently,0.63,48.0,1.0,,,1 Roll PE Tape For Lash Extension Tape Eyelash 9m Micro Tape Eyelash Extensions Transparent PE Adhesive Tape Under Eye Pad Eyelash Adhesive Tape Make Up Tools,Beauty & Health
,4.0k+ sold recently,1.2,8.0,6.0,,,"Elevate Your Style With 24pcs Medium Square Black French Style Heart Pattern , Full Cover Fake Nail Set.1pc Nail File & 1Nail Glue Sticker Kit Nails For Girl Mother Women Gift And Nails Supplies &Wholesale ,Whitening Nail Art Set With Detachable Fake Nails For Festival, Party, Date And Daily Wear Press On Nails",Beauty & Health
,,1.3,7.0,1.0,#2 Best Sellers,in Female Hygiene & Private Care,"20pcs Anti-chafing Disposable Breast Petals, Ultra-thin, Seamless, Breathable Nipple Stickers For Women's Underwear And Bras",Beauty & Health
,,3.5,13.0,4.0,#2 Best Sellers,in Luggage & Travel Gear,"1Pc/Set Pink Bow Knot & Rose Design Quilting Cosmetic Bag, Fashionable Portable Makeup Bag, Multi-Functional Storage Bag For Lipstick, Sanitary Napkin, Coins, Keys Etc, Large Capacity Lovely Wash Bag For Travel Organizer Cosmetic Bag For Travel, Mother's Day Gift",Beauty & Health
,600+ sold recently,1.6,11.0,1.0,,,"6Grids Mermaid Beaded Nail Art Decoration, Flat Bottom/Round Bottom, 6 Compartments Mixed Color Crystal Beads Acrylic Nail Flatback Stones DIY 3D Bubble Beads Nail Art Accessories Nail Art Supplies Tools Nail Charms Nail Gems",Beauty & Health
,2.0k+ sold recently,3.99,39.0,20.0,,,SHEGLAM Perfect Skin High Coverage Concealer-Nude 20 Shades Liquid Concealer Brush Moisturizing Weightless All-Day Hydrate Concealer Makeup Black Friday Sale Concealer,Beauty & Health
,1.7k+ sold recently,9.51,6.0,1.0,,,"7pcs/Set Lace Wig Glue Kit Lace Tint Melting Hair Mousse,3.8 Fl Oz Lace Tint Mousse For Women Wigs Toupees And Hairpieces Natural Finishing Lace Color, Lace Tint For Wigs Tool Set .Wig Install Kit 7Pcs(Hair Wax Stick,Lace Glue.Glue Remover.Edge Control)",Beauty & Health
,1.7k+ sold recently,7.3,4.0,1.0,,,"250ml Flower & Fruit Scented Women's Edible Body Mist Perfume, Perfect Gift For Date [Random Vanilla New/Old Packaging Delivery] MF058-24/MF058-25/MF058-30/MFO58-22/MFO58-32",Beauty & Health
,900+ sold recently,1.4,0.0,1.0,,,"Exquisite Makeup-look Waterproof Dot Pattern Temporary Tattoo Eyebrows, Eye, Face Sticker For Music Festival Party",Beauty & Health
,300+ sold recently,4.5,4.0,4.0,,,"1Pc, Pu Minimalist Makeup Zipper Pouch, Lightweight Storage Bag, Travel Toiletry Wash Bag, Cosmetic Packaging Storage Bag,Makeup Bag Makeup Pouch Skincare Bag Toiletry Bag Packing Cubes,Travel Essentials Cruise Essentials Dorm Essentials,Wedding Bridesmaid Gifts,Mom Gifts,Birthday Gifts,Gifts For Friends And Teachers,Home Decor,Bathroom Livingroom Bedroom Decor,Bathroom Organizer,Jewelry Organizer,Lip Oil Organizer,Nail Polish Organizer Makeup Bag Storage Makeup Organizer Makeup Case",Beauty & Health
,3.3k+ sold recently,0.74,47.0,1.0,,,Elevate Your Style With 24pcs Long Coffin French Full Cover False Nail For Women And Girls 1pc Nail File & 1sheet Tape Press On Nails Nail Supplies,Beauty & Health
,,8.99,53.0,1.0,#1 Best Sellers,in Toner,"Glycolic Acid 7% Toner,Glycolic Sour 7% Toning,Exfoliate,And Rejuvenate Your Skin, Solution For Blemishes And Acne",Beauty & Health
,1.3k+ sold recently,4.99,17.0,4.0,,,SHEGLAM ColorÂ BloomÂ DayglowÂ LiquidÂ BlushÂ ShimmerÂ Finish-Float OnÂ  Glowing Gel Cream BlushÂ Long Lasting Non-Fading Highly Pigmented Lightweight Long Wear Smooth Blusher Black Friday Winter Gifts Blush,Beauty & Health
,1.0k+ sold recently,2.7,7.0,1.0,,,"Liquid Lipcolor,Long-lasting Moisturizing Lip Gloss",Beauty & Health
,300+ sold recently,1.6,6.0,1.0,,,10pcs Wig Comb Clip,Beauty & Health
,40+ sold recently,39.82,50.0,1.0,,,COACH Floral Blush EDP Spray 3 Oz For Women,Beauty & Health
,400+ sold recently,5.22,35.0,1.0,,,Lash Mannequin Head For Lash Extension Practice Makeup Soft-Touch Rubber Practice Head Easy to Clean,Beauty & Health
,800+ sold recently,1.13,37.0,1.0,,,Elevate Your Style With 24pcs Long Almond Color Block Glitter Line Fake Nail & 1sheet Tape & 1pc Nail File Press On Nails Nail Supplies,Beauty & Health
,,8.4,3.0,1.0,#3 Best Sellers,in Hot-Air Brushes & Straight Hair Combs,"Electric Hot Comb Hair Straightening Heat Pressing Comb Ceramic Curling Flat Iron Curlers Designed Hair Hot Comb Straightener,Portable Travel Anti-Scald Beard Straightener Press Comb Electric Straightening Brush, Hair Straightener Brush For All Hair Types, Hot Pressing Comb, Curling Comb, Wet And Dry Straightening Brush, Suitable For Beard Straightening And Hair Styling",Beauty & Health
,4.3k+ sold recently,2.6,7.0,4.0,,,60ml Nail Cuticle Remover Gel Cream Softner Liquid Smooth Moisturizing Nail Dead Skin Nail Art Treatment Care Repair Manicure Tools,Beauty & Health
,900+ sold recently,1.6,6.0,1.0,,,"24pcs Radiant And Cute Short Square Removable Press-On False Nails With French Starry Design, Suitable For Independence Day Women And Girls Nail Supplies",Beauty & Health
,2.1k+ sold recently,6.9,4.0,1.0,,,"1 Bottle Of 50ml YARA  Perfume, Long Lasting Fragrance, Festival Gift",Beauty & Health
,20+ sold recently,1.3,13.0,1.0,,,"Cross-Border Special Nail Art Decorations: Sparkling Micro Diamond, Iridescent Crystal Beads, Multi-Colored  Beads, Transparent Micro Diamond & Rhinestone Sticker For Nail Tips DIY Nail Charms Nail Gems Nail Supplies",Beauty & Health
,400+ sold recently,5.9,6.0,1.0,,,"[Sanrio Official]1pc 200ml Hello Kitty Travel Spray Bottle, Kuromi Cinnamoroll Melody Travel Bottle, Comestic Makeup Spray Bottle, Travel Accessories Sanrio,Sanrio Hello,Hello Kitty,Kuromi,Sanrio Hello Kitty,Sanrio Kuromi,Sanrio Officially,Sanrio Melody,Sanrio Officially Licensed,Sanrio Sakura,Sanrio Cartoon,Sanrio Characters,Sanrio Kawaii,Sanrio Cute,Women Sanrio,Sanrio Sanrio,Character Sanrio, Sanrio Stuff",Beauty & Health
,,13.3,4.0,1.0,#6 Best Sellers,in Hot-Air Brushes & Straight Hair Combs,1Pc Multifunctional Hair Dryer Brush Hair Blow Dryer Brush Hair Straightener Heat Brush Hair Styling Tool Holiday Gift,Beauty & Health
,3.0k+ sold recently,1.7,6.0,1.0,,,"Cute Cartoon Pink Edge French Memphis Style Snail Cartoon Design 24pcs Short Square Faux Nails Set, Suitable For Office Ladies And Dating Outings Press On Nails Nail Supplies",Beauty & Health
,,3.99,33.0,20.0,#6 Best Sellers,in Concealer,SHEGLAM Like Magic 12Hr Full Coverage Concealer-Golden  Matte Liquid Concealer Long Lasting Brightening Color Corrector Weightless All-Day Long Lasting Hydrating Concealer Black Friday Winter Concealer,Beauty & Health
,60+ sold recently,1.1,0.0,1.0,,,1sheet Flower Print Nail Art Sticker Nail Stickers DIY,Beauty & Health
,9.9k+ sold recently,2.5,7.0,1.0,,,100Pcs/box Sanding Bands With Metal Shaft Set Nail Drill Bits For Nail Polish Gel Dead Skin Calluses Remove Sand Bands Cutter,Beauty & Health
,,2.8,3.0,1.0,,,"30ml/1fl.Oz Plant Essential Oils For Face And Body Skin Care, Moisturizing, Nourishing, Moisturizing Massage Oil, Essential Oils For Moisturizing, Diffuser, Lavender Essential Oil, Peppermint Essential Oil, Eucalyptus Essential Oil, Sweet Orange Essential Oil, Tea Tree Essential Oil, Bergamot Essential Oil, Frankincense Essential Oil, Rosemary Essential Oil, Rose Essential Oil, Grapefruit Essential Oil, Patchouli Essential Oil, Argan Essential Oil, Jojoba Essential Oil, Lavender Essential Oil, Peppermint Essential Oil, Eucalyptus Essential Oil, Lemongrass Essential Oil, Sweet Orange Essential Oil, Tea Tree Essential Oil, Castor Essential Oil, Coconut Essential Oil, Jasmine Essential Oil, Vanilla Essential Oil, Cherry Blossom Essential Oil, Lemon Essential Oil, Ylang-Ylang Essential Oil, Sandalwood Essential Oil",Beauty & Health
,,3.99,20.0,4.0,#3 Best Sellers,in Contour & Bronzer,SHEGLAM Fine Line 2-In-1 Nose Contour & Highlight Pen-Umber Bronzer Stick Dual-Use Multi-Use Non-Greasy Contour Contouring Smooths Fine Lines Contour,Beauty & Health
,1.4k+ sold recently,2.9,3.0,1.0,,,"6pcs/box Velvet Matte Lip Gloss, Pvc Round Tube Packaged Lipstick, Promotes Skin Color And Not Easy To Fade",Beauty & Health
,300+ sold recently,1.15,62.0,5.0,,,"1pc (hair Curler + 2 Hair Ties) Soft Foam Sleep In Hair Curler & Hair Tie, No Heat Ins Wave Styling Tool",Beauty & Health
,1.0k+ sold recently,1.7,6.0,1.0,,,"30 Sheets Temporary Tattoo Stickers With Black Heart, EKG, Butterfly, Line Drawing, Flower, Feather, Moon And Letter Patterns For Women, Which Are Waterproof And Suitable For Party Makeup, Applied To Fingers, Wrists And Collarbones.",Beauty & Health
,1.3k+ sold recently,2.6,4.0,9.0,,,"1pc Large/Medium/Small Flower Pattern Zipper Cosmetic Bag Toiletry Bag Set For Girls, Bathroom Organizer For Toiletries, Makeup And Cosmetic Storage, Suitable For Travel Or College Dorm Room",Beauty & Health
,3.3k+ sold recently,2.0,9.0,9.0,,,24PCS Long Square Pink French Fake Nails 3D Five-Petaled Flower&3d Rhinestone Press On Nails Pink False Nail For Women And Girls Nail Supplies,Beauty & Health
,,5.0,4.0,1.0,#2 Best Sellers,in Essential Oil,"KOEC Body Juice Oil Strawberry Shortcake Scent, Essential Oil Massage Oil For Moisturizing Skin, Daily Skin Care Moisturizer For Women&Men,Nourishing Smoothing Fragrance Donut Body Drop 2oz/59ml",Beauty & Health
,200+ sold recently,2.04,32.0,1.0,,,"1pc Hair Cutting Scissors , Professional Barber Shears  With Hair Scissors Thinning Shears, Haircutting Sheers Hair Cut Blending Salon Scissor For Men Women Pet",Beauty & Health
,1.0k+ sold recently,1.3,7.0,1.0,,,1pc Clear Crystal Glass Acrylic Powder Liquid Nail Cup Bowl Cup Holder Equipment Nail Cleaning Tools,Beauty & Health
,2.7k+ sold recently,3.5,13.0,4.0,,,L/M/S Makeup Bag Set Floral Cosmetic Bag Aesthetic Toiletry Travel Organizer Bag For Women Girls Print Large Travel Vintage Quilted Makeup Bag For Women Coquette Skincare Organizer Bag,Beauty & Health
,300+ sold recently,6.24,20.0,1.0,,,"50pcs Disposable Nail Art Table Towels 13""X18"" - 3 Ply Waterproof Dental Bibs For Patients - Dentist Or Medical Tray Cover And Nail Table Cover Supplies",Beauty & Health
,,1.72,59.0,1.0,#4 Best Sellers,in Soaps,"100g Kojic Acid Soap: Deeply Moisturizing And Nourishing, Reappearing A Fresh And Youthful Glow, Safely Brightening The Skin, And Glowing With Healthy And Moving Skin! This High-Quality Kojic Acid Soap Can Penetrate Deeply Into The Deepest Layers Of The Skin, Effectively Nourishing And Moisturizing Cells, Leaving Your Skin With A Fresh, Youthful Glow. Reduce Facial Dullness Brighten Skin Tone Body And Face Infused With Natural Plant Essence Soap",Beauty & Health
,,6.6,4.0,1.0,#3 Best Sellers,in Skin Care Sets,"3pcs/Set Rose Hyaluronic Acid Moisturizing Cream 50g, Nourishing Essence 30ml, Eye Cream 20g, Affordable Home Kit, Moisturizing, Brightening, Firming Skin, For Daily Male And Female Skincare",Beauty & Health
,1.1k+ sold recently,1.2,8.0,1.0,,,"MAANGE 3pcs Triangle Flocking Powder Puff,Soft And Skin Friendly Makeup Puff,Makeup Tools Easy Carrying For Travel",Beauty & Health
,10+ sold recently,1.6,0.0,4.0,,,"1pc Natural Loofah Sponge Bath Ball, Exfoliating And Cleansing Skin, Removing Dirt And Dead Skin, Gentle To Skin, Suitable For Men, Women, Pets, Travel, Home Use",Beauty & Health
,700+ sold recently,2.8,20.0,4.0,,,1pc Women Fashion Women Accessories Solid Black Hair Bonnet For Daily Life Party,Beauty & Health
,3.5k+ sold recently,1.4,7.0,1.0,,,"3Pcs Nail Glue/Adhesive 3g For False Nails, Nail Art",Beauty & Health
,,2.1,5.0,1.0,#2 Best Sellers,in Braiders & Rollers,"12pcs/Set (Includes 6 Clips And 6 Curlers) Extra Large Hair Rollers, Rollers With Clips, Self-Gripping Rollers, Self-Holding Rollers, Salon-Use Rollers, Magic Hair Rollers, Jumbo Hair Rollers, Spiral Hair Curlers For Long/Medium/Short Hair, Bangs, Heatless Curlers, Suitable For Thick/Thin Hair, Hair Accessories, Diy Curlers Black Friday",Beauty & Health
,100+ sold recently,4.15,50.0,1.0,,,3 Inch Short Wavy Synthetic Hair Wig Pixie Cut Curly Short Cut Layered Wavy Wigs With Bangs For  Women For Natural Looking,Beauty & Health
,3.4k+ sold recently,1.2,8.0,1.0,,,"1Pc Japanese Style Brown Series Nail Art Brush Line Pen With Dual Heads, For Building Or Painting Gradient Colors, Suitable For Both Home And Salon Use Nail Design Brushes For Long Lines Tiny Details Fine Drawing",Beauty & Health
,1.1k+ sold recently,4.9,9.0,1.0,,,"100 Pieces Backflow Incense Cones Natural Scents Waterfall Incense Cones for Spa, Yoga, Relaxation, Mixed Scents",Beauty & Health
,2.5k+ sold recently,4.27,15.0,1.0,,,"55ML Cologne Perfume Spray For Men, Refreshing And Lasting Woody Notes, Light Fragrance Perfume For Dating, Sports Use",Beauty & Health
,90+ sold recently,5.3,5.0,1.0,,,"1Pc Portable Waterproof Cosmetic Bag With Large Capacity For Traveling, Graymakeup Bag Makeup Pouch Skincare Bag Toiletry Bag Packing Cubes,Travel Essentials Cruise Essentials Dorm Essentials,Wedding Bridesmaid Gifts,Mom Gifts,Birthday Gifts,Gifts For Friends And Teachers,Home Decor,Bathroom Livingroom Bedroom Decor,Bathroom Organizer,Jewelry Organizer,Lip Oil Organizer,Nail Polish Organizer Makeup Bag Storage Makeup Organizer Makeup Case",Beauty & Health
,800+ sold recently,1.6,6.0,1.0,,,24Pcs Short Round False Nails Flowers French Fashion Simplicity With Glue Wearable Edging Fake Nail Press On Nails Full Cover Nail Tips Nail Supplies,Beauty & Health
,100+ sold recently,1.8,10.0,1.0,,,1pc Gold Eyelash Curler Curling Tool For Wide-Angle False Eyelashes Beautification,Beauty & Health
,,1.7,0.0,1.0,#9 Best Sellers,in Home Clearance Items,"1Pc Creative Cartoon Animal Sleeping Eye Mask, Animal Pattern Eye Cover (Products May Have Chromatic Aberrations Due To Light And Production Batch Issues.Manual Measuring. Please Allow 0.5-1cm Error, Thank You)",Beauty & Health
,,1.54,14.0,1.0,#3 Best Sellers,in Mirrors,"1pc Mini Double-Sided Portable Makeup Mirror For Carrying With You, Foldable, Suitable For Students, Home, Women, Compact Mirror, Pocket Small Vanity Mirror, Living Room Home Bedroom Bathroom House Decor, Travel Stuff, Wedding, Party, Birthday, Gifts For Men Mom Dad Best Friends Teacher, New Years, Accessaries, Funny Gift",Beauty & Health
,700+ sold recently,6.7,4.0,1.0,,,"Hair Tinsel Kit, Colourful Fairy Tinsel Hair Extensions Heat Resistant With 16/12 Color 48inch 3200/2400 Stands Glitter Sparkle Shiny Hair Accessories Set Heat Resistant For Kids Girls Women",Beauty & Health
,,11.49,35.0,1.0,#1 Best Sellers,in Curling Tongs & Curling Wands,"Teckwe 22mm Curling Iron,Triple Tube Hair Curler,3 Barrel Curling Iron Wand,Egg Roll Hair Curler Water Ripples,Water Ripples,Egg Rolls,Straight Hair And Bouncy Curly Hair,Fast Heat Up & Dual Voltage Crimp For Women Girls Home - US Plug",Beauty & Health
,,25.7,4.0,1.0,#6 Best Sellers,in Curling Tongs & Curling Wands,"1 Piece Automatic Curling Lron, Electric Heatedhair Curler, Automatical Rotating Curling Lronsportable Heated Hair Styling Tool For Home,Salon, Barbershop, Beauty Products Curling Wand",Beauty & Health
,,5.99,14.0,12.0,#4 Best Sellers,in Lipstick,SHEGLAM Mirror Kiss High-Shine Lipstick-High Key 12 Colors High Gloss Shine Glitter Lipstick Moisturizing Reduce Lip Fine Lines Lip Balm Lip Makeup,Beauty & Health
,1.6k+ sold recently,6.8,4.0,6.0,,,"1pc 30ml High Heel Shoe Perfume (D-01) For Daily Party, Outdoor Activities, Gift",Beauty & Health
,3.4k+ sold recently,4.49,25.0,1.0,,,SHEGLAM Lash Besties 2-In-1 Mascara Volumizing Double Head Brush Easy To Remove No Smudge Long-Lasting Define Thick Lengthening Volume Big Eyes Mascara Black Friday Party Mascara,Beauty & Health
,2.1k+ sold recently,1.16,36.0,1.0,,,"Enhance Your Style With This 24pcs Short False Toe Nails Set In Solid Colors, Gold Glitter & Pink Filled Colors, Reusable For Daily And Festival Wear Press On Nails Nail Supplies",Beauty & Health
,20+ sold recently,1.1,8.0,1.0,,,BASIC LIVING 1pc Mini Spiral Foldable Nail Buffer,Beauty & Health
,2.0k+ sold recently,1.38,14.0,6.0,,,"Nail Glue 10pcs Nail Glue, Super Strong, Fast-Drying, Long-Lasting, Easy Application, Perfect For Acrylic & Press-On Nails, Quick Nail Repair, Nail Care & Enhancements  2g/Pc",Beauty & Health
,800+ sold recently,1.37,32.0,5.0,,,1pc Heart Shaped Moisturizing Mirror Effect Water-glazed Jelly Lipstick Pen Y2K Makeup Lip Pen,Beauty & Health
,,6.85,19.0,7.0,#10 Best Sellers,in Powder,SHEGLAM Insta-Ready Face & Under Eye Setting Powder Duo-BISQUE,Beauty & Health
,,4.99,17.0,12.0,#7 Best Sellers,in Lip Tint,SHEGLAM Take A Hint Lip Tint-PrimpÂ  Color Changing Long Lasting Lip Gloss High Gloss Finish All Day Non-Sticky Moisturizing Lip Stain For Dry Lips Black Friday Winter Gifts Liquid Lipstick,Beauty & Health
,100+ sold recently,2.8,3.0,1.0,,,15pcs Makeup Brush Set Premium Synthetic Hair Eyeshadow Blending Brush Set Cosmetic Tool For Face And Eyes Black Friday,Beauty & Health
,1.3k+ sold recently,0.68,58.0,1.0,,,"24pcs Short Square Glitter French False Nails With White Ombre And Flash Powder Design, Including 1pc Nail File & Jelly Glue Press On Nails Nail Supplies",Beauty & Health
,,6.8,4.0,1.0,,,HAIRCUBE 24 Inch Black Long Straight Hair Realistic and Natural Soft Beautiful Lady's Wigs Ponytail Wigs Everyday Wear Ponytail,Beauty & Health
,40+ sold recently,3.9,5.0,1.0,,,"MAANGE 9pcs Professional Makeup Brush Set,Makeup Tools With Soft Fiber For Easy Carrying,Foundation Brush,Eye Shadow Brush,Smudge Brush,Eyebrow Brush,Brush Set For Travel",Beauty & Health
,1.4k+ sold recently,1.13,41.0,1.0,,,"Hairdressing Honeycomb Curling Comb Fluffy Styling Comb  1pc,Flexible Hair Brush,Hollow Detangling Hair BHair Styling Combrush Hollow Comb Hairbrush For Wet & Dry Hair,Hair Massage Comb",Beauty & Health
,900+ sold recently,9.99,33.0,1.0,,,SHEGLAM X Care Bears Share Your Care Palette 12-Color Shimmer Matte Eyeshadow Palette Color/Colour Evenly Pigmented  Smooth  Blendable Eyeshadow Black Friday Y2K Gift Eyeshadow,Beauty & Health
,100+ sold recently,2.9,3.0,1.0,,,Detangling Metallic Hair Comb Black Friday Hair Brush,Beauty & Health
,1.5k+ sold recently,7.9,12.0,1.0,,,1PC Simple Cosmetic Bag For Makeup Bag For School Cute Clear Make Up Pouch For Travel Tiny Leather Make Up Organizer Case For Backpack Toiletry Bag Waterproof Square Pouch With Zipper,Beauty & Health
,,1.7,6.0,6.0,#9 Best Sellers,in Liquid Lipstick,"Soft Matte Lip Cream,Highly Pigmented Long-Lasting Wear Non-Stick Cup Liquid Lipstick Lip Gloss Lip Glaze",Beauty & Health
,1.2k+ sold recently,2.29,21.0,1.0,,,30Pcs Cherry Nail Rhinestones 3D Cherry Charm Red Pink White Fruit Diamond Crystal Nail Nails Alloy Nail Gemstones For Women Nail Art Decoration Nail Art Accessories DIY Nail Charms Nail Supplies,Beauty & Health
,,1.28,20.0,8.0,#4 Best Sellers,in Gel Nail Polish,7ml Non Stick Hand Solid Extension Nail Gel Clear Extension Gel Rhinestone Glue Gel Easy To Operate DIY,Beauty & Health
,3.1k+ sold recently,1.8,5.0,16.0,,,"Makeup Sponge,4PCS Makeup Sponge set face sponge Beauty Sponges Egg Shaped Makeup Blender Black Friday",Beauty & Health
,100+ sold recently,0.53,59.0,1.0,,,50pcs Silver Dreadlock Beads Hollow Out Hair Braid Rings Metal Cuffs,Beauty & Health
,50+ sold recently,2.8,50.0,1.0,,,20pcs Nail Art Brush Set,Beauty & Health
,,2.2,4.0,1.0,#4 Best Sellers,in Electric Nail Drills,"Professional Electric Manicure Drill Mini Nail Polisher With 5 Grinding Head Included, Requires 2 Aa Batteries (Batteries Not Included)",Beauty & Health
,3.2k+ sold recently,2.1,5.0,1.0,,,"Liquid Blush,1Pc Highly Pigmented Liquid Blush Long-Wearing Brightening Blush Shading Blusher Contouring Festival Stage Makeup Blush",Beauty & Health
,100+ sold recently,4.5,4.0,1.0,,,Simple And Fashionable Cosmetic Bag/wash Bag/storage Bag,Beauty & Health
,2.1k+ sold recently,1.2,8.0,4.0,,,1 Sheet Silver Star Moon Heart Totem Adhesive Nail Art Sticker For DIY Nail Decorations Y2K-Style Nail Art Decals Nail Design Manicure Tips For Women Girl Friend Gift Nail Stickers,Beauty & Health
,1.4k+ sold recently,2.5,4.0,1.0,,,10pcs Random Color Hair Curler Black Friday,Beauty & Health
,600+ sold recently,2.07,31.0,20.0,,,"Pink Letter A-Z Flower Print Makeup Bag, Gift For Girls, Cute Retro Simple Fashion Letter Pattern Printed Bag Storage Bag,Cosmetic Pouch For Small Items Storage,Storage Bag, Makeup Storage Bag, Toiletry Bag, Clutch Bag, Lightweight Foldable Storage Bag, Simple Shopping Bag, Teacher Gift Clutch Bag,Storage For Nurses, Doctors, Teachers Bag, Suitable For Personal Travel Cosmetics Storage",Beauty & Health
,,17.4,0.0,1.0,#4 Best Sellers,in Hair Straightening Irons,"Professional All-in-one Hair Drying Brush, Hot Air Brush, Hair Dryer Brush, Hair Styling Brush For Drying, Curling And Modeling Hair",Beauty & Health
,500+ sold recently,1.02,36.0,1.0,,,"Long-wearing Liquid Lipstick, Non-stick Cup Moisturizing Matte Lip Gloss Lip Cream",Beauty & Health
,,2.3,8.0,5.0,#4 Best Sellers,in Rhinestones & Decorations,50g/Bag (500-600pcs) 3D Assorted Mix Color Nail Charms Multi-Shapes Heart Flower Butterfly Bowknot Shaped Nail Charms Resin Flatback Nail Art Rhinestones Charms For Manicure DIY Crafts Jewelry Accessories Nail Gems Nail Supplies,Beauty & Health
,400+ sold recently,2.78,52.0,1.0,,,"Minimalist Makeup Brush Holder, 1pc ABS Cosmetic Brush Organizer Black Friday",Beauty & Health
,100+ sold recently,1.31,70.0,1.0,,,1pc Simple And Versatile Korean Style Striped Knitted Handbag For Commuting And All Seasons Use,Beauty & Health
,400+ sold recently,1.63,65.0,1.0,,,1 PC Silicone Makeup Brush Bag  Make Up Organizer Makeup Storage  Cosmetic Bag Makeup Pouch For Makeup Tools Dust-Proof Makeup Brush Tool Storage Bag Portable Travel Makeup Storage Bag Waterproof For Bathroom For Travel For Women  For Girl Dorm Essentials,Beauty & Health
,200+ sold recently,2.54,18.0,1.0,,,"1pc Travel Cosmetic Organizer Bag, Light Blue Floral Print, Watermelon Red Floral Print Large Capacity Portable Makeup Bag With Multiple Layers, Carrying Handle, Multi-Functional Thick Waterproof Toiletry Bag",Beauty & Health
,50+ sold recently,2.2,0.0,1.0,,,"1pc Foundation Brush Chubby Makeup Brush Kabuki Brush Travel Powder Brush for Blending Liquid, Cream or Powder Cosmetics & 2pcs Makeup Blender Sponge Black Friday",Beauty & Health
,400+ sold recently,1.3,7.0,15.0,,,"Phototherapy Crystal Nail Quick Extension Gel, 15ml Quick Building Gel Crystal UV Quick Extension Gel Nail Art Tools For Nails Finger Prolong Form Tips Manicure Nail Tools",Beauty & Health
,1.0k+ sold recently,2.8,7.0,9.0,,,"20pcs Random Mixed-Color Alloy Nail Art Decorations With Rhinestones (Hearts, Crowns, Butterflies) DIY Nail Charms Nail Gems Nail Supplies",Beauty & Health
,,4.19,30.0,12.0,#1 Best Sellers,in Lip Plumper,SHEGLAM Pout-Perfect Shine Lip Plumper-Sepia Kiss Moisturizing Plumping Solid Lip Gloss Non-Stick Nourishing Lip Plumping Serum Coconut Oil Lipstick Lip Cosmetics Black Friday Sale Gift Brown Lip Plumper,Beauty & Health
,200+ sold recently,3.1,21.0,1.0,,,"[Sanrio Official]1pc Magnetic Automatic Closing Fashion Portable Glasses Bag,Zipper Bag, Protective Case Sunglasses Case Box Eyeglasses Pouch Eyewear Protector Sanrio,Sanrio Hello,Hello Kitty,Kuromi,Sanrio Hello Kitty,Sanrio Kuromi,Sanrio Officially,Sanrio Melody,Sanrio Officially Licensed,Sanrio Sakura,Sanrio Cartoon,Sanrio Characters,Sanrio Kawaii,Sanrio Cute,Women Sanrio,Sanrio Sanrio,Character Sanrio, Sanrio Stuff",Beauty & Health
,,2.6,4.0,1.0,#3 Best Sellers,in False Eyelashes,"New 7pairs/Set Short 3d Mink Fur False Eyelashes With Russian Dd Curl, Handmade Natural Fluffy Thick Full Strip Lashes, Wholesale For Makeup",Beauty & Health
,1.7k+ sold recently,1.04,39.0,6.0,,,24pcs Pink Short Square Nail Armor With White Bowknot Chic 3D Press-On Nails Art For Women And Girls Nail Supplies,Beauty & Health
,1.4k+ sold recently,1.8,5.0,1.0,,,"1 Large Oblique Head Foundation Make-Up Brush, Professional Synthetic Makeup Brush, Used For Contour Shaping",Beauty & Health
,1.4k+ sold recently,1.4,7.0,1.0,,,"MAANGE 1pc Round Head Finger Foundation Brush,Makeup Tools With Soft Fiber For Easy Carrying,Brush For Travel",Beauty & Health
,1.5k+ sold recently,5.99,25.0,1.0,,,"SHEGLAM Pro Core Brush Kit 6 Pcs/Set Professional Makeup Brushes Soft Brush Set With Face Brush, Eye Brush, Eyebrow Brush, Blush Brush, Highlighter Brush Portable Travel Makeup Brushes Makeup Tool",Beauty & Health
,,2.4,0.0,1.0,,,"1Pc Bath Body Brush For Shower, 14 Inches Long Handle, Bath Scrubber Skin Exfoliation Bath Shower Body Brushing, Exfoliating, Bath And Body Works, Living Room Home Bedroom Bathroom House Decor, Travel Stuff, Wedding, Party, Birthday, Gifts For Men Mom Dad Friends, New Years, Accessaries, Funny Gift",Beauty & Health
,,11.22,28.0,1.0,,,1pcs Automatic Hair Curler Rechargeable Curling Iron Cordless Hair Curlers Wave Rotating Styler Hair Curling Device,Beauty & Health
,50+ sold recently,0.7,50.0,1.0,,,"Nail Drawing Pen, 3PCS Silver Handle Nail Art Pen Brush,Nail Art Brush,Painting Drawing Liner Nail Tools",Beauty & Health
,200+ sold recently,4.9,50.0,1.0,,,"LED Nail Lamp, 48W Nail Dryer Gel Nail Polish Curing LED UV Light With 4 Timers Automatic Sensor LCD Display Professional Nail Art Tools Accessories For Fingernail Toenail Salon",Beauty & Health
,1.3k+ sold recently,1.7,6.0,4.0,,,1pc Ultra-Fine Liquid Eyeliner Pen For Precise & Smooth Waterproof Long-Lasting Eye Makeup,Beauty & Health
,2.1k+ sold recently,1.2,8.0,5.0,,,"1Pc 7G Transparent False Nail Glue Gel Polish ,Nail Sheet Drilling Adhesive, Adhesive Decoration,Extension And Reinforcement Adhesive Soft Nail Tips Gel Quick Drying Manicure Tool Adhesive",Beauty & Health
,,2.6,4.0,4.0,#2 Best Sellers,in Body Make Up,"1pc Independence Day Glitter Gel With Red, Blue And Silver Stars. Ideal For Women's Makeup, Cosmetics, No Glue Needed. Holographic 3d Sparkling Art Glitter With Good Reflective Effect. Suitable For Eye Shadow, Face, Body, Hair Decoration, Stage Makeup, Etc. With Good Skin-Friendly Gel Performance And Easy Cleaning. Perfect For Festivals, Parties, Celebrations, Dating, Weddings, Anniversaries, Gifts And Accessories.",Beauty & Health
,4.1k+ sold recently,13.0,12.0,6.0,,,"3pcs/Set Embroidered Cosmetic Bag Set With Blue Floral Print, Includes Inner Bag, Handheld Bag And Makeup Brush Bag, A Must-Have For Back To School Season",Beauty & Health
,90+ sold recently,3.2,3.0,1.0,,,"2.5ml Honey Moisturizing Lip Oil, Nourishing Dry Lips, Smoothing Lip Skin, Moisturizing & Hydrating, Giving Lips A Glossy Look",Beauty & Health
,1.9k+ sold recently,3.49,22.0,1.0,,,SHEGLAM Party Starter Body Highlighter Glitter Gel-Ice Breaker Gel Highlighter Liquid Glitter Diamond Glitter Highlighter Long Lasting Dual-Use Sweat Proof Illuminator Highlighter,Beauty & Health
,2.5k+ sold recently,1.5,6.0,1.0,,,Nail Art Magnetic Pen Set 3D Cat Eye Design Dual-Ended Magnet Wand Gel Nail Polish Magic Halloween Manicure Diy&Salon Tools Magnetic Cat Eye Gel Polish Nail Art Manicure,Beauty & Health
,500+ sold recently,1.7,0.0,1.0,,,"10-Pack Black Eye Brush, Delicate Eye Makeup Brush, Eyeshadow Brush, Concealer Brush, Nose Shadow Brush, Contour Brush, Eyebrow Brush, Eyeliner Brush, Makeup Tool Brush, Black Makeup Brush",Beauty & Health
,1.2k+ sold recently,2.4,8.0,1.0,,,"Black Friday 6 Boxes Mirror Powder, Shimmering Effect Nail Art Accessories For Music Festival Holiday DIY Nail Charms Nail Gems Nail Supplies",Beauty & Health
,100+ sold recently,6.4,3.0,1.0,,,GARFIELD X SHEIN Cartoon Print Translucent Portable Cosmetic Bag,Beauty & Health
,1.9k+ sold recently,2.3,8.0,1.0,,,"Sponge Nail File, 100/180 Grit Sponge Nail Buffers For Acrylic Nails, 9*2Cm Buffing Block Double Sided For Manicure Tools 10 Count - Pink",Beauty & Health
,50+ sold recently,2.6,4.0,1.0,,,Lymphatic Herbal Patch Body Care Herbal Patch To Relieve Fatigue And Relax Mood 30PCS,Beauty & Health
,,7.3,4.0,1.0,#9 Best Sellers,in Trending Perfumes,"250ml Floral & Fruity Gourmet Women's Perfume Body Spray, Best Gift For Date [Vanilla In Random New/Old Packaging] MF058-24/MF058-25/MF058-30/MFO58-22/MFO58-32",Beauty & Health
,60+ sold recently,8.99,18.0,36.0,,,SHEGLAM Skin Magnet High Coverage Foundation Stick-Linen,Beauty & Health
,,3.99,20.0,4.0,#8 Best Sellers,in Contour & Bronzer,SHEGLAM Fine Line 2-In-1 Nose Contour & Highlight Pen-Chestnut Bronzer Stick Dual-Use Multi-Use Non-Greasy Contour Contouring Smooths Fine Lines Contour,Beauty & Health
,2.0k+ sold recently,1.4,0.0,1.0,,,"Liquid Lipcolor,Long-Wearing Matte Lip Gloss 02",Beauty & Health
,3.7k+ sold recently,1.7,11.0,19.0,,,"24pcs Simple Square French Style Fingernail & Toenail Art Stickers With Diamante Decoration, For Party, Shopping, Dating, Daily Wear, Etc. Press On Nails Nail Supplies",Beauty & Health
,2.1k+ sold recently,0.85,39.0,1.0,,,"Hypoallergenic 8g DIY Mini Transparent Small Round Flat Rhinestone Resin Nail Art Decoration Kawaii Sparkling Flat Rhinestones, Mini Transparent Nail Art Rhinestone Crystal Nail Art Gemstones For Making Accessories Shoes, Clothes, Cosmetics, Bags, Ladies Casual Art Nail Art Accessories Suitable For Luxury Nail Art, Crafts And Jewelry Accessories Nail Drills Nail Stuff Unscented Nail Charms Nail Supplies",Beauty & Health
,2.9k+ sold recently,4.99,17.0,14.0,,,SHEGLAM ColorÂ BloomÂ LiquidÂ BlushÂ MatteÂ Finish-Float OnÂ  Gel Cream BlushÂ  Long Lasting Non-Fading Highly Pigmented Lightweight Long Wear Smooth Blusher Black Friday Winter Gifts Blush,Beauty & Health
,10k+ sold recently,4.8,2.0,4.0,,,"Cloud Pillow Cosmetic Bag,1Pc Beige Letter Graphic Zipper Design Makeup Bag Reusable Cosmetic Bag,Makeup Bag Makeup Pouch Skincare Bag Toiletry Bag Packing Cubes,Travel Essentials Cruise Essentials Dorm Essentials,Wedding Bridesmaid Gifts,Mom Gifts,Birthday Gifts,Gifts For Friends And Teachers,Home Decor,Bathroom Livingroom Bedroom Decor,Bathroom Organizer,Jewelry Organizer,Lip Oil Organizer,Nail Polish Organizer Storage Makeup Organizer Makeup Case",Beauty & Health
,10k+ sold recently,1.6,11.0,1.0,,,"15Pcs Plastic Nail Brush Set Nail Art Dust Cleaner Brush Phototherapy Pen Carving Pen Nail Painting Pen, Color Drawing Pen Set Nail Enhancement Makeup Manicure Diy Tool",Beauty & Health
,900+ sold recently,1.47,51.0,13.0,,,Easy Braid Pre stretched Braiding Hair 26Inch 1Pack Black Hair Products for Natural Hair Kanekalon Braiding hair Pre stretched Hot Water Setting Box Braid Crochet Hair Extensions,Beauty & Health
,1.6k+ sold recently,1.2,20.0,17.0,,,Upgrade Your Look With 24pcs French Long Almond Ombre Fake Nail Set Press On Nails Manicure Kits Nail Supplies,Beauty & Health
,,3.9,3.0,1.0,#7 Best Sellers,in Eyelashes,"320 Clusters/16 Rows 60D 80D 100D Clustered, Fluffy D Curl Eyelash Extensions 8-16mm Personal DIY Eyelash Clusters",Beauty & Health
,1.2k+ sold recently,2.4,4.0,1.0,,,"1pc Continuous Hair Plant Mister Spray Bottle Fine Empty Small Mist Spray Bottles Mist Sprayer Water Alcohol Cleaning Clear Spray Mist Bottle For Curly Hair Styling Products,Plants,Barber Accessories",Beauty & Health
,1.3k+ sold recently,2.6,4.0,10.0,,,"Durable Waterproof Matte Foundation, Oil Control Concealer Foundation Cream",Beauty & Health
,60+ sold recently,2.7,4.0,1.0,,,"1pc Hair Curler Comb, DIY Design Non-Heating Portable Salon Curly Hair Comb, Ladies Twist Hair Styling Tool Braiding Tool",Beauty & Health
,200+ sold recently,5.05,50.0,1.0,,,Ponytail Baseball Cap Wig With Adjustable Black Synthetic Hair For Women,Beauty & Health
,80+ sold recently,1.8,5.0,1.0,,,"4pcs Plain Hair Comb Set, Wide-Tooth Comb & Pick Comb & All Purpose Comb, Dresser Hair Comb Styling Comb, Parting Teasing And Styling, Hair Brush Set For Women And Men, Great On Wet Or Dry Hair Black Friday",Beauty & Health
,,1.2,0.0,1.0,#2 Best Sellers,in Makeup Bags,"2/6/10pcs Powder Puff Storage Box, Beauty Powder Puff Storage Container, Creative Convenient Going Out Powder Puff Storage Box, Travel Storage Essential",Beauty & Health
,,9.8,5.0,1.0,#8 Best Sellers,in Led Makeup Mirror,"LED Makeup Mirror Portable Travel Lighted Beauty Mirror, 3 Color Lighting, Dimmable Touch Screen, Rechargeable Tabletop LED Folding Cosmetic Vanity Mirror",Beauty & Health
,3.5k+ sold recently,1.77,39.0,1.0,,,A Box Of 120pcs Transparent Duck Paw Nail Shape Set Clear Gel Nail Extension Mold 12 Sizes Full Coverage Traceless Nails Press On Nails Nail Supplies,Beauty & Health
,300+ sold recently,1.62,19.0,1.0,,,DAZY Pink Curling Iron,Beauty & Health
,700+ sold recently,0.95,44.0,1.0,,,"24pcs Short Square Elegant Y2k Wave & Gold Foil Design False Nails Set, Suitable For Parties, Dance Or Festival Wear By Pressing On Nails Supplies",Beauty & Health
,700+ sold recently,1.2,8.0,1.0,,,"Nail Art Double-Sided Adhesive Tape 30Pcs/Sheet, Acrylic Wearable Nail Display Stand, Untrimmed Traceless Glue Nail Salon Tool Double Sided Adhesive Tape Accessory For Nail Tip Color Display",Beauty & Health
,2.4k+ sold recently,12.1,12.0,8.0,,,Women's Large Capacity Portable Travel Toiletry Bag For Makeup And Bathroom Essentials makeup brushes storage,Beauty & Health
,90+ sold recently,1.2,8.0,1.0,,,"White Pearl Nail Powder And Dual-Ended Nail Brush Set For DIY Shiny Nail Art Decoration, Women's Home-Made Manicure Tools",Beauty & Health
,1.2k+ sold recently,3.1,3.0,1.0,,,"10pcs Spiral Makeup Brush Makeup Brush Set Full Set Of Beauty Tools, Makeup Brush/Cosmetic Brush Black Friday",Beauty & Health
,4.7k+ sold recently,1.7,6.0,1.0,,,"1Pc Extra Fine Cuticle Scissors for Manicure Pedicure, Precise Pointed Tip Care Kit for Eyebrows, Eyelashes, Nail Trimming and Dry Skin - Small Scissors",Beauty & Health
,4.7k+ sold recently,2.3,4.0,1.0,,,"3d Natural False Eyelashes Package For Lengthening And Volumizing, Includes 5 Pairs Of Faux Mink Fur Transparent Cross And Cat Eye Lashes With Shorter Length",Beauty & Health
,100+ sold recently,2.3,4.0,6.0,,,10pcs Nail Files For Natural Nails - Emery Boards For Nails Supply 100/180 Grit Nail Files For Gel Nails - Nail Buffer Block To Shape And Smooth - Professional Nail File Black Buffer Nail File Set,Beauty & Health
,,1.2,14.0,1.0,#1 Best Sellers,in Decoration Stickers,2pcs 3D Hibiscus Flower Nail Stickers Summer Decor Pink White Flowers Nail Decals Tropical Leaves Sliders Manicure Foils DIY,Beauty & Health
,,3.0,9.0,1.0,#3 Best Sellers,in Gel Nail Polish,"15g 3d Nail Gel For Sculpting & Designing, Clear & Shiny For Diy Nail Art, Polishing, Painting, Shaping & Decorating",Beauty & Health
,1.9k+ sold recently,0.45,59.0,1.0,,,"Eyebrow Templates Eyebrow Card,,10Pcs Eva Eyebrow Template For Home Eyebrow Grooming Stencil Shaping",Beauty & Health
,3.5k+ sold recently,3.99,20.0,4.0,,,SHEGLAM Glow Addict Lip Balm-Peach Juice Moisterizing Lip Care High Shine Finish Brown Lip Gloss with Brush Black Friday Sale Gift Lip Care,Beauty & Health
,700+ sold recently,1.9,10.0,4.0,,,50Pcs/Bag Resin Nail Charm Dopamine Heart Star Design Nail Art Accessories For Acrylic Manicure Tips DIY Nail Charms Nail Gems Nail Supplies,Beauty & Health
,300+ sold recently,1.4,0.0,1.0,,,"Foundation Brush, 1pc Wooden Minimalist Portable Multifunctional Makeup Brush Cosmetic Makeup Tool For Beginner Black Friday",Beauty & Health
,30+ sold recently,2.1,5.0,1.0,,,"1pc Irregular Triangular Tube Wooden Handle Foundation Brush,bb cream makeup brush foundation brush oblique head loose powder brush makeup tools,Soft Bristles for Smooth Application Perfect for Makeup Artists and Beginners",Beauty & Health
,700+ sold recently,1.2,8.0,6.0,,,24pcs/Set Short French Flowers Sweet Little Fresh Style Design Fake Nails Suitable For Girls/Women's Daily Life. Party. Etc. + 1pc Jelly Gel + 1pc Nail File. Press On Nails Nail Supplies,Beauty & Health
,1.7k+ sold recently,4.99,9.0,1.0,,,SHEGLAM Mega Lip Stacks-Nude-Bare Stack 4 In 1 Creamy-Matte Nude Lipstick Kit High Pigment Non-Drying Portable Travel Lipstick Kit Lip Makeup Black Friday Lipstick,Beauty & Health
,2.3k+ sold recently,2.0,0.0,1.0,,,5 Pairs Natural Look Manga Fake Eyelashes - Reusable Wispy Lashes For Cosplay And Stages,Beauty & Health
,2.9k+ sold recently,1.6,6.0,10.0,,,"2 Sheets Valentine's Day Nail Stickers, 3D Self Adhesive Heart Design Nail Decals I Love You Nail Designs For Women DIY Valentines Manicure Decorations",Beauty & Health
,400+ sold recently,0.56,63.0,1.0,,,"Upgrade Your Look With 24pcs Coffin Shape Green Gemstone Gold Trim French Design Manicure Set, Perfect For Parties Or Daily Wear By Press-On Nails Supplies",Beauty & Health
,500+ sold recently,7.15,51.0,1.0,,,"1pc 360 Degree Rotating Makeup Organizer, Transparent Makeup Display Stand, Large Capacity Dresser Storage Rack With 5 Adjustable Diy Trays, For Lipsticks, Brushes, Creams, Eyeshadows, Nail Polishes And Jewelry, Cosmetic Storage Box For Desk, Bathroom, Dresser-transparent",Beauty & Health
,800+ sold recently,1.6,6.0,5.0,,,"24pcs/Set Floral, Leaf, Butterfly Shaped Spring/Summer Stickers (Non-Adhesive) Nail Stickers DIY",Beauty & Health
,400+ sold recently,10.77,25.0,1.0,,,"1pc Makeup Storage Box, Professional Portable Cosmetic Case, Travel Toiletry Bag Brush Pouch Organizer With Adjustable Divider, Black,Room,Home,Bedroom,Bathroom,House,Pink Room,Living Room Decor,Travel Stuff,Gift Bag,Gifts For Mom,Dad,Men,Friends,Teacher,Birthday,Wedding,Desk,Shelves,Accessaries,Gift Boxes,Funny Gift,Storage",Beauty & Health
,300+ sold recently,7.7,7.0,1.0,,,"12pcs Press-on Nail Storage Box, 4 Colors Plastic False Nail Display Storage Box, Acrylic Nail Holder, Accessories For False Nails And Nail Salon.",Beauty & Health
,,1.2,8.0,4.0,#7 Best Sellers,in Nail Art Tools,10Pcs Small Magnets For Acrylic Nails Detachable Round Cylinder Shaped Powerful Magnets Professional Nail Art Clipper False Tips Edge Cutters Tip Sizing Salon Manicure Tool Strong Small Round Magnets,Beauty & Health
,1.8k+ sold recently,4.49,10.0,5.0,,,SHEGLAM Striking Brow Gel-Dark Brown Waterproof Eyebrow Cream Long Lasting Highly Pigmented Shaping Filling Eyebrow Balm With Small Brush Black Friday Winter Eyebrow,Beauty & Health
,1.3k+ sold recently,4.9,4.0,1.0,,,1pc Hanging Makeup Bags Organizer Travel Bag For Toiletries Cosmetic Bag Waterproof Bathroom Shower Bag With Hook Toiletry Bag Travel Organizer Full Sized Container Toiletries Storage Makeup Organizer Makeup Case,Beauty & Health
,10+ sold recently,3.3,6.0,1.0,,,"Magnetic False Eyelashes, 2 Pairs Reusable Magnetic Fake Eyelashes With Clip, Natural-Looking And Easy To Wear",Beauty & Health
,1.8k+ sold recently,1.7,0.0,1.0,,,"Nature Simulation Freckle Pen, 1pc Waterproof Easy To Color Facial Makeup Product For Women",Beauty & Health
,2.2k+ sold recently,7.2,3.0,1.0,,,"1Pc Large Capacity Waterproof Transparent Pu Embroidered Cosmetic Bag For Daily Use, Business Travel And Vacation Black Friday,Makeup Bag Makeup Pouch Skincare Bag Toiletry Bag Packing Cubes,Travel Essentials Cruise Essentials Dorm Essentials,Wedding Bridesmaid Gifts,Mom Gifts,Birthday Gifts,Gifts For Friends And Teachers,Home Decor,Bathroom Livingroom Bedroom Decor,Bathroom Organizer,Jewelry Organizer,Lip Oil Organizer,Nail Polish Organizer Makeup Bag Storage Makeup Organizer Makeup Case",Beauty & Health
,4.6k+ sold recently,4.99,17.0,1.0,,,SHEGLAM Mello Jello Nourishing Lip Balm-Ruby Sheer Muted Plum Sheer Glow Daily Lip Care Ultra-Nourishing Lip Balm Moisturizing Lip Primer Made With Vitamin E Jojoba Seed Oil,Beauty & Health
,,1.7,6.0,7.0,#3 Best Sellers,in Synthetic Hair Bangs,Synthetic Air Bangs Heat Resistant Hairpieces Hair Women Natural Short Black Brown Bangs Hair Clips For Extensions,Beauty & Health
,100+ sold recently,3.6,5.0,1.0,,,Fruit Moisturizing And Nourishing Peel-Off Mask With Water-Like Texture For Soothing And Smoothing Skin,Beauty & Health
,1.6k+ sold recently,6.3,11.0,1.0,,,1PC Clear Zipper Pouches Waterproof Chenille Patches Zipper Pvc Toiletry Bag Sports Baseball Softball Transparent Cosmetic Bag Basics Swim Bag Swimmers Tropical Coastal Vibes Beach Bag For Swimming Summer Island Holiday Vacation Beach Accesories For Girl Boy Men Woman,Beauty & Health
,3.3k+ sold recently,4.37,13.0,1.0,,,"25-Color Eyeshadow Palette, 1pc Long-Wearing Smudge Proof Eye Makeup Product With Cosmetic Brush",Beauty & Health
,70+ sold recently,0.87,46.0,1.0,,,"1pc Makeup Sponge With Storage Box,2 powder puff sets, beauty eggs+storage box set makeup, portable makeup sponge daily makeup Black Friday",Beauty & Health
,200+ sold recently,1.6,0.0,1.0,,,"6pcs  Hair Styling Tools For Everyday Use, Including High Hair Volume Cushion, Hair Root Clip, Hair Roller, Hair  Clip, Etc.",Beauty & Health
,1.6k+ sold recently,3.99,20.0,4.0,,,SHEGLAM Fine Line 2-In-1 Nose Contour & Highlight Pen-Cigar Bronzer Stick Dual-Use Multi-Use Non-Greasy Contour Contouring Smooths Fine Lines Contour,Beauty & Health
,1.1k+ sold recently,1.4,7.0,4.0,,,30pcs Magnetic Magic Wand For Cat Eye Uv Gel Nail Polish,Beauty & Health
,500+ sold recently,6.5,3.0,1.0,,,Frida Kahlo X SHEIN Character And Plant Printed Zipper Square Stereoscopic Cosmetic Bag,Beauty & Health
,,2.5,4.0,1.0,#9 Best Sellers,in Individual Eyelashes,8-15mm Premium Volume Individual Eyelash Extensions,Beauty & Health
,,3.7,5.0,1.0,#6 Best Sellers,in Eyelashes,120D/100D/80D Fluffy Lash Clusters Kit Thick Cluster Eyelash Extensions Individual Lashes Faux Mink Eyelash Clusters D Curl 10MM/12MM/14MM/16MM/18MM Lash Extension Dramatic Eyelash Extensions Eyelashes Clusters,Beauty & Health
,1.8k+ sold recently,10.4,4.0,1.0,,,"Lash Extension Kit DIY 590pcs Lash Clusters Eyelash Extension Kit, 8-16mm Mix 30D 40D 50D 60D 80D 100D Curl Individual Lashes Kit With Lash Bond And Seal, Remover ,Lash Tweezers For Self   Use",Beauty & Health
,2.9k+ sold recently,1.1,8.0,13.0,,,"Elevate Your Style With 24pcs Pink Long Square French Fake Nails With Love Design, Nails Tool & 1pc Nail File & 1Nail Glue Sticker Kit Nails For Girl Mother Women Gift And Nails Supplies &Wholesale ,Whitening Nail Art Set With Detachable Fake Nails For Festival, Party, Date And Daily Wear Press On Nails",Beauty & Health
,2.9k+ sold recently,14.5,4.0,5.0,,,"1Pc Black Classified Storage Large Capacity Multi-Function Travel Makeup Bag For Women Girls,Makeup Bag Makeup Pouch Skincare Bag Toiletry Bag Packing Cubes,Travel Essentials Cruise Essentials Dorm Essentials,Wedding Bridesmaid Gifts,Mom Gifts,Birthday Gifts,Gifts For Friends And Teachers,Home Decor,Bathroom Livingroom Bedroom Decor,Bathroom Organizer,Jewelry Organizer,Lip Oil Organizer,Nail Polish Organizer Storage Makeup Organizer Makeup Case",Beauty & Health
,400+ sold recently,0.96,36.0,1.0,,,"1Pc Makeup Brush Storage Mesh Transparent Pencil Case Stationery Bag Stationery Bag Simple Large Capacity Pencil Casemakeup Bag Makeup Pouch Skincare Bag Toiletry Bag Packing Cubes,Travel Essentials Cruise Essentials Dorm Essentials,Wedding Bridesmaid Gifts,Mom Gifts,Birthday Gifts,Gifts For Friends And Teachers,Home Decor,Bathroom Livingroom Bedroom Decor,Bathroom Organizer,Jewelry Organizer,Lip Oil Organizer,Nail Polish Organizer",Beauty & Health
,2.6k+ sold recently,1.7,6.0,1.0,,,"10ML Arab Perfume, Rose Fragrance, A Must For Girls, Good Smell, Lasting Fragrance, Exotic Fragrance, Gifts For Valentine's Day, Students Can Use To Attract Men To Pursue Romance",Beauty & Health
,1.1k+ sold recently,2.9,3.0,4.0,,,"1Pc Black And White Checkerboard Large Capacity Portable Travel Storage Makeup Bag For Women Girls,Makeup Bag Makeup Pouch Skincare Bag Toiletry Bag Packing Cubes,Travel Essentials Cruise Essentials Dorm Essentials,Wedding Bridesmaid Gifts,Mom Gifts,Birthday Gifts,Gifts For Friends And Teachers,Home Decor,Bathroom Livingroom Bedroom Decor,Bathroom Organizer,Jewelry Organizer,Lip Oil Organizer,Nail Polish Organizer Storage Makeup Organizer Makeup Case",Beauty & Health
,1.7k+ sold recently,2.1,9.0,1.0,,,3Pcs Moisturizing  Lipstick - Tinted Lip Balm Set High Shine Finish Moisturizing Non-Sticky Party Lipstick,Beauty & Health
,600+ sold recently,3.6,3.0,7.0,,,"10 Pcs Pink Colorful Clip-In Hair Extensions For Women - Perfect For Daily Wear, Parties, Costumes, And Cosplay - Straight Hair Pieces In Highlight Shades - Y2K Style, Girls Princess Party Highlight Colorful Straight Hair Extensions Clip-In Costumes Hairpiece For Girls 22inch",Beauty & Health
,2.7k+ sold recently,2.1,9.0,1.0,,,"New Natural 8d Faux Mink Eyelashes, Super Thick, Soft, Fluffy, Dramatic, Full Eyelashes, 7pairs/Pack",Beauty & Health
,90+ sold recently,1.6,6.0,1.0,,,24pcs/Set Short French Flowers Sweet Little Fresh Style Design Fake Nails Suitable For Girls/Women's Daily Life.  Summer Beach Party.  Etc. + 1pc Jelly Gel + 1pc Nail File.  Press On Nails Nail Supplies,Beauty & Health
,1.6k+ sold recently,3.8,3.0,1.0,,,"Sanliou Cartoon Cute , Melody Air Cushion Comb Coolomi Handheld Comb 4 Colors Available Suitable Gift For Girls",Beauty & Health
,500+ sold recently,7.8,4.0,1.0,,,"Glow Serum Propolis And Niacinamide Hydrating Facial Serum Korean Moisturizer Glow Up, Uneven Skin Tone Korean Skin Care 30ml, 1 Fl.Oz",Beauty & Health
,4.5k+ sold recently,1.7,6.0,4.0,,,"1pc Quick Makeup Precise Waterproof Smudgeproof Liquid Eyeliner Pen, Smooth & Fast Drying",Beauty & Health
,200+ sold recently,6.2,50.0,1.0,,,HAIRCUBE 14 Inch Wavy Wigs With Bangs Brown Highlight Wavy Wigs For Women Synthetic Wigs For Daily Party Use,Beauty & Health
,50+ sold recently,2.6,4.0,1.0,,,"Acrylic Floor-Standing Cosmetic Storage Shelf Organizer With Movable Small Cart, For Bedroom, Dorm, Bathroom Etc.",Beauty & Health
,5.9k+ sold recently,1.8,18.0,11.0,,,5Ml Metallic Painting Liner Gel Polish Super Bright Gold Mirror Gel Nail Polish Semi Permanent Lines French Nail Metal Painted Drawing Striper Gel Polish,Beauty & Health
,500+ sold recently,1.7,6.0,1.0,,,24pcs Short Square Fake Nails Independence Day Simple Dot Love Press On Nails Wearable False Nail For Women New Year Gift,Beauty & Health
,100+ sold recently,1.4,7.0,1.0,,,"20/50/80/100pcs Triangle-Shaped Short Plush Dry And Wet Powder Puff, Double-Sided Super Soft Velvet Makeup Sponge, Black",Beauty & Health
,300+ sold recently,1.8,0.0,1.0,,,"1pc Black Eye Cover, Minimalist Satin Sleep Mask For Home",Beauty & Health
,1.9k+ sold recently,0.9,53.0,8.0,,,Instantly Upgrade Your Look With 24pcs Middle Square Pink Sparkling Loose Powder White French Line Pink Rose Flower Full Cover Detachable Push Fake Nail For Women And Girls For Women And Girls Nail Salon With 1 Piece Of Jelly Gel And 1 File Strip Press On Nails Supplies,Beauty & Health
,30+ sold recently,10.6,3.0,1.0,,,"Ionic Hair Straightener, Professional Mini Straightening & Curling Iron With Thin Plates, 2-In-1 Flat Iron Styling Tool, Electric Ionic Hair Straightener Comb For Salon",Beauty & Health
,200+ sold recently,5.4,4.0,1.0,,,"1pc/60ml Body Juice Oil, Massage And Relax, Moisten And Moisturize The Skin, Nourish The Whole Body, Unique Flavor, Warm Tips (Taste Light) The Taste Is Not So Strong",Beauty & Health
,7.3k+ sold recently,2.2,4.0,1.0,,,"HANDAIYAN Waterproof, Not Easy To Fade And Faint Color Brow Dye Makeup Cos Special Ultra High Chroma Capacity 3g",Beauty & Health
,1.2k+ sold recently,3.99,33.0,20.0,,,SHEGLAM 12hr Full Coverage Concealer,Beauty & Health
,1.9k+ sold recently,1.5,0.0,5.0,,,HANDAIYAN Matte Velvet Lip Gloss Liquid Mouth Red Lip Glaze Single Rose Lip Gloss Net Content 2.5ml,Beauty & Health
,900+ sold recently,1.4,7.0,1.0,,,"HANDAIYAN Matte Lip Gloss, Long-Lasting, Non-Stick, Non-Fading, Daily Use NET CONTENT :2.5ml",Beauty & Health
,200+ sold recently,1.9,0.0,1.0,,,SHEIN BASIC LIVING 1pc Shampoo Massage Hair Brush Black Friday,Beauty & Health
,4.9k+ sold recently,3.1,6.0,1.0,,,"Faux Pearl Square Makeup Bag Black Friday,Makeup Bag Makeup Pouch Skincare Bag Toiletry Bag Packing Cubes,Travel Essentials Cruise Essentials Dorm Essentials,Wedding Bridesmaid Gifts,Mom Gifts,Birthday Gifts,Gifts For Friends And Teachers,Home Decor,Bathroom Livingroom Bedroom Decor,Bathroom Organizer,Jewelry Organizer,Lip Oil Organizer,Nail Polish Organizer Storage Makeup Organizer Makeup Case",Beauty & Health
,60+ sold recently,4.2,5.0,1.0,,,12pcs Multi-Functional Eye Makeup Brush Set With Storage Pouch,Beauty & Health
,3.1k+ sold recently,1.4,7.0,5.0,,,6 Grids Round Pink Nail Pearl Mixed Size Lovely Pink Beads DIY Jewelry Nail Charms Resin Stunning Decoration Nail Art Accessories Nail Gems Nail Supplies,Beauty & Health
,3.6k+ sold recently,12.1,4.0,5.0,,,"MAANGE 30pcs Professional Makeup Brush Set With Velvet Bag, Makeup Tools With Soft Brush Hair For Easy Carrying,Foundation Brush,Eye Shadow Brush,Blending Brush,Eyebrow Brush,Brush Set For Travel",Beauty & Health
,40+ sold recently,8.2,0.0,1.0,,,"4/7/9/18/25/28 Pieces Set, Transparent Acrylic Storage Box, Desktop Drawer Organizer Set, Home Office Supplies And Miscellaneous Organizer, Cosmetic Storage Categorized Storage Small Box, Multi-Functional Cosmetic Small Objects Organizer",Beauty & Health
,,1.36,20.0,4.0,#2 Best Sellers,in Nail Glitter Powder,Black Friday 6 Grids Mirror Glitter Dipping Dust For Nails Fairy Shining Powder Chameleon Rubbing Chrome Pigment Dust Manicure Decoration,Beauty & Health
,1.8k+ sold recently,1.6,11.0,1.0,,,"Upgrade Your Look With 24pcs Short European-Style Glossy Smile Face, Flower, Orange, Cute, Simple, Heart, French Style, Wearable Nails With Detachable False Nails, Full Cover Manicure Set, Suitable For Parties, Dance, And Daily Wear Press On Nails Nail Supplies",Beauty & Health
,,1.02,27.0,1.0,#5 Best Sellers,in Trending Essential Oils,"1 Bottle 10Ml Water-Soluble Aromatherapy Essential Oil Refill, With 10+ Scents Including Lavender, Lily, Vanilla, Rose, Soothes Sleep And Freshens Air, Suitable For Humidifier",Beauty & Health
,200+ sold recently,4.8,8.0,1.0,,,1Box(60pcs) Alloy Bowknot Heart Teddy Bear Moon Cross Starburst Nail Art Decoration With Rhinestones DIY Nail Charms Nail Gems Nail Supplies,Beauty & Health
,400+ sold recently,1.6,0.0,1.0,,,"1pc Eye Detail Bath Headband & 2pcs Bath Wrist Band, Cute Hair Band, Creative Polyester Facial Makeup Headband & Wrist Wash Band Set For Bathroom, Plush Wristband With Coral Fleece Sweatband For Face Washing/Sweating, Waterproof Hair Band For Spa Treatment",Beauty & Health
,1.0k+ sold recently,1.2,50.0,6.0,,,Makeup brush 10 pcs makeup brush set professional faux crystal handle premium synthetic kabuki foundation blend face powder blush concealer contour eyeshadow brush Black Friday,Beauty & Health
,3.6k+ sold recently,0.95,27.0,1.0,,,Upgrade Your Look With 24pcs Long Coffin Butterfly Pattern Full Cover Fake Nail Set Press On Nails Nail Supplies,Beauty & Health
,100+ sold recently,3.35,50.0,1.0,,,Short Jet Black Synthetic Wigs For Women Middle Part Straight Hair Heat Resistant Bob Wigs Afro Female Natural Daily Cosplay Wig,Beauty & Health
,1.1k+ sold recently,1.1,8.0,1.0,,,Black Friday 10pcs Rhinestone Decor Heart Shaped Nail Art Decoration DIY Nail Charms Nail Gems Nail Supplies,Beauty & Health
,300+ sold recently,5.6,5.0,1.0,,,"50ml Rose Lychee Body & Hair Fragrance Mist, Travel Size Long Lasting Perfume Spray",Beauty & Health
,100+ sold recently,1.0,50.0,1.0,,,"10D 30D 50D 80D 200 Pieces DIY Cluster Segmented Eyelashes Eyelashes For Home Fake Eyelashes, Extension At Home , Suit For Personal DIY Lashes",Beauty & Health
,1.4k+ sold recently,2.3,4.0,9.0,,,"1pc/Set Colorful Graffiti Travel Luggage Suitcase Organizer Set Cosmetic Makeup Bag Large Capacity Casual Printed Toiletry Bag Eyebrow Pencil Tool Pouch Storage Bag, Suitable For Women Traveling, Camping And Cosmetics Storage, And Can Be Used As A Gift To Your Friends And Teachers. Beach Bag, Home Decoration, Bathroom Living Room Bedroom Decoration, Bathroom Organizer, Jewelry Organizer, Lip Balm Organizer, Nail Polish Organizer",Beauty & Health
,30+ sold recently,3.5,10.0,1.0,,,"1pc [Sanrio Official]Kawaii Pill Storage Box With Cinnamoroll, Hello Kitty, My Melody, Kuromi, Pochacco Patterns, Lightweight Square Plastic Medicine Storage Box With Grids Sanrio,Sanrio Hello,Hello Kitty,Kuromi,Sanrio Hello Kitty,Sanrio Kuromi,Sanrio Officially,Sanrio Melody,Sanrio Officially Licensed,Sanrio Sakura,Sanrio Cartoon,Sanrio Characters,Sanrio Kawaii,Sanrio Cute,Women Sanrio,Sanrio Sanrio,Character Sanrio, Sanrio Stuff",Beauty & Health
,100+ sold recently,10.4,4.0,1.0,,,"100ml Yara Fragrance Long-Lasting Arabian Style Perfume Spray For Women & Men, With Premium Gift Box, Ideal For Festivals",Beauty & Health
,3.7k+ sold recently,2.99,14.0,4.0,,,SHEGLAM Better Brows Long Lasting Eyebrow Pencil-Auburn Waterproof Automatic Eyebrow Pen Easy To Color Silky Smooth Natural Shaping Outlining Filling Eyebrow Makeup,Beauty & Health
,1.3k+ sold recently,1.6,6.0,1.0,,,"Uv-Resistant Gel Manicure Gloves Professional Protective Gloves For Nail Art, Elastic Fingerless Gloves For Home And Outdoor Use",Beauty & Health
,1.4k+ sold recently,9.49,14.0,30.0,,,SHEGLAM Skinfinite Hydrating Foundation-Almond Flawless Dewy Foundation Hydrating Coverage Invisible Pore Concealer Pore-less Non-Greasy Lightweight Natural Soft Liquid Foundation Black Friday Winter  Foundation,Beauty & Health
,4.7k+ sold recently,2.1,5.0,4.0,,,"Highlight Contour Stick,1Pc Long-Wearing Brightening Shadow Waterproof Contour Cream Pearlescent Silkworm Nose Shadow Contouring Stick Contour Wand",Beauty & Health
,10+ sold recently,0.34,80.0,1.0,,,"60pcs 3D Odorless Colorful Red Beetle Rhinestone Resin Decals Nail Art Rhinestones For DIY Wedding Crafts Kawaii Flatback Cartoon Insects Suitable For Luxury Nail Art, Crafts And Jewelry Accessories Rhinestone Decorations DIY Accessories Supplies Nail Charms Nail Supplies Nail Gems Four Seasons Styles",Beauty & Health
,2.5k+ sold recently,1.6,6.0,1.0,,,"Lying Silkworm Pen, 1Pc Glitter Sequin Long Lasting Smudge Proof Eye Makeup Product For Party",Beauty & Health
,3.5k+ sold recently,1.7,6.0,1.0,,,3ml Nail Rhinestone & False Nail Adhesive Glue 5pcs/Set Long Lasting Quick Dry High Viscosity Glue For Rhinestone Decoration Or False Nails Application,Beauty & Health
,,1.1,8.0,1.0,,,Black Friday 1box Moon & Star Design Nail Art Decoration,Beauty & Health
,,14.9,6.0,1.0,#4 Best Sellers,in Skin Care Sets,"1Set 5pcs Brightening LAIKOU Milk Skincare Set, (UV-Protective SPF50 Sunscreen Lotion 50g & Non Irritating Face Cleanser 80g & Lightening Dark Circles Eye Cream 20g & Smooth Wrinkle Face Cream 55g & Whitening Moisturizing Face Lotion 55g) Improves Overall Completion Skin Care Gift Boxes Spa Gift For Women & Girl",Beauty & Health
,1.7k+ sold recently,4.99,17.0,7.0,,,SHEGLAM Snatch 'n' Define Stick-Tawny Amber Cream Contour Stick Long Lasting Highly Pigmented Sweat Proof Bronzer Sculpting Lightweight Smooth Natural Contour Face Makeup Black Friday Party Contour & Bronzer,Beauty & Health
,1.8k+ sold recently,2.9,3.0,1.0,,,"1pc Soft Absorbent Wide Stripe Bath Towel, Non-Shedding Thickened Towel, Shower Towel Suitable For Bathroom, Gym, Hotel, Living Room Home Bedroom Bathroom House Decor, Travel Stuff, Wedding, Party, Birthday, Gifts For Men Mom Dad Friends, New Years, Accessories, Funny Gift",Beauty & Health
,,3.2,3.0,1.0,#7 Best Sellers,in Facial Serum,"AHA 30% + BHA 2% Peeling Solutions, 30% AHA Glycolic Acid Peel With Lactic Acid Aloe Vera,Moisturizing, Nourishing, Anti-Aging, Brightening, Soothing, Skin Smooth And Tender,Facial Exfoliator Exfoliating Peel Serum For Acne Dark Spot Shrink Pore Fine Line Wrinkle,Suitable For Women And Men, Travel And Holiday Gifts, Skin Care And Facial Skin Care",Beauty & Health
,8.7k+ sold recently,1.7,6.0,1.0,,,Turmeric Slimming Hot Cream Body And Abdomen Fat Burning Weight Loss Anti-Cellulite Slimming Cream Body Shaping Massage Loss,Beauty & Health
,1.6k+ sold recently,2.0,5.0,9.0,,,"Elevate Your Style With, 24Pcs/Set Square Pink French Press On Nails Tip 3D Bow With Rhinestones Design Acrylic False Nails ,Contain 1pc Jelly Glue And 1pc Nail File, Suitable Gifts For Women And Girls Nail Supplies",Beauty & Health
,2.6k+ sold recently,2.5,7.0,1.0,,,60ML Nail Cuticle Remover Softener Manicure Gel Exfoliating Pedicure Softening Dead Skin Remover,Beauty & Health
,10k+ sold recently,5.1,9.0,20.0,,,"2pcs 15ml Gel No Wipe Top Coat & Base Coat set , Shine Finish and Long Lasting ,For Home Salon Nail Art DIY",Beauty & Health
,100+ sold recently,2.1,9.0,1.0,,,"96pcs(Black French/White French/Flower/French) Short Square Press On Toenails Designed Press On Toenails Full Cover, 4 Glossy False Toenails For Feet, French Design Fake Toenails For Summer Nail Art Set For Women And Girls With Re-Usable Storage Box Nail Supplies",Beauty & Health
,1.3k+ sold recently,1.72,28.0,1.0,,,"16pcs Makeup Tools Set. Consists Of 4pcs Triangle Loose Powder Puff, 4pcs Makeup Sponge, 4pcs Mini Makeup Sponge, 4pcs Mini Air Cushion Powder Puff. Made Of Ultra-Soft Velvet, Designed For Shaping, Eye And Corner Areas. Beauty Blender Foundation Mixing Container. Foundation Mixing Beauty Sponge, Flawless For Liquid, Cream, And Powder. Multicolor Makeup Sponge, Latex-Free Dual-Use Foundation Cream, Suitable For All Skin Types. Includes Air Cushion Powder Puff, Latex-Free Mix Sponge, And Makeup Puff, For Liquid Foundation, Foundation, And Concealer. Suitable For All Skin Types, Beauty Gift Set",Beauty & Health
,800+ sold recently,1.95,37.0,5.0,,,1pc Portable Mini Zipper Cosmetic Bag Sanitary Napkin Storage Pouch Puffer Makeup Bag Make Up Organizer Toiletry Bag Makeup Storage Mini Bag Sanitary Bag Period Bag Mini Makeup Bag Pad Bag Sanitary Pouch Napkin Bag Coin Purse,Beauty & Health
,40+ sold recently,6.65,50.0,1.0,,,Short Dreadlock Wig For Women And Men Afro Faux Locs Dreads Wig Heat Resistant Short Braided Wigs For Black Women,Beauty & Health
,1.8k+ sold recently,1.5,6.0,1.0,,,Upgrade Your Look With 24pcs Short Square White French Style Fake Nail & 1pc Nail File & 1sheet Nail Tape French Tip Press On Nails Nail Supplies,Beauty & Health
,300+ sold recently,0.65,59.0,1.0,,,24pcs Short To Medium Square Shaped Light Blue French Butterfly Design Nail Art-Set With Gold Thread And 1pc Cuticle Pusher & 1pc Jelly Gel Press On Nails Nail Supplies,Beauty & Health
,1.7k+ sold recently,1.7,6.0,1.0,,,"Bachelorette Party Tattoos - Bride Tribe, Maid Of Honor - 24 Metallic Styles - Bridal Shower Favor And Decorations Gold",Beauty & Health
,200+ sold recently,1.38,31.0,1.0,,,"30Pcs English Word And Sentence Temporary Tattoo, Body Arm Wrist Ankle Art Fake Tattoo Sticker Black Friday",Beauty & Health
,800+ sold recently,2.43,57.0,1.0,,,"30ml 1fl.Oz Robot Perfume For Men, Eau De Toilette Spray, Refreshing And Long Lasting Fragrance With Spicy Woody Notes, Orange, Rose, Patchouli Fragrance, Cologne Perfume For Dating And Daily Life,A Perfect Gift For Him VL3003-4",Beauty & Health
,400+ sold recently,1.9,5.0,1.0,,,"1pc Contour Brush Angled Face Contouring Brush, Ultra Soft and Dense Synthetic Makeup Brush Black Friday",Beauty & Health
,3.5k+ sold recently,1.35,36.0,16.0,,,"24pcs Long Coffin Shaped Nail Tips With Rhinestone Chain Decor, Includes 1 Nail File & 1 Jelly Gel Press On Nails Nail Supplies",Beauty & Health
,1.5k+ sold recently,1.3,7.0,1.0,,,1Pc Nude Color Gel Nail Polish Nail Art Varnishes Gel Lacquer Coat Led Nails Manicure Design Uv Gel Varnish Soak Off Nail Design Decoration Gift,Beauty & Health
,100+ sold recently,15.8,0.0,1.0,,,"1pc Acrylic Rotating Cosmetic Storage Rack, Transparent Organizer For Skincare And Make-Up, Suitable For Dorm And Bedroom",Beauty & Health
,1.5k+ sold recently,0.45,65.0,1.0,,,"1pc 3d Soft Gel Art Nail Sticker For Women, With Jelly Texture Star, Moon, Heart, And Cloud Shapes With Gold Foil Decor Nail Stickers DIY",Beauty & Health
,1.8k+ sold recently,6.8,12.0,1.0,,,"Boho Patch SPF Bag Clear Makeup Letter Bag, Waterproof Zipper Make Up Bag Toiletry Pouch For Women Girls, Clear Letter Patch Cosmetic Bag Transparent Organizer Pouch For Travel Back To School Bathroom Dorm Essentials Travel Essentials For Makeup Tools Makeup Bag Organizer Makeup Organiser Makeup Storage Makeup Holder Cosmetic Bag Cosmetic Storage Organizer Cosmetics Bags Cosmetic Organiser",Beauty & Health
,,5.2,4.0,1.0,#8 Best Sellers,in Hair Care & Styling,1pc Leoyol 1.7Oz / 50ml K18 Leave In Hairscience Molecular Repair Hair Mask,Beauty & Health
,,3.4,26.0,5.0,#1 Best Sellers,in Human Toppers & Bangs,Human Hair Air Bangs With Sideburns 1B Bangs Clip In Hair Extension Beginner Friendly Wear Real Easy To Wear Natural Black Color,Beauty & Health
,2.5k+ sold recently,5.9,50.0,7.0,,,"Natural Messy Medium Length Curly Hair,  Synthetic Wig, Suitable For Daily Gatherings And Halloween Wigs",Beauty & Health
,2.1k+ sold recently,1.4,13.0,4.0,,,"Upgrade Your Look With 24pcs Medium Length Almond Shaped Stylish Pink & Purple Ombre Glitter Shiny And Glossy Fully Covered Manicure Set, Perfect For Parties, Dances And Daily Wear Press On Nails Nail Supplies",Beauty & Health
,,5.52,35.0,1.0,#10 Best Sellers,in Primer,SHEGLAM Birthday Skin Oil-Control Primer,Beauty & Health
,,1.8,5.0,1.0,#6 Best Sellers,in Individual Eyelashes,"60pcs Cluster Lashes, 10D 8-12mm Mix C Curling Individual Lashes Extensions , Soft And Natural False Eyelashes DIY Lashes Extension,Natural Look Professional Makeup Tool 8-12mm DIY Lahses",Beauty & Health
,4.4k+ sold recently,6.99,13.0,1.0,,,SHEGLAM Sunkissed Body Highlighter - ErosÂ  LiquidÂ  HighlighterÂ  LiquidÂ  Shimmer Long Wear BrighteningÂ  Glow Body Highlighter Black Friday Party Y2K Highlighter,Beauty & Health
,6.0k+ sold recently,1.04,20.0,16.0,,,Get Glamorous With 24pcs Long Almond Solid Green Leaf Pattern Leaf Pattern Fake Nail & 1pc Nail File & 1sheet Tape Press On Nails Nail Supplies,Beauty & Health
,100+ sold recently,1.4,0.0,1.0,,,1pc Adjustable Wig Band,Beauty & Health
,,2.6,7.0,1.0,#4 Best Sellers,in Braiders & Rollers,"Jumbo Hair Curlers Rollers 2.56in 12pcs/Set Self-Grip Rollers Kit With 6Rollers And 6Clips, Salon Quality Curlers For Diy Hairstyling, Heatless Rollers",Beauty & Health
,1.0k+ sold recently,1.2,8.0,9.0,,,"24pcs Long Square Solid Color Press On Nails, Pure White Simple Style, Wearable False Nails With 1pc Nail File And 1pc Jelly Glue Sheet Nail Supplies",Beauty & Health
,500+ sold recently,13.2,4.0,1.0,,,"Jelly Mask Powder For Face, Hyaluronic Acid Moisturizing Jelly Mask, Moisturizing, Firming, Deep Cleaning And Smoothing Skin, And Professional Peeling Hydrogen Mask Powder 23 Fl.Oz",Beauty & Health
,6.6k+ sold recently,1.3,7.0,1.0,,,XEIJAYI 1Pc 10ml Solid Nail Tips Gel Solid Sticker Nail Tips Adhesive Glue Patch Super Sticky Adhesive Glue UV Gel Nail Art Quick-Dry Strong Sticking False Nail Tips Acrylic Glue,Beauty & Health
,100+ sold recently,1.7,0.0,1.0,,,"1pc Plain Exfoliating Glove, Two Tone Bath Exfoliating Mitt For Bath Shower",Beauty & Health
,60+ sold recently,3.3,50.0,4.0,,,"Fashion  Short Curly Ponytail, 12 ""Natural Drawstring, Two Clips, Synthetic African Female",Beauty & Health
,,1.7,6.0,1.0,#2 Best Sellers,in Moisturizers,Ginger Body Slimming Cream Fat Burning Cream Losing Weight Massage Anti Cellulite Cream,Beauty & Health
,4.3k+ sold recently,2.9,6.0,36.0,,,"1pc 15ml Gel Nail Polish,Dark blue Y2K nail polish Long-lasting Soak Off LED/UV Quick-Drying Nail Art Design Christmas Day Gifts for Women",Beauty & Health
,1.9k+ sold recently,29.99,0.0,1.0,,,"Lattafa Perfumes Yara For Women EDP 100ML (3.4 OZ) By Lattafa, A Scent Of Timeless Beauty And Femininity For Modern Women",Beauty & Health
,600+ sold recently,1.3,7.0,8.0,,,"24pcs Short Square Solid Color False Nails, Blue & White Cartoon Style Minimalist Design,Comes With A Piece Of Jelly + A Nail File (Nail File Color Is Random) Press On Nails Nail Supplies",Beauty & Health
,300+ sold recently,4.4,10.0,1.0,,,Yoni Bar Natural Handmade Bath Soap Seductive Secret Of Intimate Care Strawberry & Peach Flavors For Private Areas Daily Care Hydrating Firming & Rejuvenate For Women 100G,Beauty & Health
,1.7k+ sold recently,1.37,19.0,1.0,,,"Liquid Eyeshadow, Pearl Sequin Glitter Powder Eye Shadow Brightening Eyeshadow",Beauty & Health
,,27.46,16.0,1.0,,,"Morovan Acrylic Nail Kit, All Inclusive - Acrylic Full Gel Nail Kit, 6W With UV Light, Acrylic Nail Powder, Acrylic Gel Nail Extension, Suitable For Beginners",Beauty & Health
,200+ sold recently,1.93,23.0,1.0,,,"A Large Capacity Makeup Storage Bag That Meets Your Needs And Is Beautiful And Convenient,Makeup Bag Makeup Pouch Skincare Bag Toiletry Bag Packing Cubes,Travel Essentials Cruise Essentials Dorm Essentials,Wedding Bridesmaid Gifts,Mom Gifts,Birthday Gifts,Gifts For Friends And Teachers,Home Decor,Bathroom Livingroom Bedroom Decor,Bathroom Organizer,Jewelry Organizer,Lip Oil Organizer,Nail Polish Organizer Makeup Bag Storage Makeup Organizer Makeup Case",Beauty & Health
,800+ sold recently,1.46,48.0,1.0,,,"Nylon Needle Shaped Hair Brush, 1pc, For Removing, Separating, Shaping, And Defining Wet Or Curly Hair, Easily Passes Through Tangles (Medium) Black Friday Comb",Beauty & Health
,,1.3,7.0,4.0,#4 Best Sellers,in Concealer,"High Coverage Concealer, 1Pc Nourishing Liquid Foundation Tube Concealer Nourishing Foundation For Under Eye Dark Circles",Beauty & Health
,1.9k+ sold recently,1.3,7.0,1.0,,,24pcs Gradient Pink Design Almond DIY Press-On Nails With 3D Pink Bowknot - Perfect For Spring & Summer Gift For Women And Girls Nail Supplies,Beauty & Health
,,5.81,32.0,1.0,#7 Best Sellers,in Mascaras,SHEGLAM All-In-One Volume & Length Mascara-Washable Black 2 In 1 Double Head Brush Easy To Remove No Smudge Curling Separation ThickÂ  Black Mascara Eye Makeup Black Friday Party Mascara,Beauty & Health
,600+ sold recently,5.49,21.0,1.0,,,SLOWSUNDAYâ¢ Micropoint Blemishes Patch,Beauty & Health
,500+ sold recently,1.7,6.0,1.0,,,"7pcs Multifunctional Eye Makeup Brush Set, Including Professional Tools Such As Contour Brush, Blending Brush, Nose Shadow Brush, Under Eye Brush, Eyeliner Brush",Beauty & Health
,500+ sold recently,2.3,4.0,4.0,,,"Light Warm Brown Root Cover Up Powder, Instantly Hair Coverage Hairline Powder Shadow Powder For Fills In Thinning Hairline With Soft Sponge Applicator Puff ,  Matching Mirror  Makeup Tool",Beauty & Health
,3.4k+ sold recently,3.6,8.0,1.0,,,"Face Lift Bandage,1Pc Facial Massage Bandage Face Lift Tpu Far Infrared Facial Lift Tape Face Slimming Bandage",Beauty & Health
,70+ sold recently,9.6,0.0,1.0,,,"K.SKIN KSKIN Mini 2 In 1 Hair Straightener Hair Curler, Tourmaline Ceramic Hair Straighter With Smart Constant Temperature Setting, Portable Hair Styling Tools 1pc",Beauty & Health
,300+ sold recently,2.9,6.0,1.0,,,20Pcs Nail Brushes Set Professional Nail Supplies For Acrylic Uv Gel Drawing Dotting Manicure Nail Art Design Tools Makeup Accessorie Nail Art Decorations Brush Diy,Beauty & Health
,600+ sold recently,5.35,50.0,9.0,,,7JHHWIGS Ombre Rose Red Wig Short Straight Bob Wigs With Bangs Dark Root Synthetic Heat Resistant Fiber Hair Wigs Cute Colored Wig For Women Daily Party Use 12 Inch,Beauty & Health
,7.5k+ sold recently,1.9,10.0,9.0,,,24PCS Long Square Press On Nails White French 3D Butterfly Diamond Embellishments With Camellia Flower Fake Nails White Gradient False Nails For Women And Girls,Beauty & Health
,1.8k+ sold recently,7.28,20.0,1.0,,,LIMEGIRL Monomer Acrylic Nail Liquid 75ml 2x2.5oz For Acrylic Powder - Professional Acrylic Liquid-Free Non-Yellowing Formula Acrylic Liquid Monomer Nail Kit For Acrylic Nail Extension,Beauty & Health
,,3.67,26.0,1.0,#7 Best Sellers,in Eyeliners,SHEGLAM Wing It Waterproof Liner Duo - Black 2 In 1 Waterproof Liquid Eyeliner Wing Stamp Pen Cat Eye Smudge-Proof Long Lasting Ultra-Fine Winged Eyeliner Black Friday Party Eyeliner,Beauty & Health
,,2.8,10.0,1.0,#1 Best Sellers,in Nail Glitter Powder,Get Glamorous With 1 Bottle 0.3g Nail Magic Mirror Powder Y2K Mirror Sky-Themed Moonlight Powder/Glitter Suitable For Spring & Summer Travels/Women And Girls/Home DIY Nail Salon For Professionals.,Beauty & Health
,2.6k+ sold recently,2.5,4.0,8.0,,,"10pairs Natural Crossed Eyelashes With Cat Eye Effect And Extended Ends, Essential For Daily And Dating Makeup",Beauty & Health
,200+ sold recently,0.32,73.0,1.0,,,22pcs Red Toe Gel Pads With 1pc Nail File For Women Nail Stickers DIY,Beauty & Health
,100+ sold recently,1.44,10.0,6.0,,,"1pc Plush Sleep Faux Silk Eye Mask, Soft Breathable Light-blocking Eye Mask For Afternoon Nap And Tie-dye Style/blue Gradient",Beauty & Health
,2.2k+ sold recently,7.9,4.0,1.0,,,"Men Cologne, Fresh And Mild Fragrance Perfect For Daily, Work And Social Occasions, 100ml/3.4oz",Beauty & Health
,700+ sold recently,12.8,12.0,4.0,,,Beige Waterproof PU Leather Multifunctional Makeup Bag Double-Layer Large Capacity Portable Travel Cosmetic Bag Toiletries Storage Bag With Handle For Woman Dividers PU Makeup Bag Brush Storage Bag Men Business Wash Bag,Beauty & Health
,300+ sold recently,1.3,7.0,4.0,,,"24pcs Square Faux Nails Set, Including Light Blue French Style Square Nails, Pink Square Nails, Blue French Nails, Nail File And Jelly Glue Press On Nails Nail Supplies",Beauty & Health
,50+ sold recently,3.3,3.0,1.0,,,"13pcs Makeup Brush Set & 1pc Storage Bag,Premium Synthetic Hair  Eyeshadow Blending Brush Sets Cosmetics Tools For Face And Eyes",Beauty & Health
,700+ sold recently,1.1,0.0,1.0,,,1pc Eyeshadow Brush Black Friday,Beauty & Health
,900+ sold recently,1.2,0.0,1.0,,,"1pc Finger Tip Makeup Brush Kit For Concealer, Nose Contour, Highlight, Soft Cosmetic Tool",Beauty & Health
,,5.0,4.0,1.0,#2 Best Sellers,in Wig Caps & Tools,"4-Piece Set Hair Wax Stick, Edge Brush, Hair Tail Comb , Hair Wax Stick For Wig, Hair Smooth Stick For Edge Control Of Hair Styling, For Weaving Hair",Beauty & Health
,200+ sold recently,5.7,50.0,1.0,,,"Women's Fashionable Short Curly Black 12-Inch Synthetic Fiber Wig, Suitable For Daily Wear",Beauty & Health
,4.3k+ sold recently,2.9,9.0,7.0,,,"15pcs Nail Art Brush Set Including Uv Gel Nail Polish Brush, Acrylic Nail Brush And Other Manicure Tools",Beauty & Health
,3.5k+ sold recently,3.49,13.0,1.0,,,SHEGLAM Pro-Flex Angled Eyeliner Black Highly Pigmented Matte Beginner Eyeliner Pencil Quick Drying Ultra-Fine Waterproof And Sweatproof Beginner Blendable Smooth Eye Make Up,Beauty & Health
,800+ sold recently,2.87,1.0,1.0,,,"3pcs PVC Cosmetic Bag Set, Makeup Organizer, Waterproof Toiletry Pouch, Portable Cosmetic Storage Bag, Large Capacity Storage, Ideal For Home And Travel, Party Supplies, Festival Gifts",Beauty & Health
,1.4k+ sold recently,1.1,0.0,1.0,,,1pc Lip Patterned Nail Sticker Nail Stickers DIY,Beauty & Health
,40+ sold recently,13.7,26.0,5.0,,,1Pc Ribbon Tie Wrap Around Straight Ponytail Human Hair Extension Natural Black Extensions For Women Daily Use Easy To Wear,Beauty & Health
,,6.25,50.0,4.0,#10 Best Sellers,in Synthetic Woven Wigs,14 inch Blonde Curly Wigs 70s Kinky Brown Mixed Blonde Afro Wigs for women Synthetic Afro Curly Blonde Wigs for Women,Beauty & Health
,200+ sold recently,1.9,5.0,1.0,,,1pc 10ml Jelly Crystal Gel Nail Polish Translucent With Sheer Ice Clear Effect - Soak Off UV/LED - Perfect For DIY Manicures,Beauty & Health
,600+ sold recently,2.3,8.0,6.0,,,"1pc Vintage Style Nail Art Color Palette, Shell Crown Frame Nail Polish Gel Color Mixing Plate, Nail Display Tool",Beauty & Health
,100+ sold recently,2.06,24.0,1.0,,,"1pc Portable Double-Sided Small Mirror, Corrugated Mirror Surface, Stylish And Simple, Suitable For Carrying Around And Using At Home",Beauty & Health
,500+ sold recently,1.4,7.0,1.0,,,24pcs Medium Length Almond Fake Nails Tropical Ocean Starfish Beach Full Cover False Nail For Women And Girls New Year Gift Press On Nails Nail Supplies,Beauty & Health
,,1.64,50.0,1.0,#7 Best Sellers,in Beauty Care Appliances,"Neck Beauty Device, Fade Neck Lines, Neck Care, Massager, Neck Device, Lifting And Firming, Remove Nasolabial Folds, Beauty Device Facial Skin Care",Beauty & Health
,400+ sold recently,2.3,8.0,1.0,,,"24pcs French Style Long Square-Shaped Press-On Nails In White And Silver, Printed With Girl Head Coin Pattern. Can Be Used Repeatedly, Suitable For Casual, Fun, Fashionable, And Everyday Wear To School, Daily Life, Birthday Or Summer Parties. Comes With A Free Nail File And A Jelly Glue Nail Supplies",Beauty & Health
,8.5k+ sold recently,2.84,29.0,4.0,,,SHEGLAM Brows On Demand 2-In-1 Brow Pencil - ChocolateÂ  Waterproof Liquid Eyebrow Pen Sweat-proof Anti-Oil Natural Brow Filling Outlining Eyebrow Cream Gel Makeup Black Friday Eyebrow,Beauty & Health
,,1.72,41.0,1.0,#1 Best Sellers,"in Hair Removal Creams, Lotions & Gels","Aloe Vera Hair Removal Cream (With Shaving Spoon)- Contains Peach And Aloe Vera Extract - Hair Removal For Armpit Hairline, Whiskers, Body Bikini - Removes Excess Hair Without Harming Skin Hypoallergenic - Hair Removal For Private Areas - Small Can Is Easy To Carry",Beauty & Health
,,2.0,0.0,1.0,#10 Best Sellers,in Mirrors,Yiwd Girlcore Heart Pattern Makeup Mirror,Beauty & Health
,500+ sold recently,1.51,44.0,4.0,,,"Makeup Bag,1Pc Pvc Waterproof Makeup Bag Portable Storage Bag Cute Style Beauty Bag,Makeup Bag Makeup Pouch Skincare Bag Toiletry Bag Packing Cubes,Travel Essentials Cruise Essentials Dorm Essentials,Wedding Bridesmaid Gifts,Mom Gifts,Birthday Gifts,Gifts For Friends And Teachers,Home Decor,Bathroom Livingroom Bedroom Decor,Bathroom Organizer,Jewelry Organizer,Lip Oil Organizer,Nail Polish Organizer Storage Makeup Organizer Makeup Case",Beauty & Health
,600+ sold recently,6.3,11.0,1.0,,,1Pc BRIDE Letter Fake Pearls Patch Cosmetic Toiletry Bag Large Capacity Storage Bag Man-Made PearlRhinestone  Letter Patches  Makeup Bag Waterproof Portable Zipper Small Clutch Purse Travel Organizer For Women,Beauty & Health
,200+ sold recently,0.48,63.0,6.0,,,"Upgrade Your Look With 24pcs Long Almond Press On Nails, Leaf Print Full Cover Fake Nail Kit Nail Supplies",Beauty & Health
,2.8k+ sold recently,2.99,14.0,4.0,,,SHEGLAM Feather Better Liquid Eyebrow Pencil-Medium BrownÂ  Long Lasting Eyebrow Pen Smudge-ProofÂ  Water-Proof Natural Fuller Brows Eyebrow Makeup Black Friday Winter Gifts Eyebrow,Beauty & Health
,70+ sold recently,30.6,26.0,7.0,,,13X4 Transparent Lace Front Pixie Cut Wigs Burgundy Short Human Hair Wigs,Beauty & Health
,,11.9,0.0,1.0,#3 Best Sellers,in Hair Clippers,"Professional Barber Hair Clipper, Rechargeable Electric Cutting Machine Beard Trimmer Shaver Razor For Men Cutter",Beauty & Health
,1.1k+ sold recently,2.8,20.0,1.0,,,"1Pc Wrinkle Embossed Makeup Bag Beige Soft Material Cute Everyday Use Cosmetic Bag With Little Bead Zipper For Women And Girls,Makeup Bag Makeup Pouch Skincare Bag Toiletry Bag Packing Cubes,Travel Essentials Cruise Essentials Dorm Essentials,Wedding Bridesmaid Gifts,Mom Gifts,Birthday Gifts,Gifts For Friends And Teachers,Home Decor,Bathroom Livingroom Bedroom Decor,Bathroom Organizer,Jewelry Organizer,Lip Oil Organizer,Nail Polish Organizer Storage Makeup Organizer Makeup Case",Beauty & Health
,,3.99,33.0,20.0,#9 Best Sellers,in Concealer,SHEGLAM Like Magic 12Hr Full Coverage Concealer-Sand  Matte Liquid Concealer Long Lasting Brightening Color Corrector Weightless All-Day Long Lasting Hydrating Concealer Black Friday Winter Concealer,Beauty & Health
,1.5k+ sold recently,1.4,7.0,1.0,,,"Eyelash Adhesive Remover, 1pc 5ml Gentle Diy Eyelash Extension Glue Cleaner Oil",Beauty & Health
,600+ sold recently,7.0,4.0,1.0,,,"All-In-One Hydrating Multi-Balm For Face, Lips, Eyes And Neck - Daily Moisturizer Stick With Moisture Mist",Beauty & Health
,300+ sold recently,6.35,50.0,1.0,,,"360-Degree Rotating Makeup Organizer Box, Circular Transparent Diamond Pattern Cosmetic Storage Shelf For Desk, Large Capacity And Minimalist Rotating Vanity Organizer For Home Dorm With Clear Compartments Designed For Lipsticks And Skincare Products",Beauty & Health
,400+ sold recently,1.16,28.0,1.0,,,Black Friday Transform Your Nails With 3D Nail Art Decoration 6pcs Metal Nail Decoration For Women And Girls DIY Nail Charms Nail Gems Nail Supplies,Beauty & Health
,,3.42,24.0,1.0,#10 Best Sellers,in Eyeliners,SHEGLAM Pro Precision Waterproof Liquid Eyeliner - BlackÂ  Long Lasting Matte Eyeliner Pencil High Pigment Ultra-FineÂ  Eyeliner Sweat-proof No Smudge Eye Make Up Black Friday Winter Eyeliner,Beauty & Health
,900+ sold recently,8.3,5.0,1.0,,,Lash Lift Eyelash Perming Kit Professional Quality Cilia Curling Wave Lotion and Liquid Set Eyelashes Extension Kit (Random color tools),Beauty & Health
,2.8k+ sold recently,1.3,7.0,1.0,,,"24pcs Short Round Head Fake Nails With Shiny Red & Pink French Style, Suitable For Women And Girls Daily And Festival Wear Press On Nails Nail Supplies",Beauty & Health
,300+ sold recently,2.5,4.0,8.0,,,"10pairs Cat Eye Natural Cross & Long Black False Eyelashes, Suitable For Daily & Dating Makeup Essential",Beauty & Health
,1.6k+ sold recently,1.3,7.0,1.0,,,"5 Pcs Nail Art Sculpture Pen Dual Tipped Silicone Nail Tool Rhinestone Nail Polish Carving Pen Rubber Tip Nail Brushes,These Nail Art Brushes Are Designed For Both Beginners And Experienced Users.",Beauty & Health
,7.9k+ sold recently,4.5,4.0,1.0,,,"144 Clusters False Eyelashes, Diy Self Grafting Eyelashes, C, D Curl Eyelash Curler, Can Be Diy At Home",Beauty & Health
,400+ sold recently,2.2,4.0,1.0,,,"Cat Eye False Eyelashes, 5 pairs 9mm natural cross short eyelashes",Beauty & Health
,300+ sold recently,0.74,51.0,6.0,,,"10pcs Finger-Sized Mini Makeup Sponges With Air Cushion Puff, Latex-Free Blending Sponge And Cosmetic Puff, For Liquid Foundation, Powder, Concealer. Suitable For All Skin Types.",Beauty & Health
,1.1k+ sold recently,1.7,6.0,1.0,,,5Pcs 180/180 Grit Nail Files Double Sided Emery Board Washable Emery Boards Nail Sanding Block File Reusable Nail Buffers Manicure Tools For Natural Nails Acrylic Nails Home And Salon Use,Beauty & Health
,100+ sold recently,1.1,8.0,1.0,,,1sheet Fire Pattern Nail Art Sticker Y2K-Style Nail Art Decals Nail Stickers DIY,Beauty & Health
,6.0k+ sold recently,1.12,20.0,8.0,,,"Upgrade Your Look With 24pcs Blue Sequin Fake Nails Long Coffin Press On Nails, Bling Heart Print Full Cover Fake Nail Kit For Women And Girls Nail Supplies",Beauty & Health
,700+ sold recently,2.1,5.0,1.0,,,"NEW 5 Pairs Fox Cat Eye Lashes Winged False Eyelashes With Effect Natural Look, Wispy And Natural Curl  For Eyelash Extension",Beauty & Health
,,6.39,10.0,1.0,#1 Best Sellers,in Nail Curing Lamps & Dryers,"UV LED Gel Nail Lamp UV Light 36W Purple Nail Phototherapy Machine, Professional Manicure Lamp 1Pc Plastic Ultraviolet Gel Nail Polish Dryer UV Gel Polish Nail Lamp Fast Curing Quick-Drying Nail Polish Glue Baking Lamp Nail Lamps Portable Handle Large Space Nail Machine Automatic Smart Sensor For Gel Polish Curing Salon Use & Home DIY Nail Art, Best Gifts For Girls",Beauty & Health
,40+ sold recently,7.7,4.0,1.0,,,"1pc Non-Voice Blood Pressure Monitor, 2*99 Memory Home Automatic Blood Pressure Measurement Instrument, Arm-Cuff Type Arterial Pressure Monitor, Battery Not Included",Beauty & Health
,70+ sold recently,10.8,4.0,1.0,,,Water Wave Wigs With Bangs Bob Shot Wigs 16 Inch Deep Wave Heat Resistant Fiber Synthetic Wigs For Women Daily Used,Beauty & Health
,3.2k+ sold recently,3.99,20.0,4.0,,,SHEGLAM Do It All 2-In-1 EyelinerÂ  Waterproof Matte Eyeliner With A Eyeliner Remover Sweat-proof Smudge-Proof Easy To Use Be Beginner Friendly Black Eyeliner Black Friday Gothic Eyeliner,Beauty & Health
,400+ sold recently,3.9,5.0,1.0,,,13pcs Duo-fiber Makeup Brush Set Black Friday,Beauty & Health
,200+ sold recently,1.8,10.0,1.0,,,"6pcs Silver Nail Liner Brush, Nail Art Dotting Drawing Tool",Beauty & Health
,1.0k+ sold recently,1.1,0.0,1.0,,,1pc Mini Fresh Flower Pattern Combination Temporary Tattoo Sticker,Beauty & Health
,300+ sold recently,1.2,8.0,1.0,,,"1pc 5ml Foundation Liquid Dispenser With Brush Head, Vacuum Sealed And Storage Function, Cosmetic Essential Tool For Storing Concealer Essence Liquid/Nail Polish",Beauty & Health
,7.2k+ sold recently,1.4,7.0,1.0,,,5Pcs Half Moon 100/180 Grit Wood Nail Files Double Sided Emery Board Washable Emery Boards Reusable Nail Buffers Manicure Tools For Natural Nails Home And Salon Use Nail Sanding Block File,Beauty & Health
,4.0k+ sold recently,2.5,7.0,1.0,,,100Pcs/Box Short Square Nail Tips Clear Half Cover False Nails French Style Artificial Fake Tip For Acrylic Nail Extension Manicure Press On Tool Nail Supplies,Beauty & Health
,2.2k+ sold recently,1.5,12.0,1.0,,,"Get Glamorous With 24 Pcs Short Square Cute Daily Yellow And White Gradient Flower Pattern Full Cover Fake Nail,Gift For Women Mom Wife Sister Teen Girl Friend,Valentines Day,Thanksgiving,Cosplay,Travel,Party,Black Friday,Christmas,Suit For Fall,Winter, Suit For Hands & 1pc Nail File & 1sheet Nail Jelly Glue Press On Nails Supplies",Beauty & Health
,,3.9,5.0,1.0,,,1pc Ombre Long Synthetic Hair Braid,Beauty & Health
,2.8k+ sold recently,1.33,11.0,1.0,,,"1PC 5ml Clear Eyelash Glue, Waterproof Super Strong Hold False Eyelash Adhesive, Brush On Lash Glue For False Eyelashes, Quick Drying And Long Lasting Lash Glue",Beauty & Health
,3.7k+ sold recently,1.0,9.0,1.0,,,"3pcs Nail Glue For Acrylic Nails, Nail Tip Glue Professional Nail Glue False Nail Tips Glue For Broken Nails Adhesive Super Bond For Press On Nails Glues Adhesive For Fake Nails Tips",Beauty & Health
,100+ sold recently,10.2,4.0,1.0,,,HAIRCUBE 10 Inch Natural Brown Short Straight Wigs Hair Synthetic Heat Resistant Wigs  For Women Ripe Refreshing Wigs For Daily Wear,Beauty & Health
,1.2k+ sold recently,1.7,6.0,1.0,,,"TRSTAY Intensive Hair Treatment | Softening, Anti-Hair Fall And Nourishing | Rich In Vitamins And Minerals",Beauty & Health
,3.4k+ sold recently,0.86,52.0,1.0,,,"Upgrade Your Style With 24pcs Crop Square False Nails, French Style Pink With Cute Bow Knots, Sweet And Simple Nails Suitable For Party, Dancing, And Daily Wear, Detachable And Full Cover Women Manicure Set Press On Nails Nail Supplies",Beauty & Health
,500+ sold recently,2.2,8.0,1.0,,,24pcs Europe And The United States Long Section Ice Transparent Artificial Rhinestone Flower Decoration False Nails + 1pc Jelly Glue + 1pc Nail File Press On Nails Supplies,Beauty & Health
,10+ sold recently,1.9,5.0,1.0,,,1pc Square Mouth Angled Foundation Brush Flat Top Kabuki Brush Synthetic Professional Makeup Brush Liquid Blending Mineral Powder Buffing Stippling Makeup Tools Black Friday,Beauty & Health
,500+ sold recently,5.6,3.0,1.0,,,"1 Bottle 90ml Digital Summer Body & Hair Spray Perfume, Gourmand/Fruity Fragrance, For Occasions, Office, Festivals, Gifts. Options: AB1101/AB1102/AB1103/AB1104.",Beauty & Health
,1.5k+ sold recently,6.1,3.0,1.0,,,Women's Perfume Elegant And Charming 50ML EDP Fragrance Long-Lasting Fragrance Women's Perfume Floral Fragrance-CC5327,Beauty & Health
,,10.9,0.0,1.0,#10 Best Sellers,in Hair Straightening Irons,"Ionic Hair Styler, Electric Ionic Hair Styler, Professional Mini Hair Straightener & Curler 2-In-1 Flat Iron With Small Thin Plate For Hair Straightening And Curling, Professional Hair Beauty Tool",Beauty & Health
,,2.2,4.0,1.0,#1 Best Sellers,in Aromatherapy Essential Oils,"1Pc 10Ml/0.33Fl.Oz Fragrance Oil Perfume Scent, Fruit Scent Essential Oils With Dropper Coconut& Vanilla Bubble Gum Sea Breeze Parma Violet Orange Blossom Freesia Marshmallow Apple Mango Strawberry Cherry Coconut Litchi Peach Pineapple",Beauty & Health
,4.9k+ sold recently,2.99,25.0,1.0,,,SHEGLAM EZ Glide Matte Eyeliner Pencil Highly Pigmented Black Smoky Eyes Matte Eyeliner Pencil Smudge-Proof Long-Lasting Ultra-Fine  Eyeliner Blendable Smooth Cat Eye Eye Make Up Black Friday Black Gift Eyeliner,Beauty & Health
,500+ sold recently,1.7,6.0,1.0,,,"1.37in 12pcs/Set Self-Grip Rollers Kit With 6Rollers And 6Clips, Salon Quality Curlers For Diy Hairstyling, Heatless Rollers Black Friday",Beauty & Health
,1.2k+ sold recently,1.1,8.0,1.0,,,"1pc 7.3ml Gel Nail Polish, French Nail Polish, Soak Off UV Light Cure Gel Polish, Art Design Manicure Salon DIY Salon Gel",Beauty & Health
,80+ sold recently,2.3,4.0,1.0,,,Synthetic Hair Bun Chignon Messy Curly Hair Band Elastic Scrunchy False Hair Pieces Women Hairpins Dark Brown Wig,Beauty & Health
,,23.1,4.0,1.0,#5 Best Sellers,in Electric Nail Drills,"Portable 45000RPM Electric Nail Drill, Rechargeable Professional Tool For Acrylic Nail Removal, Polishing And Nail Art Salon",Beauty & Health
,,12.84,30.0,1.0,#5 Best Sellers,in Hair Curling Irons,"1pc Electric Fully Automatic Hair Curler, 28mm Diameter Ceramic Curling Iron With 4 Temperature Settings, Suitable For Curling",Beauty & Health
,,5.49,15.0,1.0,#4 Best Sellers,in Setting Spray,SHEGLAM Matte Fresh Setting Spray Ultra Matte Liquid-To-Powder Long Lasting Makeup Locking Spray Oil-Control Non-Greasy Makeup Setting Black Friday Winter Summer Setting Spray,Beauty & Health
,400+ sold recently,0.73,72.0,1.0,,,"Lip-Patterned Glittery Pink Compact Heart-Shaped Double-Sided Makeup Mirror - Ideal Gift For Sisters, Aunts, Moms - Perfect For Holidays, Birthdays, Parties, And Weddings! Portable Glamour, One Click Away, Pocket Small Vanity Mirror, Living Room Home Bedroom Bathroom House Decor, Travel Stuff, Wedding, Party, Birthday, Gifts For Men Mom Dad Best Friends Teacher, New Years, Accessaries, Funny Gift",Beauty & Health
,300+ sold recently,0.67,52.0,1.0,,,Hair Tinsel 48Inch 200 Strands Glitter Hair Extensions Sparkling Shiny Hair Tinsel Strands Kit Heat Resistant For Women Girls 1pc Silver Color,Beauty & Health
,3.7k+ sold recently,2.1,9.0,26.0,,,24pcs Y2K Aesthetic Sparkling Full Rhinestone Ballet Nails Glitter False Nails With 1pc Jelly Gel & 1pc Nail File For Women Press On Nails Supplies,Beauty & Health
,800+ sold recently,14.1,12.0,1.0,,,"Transparent Chic Makeup Bag With Zipper And Handle, Portable Travel Toiletry Kit Set For Women And Men",Beauty & Health
,,15.4,4.0,1.0,#5 Best Sellers,in Facial Hydration Appliances,"Face Steamer Water Refill Sprayer, Moisturizer With Fragrance Hot Spray Cold Spray Humidifier Spray Hydrating Face Steamer For Home Use",Beauty & Health
,,1.68,30.0,1.0,#7 Best Sellers,in Home Fragrance Products,10ml Watermelon Aromatherapy Essential Oil Pure Essential Oil Plant Essential Oil Aromatherapy Essential Oil Vehicle Mounted Massage Essential Oil Aromatherapy Machine Air Purification Perfume,Beauty & Health
,,2.2,4.0,1.0,,,"1pc Magnifying Mirror Suction Cup, 10x Mirror & 15X Magnifying Makeup Mirrors, Portable Travel Mirror And Tweezers Kit For Eyebrow Tweezing, Blackhead Blemish Removal",Beauty & Health
,1.2k+ sold recently,2.2,12.0,1.0,,,"Nail Art Tool Dust Brush, Japanese Style Soft Bristle Long Handle Brush For Cleaning Desktop Dust",Beauty & Health
,1.4k+ sold recently,1.2,8.0,4.0,,,Black Friday 1pc Golden Metallic Glitter Nail Art Chrome Powder Magic Mirror Effect Nail Pigment Rubbing Dust DIY Nail Charms Nail Gems Nail Supplies,Beauty & Health
,4.9k+ sold recently,1.7,11.0,9.0,,,24pcs Flowers Nail Art Decorations Charms 3D Flower Petal Leaf Nail Design Jewelry Manicure Accessories DIY Nail Gems Nail Supplies,Beauty & Health
,400+ sold recently,1.44,40.0,4.0,,,5 Pairs/Pack Natural Fluffy Volume False Eyelashes Dramatic Messy Mink Lashes Wispy Long 19mm 8D Volume Fake Eyelash Strips Foxy Eye Lifting Look Eyelash Extension Kit Full Eyelash Strip To Lengthen And Volumize The Outer Corner Of Your Eye Beauty Makeup,Beauty & Health
,200+ sold recently,9.5,8.0,1.0,,,"100ml Yara Perfume Long-Lasting Fragrance Arabesque Style Female Perfume Spray,  Men's Perfume Deluxe Gift Box, Holiday Gift",Beauty & Health
,,5.9,3.0,1.0,#6 Best Sellers,in Makeup Organizers,"1pc 360-Degree Rotating Makeup Organizer Multi-Functional Desktop Storage Box With Large Capacity For Bathroom, Kitchen, Entryway, Aromatherapy, Snacks",Beauty & Health
,200+ sold recently,1.3,7.0,5.0,,,"1pc Plastic Rat Comb, 3 Row Styling Comb For Detangling,Fluffy Hair Combs   Defining And Separating Curls Triple Row Comb, Hair Styling Tool For Daily Barber Salon Home Styling And Hair Care Use Hair Brush",Beauty & Health
,1.7k+ sold recently,4.7,4.0,1.0,,,"12Pcs Toiletries Travel Bottles Set For Tsa Approved Travel Containers, Refillable, Leakproof, Squeezable, 60Ml Capacity, Essential For Shampoo, Hair Conditioner, Body Lotion, Bath Shower Gel Subpackage Bottle, Living Room Home Bedroom Bathroom House Decor, Travel Stuff, Wedding, Party, Birthday, Gifts For Men Mom Dad Friends, New Years, Accessaries, Funny Gift",Beauty & Health
,200+ sold recently,4.2,2.0,1.0,,,1 Pcs 24 Inches Jumbo Braid Synthetic Braiding Hair Purple Blue Gradient Jumbo Hair Extension For Women DIY Braids For Daily/Party Use,Beauty & Health
,1.6k+ sold recently,1.2,8.0,1.0,,,6Pcs/Set French Manicure Strip Nail Art Form Fringe Tip Guides Sticker Wave Lines Tape Decals Diy Line Tips Decoration Tool French Tip Nail Tool Wave Lines Nail Tape For Nail Art Airbrush Stencils Set,Beauty & Health
,,5.49,21.0,1.0,#7 Best Sellers,in Powder,SHEGLAM Light Through Oil Control Powder - Warm SandÂ  Anti-Oil Pressed Powder Matte Pore-less Long Lasting Setting Powder Black Friday Winter Powder,Beauty & Health
,1.4k+ sold recently,1.4,7.0,1.0,,,"Black Thickened Transparent Mesh Cosmetic Bag Large Capacity Portable Travel Toiletry Bag Cosmetic Storage Pouch,Makeup Bag Makeup Pouch Skincare Bag Toiletry Bag Packing Cubes,Travel Essentials Cruise Essentials Dorm Essentials,Wedding Bridesmaid Gifts,Mom Gifts,Birthday Gifts,Gifts For Friends And Teachers,Home Decor,Bathroom Livingroom Bedroom Decor,Bathroom Organizer,Jewelry Organizer,Lip Oil Organizer,Nail Polish Organizer Makeup Bag Storage Makeup Organizer Makeup Case",Beauty & Health
,4.8k+ sold recently,2.1,5.0,1.0,,,"1Pc Checkered & Colorblock Style Woven Cloth Handheld Cosmetic Bag, Large Capacity And Portable, New Arrival,Makeup Bag Makeup Pouch Skincare Bag Toiletry Bag Packing Cubes,Travel Essentials Cruise Essentials Dorm Essentials,Wedding Bridesmaid Gifts,Mom Gifts,Birthday Gifts,Gifts For Friends And Teachers,Home Decor,Bathroom Livingroom Bedroom Decor,Bathroom Organizer,Jewelry Organizer,Lip Oil Organizer,Nail Polish Organizer",Beauty & Health
,1.2k+ sold recently,1.76,12.0,9.0,,,6 Grid Gold Seashell Starfish Nail Charms Metal Rivets Accessories Steel Ball Pearl Nail Art Decorations 3D Summer Mixed Shell Star Manicure Studs Part DIY Nail Gems Nail Supplies,Beauty & Health
,200+ sold recently,4.7,50.0,1.0,,,Afro Ombre Brown Headband Wig Short Afro Wigs For Black Women Synthetic Afro Kinky Curly Headband Wig With Bangs For Women Natural Afro Puff With Bangs Turban Wrap-Wig Curly Afro Wig 4inch,Beauty & Health
,40+ sold recently,11.8,3.0,1.0,,,"HAIRCUBE Multi-Color Short Wavy Wigs With Bangs, Adorable Short Hairstyle Natural Looking Heat Resistant Synthetic Wig Daily Party Use",Beauty & Health
,200+ sold recently,3.25,50.0,7.0,,,600Pcs/Box Short Almond Nail Tips Soft Gel Clear Gelly Nail Tips Half Matte Full Cover Nail Tips Acrylic Pre-Filed Press On Fake Nail Tips For Nail Extension Home DIY Manicure Press On Nails Nail Supplies,Beauty & Health
,3.4k+ sold recently,1.3,7.0,10.0,,,24pcs Short Square Shaped Pure Light Pink Simple Design Press-On False Nails Suitable For Parties Or Daily Wear Nail Supplies,Beauty & Health
,300+ sold recently,3.8,21.0,10.0,,,6Pcs/Set Fluorescent Gel Nail Polish Set Nenon Candy Color Glitter Semi Permanent Nail Polish Set Kit UV LED Base Top Coat Nail Art For Manicure,Beauty & Health
,80+ sold recently,1.7,0.0,1.0,,,"Double-Sided Exfoliating Polyester Bath Glove,Simple Black Washable Dead Skin Cell Remover,All Season",Beauty & Health
,200+ sold recently,0.96,40.0,11.0,,,Transform Your Nails With 24pcs Short Square Blush French Floral Pattern Fake Nail & 1pc Nail File & 1sheet Tape Press On Nails Nail Supplies,Beauty & Health
,500+ sold recently,5.49,27.0,4.0,,,SHEGLAM Harry Potterâ¢ Slytherinâ¢ House Palette 4-Clolor Shimmer Matte Eyeshadow Palette Green Evenly Pigmented  Smooth  Blendable Eyeshadow Black Friday Winter Gifts Eyeshadow,Beauty & Health
,1.6k+ sold recently,1.6,11.0,4.0,,,Upgrade Your Look With 24pcs Short Oval Mint Green French Style Fake Nail & 1sheet Tape & 1pc Nail File Press On Nails Nail Supplies,Beauty & Health
,,1.9,14.0,1.0,#3 Best Sellers,in Nail Base & Top Coats,"Clear Base Coat And Top Coat Set 2 Bottles 8ml Long-Lasting Shiny Durable Nail Polish Set, For Soak Off Uv/Led Gel Polish, Salon Manicure Gift",Beauty & Health
,10k+ sold recently,1.86,7.0,4.0,,,"Resin Nail Art Palette, Faux Agate Display Board, Lightweight Round Nail Art Mixing Palette For Women, Pink",Beauty & Health
,5.1k+ sold recently,2.8,3.0,6.0,,,10 Pairs D Curl Lashes Thick Russian Strip 3D Faux Mink Eyelashes Reusable Fluffy Natural Look Eyelashes Extension,Beauty & Health
,1.7k+ sold recently,1.37,28.0,1.0,,,"10ml Liquid Brow Gel, Waterproof, Smudge-Proof, And With Soft Tube For Eyebrow Styling",Beauty & Health
,,2.4,0.0,1.0,#1 Best Sellers,in Makeup Bags,"Cute Allover Print Makeup Pencil Storage Bag, Zipper Waterproof Cosmetic Bag, Clear Plastic Mini Travel Toiletry Bag",Beauty & Health
,7.8k+ sold recently,2.2,4.0,1.0,,,Asiteo 5 Pairs Wet Manga Lashes Cosplay Natural Wispy Fairy Cross Fluffy Eyelash Extensions Makeup Tool,Beauty & Health
,100+ sold recently,1.6,6.0,5.0,,,"Upgrade Your Style With 24pcs Medium Square Shaped Graffiti Colorful Fish Scale Pattern French Nail Tips Kit Including 1 Nail File And 1 Jelly Glue, Suitable For Parties, Dances, And Everyday Wear Press On Nails Nail Supplies",Beauty & Health
,,4.95,8.0,1.0,#8 Best Sellers,in Concealer,12-color Concealer & Blush Cream Palette,Beauty & Health
,,5.6,3.0,1.0,,,"400 Pcs Disposable Mascara Wands Bulk Mascara Eyelash Brush Makeup Applicator Eyelash Wands For Eye Lash Extension, Eyebrow Comb, 3.9 X 0.2 X 0.3 Inch (Colorful)",Beauty & Health
,,6.3,7.0,10.0,#5 Best Sellers,in Acrylic Nail Powders & Liquids,"6 Colors Acrylic Crystal Powder Set, Perfect Selection For Diy Salon-Quality Nail Art At Home, Suitable For Both Newbies And Professionals",Beauty & Health
,4.0k+ sold recently,8.6,4.0,1.0,,,2 In 1 Electric Hot Heating Comb Hair Straightener Curler Wet Dry Hair Iron Straightening Brush Hair Styling Tool,Beauty & Health
,3.1k+ sold recently,3.49,30.0,1.0,,,SLOWSUNDAYâ¢ Brightening Body Lotion,Beauty & Health
,1.8k+ sold recently,2.1,5.0,1.0,,,"6-color Blush Palette, Matte Finish, Long-lasting, Contouring, Highlighting, Portable Size, Suitable For Travel And Outdoor Use",Beauty & Health
,300+ sold recently,9.5,4.0,1.0,,,MAANGE 4pcs Face Makeup Brush Set With Foundation Brush Blush Brush Finishing Brush Highlighting Brush Loose Powder Brush With Drawstring Storage Bag Makeup Tools Gift For Women Girls Travel Makeup Brush Set,Beauty & Health
,,2.1,5.0,7.0,#9 Best Sellers,in Nail Art Storage & Display,"Rectangular PP Plastic Box For Storing Nail Art Tools, Including Nail Files, Nail Pens And Sponge Remover, Transparent Storage Box For Jewelry And Other Small Items",Beauty & Health
,,7.5,4.0,1.0,#10 Best Sellers,in Bedroom,"2pcs Cosmetic Storage Box Desktop Storage Box Light Luxury Simple PET Storage Box  Dresser Skin Care Sundries End Table Snacks Storage Basket,Suitable F Or Dressing Table, Vanity Countertop, Bathroom Vanity Multi-Fu Nctional Transparent Modern Desk Storage Box",Beauty & Health
,100+ sold recently,2.9,3.0,1.0,,,10pcs Marble Pattern Makeup Brush Set Black Friday,Beauty & Health
,10k+ sold recently,1.6,11.0,1.0,,,"100pcs, White Short Square Toenail Tips, Acrylic False Toenail Tips, Short Artificial Tips For Manicure With Box, 10 Sizes Nails For Home DIY Nails Beauty Press On Nails Nail Supplies",Beauty & Health
,1.0k+ sold recently,2.0,5.0,1.0,,,1 Set 5Pcs Plastic Dotting Pen With Fine Line For Nail Art Liner Brushes Tiny Details Fine Drawing Nail Pen Painting Manicure Tools,Beauty & Health
,1.1k+ sold recently,1.4,13.0,7.0,,,24pcs Pearl White Square False Toenails Full Cover Natural Artificial Fake Toenail Art Tips & 1sheet Tape & 1pc Nail File Press On Nails Nail Supplies,Beauty & Health
,,2.76,40.0,1.0,,,12row 0.07mm D Curl Glitter Wispy Spikes Mixed 12 Color Eyelash Extensions Shiny Individual Fairy Eyelash DIY Lashes New Fashion Makeup Tools For Daily Christmas Party Wedding Stage Cosplay Halloween Cila Single Length 10-16mm,Beauty & Health
,100+ sold recently,1.2,0.0,1.0,,,"2pcs Plain Hair Comb Set, Wide Tooth Comb Hair Brush/Hair Comb Styling Comb Set/Kit, Fine Teeth Hair Brush For All Hair Types Black Friday",Beauty & Health
,700+ sold recently,3.8,3.0,1.0,,,"2 In 1 Ice Face Roller & Stainless Steel Gua Sha Tool Set With Storage Bag, Skin Care Tool Beauty Set Face Massage Tool Roller Lifting Contouring Tool Reusable",Beauty & Health
,90+ sold recently,3.8,7.0,1.0,,,Black Oval Oil-Absorbing Paper Tube 1pc Resin Containing Oil-Absorbing Paper To Remove Printing Oil Is Suitable For Women And Girls,Beauty & Health
,1.2k+ sold recently,2.06,10.0,1.0,,,"24pcs/Set Oval Shaped Cute Round Head European And American Style Multicolored Wavy Sunflower Face Nail Art Sticker, Including 1 Jelly Gel And 1 Nail File Press On Nails Nail Supplies",Beauty & Health
,200+ sold recently,2.9,36.0,1.0,,,"1 Pc Hair Wax Stick, Styling Wax For Smooth Wigs, Slick Stick For Hair Non-Greasy Styling Hair Pomade Stick For Flyaway Edge & Frizz Hair - 2.7 Oz,Slicking Hair For Women Baby Hair, Hair Wax Stick For Frizz Hair,Suitable For All Hair Types, For Finishing Fringes, Fresh And Non-Greasy, Hair Styling, Anti-Curling, With Natural Extracts",Beauty & Health
,2.7k+ sold recently,5.44,20.0,5.0,,,Black Friday 23 Boxes/Set Y2K Style Magic Mirror Powder Metal Chrome Mirror Nail Glitter Pigment Luxury Parts Nail Art Decorations Manicure Accessories DIY Nail Charms Nail Gems Nail Supplies,Beauty & Health
,4.7k+ sold recently,1.4,13.0,7.0,,,"24pcs Short Square Nails With Colorful Flowers For Spring, Comes With 1 Nail File And 1 Jelly Gel, Suitable For Women To Wear At Parties, Dances And For Daily Use Press On Nails Nail Supplies",Beauty & Health
,1.0k+ sold recently,4.49,31.0,21.0,,,SHEGLAM Complexion Boost Concealer-Acorn Sponge-Head Applicator Matte Liquid Concealer Long Lasting Brightening Color Corrector Weightless All-Day Long Lasting Hydrating Concealer Black Friday Winter Concealer,Beauty & Health
,60+ sold recently,1.3,7.0,1.0,,,"3pcs Makeup Sponge Set, Wet And Dry, Including Water Drop Shape, Water Drop Diagonal Cut Shape, And Olive Dual Cut Shape, Reusable And Washable, Suitable For Powder And Liquid, Soft And Perfect For Daily Make-Up Blending And Setting, Ideal For Both Men And Women, Portable And Essential For Everyday Use And Travel",Beauty & Health
,4.8k+ sold recently,2.1,9.0,1.0,,,12 Grid Nail Rhinestones 1.5mm-5mm 3D Nail Art Glass Crystal Clear Nail Stones Gems Pearl Crystal Strass 3D Charm Gems Nail Multi-Shape 3D Nail Diamonds For Nail Art And DIY Decoration 1 Boxs Nail Art Rhinestones Flatback Rhinestones Pearls Nail Charms For Acrylic Nails Crystals Nail Art Supplies Half Round Design Nail Gems,Beauty & Health
,60+ sold recently,17.0,50.0,4.0,,,Braided Wigs For Black Women Lace Front Knotless Box Short Bob Twist Braided Wigs Synthetic Lace Front Braided Wigs With Baby Hair Handmade Braided Wigs,Beauty & Health
,1.0k+ sold recently,2.43,59.0,1.0,,,"Lip Exfoliating Scrub Set, 12g * 6pcs, Containing Hyaluronic Acid, Squalane, Deeply Moisturizing, Hydrating, Remove Dead Skin, Holiday Gift",Beauty & Health
,1.0k+ sold recently,1.5,6.0,16.0,,,24pcs Matte Almond Shape Press On Nails Golden And Red Stripe False Nails Elegant Style Fake Nails For Women And Girls Nail Supplies,Beauty & Health
,40+ sold recently,16.4,26.0,1.0,,,1pc Claw Clip Kinky Curly Ponytail Human Hair Extension Natural Black Color Extensions For Women Daily Use Easy To Wear Natural Black Color,Beauty & Health
,600+ sold recently,2.0,5.0,1.0,,,2pcs Hair Extensions Tool Beauty Lace Wig Glue Tape Long Lasting Waterproof Hair Extension Adhesive Double Sided Wig Tape,Beauty & Health
,2.2k+ sold recently,19.3,8.0,1.0,,,52PCS Gel Nail Polish Set 7ML Black Green Nail Gel Polish Kit With UV LED Nail Lamp Matte Base Top Coat Nail Design Manicure Tool Kit,Beauty & Health
,100+ sold recently,1.6,50.0,1.0,,,Passion Twist Hair Extensions Pre-Twisted Crochet Hair Extensions For  1 Pack 10 Inches Synthetic Fiber Spring Twist Hair 1B,Beauty & Health
,200+ sold recently,1.04,13.0,10.0,,,1pc red Shiny Sparkle Hair Tinsel 150PC/120cm Thin Colorful Rainbow Silk Hair Extensions Dazzles Women Hippie for Braiding Headdress,Beauty & Health
,2.3k+ sold recently,1.7,6.0,1.0,,,Small Compact 4-color Highlighter & Blush & Contour Palette For Long-lasting & Natural Makeup Look,Beauty & Health
,600+ sold recently,1.8,10.0,1.0,,,"24pcs Y2k Style Pink Pearl & Bowknot Design Medium Coffin Press On Nails, Suitable For Women And Girls' Daily Wear Nail Supplies",Beauty & Health
,5.8k+ sold recently,1.5,6.0,1.0,,,"24pcs Pack Elegant & Versatile French Style Short Flat Headed & White With French Tips False Nails With Jelly Glue & Nail File, Suitable For Travel, Leisure, Entertainment, Parties, Dances And Daily Wear Press On Nails Nail Supplies",Beauty & Health
,500+ sold recently,0.66,45.0,4.0,,,"Black Friday Hot Pink Glitter Nail Powder, 1box Y2K Aesthetic Holographic Aurora Nail Art Decoration Nail Art Pigment Powder DIY Nail Charms Nail Gems Nail Supplies",Beauty & Health
,1.0k+ sold recently,0.85,47.0,1.0,,,"24pcs Coffin-Shaped Press-On Nails With Blue And White Stripes; European Style; Includes 1 Jelly Glue And 1 Nail File; Perfect For Parties, Dances And Daily Wear",Beauty & Health
,100+ sold recently,2.2,8.0,1.0,,,"Nail Drill Bit, 1pc Metal Nail Bits For Nail Drill E-File, Bits Manicure Pedicure Remover Tools For Acrylic Gel Nails, Salon Home Nail Care Supplies For Acrylic Nail Gel Fast Remove, Colorful",Beauty & Health
,,2.0,60.0,1.0,#3 Best Sellers,in Serums & Facial Treatment,"60 Capsules Vitamin E Facial Serum Softgel Capsules, Anti-Wrinkle, Brightening, Shrinking Pores",Beauty & Health
,4.6k+ sold recently,2.5,7.0,1.0,,,"10 Rows Of 120 Clusters Eyelashes, Single Full Curled Eyelashes, Natural Appearance Single Length DIY False Eyelashes",Beauty & Health
,900+ sold recently,1.5,6.0,1.0,,,1pc Eyelash Comb Separator With Cover - Arc-Shaped Design For Mascara,Beauty & Health
,400+ sold recently,2.4,4.0,1.0,,,"1pc 10ml Lash Bond And Seal-Cluster Lash Glue+1 Pink Lashes Tweezer For Sensitive Eyes, Pink Lash Bond And Seal And Tweezer Lash Glue Waterproof, Super Strong Hold 72 Hours DIY Eyelash Extension Glue, Latex Free(5ml+5ml, 1Pack), Lash Bond And Seal For Eyelash Extensions Cluster Lash Glue Long Lasting Eyelash Glue Waterproof DIY Lash Extension Glue Wand Individual Lash Glue",Beauty & Health
,1.0k+ sold recently,10.99,8.0,1.0,,,SHEGLAM Sunday Picnic Layer Cake Lip Oil Set 3 Pcs/Set Clear Lip Gloss Set High Shine Finish Hydrating Repairing Lip Care Nourishing Cake-Scented Lip Oil Black Friday Winter Lip Gloss,Beauty & Health
,1.2k+ sold recently,5.5,8.0,9.0,,,"50pcs Mixed Colour Soft Makeup Sponge Puff In Container, Suitable For All Skin Types Black Friday",Beauty & Health
,,4.7,8.0,1.0,#10 Best Sellers,in Wig Glues and Treatments,"4pcs Hair Styling Comb Set ,3 Pcs Slick Back Hair Brush Set With Edge Brush, Bristle Brush, Rat Tail Comb, Teasing Brush Set For Smoothing Baby Hair & Flyaways - Pink,1pc Hair Wax Stick For Frizz Hair 75g",Beauty & Health
,800+ sold recently,1.5,6.0,1.0,,,24Pcs Medium Square Blue And White French Press On Nails With Golden Lines And Cute Pattern Press On Nails For Women And Girls Nail Supplies,Beauty & Health
,1.0k+ sold recently,6.99,22.0,1.0,,,SHEGLAM | Willy wonka Wonka Bar Eyeshadow Palette Black Friday Sale Gift Brown Eyeshadow,Beauty & Health
,300+ sold recently,1.6,11.0,4.0,,,12 Grids Half Round Gold+Silver Pearls Nail Charms Metallic Flat-Back Beads Ball Mixed Size Nail Pearls DIY Nail Gems Nail Supplies,Beauty & Health
,,5.99,29.0,1.0,#3 Best Sellers,in Eye Make Up,SHEGLAM All-In-One Volume & Length Mascara 2 In 1 Waterproof Volumizing Dual-Ended Brush Lengthening Curling Thick Lash Lifting Long Lasting Mascara Eye Makeup Black Friday Party Mascara,Beauty & Health
,3.8k+ sold recently,1.2,8.0,1.0,,,"20pcs Cherry Blossom Nail Accessories, Resin Colored Small Fresh Flowers, New Three-Dimensional Diamond Nail Accessories, Cute Colors, Randomly Mixed For Spring Nail Art DIY Nail Charms Nail Gems Nail Supplies",Beauty & Health
,,5.0,4.0,4.0,#9 Best Sellers,in Eyelashes,"Eyelash Curler 144 Clusters D Curl 9-16mm Length Individual Eyelash Curler Kit With Applicator, Eyelash Glue And Lash Sealer",Beauty & Health
,500+ sold recently,4.45,50.0,11.0,,,Invisible Wire Hair Extensions Wavy Curly Natural Blonde Hair Extensions Synthetic Fiber Double Weft Soft Hairpieces For Women,Beauty & Health
,800+ sold recently,2.3,0.0,1.0,,,5pcs/Set 1pc Non-Slip Silicon Elastic Wig Band Transparent Headband Wig Headband & 4pcs Wig Cap,Beauty & Health
,10+ sold recently,1.7,11.0,1.0,,,10pcs Nail Art Dead Skin Remover Tool,Beauty & Health
,,3.82,15.0,1.0,#9 Best Sellers,in Nail Art Salon Sets,2Pcs 15Ml Gel Nail Polish Nail Dehydrator And Primer Acid Free Natural Nail Prep Dehydrate & Bond Primer Nail Bond Air Dry Superior Bonding Primer For Acrylic Powder Nail Supplies Set Gift For Women,Beauty & Health
,1.6k+ sold recently,2.4,4.0,1.0,,,"5pairs/set Natural, Lifelike And Messy 3d Faux Mink Eyelashes With Cat Eye Design. Long, Full And Wispy Lashes, Soft And Messy Lashes.",Beauty & Health
,2.2k+ sold recently,0.48,66.0,1.0,,,2pcs Holographic Hibiscus Flower Nail Art Stickers Gold Pink Petal Leaf Sliders For Nails Y2K Design Manicure Decoration For Women Girl Friend Gift DIY,Beauty & Health
,4.0k+ sold recently,1.5,12.0,4.0,,,7ml Glitter Rubber Base Gel Aurora Chameleon Rusty Brown Gold Flakes Varnish Soak Off Semi Permanent UV Gels Polish Manicure DIY Salon At Home Gifts For Women,Beauty & Health
,3.2k+ sold recently,1.7,6.0,1.0,,,50Pcs/Box Small Magnets For Acrylic Nails Professional Nail Art Clipper False Tips Edge Cutters Tip Sizing Salon Manicure Tool Tiny Magnet For Crafts Strong Small Round Magnets,Beauty & Health
,600+ sold recently,2.1,9.0,12.0,,,"MAANGE 12pcs Triangle-Shaped Powder Puff,Flocking Powder Puff For Dry Use,Easy Carrying For Travel",Beauty & Health
,4.0k+ sold recently,2.08,20.0,1.0,,,80D Lash Clusters DIY Eyelash Extension 9-16mm Cluster Lashes Wispy Individual Lashes 140pcs 80P Lash Extension D Curl Cluster Lashes DIY at Home,Beauty & Health
,700+ sold recently,3.38,35.0,1.0,,,"Lash Clusters C Curl Individual Lashes,  Fluffy DIY Lash Extensions,10/12/14/16mm Mix Length Soft & Natural Cluster Eyelash Extensions Eyelash Extension DIY Clusters Lashes, 120 Pcs Lash Extension, C Curling 10~16mm Single Lash Clusters , Natural Look Fluffy Eyelash Extension Wispy Eyelashes DIY At Home",Beauty & Health
,6.8k+ sold recently,2.7,4.0,1.0,,,"Colored Lash Clusters 140Pcs 7 Colored Mixed Eyelashes Extension Cluster Segments Natural Wispy Individual Eye Lash, DIY At Home",Beauty & Health
,1.7k+ sold recently,2.3,8.0,1.0,,,"1PC Stainless Steel Folding Makeup Mirror With Personalized Gold-Foil Letters, Wrapped In Stylish Grey Leather. Perfect For Dear Mom, Aunt, Grandmother, Daughter, Niece, Sister, Bride, Bridesmaid, And Your Beloved Girlfriend! Ideal For Occasions Like Holidays, Birthdays, Weddings, Mother'S Day, And Valentine'S Day, This Thoughtful And Exquisite Gift Will Add A Touch Of Charm To Their Special Moments, Compact Mirror, Pocket Small Vanity Mirror, Living Room Home Bedroom Bathroom House Decor, Travel Stuff, Wedding, Party, Birthday, Gifts For Men Mom Dad Best Friends Teacher, New Years, Accessaries, Funny Gift",Beauty & Health
,1.0k+ sold recently,1.7,11.0,1.0,,,"30pcs Flower Pattern Nail Stickers, 3d Self-Adhesive Colorful Rose, Daisy, Sakura Decals For Nail Art Design, Nail Art Supplies, Accessories, Decorations DIY",Beauty & Health
,100+ sold recently,2.3,4.0,1.0,,,"84 Slots Portable Nail Art Sticker Storage Book, 1pc Clear Nail Art Decals Organizer, Display Showing Book Collecting Album, Nail Stickers Holder For DIY Nail Art Design Tools,Room,Home,Bedroom,Bathroom,House,Pink Room,Living Room Decor,Travel Stuff,Gift Bag,Gifts For Mom,Dad,Men,Friends,Teacher,Birthday,Wedding,Desk,Shelves,Accessaries,Gift Boxes,Funny Gift,Storage",Beauty & Health
,,1.7,6.0,1.0,,,6pcs Women Volume Hair Styling Clip Stick & 6pcs Hair Maker,Beauty & Health
,,4.7,8.0,1.0,,,2pcs Feather Yarn Gel Moisturizing Leg Warmers Indoor Foot Mask SPA Sock,Beauty & Health
,,6.45,50.0,1.0,#6 Best Sellers,in Wigs & Accs,28 Inches Kinky Straight Headband Wig for Women Yaki Straight Wigs with Black Headband Kinky Afro Wigs For,Beauty & Health
,900+ sold recently,1.36,20.0,1.0,,,"Nail Drawing Pen, 1PC Marbling Handle Nail Art Pen Brush,Painting Drawing Liner Nail Tools",Beauty & Health
,1.2k+ sold recently,2.8,3.0,1.0,,,"Trio Lip Set, 3Pcs Non-Stick Cup Long-Lasting Moisturizing Liquid Lipstick & Lip Liner",Beauty & Health
,2.8k+ sold recently,1.8,5.0,1.0,,,8pcs Wig Net Cap,Beauty & Health
,2.7k+ sold recently,1.6,0.0,1.0,,,"HANDAIYAN Automatic Rotating Eyebrow Pencil, Non-Smudged, Triangular Double-Headed Single Waterproof Eyebrow Pencil, Net Content 0.3g",Beauty & Health
,100+ sold recently,3.4,26.0,5.0,,,Human Hair Air Bangs With Sideburns Natural Black Color Bangs Clip In Hair Extension Beginner Friendly Real Easy To Wear,Beauty & Health
,100+ sold recently,2.8,7.0,1.0,,,"Self Grip Hair Roller Set, 12pcs Hair Roller Set, Heatless Hair Curlers, Hair Rollers With Hair 12pcs Clips, Salon Hairdressing Curlers, Diy Hair Styles (Purple ) Black Friday",Beauty & Health
,1.0k+ sold recently,1.2,8.0,1.0,,,Update Your Style With 24pcs Y2K Aesthetic Cute French Long Square Smiling Face Pattern Full Cover Fake Nail Kit Press On Nails Nail Supplies,Beauty & Health
,1.7k+ sold recently,14.1,12.0,6.0,,,"3pcs/Set Colorful Heart Graffiti Cosmetic Bag, Printed Toiletry Pouch, Mini Makeup Brush Organizer, Back To School, Music Festival Essentials Makeup Bag Organizer Makeup Organiser Makeup Storage Makeup Holder Cosmetic Bag Cosmetic Storage Organizer Cosmetics Bags Cosmetic Organiser",Beauty & Health
,10+ sold recently,3.95,50.0,1.0,,,"Silicone Moisturizing Relief Gloves, 1pair High Elastic Absorption Pressure Gloves, Reusable Aloe Gloves, Overnight SPA Gloves, Anti-Slip Gel Gloves For Women Men Dry Skin Dry Feet Rough Skin, Home Foot Care, Use With Your Favorite Lotions, And Creams",Beauty & Health
,6.5k+ sold recently,1.92,20.0,6.0,,,"1Pc Blue And White Plaid Knitted Soft Classic Plaid Pattern Waterproof Large Capacity Travel Portable Classic Octagonal Bag Makeup Bag For Women Girls Black Friday,Makeup Bag Makeup Pouch Skincare Bag Toiletry Bag Packing Cubes,Travel Essentials Cruise Essentials Dorm Essentials,Wedding Bridesmaid Gifts,Mom Gifts,Birthday Gifts,Gifts For Friends And Teachers,Home Decor,Bathroom Livingroom Bedroom Decor,Bathroom Organizer,Jewelry Organizer,Lip Oil Organizer,Nail Polish Organizer Storage Makeup Organizer Makeup Case",Beauty & Health
,1.0k+ sold recently,1.5,6.0,8.0,,,"24pcs/Set Press On Nails Long Almond Acrylic Nail White French & Bowknot Shaped Pearl Design False Nails , Contain 1pc Jelly Glue And 1pc Nail File, For Nail Art Decorations By Women & Girls",Beauty & Health
,100+ sold recently,8.99,18.0,36.0,,,SHEGLAM Skin Magnet High Coverage Foundation Stick-Chantilly,Beauty & Health
,1.9k+ sold recently,2.4,4.0,1.0,,,"Moisturizing Lip Gloss For Smooth & Glossy Lips, Lip Care Balm To Revitalize & Repair Dry & Chapped Lips",Beauty & Health
,500+ sold recently,7.99,58.0,1.0,,,"Cream Blush Stick, Monochromatic Blush Beauty Wand For Cheek And Lip Tint",Beauty & Health
,8.3k+ sold recently,4.64,23.0,14.0,,,SHEGLAM ColorÂ BloomÂ LiquidÂ BlushÂ MatteÂ Finish-Hush HushÂ  Gel Cream BlushÂ  Long Lasting Non-Fading Highly Pigmented Lightweight Long Wear Smooth Blusher Black Friday Winter Gifts Blush,Beauty & Health
,8.4k+ sold recently,1.2,8.0,1.0,,,Elevate Your Style With 24pcs Short Square Ombre Crips White Full Cover Fake Nail Minimalist Press On Nails Manicure Kit Nail Supplies,Beauty & Health
,100+ sold recently,2.61,13.0,5.0,,,"1 Piece Black Color Passion Twist Crochet Hair 12 Inch Pre-Twisted Short Crochet Passion Twist Hair,Pre Looped Passion Twist Crochet Braids Bohemian Crochet  12 Strands/Piece",Beauty & Health
,200+ sold recently,2.1,9.0,1.0,,,"French Gel Nail Tips, 120Pcs Press On Nails Natural Nude Short Square Gel X Nail Tips, One-Step Tip 15 Sizes Pre-Filed Fake Nail Tips For Nail Extension Nail Supplies",Beauty & Health
,100+ sold recently,10.65,50.0,1.0,,,Short Braided Headband Wigs For  Heat Resistant Crochet Box Braided Headband Bob Wig African Synthetic Braiding Hair Headband Wig Bob Machine Made Wig,Beauty & Health
,40+ sold recently,2.5,4.0,1.0,,,6pcs Temporary Tattoo For Men And Women Half Arm Chest Shoulder Fake Tattoos That Look Real Waterproof Realistic Tattoos Long-Lasting,Beauty & Health
,2.3k+ sold recently,2.2,4.0,9.0,,,96pcs Solid 4Different Nude Colors Glossy Wearable Nail Art Lovely Short Square Fake Nails Detachable Finished False Nails Press On Nails With Storage Box As New Year Gift For Women And Girls Nail Supplies,Beauty & Health
,100+ sold recently,10.3,4.0,1.0,,,25ml*3pcs Perfume Lady Aphrodite's Secret Lady Perfume Lasting Fragrance Perfume 3-Piece Gift Box Set Gift Gift,Beauty & Health
,2.7k+ sold recently,3.8,7.0,1.0,,,240pcs Kawaii Mini Bow 3D Cute Nail Art Decorations Mixed Pearl Heart Nails Charms Designs DIY Resin Nail Accessories Nail Gems Nail Supplies,Beauty & Health
,3.1k+ sold recently,1.3,7.0,1.0,,,50pcs 3D Kawaii Pink White Mixed Bow Flower Star Moon Multi-Model Mixed Rambom Resin Nail Art Pendant Y2K Cartoon Pearl Pink White Heart Shape Mini Round Nail Rhinestone Ornament DIY Accessories Supplies Nail Charms Nail Gems,Beauty & Health
,,1.7,11.0,1.0,,,10pcs Nail Art Dead Skin Remover Tool,Beauty & Health
,500+ sold recently,5.05,50.0,1.0,,,Dark Purple Short Bob Wigs with Bangs for Women Loose Wavy Wig Curly Wavy Shoulder Length Bob Synthetic Cosplay Wig for Girl Colorful Costume Wigs,Beauty & Health
,100+ sold recently,18.0,5.0,1.0,,,Bath And Body Works BBW Fine Fragrance Body Mist,Beauty & Health
,400+ sold recently,5.25,50.0,1.0,,,Large Curly Wigs With Headbands Attached For  Synthitic Short Kinky Curly Wigs For  With 2 Secure Clips(1B Black),Beauty & Health
,90+ sold recently,1.3,7.0,4.0,,,"24pcs False Nail Art Tips Set In Flat Milk White Color, Including Square-Shaped Tips, Nail File, And Jelly Glue Press On Nails Nail Supplies",Beauty & Health
,100+ sold recently,1.2,8.0,1.0,,,2sheets Abstract Line Pattern Nail Art Sticker Nail Stickers DIY,Beauty & Health
,,3.75,25.0,4.0,#9 Best Sellers,in Eye Make Up,SHEGLAM Brow-Fection Angled Brush & Dip-Espresso Hair-Like Strokes Liquid Eyebrow Gel Pen Easy To Color Long Lasting Quick Drying Natural Shaping Outlining Filling Eyebrow Makeup,Beauty & Health
,,4.19,30.0,1.0,#9 Best Sellers,in Highlighter,SHEGLAM Glow Bloom Liquid Highlighter-Bellini Brunch Gel Cream Highlighter Shimmer Dewy Finish Long Wear Brightening Non-Caking Waterproof Glow Highlighter Makeup Black Friday Winter Trending Y2K Gifts Highlighter,Beauty & Health
,1.4k+ sold recently,1.6,6.0,4.0,,,24pcs Medium Almond Purple And Flower Design Wearable Fake Nails Press On Nails Manicure Tip &1sheet Tape&1pc Nail File Nail Supplies,Beauty & Health
,800+ sold recently,4.6,0.0,4.0,,,"1pc Pink Sunglasses Storage Display Rack, Can Hold 5 Pairs Of Sunglasses",Beauty & Health
,2.3k+ sold recently,1.69,40.0,1.0,,,"1Pc Color-Block Yarn Checkerboard Large Capacity Cosmetic Bag,Makeup Bag Makeup Pouch Skincare Bag Toiletry Bag Packing Cubes,Travel Essentials Cruise Essentials Dorm Essentials,Wedding Bridesmaid Gifts,Mom Gifts,Birthday Gifts,Gifts For Friends And Teachers,Home Decor,Bathroom Livingroom Bedroom Decor,Bathroom Organizer,Jewelry Organizer,Lip Oil Organizer,Nail Polish Organizer Makeup Bag Storage Makeup Organizer Makeup Case",Beauty & Health
,1.5k+ sold recently,3.2,3.0,1.0,,,"1Pc Portable Lighted Pocket Mirror With Double Sided Foldable Makeup Mirror, Battery Not Included (Need To Be Purchased Separately) For Home Tabletop Decoration, Bathroom, Dresser Vanity & Countertop Bedroom Travel Dormitory Mirror Women Gift",Beauty & Health
,400+ sold recently,7.5,10.0,8.0,,,"12pcs Full Function Makeup Brush Set, Including Powder Brush, Blush Brush, Foundation Brush, Eyeshadow Brush, Blending Brush, Contour Brush, And A Beveled Beauty Egg. Perfect For Beginners. Comes With White Round Sponge.",Beauty & Health
,20+ sold recently,1.4,7.0,1.0,,,DIY Lash Extension  Glue Kits Cluster Eyelash Glue Black Sensitive Glue  Fast DIY Lashes Glue Remover . Fast Drying Waterproof Lash Glue Individual Lash Glue Long Lasting 13-16 Days DIY Lash Extension Glue Strong Hold Eyelash Glue For Lash Extensions(5ML),Beauty & Health
,1.0k+ sold recently,1.9,5.0,1.0,,,"4pcs Waterproof And Sweatproof Temporary Tattoo Sticker Set With Chinese Style Patterns, Including Dragon, Tiger, Fish, Flowers, Phoenix, Etc. It Is Fashionable, Exquisite, And Attractive For Daily Use Of Fashionable People.",Beauty & Health
,300+ sold recently,1.7,6.0,4.0,,,"1.5/2/2.5/3/4/5mm Mixed Half Pearl Mini Nail Charms 1 Box Of Flat-Back White Half Round Pearls Flat-Back White Pearl For Home DIY And Professional Nail Art, Face Makeup And Craft (1.5/2/2.5/3/4/5mm) Nail Gems Nail Supplies",Beauty & Health
,,4.99,17.0,12.0,#5 Best Sellers,in Lip Tint,SHEGLAM Take A Hint Lip Tint-Mocha Loca Color Changing Long-Lasting Lip Gloss High Gloss Finish All Day Non-Sticky Moisturizing Lip Stain For Dry Lips Pink Black Friday Liquid Lipstick,Beauty & Health
,800+ sold recently,1.4,7.0,12.0,,,24pcs Short Square Plain Fake Nail & 1pc Nail File & 1sheet Tape Elegant Manicure Press-On Manicure Gel Nails Kit Nail Supplies,Beauty & Health
,5.6k+ sold recently,2.9,3.0,1.0,,,Black Swan 9-color Eyeshadow Palette,Beauty & Health
,1.0k+ sold recently,15.0,0.0,1.0,,,Corner Shelf Multifunctional Bathroom Cosmetic Desktop Storage Tray Kitchen Non-Drilling Storage Rack,Beauty & Health
,200+ sold recently,7.4,6.0,1.0,,,100ml Unisex Perfume Long-Lasting Floral Scent Neutral Fragrance (Model: VL9904-2),Beauty & Health
,400+ sold recently,0.95,27.0,1.0,,,"1pc Pencil Sharpening Auxiliary Tool, Professional Micro Blade Eyebrow Pencil Shaper, Duckbill Pencil Sharpener, Achieving Perfect Eyebrow Shaping And Long-lasting Effect.",Beauty & Health
,600+ sold recently,1.6,11.0,12.0,,,24pcs Crop Square Nails With Fresh Elegant Dark Green Leaf Twig & Gold Foil Morandi Style Design + 1 Jelly Glue + 1 Nail File Set Press On Nails Nail Supplies,Beauty & Health
,4.3k+ sold recently,2.4,8.0,5.0,,,"TOMICCA Peach-Colored Builder Gel 5-In-1, 15ml Per Bottle, Quick-Drying Under UV/LED Light, For Nail Extension, Reinforcement, Nail Art Decoration And Rhinestone Application, Suitable For DIY At Home Or As A Gift",Beauty & Health
,600+ sold recently,2.9,3.0,1.0,,,1pc Black Leopard Print Large Capacity Waterproof Makeup Bag For Women Girls Black Friday,Beauty & Health
,1.3k+ sold recently,8.49,15.0,1.0,,,SHEGLAM Afterglow Palette 15-Color Matte Gilding Shimmer Eyeshadow Palette Neutral And Cool Tones Long Lasting Soft Smooth Professional Eyeshadow Eye Makeup Cosmetics Black Friday Party Eyeshadow,Beauty & Health
,,2.0,5.0,1.0,#1 Best Sellers,in False Eyelashes,"5 Pairs 5d Volume False Eyelashes, Fluffy Russian Big Curling Imitation Mink Hair Eyelashes",Beauty & Health
,,2.4,4.0,1.0,#3 Best Sellers,in Eyelashes Tools,"1pc 10ml Lash Bond And Seal-Cluster Lash Glue+1 Pink Lashes Tweezer For Sensitive Eyes, Pink Lash Bond And Seal And Tweezer Lash Glue Waterproof, Super Strong Hold 72 Hours DIY Eyelash Extension Glue, Latex Free(5ml+5ml, 1Pack), Lash Bond And Seal For Eyelash Extensions Cluster Lash Glue Long Lasting Eyelash Glue Waterproof DIY Lash Extension Glue Wand Individual Lash Glue",Beauty & Health
,100+ sold recently,9.8,4.0,1.0,,,(Champagne Gold )18-20-22-25-30PCS  Makeup Brush Sets Premium Synthetic Hair Eyeshadow Blending Brush Sets Cosmetics Tools+24PCS Makeup Tools Set,Beauty & Health
,,2.9,3.0,1.0,#4 Best Sellers,in Facial Serums,"Brightening And Moisturizing Essence, 30ml, Instantly Whitens, Vitamin C30, Niacinamide, Fade Acne Marks, Dark Spots, Deep Hydrating Effect",Beauty & Health
,90+ sold recently,1.47,65.0,11.0,,,"1pack Ombre Braiding Hair Extensions, Pre Stretched High Temperature Crochet Braiding Hair",Beauty & Health
,6.0k+ sold recently,1.92,20.0,8.0,,,"200 Clusters Faux Mink Individual Eyelashes Extension, DIY Individual Lashes Natural Look Wispy Eyelashes Extension Fluffy Reusable False Eyelashes DIY At Home",Beauty & Health
,500+ sold recently,3.5,20.0,10.0,,,6PCS/Set Nail Gel Polish Set 7ml Nude Color Nail UV Gel Polish Solid Color Soak Off Semi Permanent UV Gel Varnish Kit Manicures DIY Nails,Beauty & Health
,100+ sold recently,7.81,27.0,1.0,,,12 Inch Short Dark Grey Wave Curly Wigs with White Bangs for Women,Beauty & Health
,1.7k+ sold recently,2.52,13.0,1.0,,,"Minimalist Contrasting Color Knitted Checkerboard Travel Makeup Bag, 1Pc Lightweight Multifunctional Cosmetic Organizer Handbag Bath Shower Wallet Pouch Portable Cosmetics Brush Storage Clutch With Zipper Closure For Lipstick, Brush, Skincare, Mobile Phone, Coin, Small Items, For Home, Travel, Vacation And School Use, Black Friday,Makeup Bag Makeup Pouch Skincare Bag Toiletry Bag Storage Makeup Organizer Makeup Case",Beauty & Health
,1.2k+ sold recently,3.2,9.0,4.0,,,Transform Your Nails With 24pcs Medium Almond Bling High Glaze Cat Eye Ballet Style 3D Pearl Bow-Knot Heart Decot&Transparent 3D Irregular Wave Pattern&Bling Silver Decot Sequin Rhinestor Orange Pink Blush Full Cover Fake Press On Nails Kit Will Give Your Look A Sweet Romantic Suitable For Spring,Beauty & Health
,1.3k+ sold recently,1.61,27.0,1.0,,,5 Pairs Eyelashes Fake Eyelashes Long Lasting Fluffy Lashes Dramatic Volume Lashes Extension Thick Long,Beauty & Health
,2.9k+ sold recently,2.5,4.0,7.0,,,"Manga lashes 5 Pairs Fairy False Eyelashes, Transparent Slender Stalk Comics Little Devil Eyelashes , Natural Simulated Super Soft Lashes For Novice",Beauty & Health
,2.9k+ sold recently,3.6,5.0,1.0,,,"Natural Wispy  Lashes,C Curl 9-12mm Clear Band 3D Natural False Eyelashes Multipack (F01 Clear Band, 10 Pair (Pack of 1)) [Can be used as cluster lashes]",Beauty & Health
,500+ sold recently,19.4,4.0,1.0,,,Eyelash Extension Supplies USB Air Conditioning Blower Facial Mister Lash Tweezers Mirror Mascara Brush Lash Shampoo Brush Bottle Silicone Pad Glue Rings Under Eye Gel Pads Micro Applicators Tapes,Beauty & Health
,,1.16,36.0,1.0,#4 Best Sellers,in Lip Brushes,"50 Disposable Lip Brushes, Lipstick Applicator, Lip Gloss Wands Pink",Beauty & Health
,200+ sold recently,13.6,4.0,1.0,,,SUN X12 Nail Lamp Pink Nail Dryer For Manicure 66 Leds UV Light Quick Cure Autosense Nail Lamps With Base,Beauty & Health
,3.2k+ sold recently,2.4,8.0,1.0,,,"12-Grid/Box Resin Small Flower & Steel Ball Nail Art Rhinestones & Decoration Accessories, DIY Manicure Salon Supplies For Women Nail Charms Nail Gems",Beauty & Health
,1.9k+ sold recently,1.52,20.0,1.0,,,"1pc Square Dual-Sided Flip Mirror, Compact Vanity Mirror, Pocket Mirror, Small Mirror, Living Room Home Bedroom Bathroom House Decor, Travel Stuff, Wedding, Party, Birthday, Gifts For Men Mom Dad Best Friends Teacher, New Years, Accessories, Funny Gift",Beauty & Health
,,3.49,13.0,1.0,#7 Best Sellers,in Single Eyeshadow,SHEGLAM Glitter Wizard Invisible Jelly ShadowÂ  Glitter Eyeshadow Gel Magic Shine No SmudgeÂ  Non-Greasy Easy To WearÂ Cream Soft Smooth Eyeshadow Black Friday Winter Pink Purple Eyeshadow,Beauty & Health
,800+ sold recently,3.25,68.0,1.0,,,1Pc Anti-Slip Hairdresser Tool Mat Salon Flexible Magnetic Silicone Mat Tray For Storing And Heat Insulating During Work Black Friday,Beauty & Health
,2.0k+ sold recently,1.9,5.0,6.0,,,"Clear Makeup Bags, 1Pc Cosmetic Makeup Bags Clear Pvc With Zipper Handle Portable Travel Black Friday,Makeup Bag Makeup Pouch Skincare Bag Toiletry Bag Packing Cubes,Travel Essentials Cruise Essentials Dorm Essentials,Wedding Bridesmaid Gifts,Mom Gifts,Birthday Gifts,Gifts For Friends And Teachers,Home Decor,Bathroom Livingroom Bedroom Decor,Bathroom Organizer,Jewelry Organizer,Lip Oil Organizer,Nail Polish Organizer Storage Makeup Organizer Makeup Case",Beauty & Health
,300+ sold recently,1.2,0.0,10.0,,,1 Pc Sparkle Shiny Hair Tinsel Hair Extensions Dazzles Women Hippie For Braiding Headdress Hair Braiding Tools Long 90cm/120cm(36in/48in),Beauty & Health
,700+ sold recently,8.1,5.0,1.0,,,Sylhair Drawstring Curly Ponytail Extension for African Women Afro Kinky Curly Hair Pieces Synthetic Heat Resistant,Beauty & Health
,200+ sold recently,5.8,13.0,1.0,,,Black Friday 1box Rhinestone Nail Art Decoration DIY Nail Charms Nail Gems Nail Supplies,Beauty & Health
,,1.1,8.0,1.0,#10 Best Sellers,in Makeup Bag & Storage,"Simple Style Cosmetic Bag With Letter Print,Makeup Bag Makeup Pouch Skincare Bag Toiletry Bag Packing Cubes,Travel Essentials Cruise Essentials Dorm Essentials,Wedding Bridesmaid Gifts,Mom Gifts,Birthday Gifts,Gifts For Friends And Teachers,Home Decor,Bathroom Livingroom Bedroom Decor,Bathroom Organizer,Jewelry Organizer,Lip Oil Organizer,Nail Polish Organizer Makeup Bag Storage Makeup Organizer Makeup Case",Beauty & Health
,,1.4,7.0,7.0,#9 Best Sellers,in Press On Nails,24pcs White Square False Toe Nails Full Cover Natural Artificial Fake Foot Nail Art Tips & 1sheet Tape & 1pc Nail File Press On Nails Nail Supplies,Beauty & Health
,3.5k+ sold recently,4.66,12.0,1.0,,,"1Pc Mini Nail Drill Bits Holder And Organizer - Makeup Organizer, Nail Polishing Head Storage Box, And Nail Tool Stand Display Rack For Manicure Tools, Pink For Home Salon",Beauty & Health
,1.5k+ sold recently,1.8,5.0,10.0,,,"24pcs/Set Y2K Aesthetic Blood-Red Crystal Cat Eye Press On Nails Long Almond Red Cat Eye Acrylic False Nails,Contain 1pc Jelly Glue And 1pc Nail File,Suitable For Woman & Girl Daily Wear Rave Party Use Nail Supplies",Beauty & Health
,4.7k+ sold recently,3.0,9.0,9.0,,,5Pcs/Set Black Metal Handle Nail Art Striping Brush Nail Design Brushes For Long Lines Tiny Details Fine Drawing Nail Brushes For Nail Art,Beauty & Health
,,5.4,4.0,1.0,#1 Best Sellers,in Sunscreens & Tanning,"Tanning Gel - Intense Tanning Gel, Intensive Tanning Gel, Luxury Intensive Tanning Gel,  Tanning Gel, Tanning Gel For Outdoor Sun",Beauty & Health
,4.5k+ sold recently,2.99,25.0,1.0,,,SHEGLAM Skinfinite Foundation Brush Synthetic Flat Top Grooved Design Foundation Brush Professional Makeup Brush Liquid Blending Makeup Tool Black Friday Winter Gifts Face Brush,Beauty & Health
,300+ sold recently,3.4,8.0,4.0,,,Chocolate Brown10 Inch Claw Ponytail Short Curly Wavy Ponytail Extensions Synthetic Clip In Hair Extensions Elegant For Daily Use Hair Accessories,Beauty & Health
,,2.49,29.0,1.0,#5 Best Sellers,in Acne Treatment,SLOWSUNDAYâ¢ Star Blemish Patch,Beauty & Health
,400+ sold recently,1.2,0.0,1.0,,,"Tattoo Sticker,1 Sheet Skull & Floral Temporary Tattoos For Women,Tattoo Stickers Adults,Realistic Tattoo Flower,Skull,For Women and Girls Black Friday",Beauty & Health
,100+ sold recently,1.2,8.0,1.0,,,1pc Snake Pattern Nail Art Template Plate 12X4Cm Snake Leaf Nail Art Stencils For Nails Design Stamp Plate Printing Tools,Beauty & Health
,200+ sold recently,1.53,10.0,1.0,,,5pairs Mixed Color Soundproof Earplugs,Beauty & Health
,,2.16,20.0,1.0,#6 Best Sellers,in Electric Nail Drills,"5-In-1 Professional Manicure Polishing Head, Tungsten Steel Grinding Head, Rapid Professional Removal Of Nail Polish, 5 Tooth Density, High Safety",Beauty & Health
,700+ sold recently,2.6,13.0,5.0,,,"Women's Make-Up Bag, Corduroy Make-Up Bag Aesthetic Design Cosmetic Pouch, Girls Pencil Pouch, Cute Smile Face Make-Up Bag",Beauty & Health
,2.4k+ sold recently,5.5,0.0,4.0,,,"6pcs/set PET Cosmetic Organizer, Modern Clear Cosmetic Storage Box For Home",Beauty & Health
,3.2k+ sold recently,1.6,11.0,6.0,,,24pcs Short French Style Colorful Summer Dopamine Fresh Candy Color Cute & Playful Simple Oval Nails + 1pc Jelly Gel + 1pc Nail File Set Press On Nails Nail Supplies,Beauty & Health
,500+ sold recently,1.7,6.0,1.0,,,"1pc Black Nail Clipper, Adjustable Stainless Steel Nail Tip Cutter, Artificial Fake Nail Trimmer For False Nail Art Manicure Project, For Salon Home Nail Art Beauty Design Diy",Beauty & Health
,,3.84,30.0,1.0,#10 Best Sellers,in Mascaras,SHEGLAM Flutter Wink Volumizing Mascara Volumizing Lengthening Long-Lasting No Smudge Thick Lengthening Volume Big Eyes Mascara Black Friday Party Mascara,Beauty & Health
,,4.8,4.0,1.0,#3 Best Sellers,in Perfume,"1 Bottle Of Women's Perfume, 50ml, Long Lasting Fragrance, Rose  Scent, Heart Shape Design, First Love Rose Heart Sweetheart, Suitable For Casual Wear, Parties, Shopping, Gifts",Beauty & Health
,,3.99,20.0,10.0,#5 Best Sellers,in Lipstick,SHEGLAM Starlight Velvet Lipstick - Beach Babe 10 Colors Shimmer Matte Long Lasting Lipstick Nourishing Silky Smooth Lipstick Black Friday Party Lipstick,Beauty & Health
,400+ sold recently,3.4,3.0,1.0,,,12 Inch Black Claw Clip Kinky Straight Ponytail Extensions For  Fluffy Kinky Ponytail Synthetic Yaki Ponytail For  Clip In Ponytail Hair Extensions,Beauty & Health
,,1.4,7.0,1.0,#4 Best Sellers,in Single Eyeshadow,"Glitter Eyeshadow, 1pc Long-Wearing Waterproof Eye Makeup Product",Beauty & Health
,6.1k+ sold recently,2.0,20.0,1.0,,,Kolinsky Crystal Nail Art Brush Red Handle Alloy Aluminum Tube Nail Detailing Brush Makeup Brushes Manicure Diy Tool,Beauty & Health
,900+ sold recently,3.82,22.0,4.0,,,"Pocket Mirror, 1X/2X Magnification LED Compact Travel Makeup Mirror With Light For Purse, 2-Sided, Portable, Folding, Handheld, Small Lighted Mirror For Gift  Cute Portable Led Lighted Magnifying Travel Makeup Mirror 1X/2X Magnification Folding Dual Sided Compact Handheld Illuminated Mirror For Home Tabletop Decoration, Bathroom, Dresser Vanity & Countertop Bedroom Travel Dormitory Mirror Women GiftCountertop Bedroom Travel Dormitory Mirror Women Gift",Beauty & Health
,100+ sold recently,2.5,0.0,1.0,,,"1pc Natural Curls Ultimate Soft Brush, Wet And Dry Brush, For 3C To 4C Hair",Beauty & Health
,,4.99,17.0,12.0,#6 Best Sellers,in Lip Tint,SHEGLAM Take A Hint Lip Tint-Level UpÂ  Color Changing Long Lasting Lip Gloss High Gloss Finish All Day Non-Sticky Moisturizing Lip Stain For Dry Lips Black Friday Winter Gifts Liquid Lipstick,Beauty & Health
,1.8k+ sold recently,3.49,30.0,1.0,,,SHEGLAM Glam 101 Hybrid Highlighter & Blush Duo-St. TropezÂ  Blush Highlighter Powder Palette Non-Fading Multi-Use Non-Greasy Shimmer Lightweight Smooth Blusher Black Friday Winter Pink Brown Rosa Blush,Beauty & Health
,100+ sold recently,16.9,4.0,1.0,,,Electric Hair Clipper KM-2299 Clipper USB Rechargeable Hair Cutting Machine 0mm Zero Gapped Carving Clipper Professional Hair Trimmer Black Ceramic Blade Hair Clipper Salon Use For Men,Beauty & Health
,2.0k+ sold recently,0.96,20.0,1.0,,,Upgrade Your Look With 24pcs Pastel Blue Swirl Short Square Stripe Print Full Cover Fake Nail Kit Press On Nails Nail Supplies,Beauty & Health
,2.0k+ sold recently,4.49,31.0,21.0,,,SHEGLAM Complexion Boost Concealer-Nude Sponge-Head Applicator Matte Liquid Concealer Long Lasting Brightening Color Corrector Weightless All-Day Long Lasting Hydrating Concealer Black Friday Winter Concealer,Beauty & Health
,,2.49,17.0,14.0,#3 Best Sellers,in Lip Liner,SHEGLAM So Lippy Lip Liner-Neutral Creamy Matte Lip Liner Pencil High Pigment Not Easy to Fade Silky Smooth Matte Contour Tint Lip Makeup Black Friday Party Y2K Lip Liner,Beauty & Health
,1.2k+ sold recently,2.6,7.0,1.0,,,"Round Head Disposable Nail Polish Brush Replacement Brush Head Gel Liquid Brushes For Nail Polish, Gel, Base Coat, Top Coat And Sealer Activator Brushes Water-Based Nail Polish",Beauty & Health
,1.8k+ sold recently,1.7,11.0,11.0,,,"Gloz Gel Nail Polish Top Coat- No Wipe Top Coat, High Gloss Shiny Long Lasting Top Gel For Clear Nail Gel And Acrylic Nails, For Home Diy And Nail Salon Gift For Women",Beauty & Health
,5.1k+ sold recently,1.6,6.0,4.0,,,48pcs Pink Nail Art Adhesive Glue Clay Nail Art Reusable Tacky Gel For Practice Stand Display False Tips Manicure Tools,Beauty & Health
,3.6k+ sold recently,3.0,6.0,1.0,,,NEW 10pairs 3D DD Curl Russian Strip Lashes 8mm-22mm Fluffy Mink Lashes Extension Supplies Natural 5D Fake Eyelashes Makeup Tools,Beauty & Health
,200+ sold recently,0.82,54.0,1.0,,,"1pc Portable Makeup Storage Bag, Minimalist Plain Makeup Storage Bag For Home",Beauty & Health
,700+ sold recently,1.1,8.0,1.0,,,1 Pink Color Spring Bright Macaroon Candy Shine Finish Nail Polish Gel Easter Limited Edition Nail Gel For Women - Diy Home Salon Nail Art Gift For Women,Beauty & Health
,2.7k+ sold recently,1.5,6.0,4.0,,,"Matte Liquid Lipstick, Long-lasting Waterproof Non-stick Cup Lip Gloss Lip Cream",Beauty & Health
,,3.0,0.0,1.0,#7 Best Sellers,in Eye Mask,"1pc Adjustable Hook And Loop Eye Mask With 1 Pair Earplugs, Noise Blocking Sleep Mask Without Pressing Ears, Suitable For Sleeping, Napping And Nighttime Use All Year Round. The Best Effect Of Sleep Noise Cancelling Earplugs Achieved When Used With The Eye Mask",Beauty & Health
,1.0k+ sold recently,2.08,17.0,4.0,,,"96pcs(Brown/Dark Nude/Nude/Pink-4colors)Short Matte Solid Press On Nails, Wearable Acrylic Nail Art, Lovely Square Fake Nails Detachable Finished False Nails Press On Nails With Storage Box Nail Supplies",Beauty & Health
,90+ sold recently,6.0,50.0,1.0,,,"Hair Tinsel Kit, 18 Colors 48 Inches, Fairy Hair Tinsel Hair Extensions Heat Resistant With Tools, Hair Accessories For Women Girls 3600 Strands",Beauty & Health
,3.1k+ sold recently,2.4,4.0,1.0,,,7 Passed with complete eyelashes thick curling 16mm fluffy and slim eyelashes daily cat eye tail long,Beauty & Health
,400+ sold recently,6.1,5.0,1.0,,,"Dreamy Sand Flow Perfume, 50Ml/Bottle, Fresh And Elegant Fragrance, Interpreting Women'S Seductive And Sexy Charms. The Bottle Is Transparent And Pure Like Crystal",Beauty & Health
,700+ sold recently,7.21,30.0,1.0,,,"100pcs Triangle Shaped Powder Puff, Specifically Designed For Eye And Corner Area, Suitable For All Skin Types. Black Friday",Beauty & Health
,1.4k+ sold recently,2.45,34.0,1.0,,,"Checkerboard Pattern Makeup Bag, 1Pc Large Capacity Contrast Knit Zipper Toiletries Storage Bag Simple Contrast Color Cosmetic Bag Black Friday,Makeup Bag Makeup Pouch Skincare Bag Toiletry Bag Packing Cubes,Travel Essentials Cruise Essentials Dorm Essentials,Wedding Bridesmaid Gifts,Mom Gifts,Birthday Gifts,Gifts For Friends And Teachers,Home Decor,Bathroom Livingroom Bedroom Decor,Bathroom Organizer,Jewelry Organizer,Lip Oil Organizer,Nail Polish Organizer Storage Makeup Organizer Makeup Case",Beauty & Health
,600+ sold recently,6.3,5.0,1.0,,,Rechargeable Electric Heated Eyelash Curler For Curling And Styling Lashes,Beauty & Health
,1.0k+ sold recently,1.6,6.0,1.0,,,"Upgrade Your Style Instantly With 24pcs Short Simple French Style Blue Rhinestone False Nails, Classic Match For Girls Press On Nails Nail Supplies",Beauty & Health
,,2.8,10.0,1.0,#5 Best Sellers,in Nail Art Brushes,3PCS Acrylic Nail Brush Set - Size 8/10/14 Kolinsky Acrylic Nail Brushes For Acrylic Application Pink Handle Professional Acrylic Powder Brushes For Nails Extension & 3D Nail Carving,Beauty & Health
,60+ sold recently,1.0,0.0,1.0,,,5pcs U Shape Wig Clip,Beauty & Health
,1.0k+ sold recently,9.42,28.0,1.0,,,"215Pcs Eyelash Extension Supplies Kit, Lash Kit For Eyelash Extensions Beginners USB Air Blower 2 Lash Tweezer 100 Mascara Brush 50 Micro Applicator 50 Ring Cup Holder 2 Tape 10 Eye Gel Pad Christmas Gift",Beauty & Health
,200+ sold recently,10.7,4.0,1.0,,,Gorgeous Chocolate brown Bob Wig with Flattering Bangs - Make a Statement!,Beauty & Health
,,5.36,20.0,1.0,#10 Best Sellers,in Nail Art Salon Sets,Professional Acrylic Liquid Monomer System Set For Acrylic Nails Extension Perfect For Nail Salon And DIY Use,Beauty & Health
,1.4k+ sold recently,2.13,63.0,7.0,,,"Clip in Hair Extensions, Hair Extensions Thick Long Lace Weft Lightweight Synthetic Hairpieces for Women   Brown with Blonde Highlights",Beauty & Health
,5.0k+ sold recently,0.65,57.0,1.0,,,"Get Charm 24pcs/Set Medium Square Shaped Fashionable White French Style Gold Glitter Rhinestone & Linear Design Simple Diy False Nails. It Comes With Jelly Glue And Nail File. Suitable For Parties, Dances, And Daily Wear. Press On Nails Supplies",Beauty & Health
,10+ sold recently,1.48,8.0,1.0,,,"2 Sheets Waterproof, Sweat-Proof Temporary Tattoo Stickers With Black Rose, Animal (Tiger/Leopard) Designs Full Arm Body Art, Large Size Fake Tattoo Stickers",Beauty & Health
,40+ sold recently,2.4,4.0,1.0,,,ROMWE Kawaii Butterfly Printed Large Paddle Hair Cushion Massage Comb With Bow Knot Pattern For Home Use,Beauty & Health
,1.5k+ sold recently,1.8,5.0,25.0,,,12 Boxes (2000 Pieces) Nail Flat Diamond Lake Blue Size Mixed Color Diamond Nail Tip Bottom Diamond Net Red Jewelry Pile Up Diamond Super Sparkling Glass Transparent Crystal Nail Diamond AB Fantasy Colorful White Rhinestone Luxurious Styel Nail Art Pearls Nailart Rhinestones Diy Nail Decoration Y2k Creative Cartoon Cute Holiday Heart Rose Bowknot Decor Gift For Women & Girl,Beauty & Health
,,3.99,27.0,1.0,#7 Best Sellers,in Blush,SHEGLAM Very Cherry Cheek & Lip Cream Stack,Beauty & Health
,20+ sold recently,3.6,5.0,13.0,,,1pc Long Synthetic Hair Braid,Beauty & Health
,,81.62,30.0,1.0,#4 Best Sellers,in Human Lace Wigs,13x4 Lace Frontal Wigs Natural Black Color Deep Wave Virgin Human Hair 150% 180% Density Pre Plucked Hairline Wet And Wavy Transparent Lace Front Wigs With Baby Hair For Women 14-30inch,Beauty & Health
,700+ sold recently,1.4,7.0,6.0,,,"Summer Multicolor French Style Fresh Rainbow Medium Almond Fake Nails, Including 24pcs Fake Nails, 1 Piece Gel Glue And 1 Piece Nail File Press On Nails Nail Supplies",Beauty & Health
,2.9k+ sold recently,3.3,3.0,1.0,,,1pc White Stylish And Spacious Corduroy Travel Makeup Bag With Zipper - Perfect For On-The-Go Beauty Essentials Storage Makeup Organizer Makeup Case,Beauty & Health
,4.9k+ sold recently,1.1,8.0,1.0,,,1Pc 5Ml Silver Nail Art Line Polish Gel Semi Permanent Uv/Led Paint Nails Drawing Polish Diy Painting Varnish Liner Gel Tool Gift For Women,Beauty & Health
,200+ sold recently,1.4,7.0,1.0,,,"8pcs Set Colorful Metal Makeup Brushes, Including Ultra Soft Powder Brush, Contour Brush, Highlight Brush, Eye Shadow Brush And Concealer Brush, High-End Makeup Tools With Colored Handles",Beauty & Health
,8.7k+ sold recently,1.3,19.0,4.0,,,"1pc(7.5g) Super Strong Gel Nail Glue With Brush For Press On Nails Nail Tips & Fake Nails, Specially Designed For False Nails Long Lasting Adhesive,Soak Off UV/LED,Perfect For Traveling,Gathering,Gift",Beauty & Health
,6.2k+ sold recently,2.2,8.0,12.0,,,"48pcs/Set Medium Square Shaped Fake Nails & Toes With Black Edge And French Style, Makes Your Fingertips & Toes More Charming, Suitable For All Women, With Free Gel Nail File Press On Nails Nail Supplies",Beauty & Health
,200+ sold recently,12.4,4.0,1.0,,,"20pcs/Can Long-Lasting Strawberry Moisturizing Lipstick Set Lip Balm, Lip Bottom, And Colorless Lip Gloss - Perfect  Gift For Men And Women",Beauty & Health
,600+ sold recently,0.57,56.0,1.0,,,"1 Sheets Big Size Body Art Temporary Tattoo Stickers For Men And Women, Sketch Realistic Style Rose I Love You Text Pattern, Waterproof Fake Tattoo, Lasts 2-5 Days, Covering Scars, Can Be Used On Arms Wrist Shoulders Legs Waist Neck Hand Chest Thighs Finger, Best Friend Couple Tattoo",Beauty & Health
,4.7k+ sold recently,17.7,7.0,1.0,,,"Practice Hand For Acrylic Nails-Fake Flexible Movable Practice Nail Hand Practice For Acrylic Nail Kit, Maniquin Hand For Nail Practice With 100 Pcs Refill Nail Tips",Beauty & Health
,,9.79,8.0,1.0,#1 Best Sellers,in Skin Care Sets,"1Set 6Pcs Deep Nourishing LAIKOU JAPAN SAKURA SKINCARE SET, Anti-Aging (UV-Protective Sunscreen Lotion 30g SPF50 & Cleanser 50g & Toner 100ml & Serum 17ml & Eye Cream 15g & Face Cream 25g) Firming Skin Care Gift Boxes For Women & Girl Brighten Skin Tone Skin Treatment Product Moisturizer Beauty And Self Care Mother's Day Gift",Beauty & Health
,1.1k+ sold recently,4.2,7.0,1.0,,,10pcs Handmade Nude Colored Gold Line Circle Sunglasses Pink Pearl Fashionable Wearable Nail Stickers Press On Nails Nail Supplies,Beauty & Health
,100+ sold recently,1.2,0.0,1.0,,,"2pcs/Set Sleep Tool (1 Pair Of Earplugs + 1 Eye Mask), Adjustable Magic Paste Sleep Mask, Zero Pressure Knitted Earplugs, Suitable For All Seasons Nap And Sleep",Beauty & Health
,80+ sold recently,5.05,50.0,1.0,,,"Women's Fashionable Natural Short Curly Mixed Golden 12-Inch Synthetic Hair Wig With Side Bangs, Suitable For Daily Wear",Beauty & Health
,200+ sold recently,6.8,4.0,9.0,,,"Women's Fashionable Natural Short Curly Hair Pink 12 Inch Synthetic Fiber Bob Style Wig With Air Bangs Suitable For Cosplay, Halloween Party And Costume Party",Beauty & Health
,3.4k+ sold recently,1.1,15.0,8.0,,,Black Friday 1box 10ml Nail Art Powder DIY Nail Charms Nail Gems Nail Supplies,Beauty & Health
,,17.9,4.0,1.0,#3 Best Sellers,in Women Shave & Hair Removal Appliances,"1pc Painless IPL Hair Removal Device For Home Use, Cute And Portable, Up To 999999 Flashes For Women And Men, Permanent Laser Hair Removal On Armpits Back Legs Arms Face Bikini Line, 5 Different Modes, Holiday Gift",Beauty & Health
,700+ sold recently,1.3,7.0,1.0,,,"Matte Lip Gloss,1Pc Velvet Waterproof Long-Lasting Wear Highly Pigmented Non-Stick Cup Liquid Lipstick",Beauty & Health
,400+ sold recently,1.23,39.0,8.0,,,2 Pack Embossed Y2K Nail Stickers Cherry Bow Acrylic Star Design Slider Nails 5D Decorative Nail Art Supplies DIY,Beauty & Health
,1.0k+ sold recently,3.49,30.0,1.0,,,SHEGLAM Love Stained Lip Tint Marker-Pure Love Matte Red Lip Stain Pen Highly Pigmented Long-Lasting Lip Liner Contour Tint Lip Makeup  Black Friday Lip Liner,Beauty & Health
,400+ sold recently,5.1,50.0,1.0,,,"A Piece Synthetic Short African Fluffy Wig,Women's Large Elastic Soft Short Daily Party Wig",Beauty & Health
,400+ sold recently,13.5,4.0,1.0,,,"4pcs/25ml*3+30ml , Women's Perfume Lasting Fragrance, Fresh Fragrance, Perfume Set, Women's Perfume Four Piece Set",Beauty & Health
,40+ sold recently,3.0,23.0,1.0,,,French Relief Flower Cosmetic Bag Large Capacity Portable Clutch Bag Makeup Bag Storage Makeup Organizer Makeup Case,Beauty & Health
,4.0k+ sold recently,1.5,6.0,5.0,,,"24pcs Simple French Style Solid Color Short False Toe Nails, Suitable For Students, Office Ladies, Daily Wear Press On Nails Nail Supplies",Beauty & Health
,600+ sold recently,4.5,10.0,1.0,,,"Transparent Pvc Cosmetic Purse For Women,Bohemia Stylish Storage Bag With Waterproof Clear Pvc For Beach,Summer Vacation,Swimming.Birthday Gift. Cute Makeup Bag For Girls",Beauty & Health
,10+ sold recently,1.2,14.0,1.0,,,"7ml Jelly Glass Gel Nail Polish, Jelly Ice Translucent Gel Polish, Summer Blue Pink Red Nails Crystal Candy Color Gel Nail Glue , Semi-Permanent Varnish Soak Off UV Led Gel, Nail Supplies Nail Art DIY For Home Salon , Manicure Gifts For Women",Beauty & Health
,,2.2,4.0,13.0,#5 Best Sellers,in Synthetic Extensions,"5 Pcs Colored Clip In Hair Extensions 20 Inch Long Straight Hairpieces Clip In Synthetic, Halloween Cosplay Dress Up Fashion Party Christmas New Year Gift For Women Kids Girls(Wine Red)",Beauty & Health
,100+ sold recently,3.7,3.0,6.0,,,"Box Braids Crochet Hair Messy Goddess Box Braids Hair with Curly Ends, Pre-looped Bohemian Hippie Braids Hair Synthetic Crochet Braids Hair Extension for Woman TBUG#",Beauty & Health
,7.0k+ sold recently,1.2,8.0,1.0,,,"Golden Lure Pheromone Perfume, Pheromone Perfume Attract Men,Lure Her Perfume,Romantic Pheromone Glitter Perfume, Pheromones Cologne Perfume Spray For Men And Women",Beauty & Health
,1.3k+ sold recently,3.8,12.0,1.0,,,"1pc Lovely Floral Stitching Corduroy Cosmetic Bag For Storing Skin Care Items, Lipsticks, Hair Accessories, Or As A Travel Necessity, Birthday Gift, Bridesmaid Gift, Teacher Gift, Or Mother's Day Gift For Girls",Beauty & Health
,3.5k+ sold recently,2.9,6.0,36.0,,,1pc 15ml Gel Nail Polish Fluorescent pink Y2K Aesthetic Soak Off LED/UV Long-lasting Quick-Drying Nail Art Design Christmas Day Gifts for Women,Beauty & Health
,1.2k+ sold recently,1.51,37.0,1.0,,,2 Packs (48 Pcs)DIY Press On Nail Armor Set:Elegant White Foot & Hand Nail Armor With 3D Golden Butterflies - Stylish And Beautiful Gift For Women & Girl Press On Nails Nail Supplies,Beauty & Health
,60+ sold recently,5.1,26.0,5.0,,,Bigger Size Human Hair Air Bangs With Sideburns Black Color Bangs Clip In Hair Extension Beginner Friendly Real Easy To Go,Beauty & Health
,1.2k+ sold recently,2.87,13.0,1.0,,,"1Pc Vintage Flower Pattern Corduroy Cosmetic Bag With Zipper, Multifunctional Jacquard Fabric Storage Bag For Traveling, Coins And Toiletries, Portable Organizer For Ladiesmakeup Bag Makeup Pouch Skincare Bag Toiletry Bag Packing Cubes,Travel Essentials Cruise Essentials Dorm Essentials,Wedding Bridesmaid Gifts,Mom Gifts,Birthday Gifts,Gifts For Friends And Teachers,Home Decor,Bathroom Livingroom Bedroom Decor,Bathroom Organizer,Jewelry Organizer,Lip Oil Organizer,Nail Polish Organizer",Beauty & Health
,6.9k+ sold recently,2.8,7.0,13.0,,,"Makeup Sponge Set With 15 Sponges And Storage Jar, 3 Regular Beauty Blenders & 3 Mini Beauty Blenders & 3 Loose Powder Puffs & 3 Mini Loose Powder Puffs & 3 Mini Finger Cushion Powder Puffs. Mixed Shape Sponges For Effortlessly Flawless Application Of Liquids, Creams, And Powders. Multi-Colored Makeup Sponges, Hygienic, Latex-Free Dual-Use Foundation Makeup Creams With Air Cushion Puff, Latex-Free Mixed Sponge And Makeup Sponge Pastry Puff. Suitable For All Skin Types. Made Of Ultra-Soft Velvet, Specifically Designed For Contouring, Blending, Eye And Corner Application. Beauty Blender Case For Mixing Foundation Or Blending Makeup.",Beauty & Health
,1.0k+ sold recently,0.18,86.0,8.0,,,Black Friday 10ml Shiny Sugar Nail Glitter Powder For Manicure Flock Powder Nail Art Decorations Sweater Yarn White Snow Candy Dust Powder Blue DIY Nail Charms Nail Gems Nail Supplies,Beauty & Health
,3.1k+ sold recently,3.99,33.0,20.0,,,SHEGLAM Like Magic 12Hr Full Coverage Concealer-Almond  Matte Liquid Concealer Long Lasting Brightening Color Corrector Weightless All-Day Long Lasting Hydrating Concealer Black Friday Winter Concealer,Beauty & Health
,1.2k+ sold recently,4.6,2.0,1.0,,,"Embossed Angel 10-color Eyeshadow Palette With Lace Border, Pearl, Glitter, Matte Blush Contour",Beauty & Health
,100+ sold recently,6.2,50.0,1.0,,,HAIRCUBE 12 Inch Multi-Color Wavy Curly Wigs Pink Hair Beautiful Pretty Fashion Ladies Wigs Synthetic Heat Resistant Fiber Wigs For Daily Use,Beauty & Health
,30+ sold recently,1.8,10.0,1.0,,,1pc Frosted Loop Cosmetic Organizer Bag/Mask Storage Bag/Underwear&Towel Pouch/Lipstick &Stationery Pouch/Travel Storage Bag,Beauty & Health
,,2.9,6.0,36.0,#5 Best Sellers,in Gel Nail Polish,"Gel Nail Polish,15ml Soak Off LED/UV, Neutral Gel Nail Polish For Nail Art, Long-lasting And Quick-Drying, For Home Salon Nail Art DIY",Beauty & Health
,500+ sold recently,1.3,7.0,1.0,,,7.5ml Nail Glue Gel UV/LED Nail Adhesive Gel For Nail Tips Extension Strong Adhesive Glue For Nail Art Design DIY Use And Nail Salon Beauty Manicure And Pedicure Tools,Beauty & Health
,300+ sold recently,2.7,7.0,1.0,,,Honey Lip Oil Long Lasting Nourishing Lip Glow Oil Hydrating Nourishing Tinted Lip Oil Non-Sticky Lip Care Products Gift For Women,Beauty & Health
,2.4k+ sold recently,3.0,0.0,1.0,,,1pc Exfoliating Body Brush With Natural Wooden Bristles - Soft And Gentle Skin Massager For Deep Cleansing And Smoother Skin,Beauty & Health
,1.6k+ sold recently,1.4,0.0,1.0,,,"1pc Tongue-Shaped Foundation Brush And Mask Brush With Wooden Handle, Non-Shedding, For Liquid Makeup",Beauty & Health
,,1.2,8.0,1.0,#10 Best Sellers,in Temporary Tattoos,"1pc Waterproof Sweatproof Washable Non-Reflective Temporary Tattoo Sticker, Couple Red Flower Art Design, Suitable For Daily Use Of Trendy People",Beauty & Health
,700+ sold recently,5.05,50.0,8.0,,,"12-inch multicolor synthetic wig with short hair and bangs, perfect for everyday parties",Beauty & Health
,1.8k+ sold recently,4.2,7.0,1.0,,,"100ml Butt Acne Treatment Cream To Repair And Lighten Acne And Smooth Skin, Mild Moisturizing And Nourishing Care.",Beauty & Health
,,8.5,19.0,1.0,#5 Best Sellers,in Health Care,"1pc Blood Pressure Monitor, Household Automatic Blood Pressure Measuring Instrument, Arm-Type Blood Pressure Monitor, Neutral English Blood Pressure Monitor USB Plug-In Use-This Tool Does Not Include Batteries!",Beauty & Health
,100+ sold recently,2.6,7.0,1.0,,,"24pcs High-Quality 3D Rhinestone Inlaid French Style Medium-Length Duck Beak-Shaped Press-On Fake Nails, Cool And Sweet, Suitable For Daily Wear For Women And Girls",Beauty & Health
,1.2k+ sold recently,7.2,8.0,4.0,,,504PCS NO C CURVE Clear Nail Tips For Acrylic Nails Professional 3XL Extra Long Flat Tapered Square Nail Tips 12 Sizes Half Cover Straight French Fake Nail Tips For Nail Salons Home DIY Press On Nails Nail Supplies,Beauty & Health
,,9.49,14.0,30.0,#2 Best Sellers,in Foundation,SHEGLAM Complexion Pro Long Lasting Breathable Matte Foundation-Nude Matte Sweat-proof Foundation Oil Control Full Coverage Pore-less Concealer Waterproof Flawless Non-Fading Weightless Liquid Foundation Black Friday Winter Foundation,Beauty & Health
,10k+ sold recently,4.1,16.0,1.0,,,240pcs Boxed Transparent Extra Long Nail Tips Pointed Ballet Nail Tips False Nail Stickers Press On Nails Nail Supplies,Beauty & Health
,,3.3,6.0,6.0,#10 Best Sellers,in False Eyelashes,"MAGEFY 8Pairs Of Natural Full False Eyelashes&1pc Disposable Eyelash Brush,Fluffy Slim For Everyday Use Manga Eyelashes, Travel Essentials",Beauty & Health
,2.5k+ sold recently,1.9,5.0,1.0,,,"Manga Lashes, 5pairs Spike Manga False Eyelashes, Cat Eye Tail Elongated Natural Faux Mink False Eyelashes",Beauty & Health
,8.7k+ sold recently,1.8,5.0,10.0,,,24Pcs Long Square Press On Nails Butterfly French False Nails Charms And Rhinestones Black Nails With 1 Piece Jelly Glue And 1 Piece File,Beauty & Health
,100+ sold recently,1.2,0.0,1.0,,,"Concealer Brush, 1pc Wooden Classic Portable Reusable Makeup Brush For Making Up Supply For Dresser Powder For Facial Cosmetic For Makeup Black Friday",Beauty & Health
,10+ sold recently,2.4,8.0,1.0,,,"1pc New Portable Electroplated Shell Folding Mirror Comb, Massage Airbag Hair Brush, Convenient Round Compact Makeup Mirror Comb",Beauty & Health
,3.9k+ sold recently,1.84,20.0,1.0,,,"10ml Reflective Glitter Cat Eye Gel Nail Polish, Sparkling Diamond Gel Nail Polish, Magnetic Gel Polish, Shiny Varnish Soak Off UV LED",Beauty & Health
,500+ sold recently,0.97,54.0,1.0,,,1pc Long-Wearing Waterproof Cream Eyeliner & 1pc Brush,Beauty & Health
,3.0k+ sold recently,1.68,20.0,11.0,,,"Black Friday 12 Grids White Nail Art Rhinestone, Mixed Size Crystal Rhinestone Nail Decoration DIY Glass Stone Flatback DIY Ornament Nail Accessories Nail Charms Nail Gems Nail Supplies",Beauty & Health
,600+ sold recently,2.6,7.0,1.0,,,"1pc Foot File Callus Remover Multi-purpose 4 In 1 Feet Pedicure Tools With Foot Scrubber, Pumice Stone, Foot Rasp and Sand Paper For Home Foot Care, Foot Care Tool, Black Pedicure Foot File",Beauty & Health
,800+ sold recently,1.2,8.0,12.0,,,"Upgrade Your Style With 24pcs Short Square Toe False Nails Press On Nails Set In Oyster-Pink Featuring Fashionable French & Cute Sweet & Simple Elegant & Lovely Fresh Style. Detachable Nail Glue Sticker Makes It Suitable For Holiday, Party, Date And Daily Wear",Beauty & Health
,400+ sold recently,4.35,39.0,1.0,,,1pc False Hair Lace Scissors Stainless Steel Teeth Cloth Scissors Triangular Dog Teeth Zigzag Tailor Scissors DIY Handmade Lace Edge Scissors Round Arc Wave Cut,Beauty & Health
,5.1k+ sold recently,1.99,29.0,1.0,,,SHEGLAM Powder Puff 1 Pcs Triangle Shaped Makeup Puff Soft Powder Puff Fan Puff Pink Beauty Makeup Tool Black Friday Sale Makeup Puff Sponge,Beauty & Health
,,10.0,0.0,4.0,#10 Best Sellers,in Makeup Display Cases,1pc Khaki Hand-woven Makeup Organizer Box For Brushes And Skin Care Products Storage And Organization,Beauty & Health
,10k+ sold recently,1.5,6.0,1.0,,,"Black Seed Essential Oil Spray, Anti Loss Hair Treatment",Beauty & Health
,1.4k+ sold recently,1.3,7.0,15.0,,,"Solid Builder Nail Gel, 15ml Nude Crystal Phototherapy Nail Quick Extension Glue for Acrylic Nails Rhinestones Gel 3D Nail Sculpture Gel 3D Molding Gel Hard Gel for Nails UV/LED Nail Lamp",Beauty & Health
,,2.4,8.0,1.0,#2 Best Sellers,in Nail Base & Top Coats,1Pc 15Ml Clear Building Nail Gel Nail Polish For Strengthener Gel Extension Gel Base Coat In A Bottle Soak Off Uv Led Gel Nail Extension,Beauty & Health
,,1.7,6.0,1.0,#8 Best Sellers,in Tattoo Ink,"1pc Henna Dye Paste, HANNA Temporary Fruit Juice Henna Tattoo Ink, Semi-Permanent Tattoo Pigment, Body Art Color Tattoo Ink, Long-Lasting Plant-Based Tattoo Dye, Temporary Tattoo Paste, Perfect For Party Decoration, Festival Decoration, Stage Performance, Festival Gift, Birthday Gift, A Perfect Gift For Your Loved Ones",Beauty & Health
,,1.7,6.0,1.0,#7 Best Sellers,in Moisturizers,Effective Acne Removal Cream Treatment Acne Scar Shrink Pores Oil Control Whitening Moisturize Face,Beauty & Health
,,3.9,3.0,1.0,#2 Best Sellers,in Soaps,Yoni Soap Intimate Soap Essential Oil Soap Handmade Cold-Processed Bath Soap,Beauty & Health
,800+ sold recently,3.5,5.0,8.0,,,Waterproof Nail Tips Art Table Towels Mat 20pcs Nail Tips Art Paper Disposable 3 Ply Foldable Nail Table Mat Nail Tips Art Waterproof Pad For Salon Practice Manicure (Pink),Beauty & Health
,20+ sold recently,1.6,6.0,1.0,,,"24PCS Short Oval Nail Cute Style White French Stereo White Pearl Drill White Bow 3d Nail Patch (With: Jelly Glue 1 Piece, Rubbing Strip 1)",Beauty & Health
,60+ sold recently,3.6,5.0,1.0,,,"1 Pc Travel Canvas Large Capacity Pure Creative Printed Cosmetic Bagmakeup Bag Makeup Pouch Skincare Bag Toiletry Bag Packing Cubes,Travel Essentials Cruise Essentials Dorm Essentials,Wedding Bridesmaid Gifts,Mom Gifts,Birthday Gifts,Gifts For Friends And Teachers,Home Decor,Bathroom Livingroom Bedroom Decor,Bathroom Organizer,Jewelry Organizer,Lip Oil Organizer,Nail Polish Organizer",Beauty & Health
,,3.63,27.0,1.0,#9 Best Sellers,in Mascaras,SHEGLAM Gro-Pro Nourishing Lash Serum Clear Brow Serum Easy-To-Apply Strengthen Sparse And Fragile Lash Eyebrow And Lash Treatment,Beauty & Health
,300+ sold recently,4.7,4.0,1.0,,,"MAGEFY 240 Clusters Of Fishtail Segmented Mixed Style Eyelashes,With Longer Curls C Personal DIY Eyelashes Of Different Lengths,Natural Soft Handmade Eyelashes For Everyday Use,Manga Eyelashes For Travel",Beauty & Health
,3.9k+ sold recently,6.0,20.0,1.0,,,"Nude Acrylic Powder 10 Pcs Nude Nail Acrylic Powder 3 In 1 All Seasons Skin Tones Brown Neutral Nail Acrylic Powder For 3D Acrylic Nail Art Nail Carving French Nail Extension, Gifts For Women Nude Colors Acrylic Powder 10Bottles 10g Bottle Powder Nude Series Nude Pink Acrylic Dip Powders DIY Nail Charms Nail Gems Nail Supplies",Beauty & Health
,400+ sold recently,6.37,25.0,1.0,,,"1 PC  15"" Nail Polish Rack Wall Mounted Shelf, Clear Rainbow Iridescent Acrylic Organizer Nail Supplies For Nail Techs,Great Display For Salons Retailers",Beauty & Health
,,1.4,0.0,1.0,#10 Best Sellers,in Shower Accessories,"1pc Soap Foaming Net, Beige Drawstring Soap Bag For Bathroom",Beauty & Health
,1.9k+ sold recently,7.49,12.0,7.0,,,SHEGLAM Insta-Ready Face & Under Eye Setting Powder Duo-NATURAL LINEN,Beauty & Health
,400+ sold recently,1.55,50.0,1.0,,,"Makeup Brush Storage Organizer, 1pc Multifunctional Makeup Brushes Dryer Large Capacity Organizer Holder Stand, Tray Support Display Suitable For Vanity, Bathroom Countertops, Cabinets To Hold Eye/Lip Pencils, Lip Gloss, Liners, Lipstick, Concealers,Room,Home,Bedroom,Bathroom,House,Pink Room,Living Room Decor,Travel Stuff,Gift Bag,Gifts For Mom,Dad,Men,Friends,Teacher,Birthday,Wedding,Desk,Shelves,Accessaries,Gift Boxes,Funny Gift,Storage,Makeup Brush Holder",Beauty & Health
,1.3k+ sold recently,1.4,22.0,1.0,,,Get Glamorous With 24Pcs Medium Square Elegant Rose Red Flowers Black Stripes Spots Black And White Contrasting Colors French Style Full Cover False Nail For Women And Girls Comes With 1 Piece Of Jelly Gel And 1 File Strip Press On Nails Nail Supplies,Beauty & Health
,900+ sold recently,3.4,3.0,5.0,,,"1Pc Quilting Soft Green Large Capacity Portable Travel Storage Makeup Bag For Women Girls Black Friday,Makeup Bag Makeup Pouch Skincare Bag Toiletry Bag Packing Cubes,Travel Essentials Cruise Essentials Dorm Essentials,Wedding Bridesmaid Gifts,Mom Gifts,Birthday Gifts,Gifts For Friends And Teachers,Home Decor,Bathroom Livingroom Bedroom Decor,Bathroom Organizer,Jewelry Organizer,Lip Oil Organizer,Nail Polish Organizer Storage Makeup Organizer Makeup Case",Beauty & Health
,10+ sold recently,3.2,6.0,1.0,,,"1pc Cartoon Style High Capacity Girls' Pencil Case Storage Bag, Toiletry Bag, Portable Waterproof Cosmetic Bag",Beauty & Health
,100+ sold recently,0.66,49.0,1.0,,,Heart Pattern Zipper Makeup Bag Fashion Design Multi-Functional Bag Using As Cosmetic Pouch Or Travel Toiletry Or Carrying Purse For Women!,Beauty & Health
,500+ sold recently,5.2,12.0,1.0,,,"1PC BRIDE Faux Pearl Beaded Cosmetic Bag,Transparent Makeup Storage Bag,Waterproof Travel Organizer Bag,Wedding Gift, Perfect For Music Festival",Beauty & Health
,4.9k+ sold recently,1.4,7.0,1.0,,,50 PCS 3D Pink White Multiple Models Mixed Resin Manicure Nail Rhinestone Ornaments DIY Accessories Supplies Y2K Pearl Heart Bow Rose Snowflake Glitter Mini Round Diamond Multi Shape Mixed Nail Accessories Women Spring Summer Autumn Winter Style Nail Charms Nail Gems,Beauty & Health
,400+ sold recently,2.22,23.0,1.0,,,1-8 Packs Passion Twist Crochet Hair 6-24 Inch Crochet Passion Twist Hair Boho Crochet Braids Synthetic Braiding Hair Extensions For Women & Girl,Beauty & Health
,800+ sold recently,0.81,38.0,5.0,,,Elevate Your Style With 24pcs Long Coffin Brown Heart Print Checkerboard Fake Nail & 1pc Nail File & 1sheet Tape Press On Nails Nail Supplies,Beauty & Health
,10k+ sold recently,1.2,20.0,14.0,,,24PCS Short Nails White French Tips Medium Square Press On Nails 3d Butterfly Rhinestone Fake Nails For Women And Girls,Beauty & Health
,,5.6,3.0,1.0,#7 Best Sellers,in Nail Art Equipments,"11-In-1 Tungsten Steel Nail Art Polishing Head Set, 3/32""(2.35mm) Professional Nail File Drill Bit For Manicure, Nail Removal And Nail Polishing",Beauty & Health
,1.4k+ sold recently,1.36,15.0,9.0,,,Instantly Upgrade Your Look With 24pcs Short Square Cute Lemon Fake Nail Fresh Lemon Yellow Full Cover Fake Nail For Women And Girls 1 Piece Of Jelly Gel+1 File Strip Press On Nails Nail Supplies,Beauty & Health
,30+ sold recently,26.99,46.0,1.0,,,"Nano Ionic Facial Steamer, Professional Facial Steamer For Deep Cleaning - Kingsteam Portable Facial Vaporizador, With Aromatherapy Kit And Blackhead Removal Tools, For Home Facial Sauna Spa (Purple)",Beauty & Health
,4.3k+ sold recently,3.99,20.0,5.0,,,SHEGLAM Snatch 'n' Blush Stick-Midnight Hour Cream Blush Waterproof Long Lasting High PigmentÂ  Non-Fading Non-Greasy Glowing Lasting Women Beauty Makeup Black Friday Party Blush,Beauty & Health
,1.9k+ sold recently,2.58,4.0,6.0,,,24pcs Long Square Y2K Cute Animal Decor Teddy Bear Bow Fake Nail & 1sheet Tape & 1pc Nail File Press On Nails Nail Supplies,Beauty & Health
,300+ sold recently,1.6,11.0,7.0,,,"24pcs Short Square False Nails With Colorful Flowers, Including 1 Nail File And 1 Jelly Glue, Suitable For Women's Party, Dance And Daily Wear, Spring Press On Nails Nail Supplies",Beauty & Health
,200+ sold recently,2.2,4.0,4.0,,,Curly Synthetic Hair Updo,Beauty & Health
,,3.18,36.0,1.0,#4 Best Sellers,in Lip Tint,SHEGLAM For The Flush Lip & Cheek Tint-Cherry Picked Long-Lasting Matte Finish Lip Tint Easy-To-Use Lightweight Blush Moisturizing Lip Stain Liquid Lipstick Pink Purple Liquid Lipstick,Beauty & Health
,8.1k+ sold recently,9.5,7.0,9.0,,,"Nail Art 24 Grids Ab Color Y2K Aesthetic Nail Rhinestones Kit, Flat Bottom & Irregular Shape Manicure Decoration DIY Nail Charms Nail Gems Nail Supplies",Beauty & Health
,600+ sold recently,4.7,4.0,1.0,,,STRAWBERRY BHA+AHA SALICYLIC SERUM,Beauty & Health
,500+ sold recently,5.0,4.0,1.0,,,"Extra Long False Eyelashes, 12 pair 13mm natural eyelashes",Beauty & Health
,1.0k+ sold recently,2.0,9.0,1.0,,,"24pcs Short Full Cover Press-On Nails With Sweet And Cool Sky Pattern, Square Shape With 9D Galaxy Cat Eyes Effect And 1pc Nail Glue, 1pc Nail File Nail Supplies",Beauty & Health
,3.4k+ sold recently,2.4,8.0,6.0,,,Multi Functional Nail Art Magnet Stone Pattern Absorbing Nail Gel Crystal Magnetic Bar Nail Enhancement Tool DIY,Beauty & Health
,1.0k+ sold recently,0.94,51.0,1.0,,,24pcs Sweet Pink Cherry Blossom Printed False Nails In Medium-Long Square Shape For Daily Wear Of Women Press On Nails Nail Supplies,Beauty & Health
,,8.45,25.0,1.0,#6 Best Sellers,in Makeup Display Cases,"Makeup Organizer Box, Cosmetic Display Stand For Vanity, Lipstick And Skin Care Storage, Rotating Tabletop Perfume Rack, 360Â° Rotation",Beauty & Health
,700+ sold recently,3.72,36.0,1.0,,,"1pc Transparent Waterproof Makeup Bag -  Letter Leopard Print Toiletry Bag, Large Capacity Travel Storage Bag, Black Friday Valentine Mother's Day Gift, Essential Item For Cruise Beach Dorm Room, Wedding Bridesmaid Hand Gift, Bathroom Bag, Storage Organizer For Lipstick & Powder Storage Makeup Organizer Makeup Case",Beauty & Health
,,1.3,7.0,11.0,#7 Best Sellers,in Rhinestones & Decorations,Bow-Knot Nail Charms 3D Bows For Nails Pink White Nail Charms For Acrylic Nails Nail Art Supplies Nail Jewelry DIY Crafts Nail Accessories For Women DIY Nail Decoration Design Nail Gems,Beauty & Health
,4.0k+ sold recently,4.41,8.0,1.0,,,"240PCS Extra Long Clear Fake Nail Tips,XXL Super Long Half Cover Deep C Curve False Nails, Tapered Square Press On Nails With Box Nail Supplies",Beauty & Health
,300+ sold recently,2.1,5.0,4.0,,,8 Pack Passion Twist Crochet Hair Pre Twisted Passion Twist Hair Bohemian Pre-Looped Crochet Braids,Beauty & Health
,1.1k+ sold recently,1.3,7.0,1.0,,,"3pcs Nail Art Alphabet Stickers With 26pcs 3d Capital & Lowercase English Letters Made Of Laser Pvc Material, Decorated With Adhesive, Suitable For Daily Or Travel Purposes DIY",Beauty & Health
,,2.0,5.0,15.0,#1 Best Sellers,in Gel Nail Polish,"2Pcs 7Ml No Wipe Top Coat & Base Coat Uv/Led Gel Nail Polish Set, Semi Permanent Soak Off Long Lasting Top Coat Manicure Varnishes Nail Art Manicure Diy Salon Women Gift",Beauty & Health
,1.6k+ sold recently,1.5,6.0,1.0,,,"1Pc Volumizing Brown Mascara, Smudge Proof Long-Lasting Lengthening Thin Brush Head Curling Mascara For Beginner",Beauty & Health
,,3.4,0.0,1.0,#10 Best Sellers,in Aroma Diffuser,1ps Rechargeable 10ml Intelligent Car Fragrance Machine Ultrasonic Atomization Automatic Start Stop Car Air Vent Fragrance Machine,Beauty & Health
,6.8k+ sold recently,1.7,11.0,7.0,,,150pcs Flatback Round Rhinestone Plus 20pcs Flatback Odd Shaped Large AB Color Nail Rhinestones DIY Nail Charms Nail Gems Nail Supplies,Beauty & Health
,100+ sold recently,29.99,40.0,1.0,,,Madors Waxing Kit For Women Heating Ring Wax Warmer Wax Kit For Hair Removal Intelligent Temperature Control Wax Machine With Hard Wax Beads (Pink),Beauty & Health
,600+ sold recently,2.6,4.0,1.0,,,Flower Print Zipper Makeup Bag Black Friday,Beauty & Health
,2.8k+ sold recently,1.6,6.0,5.0,,,24pcs Long Square French Tip False Nails With 1pc Jelly Gel And 1pc Nail File Press On Nails Nail Supplies,Beauty & Health
,1.3k+ sold recently,4.1,5.0,1.0,,,"Y2K Aesthetic Travel Makeup Bag, 1Pc Coconut Tree Pattern Lightweight Bath Shower Handbag Multifunctional Cosmetic Organizer Cute Handbag Wallet Pouch Case Portable Cosmetics Brush Storage Clutch With Zipper Closure For Lipstick, Brush, Skincare, Mobile Phone, Coin, Small Items, For Home, Travel, Vacation And School Use, Black Friday,Makeup Bag Makeup Pouch Skincare Bag Toiletry Bag Packing Cubes,Travel Essentials Cruise Essentials Dorm Essentials,Wedding Bridesmaid Gifts,Mom Gifts,Birthday Gifts,Gifts For Friends And Teachers,Home Decor,Bathroom Livingroom Bedroom Decor,Bathroom Organizer,Jewelry Organizer,Lip Oil Organizer,Nail Polish Organizer Storage Makeup Organizer Makeup Case",Beauty & Health
,700+ sold recently,7.6,4.0,10.0,,,Claw Ponytail Extension Hair Accessories 26-28 Inch Brown Long Natural Wave Heat Resistant Fiber Synthetic Ponytail Hairpiece For Women Daily Used,Beauty & Health
,500+ sold recently,0.35,73.0,5.0,,,"24 PCS - White Toenails Fake Toe Nails Natural -Solid Color Square Press On Toenails Short,Glossy Fake Toenails Press On Nails Acrylic Toe Nails-Seamless Fit Toe Nails Glue On1pc Nail File & 1Nail Glue Sticker Kit Nails For Girl Mother Women Gift ,Whitening Nail Art Set With Detachable Fake Nails For Festival, Party, Date And Daily Wear Nail Supplies",Beauty & Health
,40+ sold recently,15.96,30.0,1.0,,,Short Afro Curly Pixie Cut Human Hair Wig 1B Real Affordable Hair Replacement Wig Cheap Daily Use Wig For Beginner Friendly Wear To Go Natural Black Color,Beauty & Health
,2.0k+ sold recently,1.3,7.0,1.0,,,"1PCS, Rust resistant durable pencil sharpener Pen plane with cover single hole Multi-functional pencil sharpener The partner of the eyebrow pencil Eyeliner partner Small and convenient Sharp and smooth Single-hole design multifunction Transparent pen holder Light and convenient",Beauty & Health
,600+ sold recently,2.7,10.0,1.0,,,"Uv Light For Nails, 6W 6LEDs Mini UV LED Nail Lamp Portable Gel Light Mouse Shape Pocket Size Nail Dryer With USB Cable For All Gel Polish, Mini Nail Dryer UV Lamp Poly Nail Gel Curing Lamp Manicure Machine Single Finger Nail Lamp For Gel Polish Travel Home Nails Art Tools For Thanksgiving, Valentine'S Day, Birthday, Christmas Gifts",Beauty & Health
,,3.3,6.0,1.0,#2 Best Sellers,in Eyelashes Tools,Lash Bond and Seal 10ml Individual Lashes Glue and Seal Super Strong Hold DIY Lash Extension and  Lash Glue Remover 5ml and Eyelash tweezers Kit Hold 48-72 Hours Waterproof Cluster Lash Glue Eyelash Extension Kit Makeup Tool,Beauty & Health
,1.0k+ sold recently,3.0,3.0,9.0,,,"1Pc/Set Pink Floral Printed Makeup Bag Set With Large Capacity, Perfect For Carrying Cosmetic Tools And Toiletries During Travelling, Can Be Used As Travel Bag, Organizer For Lipsticks, Glasses, Sanitary Napkins, Also Can Be Used For Home Decoration, Bathroom, Living Room, Bedroom, Can Be Used To Organize Jewelry, Lipsticks And Nail Polish",Beauty & Health
,100+ sold recently,5.95,50.0,1.0,,,20 Inch Long Blonde Wigs For Women Synthetic Hair Wig With Fringe Ombre Color With Dark Roots Layered Wigs Heat Resistant For Daily Party School Mothers Day Wear Use,Beauty & Health
,200+ sold recently,10.0,0.0,1.0,,,"1pc Large Transparent Rotating Cosmetic Storage Display Stand, Multi-Layer Desk Organizer For Makeup, Skincare And Perfume",Beauty & Health
,50+ sold recently,2.4,8.0,4.0,,,"24pcs Y2k Style Pink French Tie High-End 3D Flower Heart Medium Length Fake Nails, Duckbill Shape Press On Nails For Women And Girls Daily Wear",Beauty & Health
,,5.1,26.0,5.0,#6 Best Sellers,in Human Toppers & Bangs,Bigger Size Human Hair Air Bangs With Sideburns Natural Black Color Bangs Clip In Hair Extension Beginner Friendly Real Easy To Go,Beauty & Health
,2.2k+ sold recently,1.9,5.0,4.0,,,"500PCS 3D Multi Shapes Nail Charms And Flatback Pearls, Pink Mix Styles Heart Star Bow Sunflower Embellishments For Nail Art DIY Nail Gems Nail Supplies",Beauty & Health
,800+ sold recently,5.4,50.0,1.0,,,"Brown Gradient White Blonde Short Wavy Wigs With Bangs Hair 14 Inch Women's Wigs Synthetic Heat Resistant Wigs Daily Used Hair Beginner Friendly,Suitable For Various Occasions, Including New Year, Parties, Vacations, Winter",Beauty & Health
,200+ sold recently,1.8,10.0,1.0,,,"24pcs Short Square Press-On False Nails With White Tips, French Style, Shiny Pink Flowers And Hearts Design, Including Jelly Glue And Nail File, Suitable For All Women, Perfect For Daily Wear, Makes Your Fingertips More Charming.",Beauty & Health
,900+ sold recently,1.3,7.0,10.0,,,"24pcs Short Square-Shaped Red Color Simple False Nails With Glitter Finish, Easy To Apply For Party/Daily Wear Press On Nails Nail Supplies",Beauty & Health
,200+ sold recently,1.05,30.0,6.0,,,1pack Rhinestone Nail Art Decoration DIY Nail Charms Nail Gems Nail Supplies,Beauty & Health
,10k+ sold recently,1.2,8.0,8.0,,,Upgrade Your Look With 24pcs Long Almond French Style Full Cover Fake Nail Kit Never Go Out Of Style Press On Nails Nail Supplies,Beauty & Health
,700+ sold recently,1.3,7.0,1.0,,,"INKARTLINK Revolutionary Technology Tattoo, Semi-Permanent Tattoo, English Paradise Made, Waterproof, Long-Lasting Temporary Tattoo, Realistic Fake Tattoo, Natural, Magic Tattoo",Beauty & Health
,800+ sold recently,1.77,37.0,1.0,,,"Cute Cow Pattern Travel Makeup Bag, Lightweight Multifunctional Waterproof Cosmetic Organizer Handbag Bath Shower Wallet Pouch Portable Cosmetics Brush Storage Clutch With Zipper Closure For Lipstick, Brush, Skincare, Mobile Phone, Coin, Small Items, For Home, Travel, Vacation And School Use, Black Friday,Makeup Bag Makeup Pouch Skincare Bag Storage Makeup Organizer Makeup Case",Beauty & Health
,900+ sold recently,1.7,6.0,1.0,,,"Instantly Enhance Your Style With This 24pcs Short Square Milky White French Style Five-Pointed Star Rhinestone Nail Art Set. The Set Is Reusable And Comes With 1pc Jelly Glue And 1pc Nail File. Suitable For Daily Wear, Travel, And Leisure Activities. Press On Nails Nail Supplies",Beauty & Health
,400+ sold recently,3.7,40.0,6.0,,,"GLOZ Milky Jelly Nude Gel Nail Polish Set, 6 Transparent Colors Sheer White Pink Gel Nail Kit For Salon And Nail Art DIY At Home",Beauty & Health
,,4.9,2.0,1.0,#2 Best Sellers,in Shower & Scrubs,"Peach Scrub Cream, Whole Body Scrub, Exfoliating Chicken Skin Shower Cream, Daily Use For The Body  225ml",Beauty & Health
,6.1k+ sold recently,4.99,17.0,14.0,,,SHEGLAM ColorÂ BloomÂ LiquidÂ BlushÂ MatteÂ Finish-DevotedÂ  Gel Cream BlushÂ  Long Lasting Non-Fading Highly Pigmented Lightweight Long Wear Smooth Blusher Black Friday Winter Pink Brown Gifts Blush,Beauty & Health
,600+ sold recently,0.95,50.0,1.0,,,3pcs/set Dual-Ended Gel Nail Polish Brush With Floral & Stripe Design,Beauty & Health
,200+ sold recently,1.4,7.0,1.0,,,"1Pc Cute Heart Shaped Transparent Mesh Storage Bag - Large Capacity Portable Cosmetic Bag, Women'S Travel Makeup Storage Bag Mesh Toiletry Bag For Toiletries(Random Orientation)Makeup Bag Makeup Pouch Skincare Bag Toiletry Bag Packing Cubes,Travel Essentials Cruise Essentials Dorm Essentials,Wedding Bridesmaid Gifts,Mom Gifts,Birthday Gifts,Gifts For Friends And Teachers,Home Decor,Bathroom Livingroom Bedroom Decor,Bathroom Organizer,Jewelry Organizer,Lip Oil Organizer,Nail Polish Organizer",Beauty & Health
,1.7k+ sold recently,2.0,5.0,1.0,,,1Pc 10Ml Glacier Moon Magnetic Cat Eye Chrome Nail Powder Chameleon Metallic Nail Art Glitter Powder For Gel Polish Diy Home Nail Salon Gift For Women,Beauty & Health
,,2.49,17.0,14.0,#8 Best Sellers,in Lip Liner,SHEGLAM So Lippy Lip Liner-Momojo Creamy Matte Lip Liner Pencil High Pigment Not Easy to Fade Silky Smooth Matte Contour Tint Lip Makeup Black Friday Party Y2K Lip Liner,Beauty & Health
,1.9k+ sold recently,1.0,9.0,1.0,,,1sheet Lip Pattern Nail Art Sticker Nail Stickers DIY,Beauty & Health
,2.1k+ sold recently,4.3,4.0,1.0,,,"2pcs Set (1 Main And 1 Backup) Radiant Silver Glitter Spray Flash Powder, Silver Gold Color Face Hair Body Spray Powder, Suitable For Parties, Gatherings, Festivals, Etc., Excellent Glitter Effect, Different Colors From Different Angles Y2K Makeup",Beauty & Health
,,3.49,36.0,7.0,#7 Best Sellers,in Lip Liner,SHEGLAM Glam 101 Lipstick & Liner Duo - Macaron 2-In-1 Matte Dual-Ended Lip Liner Lipstick Pencil Highly Pigmented Long Lasting Smooth Easy To Wear Lip Makeup Black Friday Winter Pink Brown Lip Liner,Beauty & Health
,4.3k+ sold recently,4.64,23.0,14.0,,,SHEGLAM Color Bloom Liquid Blush-Real Deal Liquid Blush Liquid Waterproof Long Lasting High Pigment Non-Fading Natural Lasting Glow Lightweight Face Makeup,Beauty & Health
,7.1k+ sold recently,2.3,12.0,1.0,,,5Pcs Transparent Glue Nail Sheet Drilling Adhesive Extension And Reinforcement Adhesive Soft Nail Tips Gel Quick Drying Manicure Tool,Beauty & Health
,2.1k+ sold recently,0.88,37.0,4.0,,,24pcs Elegant And Unique Press-On Nails: Short Square Shape And Glossy Purple-Black Gradient--Suitable For Fashion-Forward Women Nail Supplies,Beauty & Health
,800+ sold recently,1.4,7.0,20.0,,,"24pcs/Set Square White French Press On Toenails Acrylic Nail Fake Toenail, Contain 1pc Jelly Glue And 1pc Nail File, Suitable For Women & Girls Daily Use In Summer Nail Supplies",Beauty & Health
,2.2k+ sold recently,4.49,31.0,21.0,,,SHEGLAM Complexion Boost Concealer-Shell Sponge-Head Applicator Matte Liquid Concealer Long Lasting Brightening Color Corrector Weightless All-Day Long Lasting Hydrating Concealer Black Friday Winter Concealer,Beauty & Health
,2.4k+ sold recently,5.99,25.0,4.0,,,SHEGLAM Lunar Glow Highlighter-Vanilla Frost,Beauty & Health
,2.1k+ sold recently,3.0,6.0,1.0,,,"Black Friday Halloween 8pcs Golden Copper Rhinestone Three-Dimensional Nail Decoration Cubic Zirconia Cross Light Luxury Nail Patch Punk Cross Nail Drill, European And American Style Stereoscopic Nail Flash Drill, Retro Simple Everything Y2k Metal Cross, Gothic Style DIY Nail Molding Decoration, Nail Rhinestone Fake Nail Decoration Accessories Nail Charms Nail Supplies Nail Gems",Beauty & Health
,,6.2,7.0,13.0,#8 Best Sellers,in Nail Powder & Liquids,"Acrylic Nail Kit, Nail Acrylic Powder And Liquid Set, Crystal Liquid Set With Nail Brush, Pink White Red Nail Powder Kit, For Acrylic Nails Extension Beginner Set",Beauty & Health
,70+ sold recently,1.9,5.0,1.0,,,4pairs Full false lashes Natural Long 8mm Cross False Eyelashes,Beauty & Health
,200+ sold recently,1.9,5.0,1.0,,,"1pc/5pcs Nail Dotting Pen Replacement Wax Head, White/Pink Nail Art Dotting Tool With Replaceable Wax Head",Beauty & Health
,300+ sold recently,6.25,50.0,1.0,,,"Purple Long Wavy Curly Medium Part 28 Inch Fashion Women's Wigs Synthetic Heat Resistant Wigs Daily Used Hair Beginner Friendly,Suitable For Various Occasions, Including New Year, Parties, Vacations, Winter",Beauty & Health
,1.2k+ sold recently,2.1,9.0,1.0,,,"24pcs Y2K Pink French Tip Press On Nails,Almond Fake Nails With 3D Relief Colorful Orange Sunny And Cheerful Designs, Glossy Full Cover False Nails For Women And Girls Suitable For Summer Wear Nail Supplies",Beauty & Health
,300+ sold recently,1.4,7.0,28.0,,,"24Pcs/Set Short Oval Nude Color Gloss Press On Nails, Macaron Candy Color Full Fit Acrylic Fake Nails, Contain 1pc Jelly Glue And 1pc Nail File, Suitable For Women And Girls' Daily Work, Study, And Parties Use Nail Supplies",Beauty & Health
,600+ sold recently,1.6,6.0,1.0,,,24pcs/Set Short European And American Style Cute Dark Flower Shaped False Nails + 1pc Jelly Glue + 1pc Nail File Press On Nails Nail Supplies,Beauty & Health
,2.1k+ sold recently,1.01,41.0,10.0,,,10pcs/Pack Korean-Style Lz Popular New Nail Art Alloy Accessories With Diamond-Studded Star Pendant For Diy Decoration Nail Charms Nail Gems Nail Supplies,Beauty & Health
,5.2k+ sold recently,4.99,17.0,7.0,,,SHEGLAM Snatch 'n' Define Stick-Soft Tan Cream Contour Stick Long Lasting Highly Pigmented Sweat Proof Bronzer Sculpting Lightweight Smooth Natural Contour Face Makeup Black Friday Party Contour & Bronzer,Beauty & Health
,600+ sold recently,10.1,4.0,1.0,,,"Men's Perfume Gift Set, 3pcs, Natural Fresh Fougere & Vanilla Fragrance With Pheromones For Added Charm And Charisma, Suitable For Dating And Parties, Gift Box Included",Beauty & Health
,1.9k+ sold recently,2.4,8.0,6.0,,,96pcs (Fuchsia/Rose Red/Baby Pink/Light Pink---Multi Four Colors) Short Square Multicolor Press On Nails Acrylic Short Small Fake Nails Full Cover Shiny Glue On Nails False Nail As Gift For Small Nails With Storage Box Nail Supplies,Beauty & Health
,1.3k+ sold recently,1.8,5.0,1.0,,,French Black Tip Press On Nails Square Medium Fake Nails Acrylic False Nails With 3D Butterfly Designs Artificial Nails Full Cover Stick On Nails For Women 24Pcs Nail Supplies,Beauty & Health
,1.5k+ sold recently,2.6,4.0,6.0,,,"1Pc Brown Checkerboard Knitted Soft Checkerboard Classic Waterproof Large Capacity Travel Portable Classic Octagonal Bag Makeup Bag For Women Girls Black Friday,Makeup Bag Makeup Pouch Skincare Bag Toiletry Bag Packing Cubes,Travel Essentials Cruise Essentials Dorm Essentials Storage Makeup Organizer Makeup Case",Beauty & Health
,1.8k+ sold recently,5.8,8.0,1.0,,,"6pcs/Set  Solid Nail Extension Gel, Non Stick Hand Gel Builder For Nails, Hard Gel For Nails, Pink Purple Green Yellow Carving Gel For Home Salon Nail Art DIY",Beauty & Health
,2.3k+ sold recently,1.7,11.0,1.0,,,"Nail Stand For Press On Nails Display, Magnetic Fake Nails Holder For Painting Nails Practices, Beginner Acrylic Nail Art Kit Accessories, Nail Salon Equipment And Decor",Beauty & Health
,900+ sold recently,11.8,31.0,1.0,,,"Double-Layer Makeup Bag With Handle, Large Capacity Cosmetic Storage Case, Travel Toiletry Nail Tool Organizer Travel Accessories Travel EssentialsStorage BagNail Polish Carrying Case Bag Organizers Nail Polish StorageNail Dryer Case Valentines Gifts For Valentines Day Women Gifts Girl Gifts Girlfriend Gifts",Beauty & Health
,700+ sold recently,3.99,39.0,20.0,,,SHEGLAM Perfect Skin High Coverage Concealer-Linen 20 Shades Liquid Concealer Brush Moisturizing Weightless All-Day Hydrate Concealer Makeup Black Friday Sale Concealer,Beauty & Health
,200+ sold recently,2.37,28.0,1.0,,,"Floral Ins Style Octagonal Makeup Bag, High-Value Portable Travel Cosmetic Organizing Toiletry Bag Cosmetic Bag Cosmetic Storage Organizer Cosmetics Bags Cosmetic Organiser",Beauty & Health
,3.2k+ sold recently,3.99,20.0,8.0,,,SHEGLAM Power Bouquet Lip Gloss -Power PetalsÂ  Shiny Tinted Moisturizing Lip Gloss Plumping Non-Sticky Lip Oil Repairing Cherry Blossom Extract Lip Care Black Friday Winter Rosa Lip Gloss,Beauty & Health
,2.6k+ sold recently,2.9,3.0,1.0,,,"Volumizing, Lengthening, Curling & Long-lasting Mascara, Quick-drying, Non-smudging, Natural-looking",Beauty & Health
,1.8k+ sold recently,5.1,4.0,1.0,,,"Matte Velvet Mist Lip Gloss Kit,4Pcs Non-Stick Cup Long-Lasting Lipstick Lip Glaze Lipstick Makeup Set",Beauty & Health
,1.2k+ sold recently,1.4,13.0,1.0,,,"24pcs Short Almond-Shaped Nail Tips, European And American INS Style Adult Wearable Nail Tips, Colorful Dopamine Color Series Flower Nail Art Suitable For Women, With One Jelly Gel And One Nail File, Suitable For Festival Party Wear. Press On Nails Nail Supplies",Beauty & Health
,800+ sold recently,1.37,35.0,1.0,,,5 pairs Manga Eyelashes Natural Soft Wispy Full Strip False Eyelashes Cross Reusable,Beauty & Health
,700+ sold recently,1.8,5.0,1.0,,,1pc 5D Realistic Relief Beautiful Blue Floral Stripes Pattern On Porcelain Adhesive Nail Art Stickers Decals Manicure Ornaments DIY,Beauty & Health
,,2.1,0.0,1.0,#9 Best Sellers,in Temporary Tattoos,"10 Sheets 4th Of July Decorations Temporary Tattoos Independence Day Tattoo Sticker USA American Flag Sticker For Memorial Day, Labor Day, Victory Day Accessories Decor Party Favors Supplies",Beauty & Health
,2.5k+ sold recently,2.3,4.0,9.0,,,"1pc/Set Casual Women's Large Capacity Blue Flower Cosmetic Bag Set, Handheld With Small/Medium/Large Pouches, Portable And Sewed With Cute Flower INS Travel, Suitable For Storing Cosmetics, Toiletries And For Leisure Travel",Beauty & Health
,200+ sold recently,0.67,48.0,1.0,,,"1 Box Nail Powder Chameleon Nail Mirror Effect Chrome Nail Powder, Nail Mirror Pigment Powder Rose Gold Silver Colors  Nail Glitter Metallic Color For Nail Art UV Gel Polishing Dust Powder  NailNail Powder Dip Nail Powder Chrome Nail Powder",Beauty & Health
,400+ sold recently,1.9,5.0,1.0,,,5pairs Full false lashes Tail Elongated 15mm Volumized Eyelashes False Eyelashes,Beauty & Health
,1.8k+ sold recently,1.9,5.0,1.0,,,"3pcs Cute Popsicle-Shaped Lip Balm With Flavors Of Strawberry, Peach, And Papaya; Moisturizes, Hydrates, Repairs And Protects Lips And Contains Honey- Ideal For Women, Students And As A Valentine's Day Gift Or Best Gift For Friends",Beauty & Health
,200+ sold recently,3.6,8.0,1.0,,,"48pcs Press-On Square Shaped French Style False Nail Set With Rhinestone Design, Including Toenails. Free Jelly Glue And Nail File Included. Suitable For All Women And Can Be Worn Daily To Make Your Fingertips More Charming.",Beauty & Health
,100+ sold recently,8.6,50.0,1.0,,,Curly Afro Wigs For Black Women With Bangs Short Kinky Curly Wigs Brown Afro Hair Synthetic Fibre Glueless Cosplay Hair (18 INCH),Beauty & Health
,4.3k+ sold recently,1.8,10.0,1.0,,,"1pc Pink Stainless Steel Nail Clippers For Thick Nail & Ingrown Toenails, Toenail Clippers For Men, Women, Seniors, Sharp Curved, Professional Pedicure Tool",Beauty & Health
,40+ sold recently,22.2,26.0,1.0,,,1pc Wrap Around Kinky Curly Ponytail Human Hair Extension Natural Black Extension For Women Daily Use Ready Easy To Wear,Beauty & Health
,500+ sold recently,2.4,11.0,10.0,,,"1pc Bridesmaid Makeup Bag, Bridesmaid Gift Bag Wedding Travel Toiletry Bag With Zipper Bride Bridesmaid Bag For Wedding Bridal Shower Bachelorette Proposal Party Favor Present",Beauty & Health
,800+ sold recently,1.5,6.0,1.0,,,Add Some Romance With 24pcs Short Rectangle False Toe Nails With Nude Color And Crescent Stripe Multi-Color Ombre Design. Includes One Jelly Gel And One Toe Nail Buffer For Full Coverage And Wearable Fake Toe Nails Suitable For Women And Girls For Various Occasions. Press On Nails Nail Supplies,Beauty & Health
,,1.8,10.0,5.0,#4 Best Sellers,in Nail Art Salon Sets,2Pcs/Set 7Ml Nail-Primer Prep Dehydrator Gel Nail Polish No Need Of Uv Led Lamp Base Top Coat Nail Art Varnish Manicure Gift For Women,Beauty & Health
,600+ sold recently,2.2,8.0,1.0,,,"Nail Art Brush Set Design Brushes Drawing Tools, Nail Brush, Cleaning Pad Brush, Dotting Pen",Beauty & Health
,2.1k+ sold recently,1.7,6.0,1.0,,,Women Girls Eyebrow Eyelash Growth Oil Eyelashes Hair Regrow Up Oil Grower Product,Beauty & Health
,5.5k+ sold recently,1.66,17.0,1.0,,,"Clear Blooming Gel, UV LED Soak Off Nail Art Polish For Spreading Effect, Marble Nail Polish Gel Paint Nail Designs For DIY Spring Summer Color Flower Watercolor Magic",Beauty & Health
,1.7k+ sold recently,3.99,20.0,8.0,,,SHEGLAM Power Bouquet Lip Gloss-Espresso Yourself Shiny Tinted Moisturizing Lip Gloss Plumping Non-Sticky Lip Oil Repairing Camelia Extract Lip Care Black Friday Winter Brown Lip Gloss,Beauty & Health
,600+ sold recently,1.7,6.0,1.0,,,1sheet 5D Shiny Gem Pattern Nail Art Sticker Nail Stickers DIY,Beauty & Health
,300+ sold recently,3.7,8.0,1.0,,,120pcs/Box Nude Short Square Ballet Wearable French Fake Nails Press On Square Head Full Cover Detachable Finished FingerNails Supplies,Beauty & Health
,2.8k+ sold recently,2.9,6.0,1.0,,,Tomicca Clear Base Coat & Top Coat Set 2 Bottles 8Ml Long Lasting Brush On Shiny And Durable Long Lasting Nail Gel Set (Uv Lamp Curing) Nail Gel Nail Art Salon Gift,Beauty & Health
,2.4k+ sold recently,3.99,20.0,4.0,,,SHEGLAM Pout Pillow Cushion Lip Gloss-Cat Nap Moisturizing Liquid Lipstick High Shine Finish Sponge Tip Applicator  Moisturizing  Non-Sticky Lip Glaze Party Lip Gloss,Beauty & Health
,800+ sold recently,1.9,39.0,4.0,,,Coloursmile18ML Nail Glue Nail Bond Brush In Nail Glue For Press On Nails Nail Tips & Fake Nails Super Strong Nail Glue For Nail Tips Long Lasting Acrylic Nails Gel Glue,Beauty & Health
,400+ sold recently,1.4,7.0,1.0,,,1Pack Y2K 3D Pink Pearls Nail Charms Decorations Multi Shapes Flower Star Bowknot Heart Pearls Flatback Acrylic Cute Pearls 3D Nail Art Charms For Nail Art DIY Nail Gems Nail Supplies,Beauty & Health
,20+ sold recently,5.45,50.0,1.0,,,"Silicone Moisturizing Relief Socks, 1pair High Elastic Absorption Pressure Knee Socks, Reusable Aloe Socks, Overnight SPA Sock, Anti-Slip Gel Heel Socks For Women Men Dry Skin Dry Feet Rough Skin, Home Foot Care, Use With Your Favorite Lotions, And Creams",Beauty & Health
,200+ sold recently,2.4,4.0,4.0,,,"Extra Long False Eyelashes, 7 pairs 9mm natural cute short eyelashes",Beauty & Health
,10k+ sold recently,2.09,16.0,4.0,,,100pcs Long Clear Coffin Fake Nail Tips Extra Long For Salons And DIY Nail Art Press On Nails Nail Supplies,Beauty & Health
,90+ sold recently,16.9,50.0,4.0,,,Braided Wigs For Black Women Lace Front Knotless Box Short Bob Twist Braided Wigs Synthetic Lace Front Braided Wigs With Baby Hair Handmade Braided Wigs,Beauty & Health
,1.8k+ sold recently,6.9,8.0,1.0,,,"Manicure And Pedicure Tools Kit,  Nail Files 100/180, Nail Buffer Block, Nail Cuticle Nippers, Cuticle Pusher, Cuticle Peeler, Nail Lifter For Ingrown Toenails, Toenail File, Nail Brush-Purple",Beauty & Health
,1.2k+ sold recently,4.5,4.0,1.0,,,"1Pc Portable Quilted Makeup Bag Set, Floral Cosmetic Bag, Aesthetic Women'S Large Capacity Toiletry Organizer Cosmetic Pouch Bag For Women Girls",Beauty & Health
,,2.4,4.0,1.0,#10 Best Sellers,in Bath & Shower,"1pc Sheep Milk & Silk Protein Essential Oil Soap For Deep Cleansing, Repairing And Nourishing Skin",Beauty & Health
,100+ sold recently,12.0,3.0,1.0,,,HAIRCUBE 12 Inch Multi-Color Wavy Brown Curly Wigs Hair Beautiful Pretty Fashion Ladies Wigs Synthetic Heat Resistant Fiber Wigs For Daily Use,Beauty & Health
,800+ sold recently,1.3,13.0,1.0,,,Nail Art Decoration Jellyfish In Starry Sky Design 60pcs/Bag Resin Material Shiny Suitable For DIY Nail Art Decoration Nail Charms Nail Gems Nail Supplies,Beauty & Health
,1.6k+ sold recently,4.49,10.0,1.0,,,SHEGLAM Freck Please Freckle Tint-Dark ChocolateÂ  Smudge TintÂ Waterproof Long Lasting Natural Multi-Use Liquid ContourÂ  Smooth Face Makeup Black Friday Winter Contour & Bronzer,Beauty & Health
,1.8k+ sold recently,3.6,8.0,1.0,,,"makeup puff,30pcs pink Makeup Puff Set Soft Triangle powder Mineral puff Makeup Sponge for face makeup Black Friday",Beauty & Health
,100+ sold recently,1.2,8.0,1.0,,,"Gel Toe Protectors, (2/4/6/10/20 Pcs) Toe Covers Toe Tubes, New Material, For Bunion Blisters, Calluses, (For Small Toes), Silicone Toe Covers For Overlapping Big Toes, Protection, Toe Separators",Beauty & Health
,100+ sold recently,1.4,0.0,10.0,,,1000pcs Hole Blue Nail Art Rhinestones Flat Bottom & Resin & Acrylic Gem & Ab Gem Material For Diy Decoration Nail Charms Nail Gems Nail Supplies,Beauty & Health
,500+ sold recently,4.55,50.0,11.0,,,Invisible Wire Hair Extensions Wavy Curly Light Ash Brown with Blonde Highlights Hair Extensions Synthetic Fiber Double Weft Soft Hairpieces For Women,Beauty & Health
,300+ sold recently,0.99,42.0,6.0,,,24pcs Modern Elegance White French Almond Press-On Nails And Stylish Simplicity Fake Nail Charms- Perfect Gift For Trendy Women And Girls Nail Supplies,Beauty & Health
,500+ sold recently,4.55,16.0,1.0,,,"50ml Women's Eau De Toilette - Refreshing, Long Lasting Fragrance With Fruity Notes - Perfect Gift For Her",Beauty & Health
,,6.99,30.0,1.0,#10 Best Sellers,in Brushes Sets,"SHEGLAM Pro Core Brush Kit 8 Pcs/Set Professional Makeup Brushes Soft Brush Set With Face Brush, Eye Brush, Eyebrow Brush, Foundation Brush, Blush Brush, Highlighter Brush Portable Travel Makeup Brushes Makeup Tool Black Friday Sale Brushes Set",Beauty & Health
,300+ sold recently,1.34,16.0,1.0,,,"Tattoo Sticker,1 Sheet Large Half Arm Sleeve Letter Graphic Temporary Tattoos For Men Women Forearm,Letter Graphic Fake Tattoo Stickers Adults, Black Realistic Tattoo Letter Graphic,For Women and Girls Black Friday",Beauty & Health
,3.4k+ sold recently,1.4,13.0,1.0,,,"5pcs/Pack Nails Art Glue For Rhinestones & Nail Art Decorations, Strong Adhesive Nail Glue",Beauty & Health
,2.8k+ sold recently,1.3,7.0,17.0,,,24pcs Short Square Sheer Pink Solid Fake Nail & 1sheet Tape & 1pc Nail File Press On Nails Nail Supplies,Beauty & Health
,800+ sold recently,4.49,31.0,21.0,,,SHEGLAM Complexion Boost Concealer-Warm Vanilla Sponge-Head Applicator Matte Liquid Concealer Long Lasting Brightening Color Corrector Weightless All-Day Long Lasting Hydrating Concealer Black Friday Winter Concealer,Beauty & Health
,,25.0,35.0,1.0,#8 Best Sellers,in Human Lace Wigs,Transparent Lace Body Wave 13 X 4 X 1 Lace Front Wig 150 Density Pixie Cut Natural Black Short Short Human Hair,Beauty & Health
,,1.8,5.0,7.0,#4 Best Sellers,in Individual Eyelashes,"Thick, Curled, Soft & Natural 30d Personalized Eyelash Extensions, 8-16mm Mixed Length, 0.07mm In C/d Curl, Ultra-light Volume False Lashes, 10 Trays/200 Pcs, Waterproof Mink Single Cluster Design, 3d Effect Diy Handmade False Eyelash, Suitable For Daily Wear, Party, And All Occasions",Beauty & Health
,600+ sold recently,2.8,3.0,1.0,,,"One/Pack Light Blue Checkered Clutch Bag/Pencil Case/Menstrual Bag Set With Cosmetic Bag And One Large Capacity Two-Tone Knitted Zipped Toilet Storage Bag/Black Friday Simple Two-Tone Cosmetic Bag. Cosmetic Bag/Skin Care Bag/Toilet Bag/Cube Packaging, Cruise Essentials/Dormitory Necessities, Bridesmaid Gifts, Mother\ Gifts, Birthday Gifts, Gifts For Friends And Teachers, Home Decoration, Bathroom/Living Room/Bedroom Decoration, Bathroom Manager, Jewelry Manager, Lip Balm Manager, Nail Polish Manager.",Beauty & Health
,,1.7,6.0,1.0,#7 Best Sellers,in Primer,Smooth Skin And Fine Pores Photo Finish Primer,Beauty & Health
,,1.9,49.0,1.0,,,"Backflow Incense Cone Waterfall Incense For Meditation, Yoga, Prayer, Gift Rose Tulip Jasmine Lavender Osmanthus Lily Sandalwood Agarwood For Backflow Incense Burner Base Natural",Beauty & Health
,1.0k+ sold recently,0.75,53.0,1.0,,,"24pcs Short Square Cherry Red Shiny Leaf Reflection Design Nail Wrap Set, Suitable For Women And Girls Press On Nails Nail Supplies",Beauty & Health
,,1.3,0.0,1.0,,,1sheet Heart Rhinestone Facial Tattoo Sticker,Beauty & Health
,100+ sold recently,3.4,50.0,4.0,,,"Fashion  Short Curly Ponytail, 12 ""Natural Drawstring, Two Clips, Synthetic African Female",Beauty & Health
,,2.81,9.0,36.0,#9 Best Sellers,in Gel Nail Polish,"No Wipe Gel Nail Polish Top Coat - 1pc 15ml Shine Finish and Long Lasting, Soak Off LED Nail Lamp Gel For Home Salon Nail Art DIY",Beauty & Health
,30+ sold recently,6.25,50.0,1.0,,,Synthetic Heat Resistant Wig With Bangs 12 Inch Curly Wavy Curls Fully Machine Made For Everyday Use High Quality For Women Natural Looking Premium Synthetic Soft Wigs,Beauty & Health
,,11.23,8.0,1.0,#3 Best Sellers,in Curling Tongs & Curling Wands,3 Barrels Hair Curling Roll Ceramic Iron 22Mm Temperature Adjustable Portable 3 Barrels Wave Iron Wand Curler Diy Curly Hair Styling Tools Gift,Beauty & Health
,8.2k+ sold recently,5.52,20.0,1.0,,,Acrylic Nail Kit - Clear/White/Pink Acrylic Powder And Liquid Set With Acrylic Nail Brush For Long-Lasting Professional DIY Acrylic Nail Art Beginner-Friendly Acrylic Nail Kit 7pcs Nail Charms Nail Gems Nail Supplies,Beauty & Health
,,1.6,20.0,7.0,#4 Best Sellers,in Decoration Stickers,2 Pack Embossed Flower Nail Stickers Colorful Petals Rose Butterfly Acrylic Summer Decoration Slider Self-Adhesive 5D Nail Decals Nail Art Supplies DIY,Beauty & Health
,1.1k+ sold recently,2.77,49.0,1.0,,,100 PCS Gentle Eyelash EyePads Under Eye Gel Pads For Lash Extensions Under Eye Patches Lash Pads 50 Pairs Natural Hydrogel Eye Patches Eyelash Extension Supplies Beauty Tools,Beauty & Health
,200+ sold recently,2.4,4.0,1.0,,,7 Pack 10/12/14/18/22 Inch Boho Box Braids  Goddess Box Braids Crochet Hair Bohemian Hippie Braids Braiding Hair Box Braids With Curly Ends Messy Pre-Looped Synthetic Crochet Hair For Women,Beauty & Health
,100+ sold recently,3.7,10.0,10.0,,,"3 Pcs Foam Quilted Makeup Bag,Cute Women's Cosmetic Bag, Flower Aesthetic Print Pattern Cosmetic Pouch Set, Travel Toiletries Organizer Bag",Beauty & Health
,,21.1,4.0,1.0,#9 Best Sellers,in Electric Nail Drills,2024 Original 45000RPM Rechargeable Nail Drill Machine With LCD Low Noise Professional Nail Polish Sander Nails Accessories Set,Beauty & Health
,200+ sold recently,0.76,53.0,1.0,,,24pcs Short Square Fake Nails Cute Blue Flower And Ivory White Design Press On Nails Kit Nail Supplies,Beauty & Health
,200+ sold recently,3.4,8.0,8.0,,,"48Pcs/2set Short Square Blue French Acrylic Fake Toenail & Press On Nails With Rhinestones Design Fake Fake Nail,Contain 2pcs Jelly Glue And 2pcs Nail File,Suitable For Women & Girls Daily Use In Summer Nail Supplies",Beauty & Health
,1.0k+ sold recently,3.8,5.0,1.0,,,"1Pc Double Layer Waterproof Mini Handheld Cosmetic Bag With Small Size & Portable Design Black Friday,Makeup Bag Makeup Pouch Skincare Bag Toiletry Bag Packing Cubes,Travel Essentials Cruise Essentials Dorm Essentials,Wedding Bridesmaid Gifts,Mom Gifts,Birthday Gifts,Gifts For Friends And Teachers,Home Decor,Bathroom Livingroom Bedroom Decor,Bathroom Organizer,Jewelry Organizer,Lip Oil Organizer,Nail Polish Organizer Makeup Bag Storage Makeup Organizer Makeup Case",Beauty & Health
,900+ sold recently,0.95,37.0,11.0,,,White Blue Purple Acrylic Flower Nail Art Charm Nail Art Decorations About 400pcs DIY Nail Charms Nail Gems Nail Supplies,Beauty & Health
,600+ sold recently,1.1,0.0,1.0,,,"Concealer Brush, 1pc Wooden Minimalist Portable Multifunctional Makeup Brush Cosmetic Makeup Tool For Beginner Black Friday",Beauty & Health
,1.5k+ sold recently,1.6,6.0,4.0,,,White French Tip Press On Nails Almond Shape Fake Nails Nude Medium False Nails Acrylic Artificial Nails Simple Glue On Nails Finger Decorations For Women 24Pcs Nails & 1sheet Tape & 1pc Nail File Nail Supplies,Beauty & Health
,100+ sold recently,2.07,37.0,7.0,,,High Temperature Synthetic Loose Wave French Curl Braiding Hair 16/20/24Inch 75g/Pack Spiral Curly Pre-Stretched Bouncy Crochet Hair For Box Braids Looped Pony Spanish Curl Braids Crochet Hair Extension For Women #T4/30,Beauty & Health
,7.1k+ sold recently,2.6,4.0,1.0,,,7 Pairs Half Lashes Clear Band Soft Natural Cat Eye Lashes Makeup Tool Extension Fluffy Faux Mink Lashes,Beauty & Health
,1.7k+ sold recently,8.7,8.0,1.0,,,"25pcs Manicure & Pedicure Set Including Dead Skin Remover And Callus Remover, Suitable For Foot Care At Home And On The Go",Beauty & Health
,30+ sold recently,28.2,26.0,1.0,,,Transparent Lace Deep Wave Pixie Cut 13 X 1 T-Part Lace Front 150% Density Natural Black Short Human Hair Wig For Women,Beauty & Health
,400+ sold recently,1.6,11.0,1.0,,,"Nail Art Dust Clean Brush Set, 2PCS Translucent Manicure Tool Nail Handle Brushes with Dustproof Cover,For Home Use and Professional Nail Salon Nail Brush For Cleaning Fingernails",Beauty & Health
,2.1k+ sold recently,1.5,6.0,1.0,,,5-50Pcs Japan Sakura Clay Mask for Face Deeply Cleansing Moisturizing Oil-Control Anti-Aging Anti-Wrinkle Pink Mud Mask Facial Skin Care,Beauty & Health
,70+ sold recently,2.6,4.0,4.0,,,Blue Pre Stretched Braiding Hair 26 Inch  Professional Soft Yaki braiding Hair For Twist Braids Hot Water Setting Synthetic Crochet Hair Extensions,Beauty & Health
,1.1k+ sold recently,4.99,9.0,20.0,,,SHEGLAM Matte Allure Lipstick-Self-made Babe 20 Colors Long LastingÂ  Lipstick High Pigment Velvety Soft Lipstick Black Friday Party Lipstick,Beauty & Health
,3.1k+ sold recently,0.48,66.0,1.0,,,2/3 Sheets Star Shaped Stickers Nail Stickers DIY,Beauty & Health
,,2.15,31.0,1.0,#4 Best Sellers,in Makeup Appliance,Usb Rechargeable Painless Precision Portable Electric Eyebrow Trimming Pen Eyebrow Hair Remover For Lip Nose Facial Hair Removal Ladies Safety Shaver Shaver Tool,Beauty & Health
,400+ sold recently,2.4,0.0,1.0,,,"1pc-Pink Three-Dimensional Cloud Sleep Eye Mask Shade Sleep Eye Mask Simulation Silk Ice Feel Comfortable, Relax Fatigue, Lunch Break, Sleep",Beauty & Health
,700+ sold recently,1.76,12.0,1.0,,,"24pcs Almond Shaped Multicolor Painted False Nails With Jelly Gel, 1pc Nail File And 1pc Stick Included - An Easy Way To Upgrade Your Charm Press On Nails Nail Supplies",Beauty & Health
,200+ sold recently,6.1,8.0,1.0,,,KemeiSi 100% Pure Kolinsky Acrylic Nail Brush For DIY Home Salon Nail Art Manicure Tool Transparent Glitter Handle,Beauty & Health
,2.3k+ sold recently,2.1,5.0,1.0,,,"4pcs Black & Pink Heart, Butterfly, Spider Pattern Y2k Style Temporary Tattoo Stickers For Wrist, Body, Chest, Abdomen, Back",Beauty & Health
,600+ sold recently,1.8,0.0,1.0,,,"Makeup Drawer Organizer With 4 Clear Plastic Drawers In Different Sizes, Featuring Silicone Pads, Suitable For Using On The Dressing Table, Provides Storage Space For Desks, Bathrooms, Kitchens And Offices.",Beauty & Health
,20+ sold recently,3.1,0.0,4.0,,,"Soft-Touch Cosmetic Bag, Cute And Colorful Makeup Organizer, Multi-Functional Travel Toiletry Bag",Beauty & Health
,800+ sold recently,5.57,35.0,1.0,,,"8oz Black Tattoo Ink, For Professional Tattoo Artists And Amateur Enthusiasts In Body Tattooing And Art Painting",Beauty & Health
,600+ sold recently,2.2,4.0,1.0,,,"SHEIN Makeup Brush Holder Organizer, 1pc White Makeup Organizer Cosmetic Storage Organizer, Pen Pencil Cup Holder, Toothbrush Holder, Desk Organizer, For Dresser, Bathroom, Vanity & Countertop",Beauty & Health
,300+ sold recently,1.85,26.0,4.0,,,7pairs Cat Eye False Eyelashes,Beauty & Health
,3.2k+ sold recently,1.3,7.0,1.0,,,"24pcs/Pack Short Square Fake Nails With Y2k Print, French Pattern Design For Toes, Suitable For Parties, Dancing & Daily Wear Press On Nails Nail Supplies",Beauty & Health
,1.9k+ sold recently,3.99,20.0,6.0,,,SHEGLAM Party Glitter Liner-Disco BallÂ  Liquid Eyeshadow Gel Silver High Shine Long Lasting Highly Pigmented Long Wear Liquid Liner Y2K Gothic Eyeshadow,Beauty & Health
,600+ sold recently,1.7,6.0,1.0,,,30pcs Short Gradient Cat Eye False Nails With 1pc Nail Glue And 1pc Nail File Press On Nails Supplies,Beauty & Health
,100+ sold recently,2.22,40.0,1.0,,,"Simple Portable Pattern Cosmetic Bag, Travel Makeup Storage Bag With Zipper, Trendy Toiletry Wash Bag Makeup Bag Organizer Makeup Organiser Makeup Storage Makeup Holder Cosmetic Bag Cosmetic Storage Organizer Cosmetics Bags Cosmetic Organiser",Beauty & Health
,60+ sold recently,2.4,4.0,11.0,,,5pcs Set Colorful Clip In Synthetic Hair Extension Long Straight  For Women Girls With Cosplay,Beauty & Health
,500+ sold recently,15.44,5.0,1.0,,,1 Bottle (105ml) Amaf Club De Nuit Intense For Men/Women,Beauty & Health
,1.1k+ sold recently,0.94,45.0,1.0,,,"24pcs/Set Short Square Pattern False Nails, Pink Lines & French Style Wearable Jelly Glue 1pc+ Nail Buffer 1pc Press On Nails Nail Supplies",Beauty & Health
,20+ sold recently,1.05,50.0,1.0,,,1 Piece Of Long Ponytail Extended Synthetic Braid For Hair Extensions. Black Hair Is Suitable For Women's Easy Hair Extensions. Cheap Braids,Beauty & Health
,3.5k+ sold recently,3.99,11.0,1.0,,,SHEGLAM Intensify Smudge-Proof Eyeliner Gel-Black 3 Colors Waterproof Long-Lasting Matte Eyeliner Gel Waterproof And Sweat-proof No Smudge Evenly Pigmented Multi-Use Smooth High Pigment Eye Make Up Black Friday Eyeliner,Beauty & Health
,,3.55,50.0,1.0,,,1500ml/2000ml/2800ml 1pc Transparent Laundry Detergent Dispenser Container Storage With 4 Removable Labels For Laundry Room Organization Liquid Foam Bottle,Beauty & Health
,,4.99,17.0,12.0,#7 Best Sellers,in Lip Plumper,SHEGLAM Pout-Perfect Shine Lip Plumper-First Crush Moisturizing Plumping Solid Lip Gloss Non-Stick Nourishing Lip Plumping Serum Coconut Oil  Lipstick  Lip Cosmetics Summer Vibe Lip Plumper,Beauty & Health
,20+ sold recently,22.2,26.0,1.0,,,1pc Drawstring Kinky Curly Ponytail Human Hair Extension Natural Black Extension For Women Daily Use Easy To Wear,Beauty & Health
,10k+ sold recently,2.5,4.0,1.0,,,Eyelash Gluing and Sealing for Eyelash Clusters Strong Fixed  Eyelash Glue Lasting 48H Eyelash Gluing Glue for DIY Eyelash Extension Personal Eyelashes 2 in 1(5ml Black Glue + 5ml Clear Seal),Beauty & Health
,100+ sold recently,2.07,41.0,1.0,,,500ML Portable Bidet Private Parts Flushing Device Baby Butt Cleaner Confinement Pregnant Lying-In Women's Perineum Bidet,Beauty & Health
,2.0k+ sold recently,1.6,6.0,1.0,,,24pcs Medium Length Almond Fake Nails Purple Flowers French Full Cover False Nail For Women And Girls New Year Gift Press On Nails Nail Supplies,Beauty & Health
,400+ sold recently,0.75,58.0,1.0,,,"24pcs Almond Shaped Gorgeous Rhinestone Design False Nails Kit, Full Cover, Long Nails, Removable, For Party, Dancing, Daily Wear Press On Nails Nail Supplies",Beauty & Health
,4.1k+ sold recently,4.99,17.0,7.0,,,SHEGLAM Sun Sculpt Liquid Contour-Earthy SepiaÂ  Gel Cream ContourÂ  Non-Greasy Long Lasting Highly Pigmented Natural Contour Contouring Weightless Bronzer Black Friday Winter Brown Contour & Bronzer,Beauty & Health
,600+ sold recently,0.55,61.0,1.0,,,24pcs Fashionable & Bright French Flag Inspired & Star Pattern Design False Nails Press On Nails Dress Up Accessories. Suitable For Ladies And Girls. Nail Supplies,Beauty & Health
,1.9k+ sold recently,4.99,17.0,14.0,,,SHEGLAM Color Bloom Liquid Blush-Night Drive  Liquid Blush Liquid Waterproof Long Lasting High Pigment Non-Fading  Natural Lasting Glow Lightweight Face Makeup Black Friday Pink Purple Blush,Beauty & Health
,700+ sold recently,2.4,4.0,1.0,,,"Exfoliating Bath Towel, 1pc Durable Back Scrubber Loofah Sponge Wash Cloth, Net Sponge Rag, Back Scrubber Washer For Use In Shower Bath, Bath And Body Works, Living Room Home Bedroom Bathroom House Decor, Travel Stuff, Wedding, Party, Birthday, Gifts For Men Mom Dad Friends, New Years, Accessaries, Funny Gift",Beauty & Health
,,1.7,11.0,1.0,,,10pcs Nail Art Dead Skin Remover Tool,Beauty & Health
,100+ sold recently,2.2,4.0,4.0,,,Natural Short Curly Synthetic Hair Updo,Beauty & Health
,100+ sold recently,3.0,6.0,1.0,,,"MAGEFY 10 Pairs Of Natural Full False Eyelashes,Thick Curling FluffyEyelashes For Party Use Manga Eyelashes, Travel Essentials",Beauty & Health
,10k+ sold recently,5.99,20.0,1.0,,,SHEGLAM Hydro-Touch Refreshing Setting Powder Water-Based Oil Control Loose Setting Powder  Matte Pore-less Hydrating Long Lasting Powder Black Friday Pink Powder,Beauty & Health
,900+ sold recently,0.88,37.0,4.0,,,24pcs Elegant And Chic Press-On Nails: Short Square Shape Ombre Sky Blue To Black Glossy Finish - Perfect For Fashion-Forward Women Nail Supplies,Beauty & Health
,600+ sold recently,2.45,18.0,1.0,,,"1Pc/Set Light Green Checkered Pattern Cosmetic Bag/Pencil Case/Menstrual Pad Pouch Set In Large/ Medium/Small Size, Spring/Summer Casual Style, Color Block Design Knit Zipper Toiletry Bag, Simple Color Block Makeup Bag, Black Friday Makeup Bag, Skin Care Bag, Toilet Bag, Cube Packaging, A Must-Have For Traveling, Dormitory And Home, Perfect As Bridesmaid Gift, Mom Gift, Birthday Gift, Gift For Friends And Teachers, Also Suitable For Home Decor, Bathroom/Living Room/Bedroom Decor, Perfect As Bathroom Organizer, Jewelry Organizer, Lip Balm Organizer And Nail Polish Organizer",Beauty & Health
,1.4k+ sold recently,1.4,7.0,1.0,,,"Tattoo Wash Bottle,1PC 250ML Squeeze Bottle with Scale Tattoo Wash Bottle ,Lab Squirt Bottle, Squirt Water Bottle with Narrow Mouth, For Industry, Lab & Gardening Water Bottle(Pink) Black Friday",Beauty & Health
,100+ sold recently,6.8,6.0,1.0,,,1pc Sanrio Hello Kitty Makeup Bag Waterproof Outdoor Large Capacity Waterproof Portable Toiletry Storage Bag Sanrio Kuromi Sanrio My Melody,Beauty & Health
,300+ sold recently,1.1,8.0,1.0,,,1sheet French Crescent Smile Auxiliary Sticker V-Shaped Manicure Strip Nail Art Form DIY Line Nail Decoration Accessories Tools,Beauty & Health
,1.2k+ sold recently,1.79,11.0,1.0,,,2pcs 5ml Black White Nail Spider Gel Soak Off UV Gel Nail Polish Varnish Painting Draw Wire Line Manicure Beauty DIY Nail Art Adhesive Glue,Beauty & Health
,1.7k+ sold recently,3.49,13.0,5.0,,,SHEGLAM Gleam Chaser Eyeshadow Topper-Just Glazed Pink Glitter Eyeshadow Powder Shimmer Finish Blendable Smooth Shiny Eyeshadow,Beauty & Health
,4.8k+ sold recently,1.7,6.0,5.0,,,"Upgrade Your Look 24pcs/Set Medium Square Colored Graffiti Crocodile & Fish Scale Pattern French False Nails With 1 Nail File And 1 Sheet Jelly Glue. Suitable For Parties, Dances, And Daily Wear. Press On Nails Nail Supplies",Beauty & Health
,,4.49,10.0,1.0,#7 Best Sellers,in Contour & Bronzer,SHEGLAM Freck Please Freckle Tint-FawnÂ  Smudge TintÂ Waterproof Long Lasting Natural Multi-Use Liquid ContourÂ  Smooth Face Makeup Black Friday Winter Contour & Bronzer,Beauty & Health
,1.5k+ sold recently,1.12,20.0,4.0,,,1pc 5D Embossed Nail Stickers Flowers Nail Decals Summer Nail Art Stickers DIY Design Decoration Accessories Charms,Beauty & Health
,3.9k+ sold recently,3.6,8.0,1.0,,,"100pcs Bulk Nail Charms, Random Mymelody Nail Jewelry Kawaii Resin Nail Gems Rhinestone For Acrylic Nail Tips Decoration DIY Nail Supplies",Beauty & Health
,200+ sold recently,2.8,7.0,4.0,,,"Cat Eye False Eyelashes, 7 pairs 13mm messy cross-imitation short eyelashes",Beauty & Health
,800+ sold recently,0.73,59.0,1.0,,,Update Your Style With 24pcs Minimalist Floral Pattern French Short Square Full Cover Fake Toe Nail Kit Press On Nails Nail Supplies,Beauty & Health
,100+ sold recently,3.9,7.0,1.0,,,"10pcs Dream Of Midsummer Naked Cat Eye High-Grade Shell, Sweet And Elegant Coffin-Shaped Hand-Painted Nail Art Wearable Nail Set, Elegant & Classic For Daily Use",Beauty & Health
,4.3k+ sold recently,1.3,7.0,4.0,,,"High Coverage Concealer, 1Pc Nourishing Liquid Foundation Tube Concealer Nourishing Foundation For Under Eye Dark Circles",Beauty & Health
,300+ sold recently,22.75,47.0,1.0,,,Makeup Bag With Light Up Mirror Travel Cosmetic Case Box - 3 Color LED Lighted Mirror With Adjustable Brightness - Waterproof Leather - Adjustable Dividers - Brush Organizer PU Leather,Beauty & Health
,400+ sold recently,4.0,5.0,1.0,,,"1pc High-Accuracy Digital Infrared Thermometer, Non-Contact Forehead Temperature Gun, 1s Fast Reading",Beauty & Health
,9.0k+ sold recently,13.2,4.0,1.0,,,7Pcs DIY Eyelash Extension Kit  Lash Clusters Bond And Seal Eyelash Glue Remover 280pcs Lash Clusters D Curl Fluffy 9-15mm Mixed 60ml Eyelash Extension Cleanser Tweezers Eyelash Cleaning Brush,Beauty & Health
,1.0k+ sold recently,1.7,6.0,1.0,,,"10ml Long-Lasting Fragrance Perfume Oil With Pheromones For Body, Dating, And Aromatherapy",Beauty & Health
,100+ sold recently,1.7,11.0,1.0,,,1pc 5D Nail Art Stickers High Quality Gold Moon Star Press On Nails DIY Nail Supplies   Adhesive For Make Fake Nails Nail Stickers Nail Art Decorations Nail Decals DIY,Beauty & Health
,1.1k+ sold recently,4.6,2.0,1.0,,,"1pc White Hanging Triple Organizer, Creative Desktop Organizer For Makeup Brushes, Lipsticks, Powders, Brow Pencils,Room,Home,Bedroom,Bathroom,House,Pink Room,Living Room Decor,Travel Stuff,Gift Bag,Gifts For Mom,Dad,Men,Friends,Teacher,Birthday,Wedding,Desk,Shelves,Accessaries,Gift Boxes,Funny Gift,Storage,Makeup Brush Holder",Beauty & Health
,30+ sold recently,33.05,0.0,1.0,,,SOL DE JANEIRO Rio Radiance - Solar Floral And Beachy By Sol De Janeiro For Unisex - 3 Oz Perfume Mist,Beauty & Health
,5.3k+ sold recently,4.0,7.0,1.0,,,30g Super Strong Nail Rhinestone Glue - Perfect For Home Salon Nail Art Diy And Professional Nail Art,Beauty & Health
,,2.0,0.0,1.0,#3 Best Sellers,in Single Eyeshadow,"Liquid Eyeshadow, 1Pc Long-Lasting Shimmer Waterproof Smudge Proof Eyeshadow Stick With Fine Flash",Beauty & Health
,,1.8,5.0,11.0,#2 Best Sellers,in Acrylic Nail Powders & Liquids,40M L Acrylic Liquid Monomer For Nails Art Carving Extension Dipping Powder Nail Acrylic Crystal Liquid Manicure Tool,Beauty & Health
,800+ sold recently,1.09,36.0,4.0,,,7ml Auroras Thermal Gel Nail Polish Glitter Sparking Gradient Temperature Color Changing Semi Permanent Nail Art Gel Varnish Manicure Diy Salon Home Gift For Women,Beauty & Health
,2.3k+ sold recently,1.6,6.0,7.0,,,24pcs Long Coffin Shaped Ballet Style Gradient Sparkly Rhinestone Nail Tips Set With 1pc Nail File And 1pc Jelly Glue Press On Nails Nail Supplies,Beauty & Health
,5.0k+ sold recently,2.2,8.0,1.0,,,1box 240pcs Multicolor Floral Wood Pulp Nail Art Decoration DIY Nail Charms Nail Gems Nail Supplies,Beauty & Health
,300+ sold recently,1.3,0.0,1.0,,,"1pc Cute Frog Sleep Eye Mask, Eye Protector, Lunch Break Shading Sleep Eye Mask, Soft & Comfortable Eye Mask Relieve Stress & Anxiety With This Adorable Sad Frog 3D Sleep Eye Mask - Perfect For Office, Bedroom, Living Room, Car Naps!Randomized Eyeball Pattern",Beauty & Health
,500+ sold recently,1.16,36.0,1.0,,,"24pcs Short Square Press On Nails With Flower, Spring Summer Fake Nails,Full Cover False Nails For Women And Girls Nail Supplies",Beauty & Health
,100+ sold recently,4.8,4.0,1.0,,,"MAGEFY 20 Pairs Of Natural Full Mixed Style False Eyelashes,Thick Curling Fluffy Eyelashes For Party Use Manga Eyelashes,Travel Essentials",Beauty & Health
,5.5k+ sold recently,2.99,25.0,4.0,,,SHEGLAM Uninterrupted Waterproof Liquid Eyeliner Waterproof Highly Pigmented Black Matte Eyeliner Pencil Quick Drying Ultra-Fine Waterproof And Sweat-proof Fine Brush Head Eyeliner Smooth Easy To Wear Eye Make Up Black Friday Black Gift Eyeliner,Beauty & Health
,,1.3,0.0,1.0,#6 Best Sellers,in Temporary Tattoos,1pc Waterproof And Long-Lasting Temporary Spider Tattoo Sticker For Body Art,Beauty & Health
,4.1k+ sold recently,3.8,5.0,4.0,,,"1Pc Light Blue All-Match Makeup Organizer Bag For Girls With Large Capacity Canvas, Embossed, Portable, Suitable For Working, Shopping And Traveling Women,Makeup Bag Makeup Pouch Skincare Bag Toiletry Bag Packing Cubes,Travel Essentials Cruise Essentials Dorm Essentials Makeup Bag Storage Makeup Organizer Makeup Case",Beauty & Health
,10+ sold recently,3.1,0.0,1.0,,,"1 Pc Women Hold Large Capacity Cosmetic Bags, Portable Casual Makeup Bags, Sewn Fabric S/M/L Size, Travel Bags With Cute Floral Prints, Used For Storing Cosmetics, Bathrooms, And Travel Makeup Bags",Beauty & Health
,400+ sold recently,3.5,13.0,1.0,,,"1pc/Set Blue Bows Pattern  Makeup Bag, Lightweight Zipper Cosmetic Storage Bag Sweet Style Versatile Toiletries Organizer, Mother's Day Gift ,For Best Friend ,Gift For Teacher .Gift For Girls Women Friends Cosmetic Bag Cosmetic Storage Organizer Cosmetics Bags Cosmetic OrganiserJewelry Organizer,Lip Oil Organizer,Nail Polish Organizer",Beauty & Health
,50+ sold recently,1.4,7.0,1.0,,,"24pcs Square Shaped Press-On Toenails With Flower Pattern, Rhinestone False Toenails, Full Cover False Toenails, Suitable For Women And Girls + 1pc Jelly Gel + 1pc Nail File",Beauty & Health
,300+ sold recently,2.7,4.0,1.0,,,6 Pairs Cat Eye Eyelashes Clear Band False Eyelashes Fox Eye Lashes Faux Mink Lashes Natural Look Eyelashes Short Lash Extension Makeup(T03),Beauty & Health
,100+ sold recently,1.4,7.0,1.0,,,"Classic French Aristocratic Style 24pcs/Set Short Square-Shaped Sparkling Nail Tips For Fingers And Toes, With Jelly Glue And Abrasive File, Great For Travel, Leisure, Parties, Nightclubs And Daily Wear Press On Nails Nail Supplies",Beauty & Health
,3.1k+ sold recently,4.99,17.0,4.0,,,SHEGLAM ColorÂ BloomÂ DayglowÂ LiquidÂ BlushÂ ShimmerÂ Finish-Risky BusinessÂ  Glowing Gel Cream BlushÂ Long Lasting Non-Fading Highly Pigmented Lightweight Long Wear Smooth Blusher Black Friday Winter Pink Brown Gifts Blush,Beauty & Health
,1.4k+ sold recently,0.76,60.0,1.0,,,Elevate Your Style With 120pcs Short Almond Transparent Clear Fake Nail For Home DIY Nail Salon Nail Extension Press On Nails Nail Supplies,Beauty & Health
,500+ sold recently,1.3,0.0,1.0,,,"Fine Brush Head Mascara Waterproof Sweatproof Smudge-proof, Long-lasting, Root-to-tip Lengthening, Volume-boosting And Curling Mascara For Students",Beauty & Health
,2.3k+ sold recently,5.2,0.0,4.0,,,"6pcs/set Drawer Cosmetic Storage Box, Transparent Vanity Drawer Cabinet, Makeup Brush Organizer, Multi-compartment Jewelry Case With Anti-fall Feature, Exquisite",Beauty & Health
,3.3k+ sold recently,5.49,15.0,1.0,,,SHEGLAM Sweet Cheeks Blush Trio-Sunset Cruise 3-Clolor Powder Blush Palette Non-Fading Multi-Use Non-Greasy Shimmer Lightweight Velvet Smooth Blusher Black Friday Winter Pink Brown Purple Rosa Blush,Beauty & Health
,300+ sold recently,2.2,4.0,13.0,,,"5 Pcs Colored Clip In Hair Extensions 20 Inch Long Straight Hairpieces Clip In Synthetic, Halloween Cosplay Dress Up Fashion Party Christmas New Year Gift For Women Kids Girls(Hot Pink)",Beauty & Health
,,1.5,12.0,7.0,,,100 Pieces 12 Sizes Press On Toenails Glossy White Press On Nails Short Square Fake Toe Nails Full-Cover False Toenails For Women,Beauty & Health
,700+ sold recently,1.02,32.0,4.0,,,"24pcs/Set Y2K Style Short Coffin Magic Metal Chrome Shiny Medium Almond Press On Nails Holographic Nail Dust Ice Neon Mermaid Mirror Glitter Pearl Artificial Fake Nails ,Contain 1 Pc Jelly Glue And 1 Pc Nail File,Suitable For Rave Party Use Nail Supplies",Beauty & Health
,,6.8,50.0,4.0,#5 Best Sellers,in Synthetic Woven Wigs,Fashion Butterfly Haircut Synthetic Wig 26 Inch Brown Gradation White Gold Curly Wavy Hair Wigs Synthetic Middle Part Hair Wigs For Women Girls Synthetic None Lace Wigs,Beauty & Health
,1.0k+ sold recently,2.3,4.0,4.0,,,ROMWE Kawaii 1pc Pink Bow & Heart Shaped Mirror,Beauty & Health
,2.2k+ sold recently,1.9,5.0,1.0,,,"Bond & Seal False Eyelash Glue, Double-Headed Black Eyelash Glue, Bond And Seal, For Eyelash Extension, Cluster Eyelash Glue, Long-Lasting Waterproof, Diy Eyelash Extension Glue, 5ml",Beauty & Health
,3.5k+ sold recently,6.1,8.0,1.0,,,"600pcs Charm Acrylic Nails Kit In Square/Ballerina/Almond/Clear Full Cover/Extended/Half Frosted/Sticking Styles For Women And Girls, Including Glue And False Nails Clipper Press On Nails Nail Supplies",Beauty & Health
,400+ sold recently,5.3,9.0,6.0,,,"240Pcs Clear Long Coffin Nail Tips, 12 Sizes Pre Shaped Extra Long 4XL Press On Nail Tips Full Cover Acrylic Soft Gel Nail Tips For Nail Extension Home DIY Nail Salon With Green Box Press On Nails Nail Supplies",Beauty & Health
,3.2k+ sold recently,0.66,59.0,8.0,,,Black Friday 10pcs Lz Style Baroque Luxury Palace Wind Manicure Decor With Hollow Out And Rhinestone Design DIY Nail Charms Nail Gems Nail Supplies,Beauty & Health
,10+ sold recently,2.1,5.0,1.0,,,"Manga Lashes, 1box A Shape Individual False Eyelashes",Beauty & Health
,1.3k+ sold recently,1.3,7.0,1.0,,,"Herorange Sun-kissed Liquid Blush Gives You A Natural But Sweet Look. Its Water-light Consistency Blends Easily Into Your Skin. Perfect For Daily Use, Go On A Date, Or Go To Work. 5.7g",Beauty & Health
,5.8k+ sold recently,0.99,45.0,1.0,,,SHEGLAM Ultimate Universal Beauty Sponge Full Face Makeup Blending Sponge for Liquid Cream Powder Foundation Concealer Blush Soft Makeup Blender Beauty Makeup Tool Black Friday Sale Makeup Puff Sponge,Beauty & Health
,800+ sold recently,2.4,11.0,1.0,,,"1pc CNA Pattern,Canvas Print Cosmetic Bag, Women Makeup Pouch, Travel Toiletry Organizer, Teacher's Gift",Beauty & Health
,1.4k+ sold recently,4.86,34.0,22.0,,,Clip In Hair Extensions Black Color 16 CLips 22 Inch Long Curly Hair Extension For Women Full Head Synthetic Hair Extensions Hairpieces 7 PCS Set,Beauty & Health
,1.1k+ sold recently,1.9,10.0,1.0,,,"5 PCS Y2K Pink Gun Nail Art Charms With Rhinestones,3D Alloy AK Shape Nail Gem Accessories,Nail Art Tips Nail Art Charm Nail Art Jewelry For Girls Nail Art DIY Crafts Decoration Supplies Valentine's Day Gifts For Girls Nail Gems",Beauty & Health
,1.7k+ sold recently,2.8,3.0,1.0,,,"60ml Body Glitter Spray, Make-up Accessory For Shimmering Body, Face And Hair, Creat Party Atmosphere And Highlight Glitter Powder",Beauty & Health
,1.0k+ sold recently,22.3,8.0,1.0,,,"Makeup Sponge,100PCS Beauty Cosmetic Foundation cosmetic sponge Makeup Blender Suitable for Cream & Powder Concealer, Loose Powder makeup applicator Black Friday",Beauty & Health
,1.4k+ sold recently,1.67,38.0,1.0,,,"24pcs Long Square Wearable False Nails With Decorations Of 3d Candy, Pink Bear & Pearl Star Shapes, Come With 1pc Emery Board & 1pc Jelly Glue Press On Nails Nail Supplies",Beauty & Health
,200+ sold recently,3.6,3.0,1.0,,,"2pairs/Set Magnetic Strip Lashes, Magnetic Eyelashes, Reusable Magnetic Eyelashes, Magnetic Lashes No Glue Or Liner Needed With Applicator Tweezers",Beauty & Health
,1.0k+ sold recently,3.99,39.0,20.0,,,SHEGLAM Perfect Skin High Coverage Concealer-Fair 20 Shades Liquid Concealer Brush Moisturizing Weightless All-Day Hydrate Concealer Makeup Black Friday Sale Concealer,Beauty & Health
,20+ sold recently,2.6,4.0,4.0,,,Pre Stretched Braiding Hair 26 Inch  Professional Soft Yaki braiding Hair For Twist Braids Hot Water Setting Synthetic Crochet Hair Extensions,Beauty & Health
,7.5k+ sold recently,2.1,9.0,4.0,,,"12pcs Colorful Translucent Nail Art Dust Clean Brush, Manicure Tool Nail Handle Brushes with Poly Bristles Nail Brush For Cleaning Fingernails",Beauty & Health
,200+ sold recently,2.05,73.0,1.0,,,"1pc European Style Vintage Double-Sided Makeup Mirror, Rotatable Dressing Table Mirror For Bedroom, Dormitory, Girls",Beauty & Health
,20+ sold recently,4.92,70.0,1.0,,,"1pc Detachable, Stackable, Easy To Assemble Makeup Organizer With Dustproof Transparent Acrylic Material. Ideal For Home Dressing Table And Perfume Display",Beauty & Health
,,1.7,6.0,9.0,#2 Best Sellers,in Decoration Stickers,4PCS English Letter Nail Stickers Alphabet White Black Gold Silver DIY Adhesive Decals 3D Artistic Design Nail Art Decoration Manicure Nail Supplies,Beauty & Health
,2.9k+ sold recently,3.0,6.0,1.0,,,NEW 50D/ Mink Eyelashes Natural Eyelash extension 3D  Volume Individual Eyelash Cluster Makeup Tools Lashes,Beauty & Health
,1.9k+ sold recently,3.2,9.0,1.0,,,"10pcs/Set White Base Short Square Shaped Handmade Metal Star Jewelry, Suitable For Daily Life, Party, Gathering, For All Women Press On Nails Nail Supplies",Beauty & Health
,,3.5,13.0,1.0,#7 Best Sellers,in Luggage & Travel Gear,"1pc/Set Pink Colour Bowknit Print Balletcore Travel Cosmetic Bag  Large Capacity Cosmetic Bag Black Friday,Makeup Bag Makeup Pouch Skincare Bag Toiletry Bag Packing Cubes,Travel Essentials Cruise Essentials Dorm Essentials,Wedding Bridesmaid Gifts,Mom Gifts,Birthday Gifts,Gifts For Friends And Teachers,Home Decor,Bedroom Decor,Jewelry Organizer,Lip Oil Organizer,Nail Polish Organizer For Mother's Day Gift ,Wedding Party Gift",Beauty & Health
,4.5k+ sold recently,2.7,4.0,1.0,,,"1box 5pairs Natural Style Mixed Blood Feeling False Eyelashes, Transparent Stems Thick Tail Camellia Cartoon Eye Lashes",Beauty & Health
,2.2k+ sold recently,25.4,8.0,1.0,,,"1x 36W Nail Lamp + 1x Nail Grinding Machine (Comes With 6 Random Grinding Heads) + 20pcs 7ml Nail Polish Gel + 3pcs Base Coat, Matte & Top Coat + 3pcs Nail Decoration + 14pcs Nail Repair Tool And Accessory, Red & Gold Glitter Nail Polish Gel Set With Multi-Function Nail Art Tool Kit (2g Glue Will Be Sent Randomly)",Beauty & Health
,80+ sold recently,4.4,2.0,4.0,,,1pc Ombre Long Synthetic Hair Braid,Beauty & Health
,1.8k+ sold recently,2.2,4.0,1.0,,,"20pcs Black Butterfly, Flower, Plant, Snake, Word Pattern Temporary Tattoo Sticker For Fingers, Wrist, Chest, Abdomen, Back And Other Small Body Parts",Beauty & Health
,,54.99,21.0,1.0,#8 Best Sellers,in Makeup Sets,SHEGLAM X Care Bears Collection Set Vibrant Colored Eyeshadows Green White Purple Eyeliner Pink Blush Body Highlighter Liquid Lipstick Set Black Friday Sale Gift Makeup Set,Beauty & Health
,,12.5,4.0,1.0,#6 Best Sellers,in Brushes Sets,55PCS Makeup Tools Set Including: 25PCS Makeup Brush Sets+6PCS PCS Mini Makeup Sponges+9PCS Makeup Sponges+6PCS Triangle Powder Puffs+6PCS Mini Air Cushion Powder Puff+3PCS Facial Cleansing Sponges,Beauty & Health
,,3.6,0.0,1.0,#6 Best Sellers,in Aroma Diffuser,"1pc Automatic Essential Oil Diffuser For Home And Hotel, Air Freshener For Toilet And Bathroom, Aromatherapy Machine For Scenting Room, Fragrance Sprayer For Aromatic Impact",Beauty & Health
,200+ sold recently,2.2,8.0,1.0,,,"24pcs/Set Medium-Sized Duck Bill Shaped Press-On Nails With Green French-Tip, 3D Flower, Heart, Rhinestone, Bubble Bead Design, Comes With Jelly Glue & Nail File, Suitable For All Women, Perfect For Daily Wear To Make Your Fingertips More Charming.",Beauty & Health
,100+ sold recently,2.3,8.0,1.0,,,"Upgrade Your Look With 24pcs French Style Cross Shaped Full Rhinestone Wavy Patterned Nail Art Set, Suitable For Women And Girls Press On Nails Supplies",Beauty & Health
,,16.3,26.0,1.0,#7 Best Sellers,in Human Affordable Wear & Go Wigs,Short Afro Curly Wigs Human Hair Fluffy Kinky Afro Natural Black Curly Hair Puffs Ready to Wear,Beauty & Health
,10+ sold recently,1.3,7.0,1.0,,,Spray/Lotion Bottle 1PC 30/60/80/100ml U-Shaped Alcohol Watering Can Ultra-Fine Perfume Fine Mist Toner Skincare Portable Travel Dispenser Refillable Bottling,Beauty & Health
,1.5k+ sold recently,1.7,6.0,1.0,,,"24pcs Short, Stylish, Trendy, Simple, Elegant, French Edged, With Flower Pattern, False Toe Nail Tips Perfect For Students, Office Ladies, Party, Dance, Wedding And Daily Wear To Enhance Your Charm And Keep You Cool In Summer. Press On Nails Nail Supplies",Beauty & Health
,200+ sold recently,2.5,4.0,1.0,,,"1Pc/Set Bow Knot & Rose Design Quilting Cosmetic Bag, Fashionable Portable Makeup Bag, Multi-Functional Storage Bag For Lipstick, Sanitary Napkin, Coins, Keys Etc, Large Capacity Lovely Wash Bag For Travel Organizer Cosmetic Bag For Travel, Mother's Day Gift",Beauty & Health
,3.8k+ sold recently,1.9,10.0,4.0,,,"Black Friday 10pcs Cherry Shaped 3d Rhinestone & Metal Nail Art Decorations, Japanese Style DIY Nail Charms Nail Gems Nail Supplies",Beauty & Health
,,6.49,24.0,1.0,#4 Best Sellers,in Primer,SHEGLAM Birthday Skin Primer Invisible Pore Color-Correcting Primer Hydrating Moisturizing Rose Essential Oil Lightweight Pink Face Primer Black Friday Winter Gifts Primer,Beauty & Health
,700+ sold recently,3.4,11.0,1.0,,,Small Flower Pattern Printed Cosmetic Bag Cosmetic Storage Bag Large Capacity Cosmetic Bag Storage Bag Travel Portable,Beauty & Health
,,38.8,26.0,1.0,#4 Best Sellers,in Human Hair Wigs,Deep Wave Short Curly Human Hair Bob Wig 150% Density Side Part Lace Frontal Brazilian Virgin Human Hair Wigs For Woman,Beauty & Health
,800+ sold recently,1.5,6.0,1.0,,,"24pcs Spring/Summer Style Green French Stripe Nail Art, Fresh, Daily, Commute, High-End Press On Nails Nail Supplies",Beauty & Health
,100+ sold recently,8.99,18.0,36.0,,,SHEGLAM Skin Magnet High Coverage Foundation Stick-Butterscotch,Beauty & Health
,,47.6,30.0,6.0,#6 Best Sellers,in Bob Wigs,4/27 Straight Bob Wig 13X4 Lace Frontal Human Hair Wigs For Women Highlight Bob Wig Honey  Hair Lace Front Wig,Beauty & Health
,100+ sold recently,2.6,0.0,4.0,,,Pink Pre Stretched Braiding Hair 26 Inch  Professional Soft Yaki braiding Hair For Twist Braids Hot Water Setting Synthetic Crochet Hair Extensions,Beauty & Health
,300+ sold recently,2.4,4.0,4.0,,,"Cat Eye False Eyelashes, 7 pairs 13mm messy eyelashes",Beauty & Health
,2.0k+ sold recently,1.55,26.0,1.0,,,"Black Friday Nail Art Brushes Set,15 PCS Gel Nail Art Painting Kit Brushes, Flower Drawing Pen Gel Nail Polish Painting Brushes Nail Art Pens Kit Manicure Nail Art Polish Pen Tool,For Home Use And Professional Nail Salon DIY Nail Charms Nail Gems Nail Supplies",Beauty & Health
,1.9k+ sold recently,8.0,4.0,1.0,,,"1Pc/55Ml Women'S Pheromone Fragrance Spray/ Floral Notes/Perfume Suitable For Workplace, Dating, Daily Use/ Ideal Gift",Beauty & Health
,20+ sold recently,3.8,5.0,1.0,,,1pc Long Synthetic Hair Braid,Beauty & Health
,900+ sold recently,2.4,8.0,1.0,,,24pcs/Set Pink French Tip & Silver Butterfly Rhinestone Patterned False Nails With Glitter & Jelly Gel Press On Nails Nail Supplies,Beauty & Health
,20+ sold recently,1.7,6.0,1.0,,,"DIY Eyelash Extensions Bond And Seal  5ml Glue Remover Oil  Clustered Eyelash Glue Adhesive, False Eyelash Glue Bonding For All-Day Wear, Latex-Free, Waterproof Quick-Drying, Low-Irritation Fake Eyelash Glue,Clear Glue Remover Oil (Black Glue )",Beauty & Health
,20+ sold recently,4.1,2.0,1.0,,,Box Braids Crochet Hair 18 Inch Long Crochet Braids Pre Looped Crochet Hair For  Small Crochet Box Braids Knotless Box Braids Crochet Hair Box Braided Hair Extensions Ombre Black Brown Light Brown,Beauty & Health
,1.2k+ sold recently,2.9,6.0,1.0,,,"Bear Print Lip Gloss Kit, 6Pcs Long-Lasting Matte Moisturizing Lip Mud",Beauty & Health
,100+ sold recently,3.3,3.0,4.0,,,1 Packs Passion Twist Crochet Hair 12/18/24Inch Long Pre Twisted Water Wave Crochet Braids Pre Looped Curly Bohemian  Braiding Hair Extensions For Women (1B),Beauty & Health
,800+ sold recently,2.4,4.0,1.0,,,7 Passed with complete eyelashes thick curling 17mm fluffy and slim eyelashes Daily cat eye tail tie long,Beauty & Health
,600+ sold recently,1.2,8.0,1.0,,,30pcs Blue Graffiti Flower Patterned Short Almond False Nail Set For Girls To Enhance Their Elegance During Summer Press On Nails Nail Supplies,Beauty & Health
,700+ sold recently,32.95,56.0,1.0,,,Lattafa Yara Perfume By Lattafa For Women,Beauty & Health
,3.6k+ sold recently,2.9,6.0,6.0,,,"1pc 15ml No Wipe Gel Top Coat, Shine Finish And Long Lasting, Soak Off LED Nail Lamp Gel Gifts For Women",Beauty & Health
,100+ sold recently,2.7,4.0,1.0,,,"1 Set European And American Style 3D Multi-Layered Curly False Eyelashes, 10 Pairs, For Stage & Mixed Race Makeup",Beauty & Health
,500+ sold recently,3.5,20.0,6.0,,,6pcs/Set Translucent Sea Jelly Crystal Gel Nail Polish With Sheer Ice Clear Effect - Soak Off UV/LED Gel For DIY Manicure,Beauty & Health
,1.1k+ sold recently,2.1,5.0,1.0,,,"3-11PCS Eyebrow Kit For Women And Men, Stainless Steel Eyebrow Grooming Set Including Eyebrow Brush, Eyebrow Razor, Eyebrow Comb, Eyebrow Comb Scissor, Folding Eyebrow Knife, Scissors Razor, Eyebrow Trimmer, Tweezers, Eyebrow Trimming Tool",Beauty & Health
,500+ sold recently,3.9,0.0,1.0,,,Household Wooden Air Cushion Hair Brush For Straightening And Detangling Hair,Beauty & Health
,700+ sold recently,1.1,8.0,1.0,,,"1pc Round Silicone Nail Art Color Palette For Eyelash Extension Glue, Acrylic Painting, Nail Polish Mixing Plate Tool",Beauty & Health
,5.0k+ sold recently,2.6,4.0,1.0,,,10 Pairs Russian Strip Lashes Fluffy Mink Lashes 3D False Eyelashes Russian Volume Eyelashes Fake Eyelashes Dramatic Messy Mink Lashes Wispy Long Foxy Eye Lifting Look Eyelash Extension Kit Full Eyelash Strip To Lengthen And Volumize The Outer Corner Of Your Eye Beauty Makeup,Beauty & Health
,100+ sold recently,1.5,6.0,13.0,,,24pcs Medium To Long Metallic French Gold-Trimmed Nail Tips Set With Jelly Gel And Nail File Press On Nails Nail Supplies,Beauty & Health
,2.0k+ sold recently,1.49,17.0,1.0,,,SHEGLAM Interstellar Beauty Sponge Alien Graphic Makeup Blending Sponge For Liquid Cream Powder Foundation Concealer Blush Soft Makeup Blender Beauty Makeup Tool Black Friday Sale Gift Makeup Puff Sponge,Beauty & Health
,300+ sold recently,1.04,35.0,1.0,,,"Upgrade Your Look With Press On Nails , 24 PCS Square Short Fake  Nail French Nails With 3D White Bows, Includes 1 PC Sheet Adhesive Tabs &1 PC Mini Files, Classic White French Style Full Coverage Fake Nail Kit, Nail Art For Women And Fashion Girls For Daily Wear .This Short Nails Never Going Out Of Style.",Beauty & Health
,3.4k+ sold recently,4.99,17.0,7.0,,,SHEGLAM Snatch 'n' Define Stick-Golden Sun Cream Contour Stick Long Lasting Highly Pigmented Sweat Proof Bronzer Sculpting Lightweight Smooth Natural Contour Face Makeup Black Friday Party Contour & Bronzer,Beauty & Health
,1.5k+ sold recently,9.49,14.0,30.0,,,SHEGLAM Complexion Pro Long Lasting Breathable Matte Foundation-Shell Matte Sweat-proof Foundation Oil Control Full Coverage Pore-less Concealer Waterproof Flawless Non-Fading Weightless Liquid Foundation Black Friday Winter Foundation,Beauty & Health
,,1.9,21.0,1.0,#8 Best Sellers,in Makeup Bags,"1 's Storage Bag, Portable Travel Toiletry Bag, Large-Capacity Pu Waterproof Cosmetics Bag",Beauty & Health
,2.5k+ sold recently,3.0,3.0,1.0,,,"Bear Print Lip Gloss Kit, 6Pcs Long-Lasting Watery Moisturizing Y2K Liquid Lipstick",Beauty & Health
,,39.99,18.0,1.0,#9 Best Sellers,in Makeup Sets,SHEGLAM | Willy wonka Full Collection Set Black Friday Sale Gift Brown Makeup Set,Beauty & Health
,1.2k+ sold recently,3.0,3.0,1.0,,,"Face Contour Palette, 1Pc Long-Wearing Waterproof 4-Color Contour Palette Brighten Natural Contouring",Beauty & Health
,700+ sold recently,0.55,68.0,1.0,,,48Pcs White Nail Art Adhesive Glue Clay Nail Art Reusable Tacky Gel For Practice Stand Display Holder False Tips Manicure Tools Nail Practice Stand Magnetic Nail Tip Art (Exclude Stand ),Beauty & Health
,,1.2,0.0,1.0,,,"Tattoo Sticker,1 Sheet Flower Pattern Temporary Tattoos For Women,Tattoo Stickers Adults,Realistic Tattoo Flower,For Women and Girls",Beauty & Health
,4.5k+ sold recently,11.0,8.0,1.0,,,"1 Set All-In-One Poly Nail Extension Gel Kit With Builder Glue, Nail Brush, Slip Solution, And Nail Forms - Perfect For Beginners And Diy Beauty Gifts Nail Salon At Home",Beauty & Health
,500+ sold recently,1.27,37.0,1.0,,,"24pcs Short Almond Shape Wearable False Nails Set With Blue Eye Pattern, Chinese Minimalist Y2k Vintage Style Porcelain & Fashionable Design, Suitable For Dating, Party And Daily Use Press On Nails Nail Supplies",Beauty & Health
,2.1k+ sold recently,12.7,7.0,7.0,,,"Jr 9pcs 15ml Colored Gel Nail Polish Set, With Romantic Bow-Tie Design Bottles And Caps, Soak Off Uv Led, As A Gift For Girls",Beauty & Health
,8.5k+ sold recently,1.5,6.0,1.0,,,"Whitening Body Cream, 1Pc Moisturizing Skin Care Product Beauty Cream For Daily Use",Beauty & Health
,1.3k+ sold recently,5.99,14.0,1.0,,,SHEGLAM Nine To Fine Eyeshadow Palette-Nomadic 9-Clolor Matte Eyeshadow Palette Warm Color Tone Brown Ultra Pigmented Smooth Blendable Eyeshadow Black Friday Brown Winter Eyeshadow,Beauty & Health
,1.5k+ sold recently,3.99,20.0,5.0,,,SHEGLAM Snatch 'n' Blush Stick-Wild Love Cream Blush Waterproof Long Lasting High PigmentÂ  Non-Fading Non-Greasy Glowing Lasting Women Beauty Makeup Black Friday Party Blush,Beauty & Health
,4.8k+ sold recently,1.3,7.0,7.0,,,Elevate Your Style With 24pcs Long Square White French Glossy Two Tone Fake Nail & 1sheet Tape & 1pc Nail File French Tip Press On Nails Nail Supplies,Beauty & Health
,2.4k+ sold recently,2.1,5.0,14.0,,,AYRMILLA Lashes 5 Pairs Natural False Eyelashes Fluffy Soft Dramatic 3D Mink Lashes Long Wispy Eyelash Multi-Layered Eyelashes Short Thick Fake Eyelash Extension Bulk Faux Cils Makeup Products Maquiagem Wedding Party & Club Daily Work Meeting Natural Fake Lashes Comfortable To Wear Band Eye Lashes  Handmade Upper Lash Winged End Eye Elongated Eyelashes Natural Realistic Eyelash Full Strip Lashes Lasting Volume Popular Make Up Beauty Tools Full False Lashes Eyelashes Extension Kit,Beauty & Health
,2.1k+ sold recently,27.0,8.0,1.0,,,"Professional Acrylic Nail Kit - Acrylic Powders, Gel Nail Polish,Base Top Coat,Nail Uv/Led Lamps, Nail Tips, Decorations & Tools - Perfect For Diy Nail Art Beginners Gift For Women",Beauty & Health
,600+ sold recently,5.9,3.0,5.0,,,"MAANGE 7pcs Makeup Brushes Set With Large, Medium And Small Foundation Brushes Eyeshadow Brushes Swoosh Brushes Nose Shadow Brushes Concealer Brushes Makeup Tools",Beauty & Health
,400+ sold recently,6.1,5.0,7.0,,,Clip in Long Straight Synthetic Hair Extension 24 Inch Black Thick Hairpieces Natural Soft Synthetic Fiber Double Weft for Women,Beauty & Health
,40+ sold recently,15.9,26.0,1.0,,,1pc Drawstring Kinky Straight Ponytail Human Hair Extension Natural Black Extension For Women Daily Use Easy To Wear,Beauty & Health
,100+ sold recently,19.15,50.0,1.0,,,New Arrival Curly Synthetic Lace Front Braided Hair Wig Heat Resistant Various Color Options 9*6 Inch Medium Long,Beauty & Health
,200+ sold recently,1.85,23.0,1.0,,,False Eyelashes 5 Pairs Cat Eye Volumized Eyelashes Fluffy Dramatic Look 3D Fox Eye Faux Mink Lashes,Beauty & Health
,,2.0,5.0,1.0,#8 Best Sellers,in Lip Sets,"Color Changing Lip Plumper Set, 3Pcs Lightweight Hydrating 3 In 1 Thermo Chromic Color Changing Mint Lip Balm",Beauty & Health
,2.0k+ sold recently,1.8,5.0,1.0,,,"1pc Waterproof Lengthening & Curling Mascara With Super Fine Brush For Long-lasting,non-smudgy And Easy Removal",Beauty & Health
,1.5k+ sold recently,1.53,67.0,1.0,,,"Upgrade Your Style With 120pcs Transparent Long Stiletto Duck Nails, 12 Size Crystal Ducks' Foot Style Manicure Tips With Box, Suitable For French Manicure, Nail Salon And Home Diy Press On Nails Nail Supplies",Beauty & Health
,500+ sold recently,0.81,38.0,9.0,,,"24pcs Long Square Shaped Plain Wearable False Nails, Shell Pink Color, Simple Style, Cute And Lovely, For School, With One Piece Of Sanding Strip And A Sheet Of Jelly Glue Press On Nails Nail Supplies",Beauty & Health
,1.1k+ sold recently,2.3,8.0,1.0,,,7 Passed the full eyelashes thick curling 18mm fluffy and slim eyelashes daily tail tail long,Beauty & Health
,800+ sold recently,11.6,4.0,1.0,,,"Eye Serum Retinal, Glow Serum Propolis And Niacinamide",Beauty & Health
,100+ sold recently,1.65,50.0,6.0,,,"Blue Clip In Hair Tinsel 20 Inch Glitter Tinsel Hair Extensions Kit Sparkly Fairy Hair Accessories For Women Girls, Colorful Hair Tinsel Clip Ins Extension With Face Gems Jewels",Beauty & Health
,400+ sold recently,2.0,9.0,1.0,,,"Upgrade Your Look With 24pcs Duck-Shaped Pink & French Yellow Starry Rhinestone Nail Art Set, Suitable For Women And Girls",Beauty & Health
,1.4k+ sold recently,3.99,20.0,8.0,,,SHEGLAM Power Bouquet Lip Gloss-See It Through Shiny Tinted Moisturizing Lip Gloss Plumping Non-Sticky Lip Oil Repairing Camelia Extract Lip Care Black Friday Winter Lip Gloss,Beauty & Health
,70+ sold recently,5.8,5.0,1.0,,,Natural Long Curly Wig,Beauty & Health
,200+ sold recently,1.1,8.0,1.0,,,"2PCS Makeup Sponge,Suitable for Cream & Powder Concealer, Loose Powder makeup applicator Black Friday",Beauty & Health
,700+ sold recently,2.49,50.0,1.0,,,1/2/3/4 Tier Cosmetic Display Stand For Lipstick And Lotion Storage,Beauty & Health
,1.3k+ sold recently,2.2,4.0,8.0,,,"7pairs/Set Cat Eye & Cross Design Short Natural False Eyelashes With Transparent Stem, Essential For Daily Makeup",Beauty & Health
,500+ sold recently,1.9,5.0,1.0,,,"Liquid Lipcolor,Long-Wearing Glossy Lip Gloss, Moisturizing Smudge Proof Liquid Lipstick",Beauty & Health
,,26.8,0.0,1.0,#7 Best Sellers,in Styling Tools & Appliances,Professional Wide Ceramic Plate Hair Flat Iron With LCD Display Hair Straightener,Beauty & Health
,200+ sold recently,4.4,6.0,1.0,,,"Travel Makeup Bag, 1Pc Lightweight Multifunctional Cosmetic Organizer Handbag Bath Shower Wallet Pouch Portable Cosmetics Brush Storage Clutch With Zipper Closure For Lipstick, Brush, Skincare, Mobile Phone, Coin, Small Items, For Home, Travel, Vacation And School Use, Black Friday,Makeup Bag Makeup Pouch Skincare Bag Toiletry Bag Packing Cubes,Travel Essentials Cruise Essentials Dorm Essentials,Wedding Bridesmaid Gifts,Mom Gifts,Birthday Gifts,Gifts For Friends And Teachers,Home Decor,Bathroom Livingroom Bedroom Decor,Bathroom Organizer,Jewelry Organizer,Lip Oil Organizer,Nail Polish Organizer Storage Makeup Organizer Makeup Case",Beauty & Health
,,1.9,5.0,11.0,#10 Best Sellers,in Lip Sets,"Liquid Lipcolor,2pcs Long-lasting Waterproof Lip Gloss & Lipliner, Liquid Lipstick Makeup Set",Beauty & Health
,1.1k+ sold recently,1.92,20.0,13.0,,,Get Romantic With 24pcs Short Square 3D Rhinestone Decor Full Cover Fake Toenail Set For Women Press On Nails Nail Supplies,Beauty & Health
,500+ sold recently,3.49,22.0,1.0,,,SHEGLAM Skin Magnet Foundation Brush,Beauty & Health
,1.0k+ sold recently,11.0,0.0,4.0,,,"1pc Woven Makeup Storage Basket, Gift For Valentine's Day",Beauty & Health
,30+ sold recently,1.7,0.0,1.0,,,"1pair Faux Mink False Eyelashes,For Women Mom Wife Sister Teen Girl Friend,For Party Club",Beauty & Health
,300+ sold recently,1.4,50.0,1.0,,,"1 Packs Pre-Separated Springy Afro Twist Hair Suitable for Damaged Soft Locs Synthetic Marley Twist Braiding Hair (16,24 inches, 1B)",Beauty & Health
,2.0k+ sold recently,3.7,5.0,1.0,,,"14pcs Makeup Brushes And Sponge Set, Professional & Super Soft Portable Cosmetic Brushes For Foundation, Blush, Eyeshadow And Sponge For Applying Powder Perfectly Mixed And Even, With Storage Bag",Beauty & Health
,600+ sold recently,6.8,50.0,1.0,,,26inch Wig Blue Ombre Purple Body Wavy Wigs With Bangs High Density Synthetic Long Wave Wig - A Colorful Synthetic Wig Suitable For Parties And Role-Playing,Beauty & Health
,,1.7,0.0,4.0,#3 Best Sellers,in Lipstick,"Matte Lipstick Pen,1G Long-Lasting Wear Non-Stick Cup Not Fade Lip Crayon Lip Makeup Product",Beauty & Health
,,1.2,8.0,4.0,,,Rainbow Hair Accessories Synthetic Hair Extensions Clip Hairpiece Body Wave Curly Clip On Wavy Clip-In One Piece Girls,Beauty & Health
,1.0k+ sold recently,2.1,5.0,1.0,,,"NewÂ 5pairs/SetÂ FalseÂ Eyelashes,Â NaturalÂ AndÂ StylishÂ FauxÂ WaterproofÂ EyelashesÂ WithÂ 3dÂ VolumeÂ AndÂ CatÂ EyeÂ Effect,Â TransparentÂ Stems,Â NaturalÂ AndÂ Beautiful,Â SuitableÂ ForÂ DailyÂ Use,Â CarnivalÂ Parties,Â MusicÂ Festivals,Â Weddings",Beauty & Health
,4.3k+ sold recently,2.99,14.0,4.0,,,SHEGLAM Feather Better Liquid Eyebrow Pencil-Dark BrownÂ  Long Lasting Eyebrow Pen Smudge-ProofÂ  Water-Proof Natural Fuller Brows Eyebrow Makeup Black Friday Winter Gifts Eyebrow,Beauty & Health
,100+ sold recently,6.0,18.0,1.0,,,3pcs Natural Long Curly Synthetic Hair Extension,Beauty & Health
,100+ sold recently,3.18,14.0,1.0,,,"One-Size/Plus-Size Pink Bowknot Cosmetic Bag For Lipsticks, Skincare, Toiletries, And Accessories With Portable Handheld Design, Large Capacity, And Cube-Shaped Container, Perfect For Travel, Dorm Life, Bridal Party, Mother's Day, Birthday, Best Friends, Teachers' Gift, Home Decor, Bathroom, Living Room, And Bedroom Organizer, Jewelry Organizer, Lip Balm Organizer, And Nail Polish Organizer Makeup Bag Storage Makeup Organizer Makeup Case",Beauty & Health
,100+ sold recently,1.6,0.0,1.0,,,"1pc Dx Black Dual Head Makeup Brush For Powder, Blush, Highlight, Flame Shape, Soft Fiber Hair Black Friday",Beauty & Health
,,3.3,3.0,1.0,#4 Best Sellers,in Hair Accessories,6pcs/pack Leopard & Checkered Acetic Acid Delicate Small Hair Clips For Women To Pin Up Half Up Hair,Beauty & Health
,1.5k+ sold recently,3.45,27.0,1.0,,,2 In 1 Nail Drill And Polish Head Organizer &1Pc Dustproof Makeup Organizer & Portable Nail Drill Organizer With Cleaning Brush & 30 Hole Nail Polish Head Organizer & Nail Tool Organizer,Beauty & Health
,1.3k+ sold recently,2.03,30.0,4.0,,,10pairs 3d Mink-like Crossed False Eyelashes With Clear Band & Soft Strip,Beauty & Health
,100+ sold recently,1.9,10.0,1.0,,,"Colorful Gradient Heart Shaped Long False Nails Set 24pcs, With Jelly Gum And Nail File Press On Nails Nail Supplies",Beauty & Health
,3.3k+ sold recently,0.7,50.0,1.0,,,"A Set Of 24 Short Square Starry Stripe False Nails For Fingertips To Be More Charming, Suitable For All Women With Free Gel Nail File Included Press On Nails Nail Supplies",Beauty & Health
,50+ sold recently,29.3,26.0,4.0,,,Deep Wave Pixie Cut 13 X 1 Lace Front Wig 1B99J Color Short Short Human Hair For Women Ombre Color,Beauty & Health
,,3.18,36.0,1.0,#3 Best Sellers,in Lip Tint,SHEGLAM For The Flush Lip & Cheek Tint-Fruit Punch Long-Lasting Matte Finish Lip Tint Easy-To-Use Lightweight Blush Moisturizing Lip Stain Liquid Lipstick Pink Liquid Lipstick,Beauty & Health
,900+ sold recently,1.8,10.0,16.0,,,Instantly Upgrade Your Look With 24pcs Medium Oval French Style Simple Daily Classic Solid Color Rose Pink Laser Full Cover Fake Nail Kit For Women And Girls Press On Nails Nail Supplies,Beauty & Health
,4.7k+ sold recently,2.6,7.0,15.0,,,"3Pcs 7Ml Top & Base Coat Set For Gel Nail Polish, No Wipe Matte & Shiny Top Coat,For Home Salon Nail Art Diy Nail Stamping Gel Polish",Beauty & Health
,4.0k+ sold recently,2.9,6.0,36.0,,,"1pc 15ml Gel Nail Polish, Soak Off LED/UV, Neutral Gel Nail Polish For Nail Art, Long-lasting And Quick-Drying, For Home Salon Nail Art DIY",Beauty & Health
,700+ sold recently,1.3,7.0,1.0,,,"24pcs Short Oval Shape Fashionable Pearl Shimmer Glitter Flower & Star Design Artificial Nail Tips, With 1pc Nail File, 1pc Jelly Gel Press On Nails Nail Supplies",Beauty & Health
,3.8k+ sold recently,3.0,6.0,9.0,,,"1Pc/Set Cross-Stitch Colorful Graffiti Cosmetic Bag & Pencil Pouch & Toiletry Organizer Bag, Lovely & Large Capacity & Portable Travel Toiletry Bag & Multipurpose Storage Bag Set",Beauty & Health
,,4.5,4.0,1.0,#5 Best Sellers,in Eyelashes,120 Pcs DIY Lashes Extension Kit Lash Clusters With Bond And Seal Tweezer Kit Individual Lashes D Curl Fluffy Eyelash Clusters (10 Rows 8-16MM Mixed),Beauty & Health
,1.3k+ sold recently,1.15,28.0,6.0,,,"24pcs Short Square Fashionable Simple French Style Solid Color False Nail For Fingertips, Suitable For Students,Office Ladies And All Occasions Press On Nails Nail Supplies",Beauty & Health
,,6.05,50.0,1.0,#2 Best Sellers,in Synthetic Woven Wigs,"1pc Synthetic Heat-resistant Fiber Straight Beige Gold Long Wig Hairpiece, 24 Inches Long, Daily Wear, Realistic And Natural",Beauty & Health
,100+ sold recently,1.5,6.0,4.0,,,24pcs False Nails Flat Head Pearly White & Silver Glitter Square Nails With Nail File & Jelly Glue Press On Nails Nail Supplies,Beauty & Health
,2.3k+ sold recently,1.9,10.0,1.0,,,"Black Friday Chrome Nail Powder, 6 Bottles Of Ice Transparent Holographic Pearlescent Aurora Nail Powder Mirror Nail Art Pigment Powder DIY Nail Charms Nail Gems Nail Supplies",Beauty & Health
,3.3k+ sold recently,1.4,13.0,13.0,,,24pcs Short Square Solid Pink Fake Toe Nail & 1sheet Tape & 1pc Nail File Press-On Pedicure Gel Nails Kits Nail Supplies,Beauty & Health
,400+ sold recently,1.7,11.0,1.0,,,1Set 5D Cartoon Nail Stickers Kuromis Hello Melodys Cinnamorolls Nail Art Stickers Kittys Cat Nail Art Decoration New Anime Nail Decals(SomeÂ PartsÂ MayÂ BeÂ Random),Beauty & Health
,500+ sold recently,6.49,19.0,1.0,,,SHEGLAM Rose Code Palette 9-Clolor Shimmer Metallic Matte Eyeshadow Palette Shine Rose Sequins Ultra Pigmented Soft Blendable Y2K Styling Eyeshadow Black Friday Winter Gifts Eyeshadow,Beauty & Health
,1.3k+ sold recently,6.8,50.0,9.0,,,"HAIRCUBE 26 Inch Long Curly Wigs For Women, Gorgeous Fluffy Wigs Hair With Bangs Synthetic Wigs For Party And Daily Use",Beauty & Health
,,5.63,25.0,1.0,#7 Best Sellers,in Liquid Lipstick,SHEGLAM | Willy wonka Cocoa Kiss Lip Duo-Hot Fudge Black Friday Sale Gift Brown Liquid Lipstick,Beauty & Health
,6.7k+ sold recently,1.3,7.0,15.0,,,"24pcs Short Square Shape Nail Tips With Minimalist Color Block & Fun Print Designs, Including 1pc Nail File & 1pc Jelly Glue Press On Nails Nail Supplies",Beauty & Health
,2.8k+ sold recently,1.7,6.0,1.0,,,15Pcs 2G Nail Glue For Acrylic Nails Nail Tip Glue Professional Nail Glue False Nail Tips Glue For Broken Nails Super Adhesive Nail Salon At Home,Beauty & Health
,3.6k+ sold recently,6.99,18.0,7.0,,,SHEGLAM Insta-Ready Face & Under Eye Setting Powder Duo-TOASTED ALMOND,Beauty & Health
,400+ sold recently,3.0,3.0,5.0,,,48 Inches Tinsel Hair Extension 1600 Strands 8 Mixed Colors Hair Extension Tinsel Glitter Hair Extensions For Women Girls Hair Accessories For Christmas New Year Halloween Cosplay Party,Beauty & Health
,,2.6,4.0,1.0,#3 Best Sellers,in Sunscreens & Tanning,"2.03oz Self Tanning Mousse, 4 Hours Instant Dark Tanning Mousse, Body Self Tanner, Sunless Tanning Mousse, Self Tanner For Both Women And Men ,For Dark Brown Skin,Summer Essentials",Beauty & Health
,200+ sold recently,0.76,58.0,1.0,,,"1pc Waterproof Temporary Tattoo Sticker For Face, Body & Nails, Gold Glitter Design For Beauty Decoration, Photo Prop, Eye Makeup, Stage Makeup, Festival, Party, Music Festival, Daily Face Sticker For Individuality",Beauty & Health
,40+ sold recently,3.0,3.0,1.0,,,"Multifunctional Makeup Brush Holder, 1pc Plastic Makeup Brush Storage Stand, Round Makeup Organizer/Cosmetic Storage Organizer, Vanity Brush Storage Rack For Pen, Pencil, Eyeliner, Makeup Brush, Desk Organizer For Dresser, Bathroom, Vanity & Countertop,Room,Home,Bedroom,Bathroom,House,Pink Room,Living Room Decor,Travel Stuff,Gift Bag,Gifts For Mom,Dad,Men,Friends,Teacher,Birthday,Wedding,Desk,Shelves,Accessaries,Gift Boxes,Funny Gift,Storage,Makeup Brush Holder",Beauty & Health
,1.3k+ sold recently,12.2,8.0,1.0,,,"30pcs/set Nail Art Drill Polish Head Kit, Diamond Grinding Head Nail Drill Machine Accessories, Nail Polishing Machine Manicure Pedicure Bits",Beauty & Health
,4.8k+ sold recently,2.1,9.0,14.0,,,24pcs Long Square Acrylic False Nails Set Y2K Aesthetic Floral Bowknot Heart 3d Rhinestones & Gems Decoration Fake Nails For Women Press On Nails Nail Supplies,Beauty & Health
,100+ sold recently,50.61,30.0,1.0,,,Transparent Lace Deep Wave Bob T Part Lace Front Wig Short Short Human Hair Lace Frontal Closure Natural Black Color Wig With Front Baby HairÂ  Pre Plucked Natural Hairline Wig,Beauty & Health
,300+ sold recently,1.3,0.0,1.0,,,"Flat Makeup Brush,1Pc Highlight Brush Makeup Brush Blush Brush Shade Highlight Premium Face Makeup Brush Blending Makeup Soft Bristles for Smooth Application Perfect for Makeup Artists and Beginners Black Friday",Beauty & Health
,3.4k+ sold recently,1.6,6.0,1.0,,,24pcs Medium Length Almond Fake Nails Holiday Sun Flowers Full Cover False Nail For Women And Girls New Year Gift Press On Nails Nail Supplies,Beauty & Health
,400+ sold recently,4.9,4.0,1.0,,,"Hismile PAP+ Whitening Strips  Sensitivity-Free Teeth Whitening ,Remove Yellow Teeth And  Stains,No Gum Irritation, No Tooth Sensitivity,Fast Results After Just One Treatment.",Beauty & Health
,3.7k+ sold recently,2.3,8.0,7.0,,,1pc Gel Nail Polish For All Seasons With 102 Colors For Choose For Nail Decoration In Nail Salons,Beauty & Health
,5.0k+ sold recently,2.9,3.0,9.0,,,7pairs Natural D-Shaped Crossed Stalk Transparent Stem False Eyelashes For Lengthening Eye Tips,Beauty & Health
,1.9k+ sold recently,3.7,3.0,5.0,,,"Ornate Blue Lily Flower Travel Cosmetic Bag 1Pc Y2K Aesthetic Large Capacity Cosmetic Bag Black Friday,Makeup Bag Makeup Pouch Skincare Bag Toiletry Bag Packing Cubes,Travel Essentials Cruise Essentials Dorm Essentials,Wedding Bridesmaid Gifts,Mom Gifts,Birthday Gifts,Gifts For Friends And Teachers,Home Decor,Bathroom Livingroom Bedroom Decor,Bathroom Organizer,Jewelry Organizer,Lip Oil Organizer,Nail Polish Organizer Makeup Bag Storage Makeup Organizer Makeup Case",Beauty & Health
,100+ sold recently,5.25,50.0,1.0,,,Bob Wigs With Bangs Water Wave Shot Wig 16 Inch Deep Wave Heat Resistant Fiber Synthetic Wigs For Women Daily Used,Beauty & Health
,70+ sold recently,43.6,4.0,1.0,,,Full Lace Wig 32inch Long Box Braids Wigs For Black Women Daily Used Full Lace Knotless Box Cornrow Braids Lace Frontal Wig For Women Synthetic Black Hand Embroidery Full Double Lace Braid Wig With Baby Hair Long Straight Natural Black Heat Resistant Synthetic Hair Braided Wig,Beauty & Health
,100+ sold recently,8.99,18.0,36.0,,,SHEGLAM Skin Magnet High Coverage Foundation Stick-Nude,Beauty & Health
,500+ sold recently,10.7,4.0,11.0,,,"Rom&nd ROMAND Glasting Melting Balm 3.5g 06 KAYA FIG, Glossy Lipstick, Pump Lips, Moisture, Translucent, Water Bomb, High Pigmented, Vegan",Beauty & Health
,1.1k+ sold recently,1.2,8.0,1.0,,,"Golden Lure Pheromone Perfume, Pheromone Perfume Attract Men,Lure Her Perfume,Romantic Pheromone Glitter Perfume, Pheromones Cologne Perfume Spray For Men And Women",Beauty & Health
,,22.7,20.0,1.0,#7 Best Sellers,in Hair Dryers,"Multifunctional High-Power Hair Dryer With 2 Airflow Speeds And 3 Heat Settings For Hotel, Dormitory, And Hair Salon",Beauty & Health
,1.6k+ sold recently,29.3,8.0,1.0,,,71PCS Acrylic Powder Set 8G Clear Nude Pink White Acrylic Powder With 60ML Acrylic Liquid 36W Nail Lamp Nail Drill Machine Nail Brush Nail Forms Nail Extension Kit (12pcs Nail Velvet Powder Color Random),Beauty & Health
,2.1k+ sold recently,0.82,54.0,1.0,,,"Upgrade Your Look With 24pcs Short Coffin-Shaped Simple French Style Pink & Black Edge Glitter Fake Nail Tips Set, Suitable For Parties, Dancing, And Daily Wear Press On Nails Nail Supplies",Beauty & Health
,600+ sold recently,1.3,7.0,1.0,,,"24pcs/Set Nude Heavy Metal Glitter French White Edge Pointed Pink False Nails, Glossy Almond Shape, Suitable For Women And Girls Daily Wear + 1pc Jelly Glue + 1pc Nail File Press On Nails Nail Supplies",Beauty & Health
,900+ sold recently,1.3,7.0,1.0,,,24pcs Y2K Aesthetic Long Almond Star Print Pentagonal Fake Nail1sheet Tape & 1pc Nail File Chic Press-On Manicure Gel Nails Kit Nail Supplies,Beauty & Health
,3.3k+ sold recently,1.2,8.0,1.0,,,"1pc Japanese Style Brown Series Nail Art Pen With Brush, Liner, Double-sided, Building, Uv Gel Painting Pen, Gradient Pen Suitable For Both Nail Salon And Home Use",Beauty & Health
,,2.9,6.0,10.0,#3 Best Sellers,in Nail Art Salon Sets,25Pcs Poly Extension Nail Gel Kit 15Ml Soft Pink Acrylic Gel Uv Prolong Building Gel With Nail File Clip Extension Mold Brush Cleanser Manicure Tool Set Nail Art Gift For Women,Beauty & Health
,,10.0,0.0,1.0,#3 Best Sellers,in Styling Tools & Appliances,1pc Letter Graphic Hair Straightener,Beauty & Health
,,1.8,5.0,7.0,#7 Best Sellers,in Individual Eyelashes,"Natural Soft 40d Individual Cluster Eyelash Extension Curling Length 8-16mm Mixed 0.07mm C/d With Ultra Lightweight 10 Rows 200 Pcs Faux Mink Waterproof Single Flare Triangular-based Compatible With Any Eye Shape Long-lasting For Diy Handmade 3d Effect For Light/heavy/daily/cartoon Makeup Portable For All Occasions, Parties And Daily Use",Beauty & Health
,8.3k+ sold recently,3.1,3.0,1.0,,,"MAGEFY 8 Pairs Of Natural Full False Eyelashes,Thick Curling Fluffy Eyelashes For Party Use Manga Eyelashes, Travel Essentials",Beauty & Health
,900+ sold recently,1.02,43.0,1.0,,,6pcs Nail Drill Bits & 6pcs Sand Bands Electric Machine Manicure Drill Nail Art Accessories,Beauty & Health
,2.2k+ sold recently,1.4,7.0,1.0,,,24pcs Medium Length Almond Fake Nails Tropical Ocean Starfish Beach Full Cover False Nail For Women And Girls New Year Gift Press On Nails Nail Supplies,Beauty & Health
,800+ sold recently,1.84,20.0,1.0,,,120pcs Lash Clusters DIY Eyelash Extensions Cluster Lashes Wispy Individual False Eyelashes C D Curling 8-12mm Thick Fluffy Eyelash Clusters,Beauty & Health
,500+ sold recently,1.39,18.0,1.0,,,1pc Beige Color Concealer Brush,Beauty & Health
,4.0k+ sold recently,1.8,5.0,12.0,,,24pcs/Set Classic Jade White Matte Texture Navy Blue Tree Leaf & Gold Foil & Wheat Ear & Branch Pattern Simple Ins Style Square False Nails With 1pc Jelly Glue & 1pc Nail File Press On Nails Nail Supplies,Beauty & Health
,10+ sold recently,4.2,5.0,1.0,,,1pc Ombre Long Synthetic Hair Braid,Beauty & Health
,100+ sold recently,8.86,38.0,1.0,,,"3pcs/Set Large Capacity Floral Pattern Makeup Bag, Portable & Durable Sewing Cosmetic Pouch For Daily Use",Beauty & Health
,1.0k+ sold recently,2.38,12.0,1.0,,,7 Pairs Russian Strip Lashes Fluffy Mink Lashes 3D False Eyelashes Russian Volume Eyelashes Fake Eyelashes Dramatic Messy Mink Lashes Wispy Long Foxy Eye Lifting Look Eyelash Extension Kit Full Eyelash Strip To Lengthen And Volumize The Outer Corner Of Your Eye Beauty Makeup,Beauty & Health
,6.0k+ sold recently,2.2,8.0,12.0,,,"A Set Of 48pcs Medium Blue Edge Square Shape French False Nails & Toe Nails Kit, Make Your Fingertips And Toes More Charming, Suitable For All Women, With A Free Gel Nail File Press On Nails Nail Supplies",Beauty & Health
,4.0k+ sold recently,1.7,6.0,5.0,,,5D Solid Pudding Gel Set Korean-style Modeling Gel Nail Sculpture Candy Color Paint Liner Varnish Neon Jelly Summer Decoration,Beauty & Health
,1.4k+ sold recently,1.8,5.0,1.0,,,"Natural Softly Curled 20d Individual False Lashes 8-16mm Mixed 0.07mm C Ultra Light 10 Trays/200pcs Waterproof Mink Hair Cluster For 3d Extension Diy Craft Suitable For Light/Heavy, Daily/Party, Natural/Cartoon Eye Makeup Carry Anywhere",Beauty & Health
,1.5k+ sold recently,3.8,5.0,5.0,,,"Y2K Aesthetic Floral Print Makeup Bag Premium Metal Travel Makeup Bag Organizer Black Friday,Makeup Bag Makeup Pouch Skincare Bag Toiletry Bag Packing Cubes,Travel Essentials Cruise Essentials Dorm Essentials,Wedding Bridesmaid Gifts,Mom Gifts,Birthday Gifts,Gifts For Friends And Teachers,Home Decor,Bathroom Livingroom Bedroom Decor,Bathroom Organizer,Jewelry Organizer,Lip Oil Organizer,Nail Polish Organizer Storage Makeup Organizer Makeup Case",Beauty & Health
,400+ sold recently,1.2,8.0,1.0,,,"1pc Waterproof, Sweatproof, Washable, Non-Reflective Temporary Tattoo Sticker, Suitable For Couples, Fashionable People, Daily Use, Red Ribbon",Beauty & Health
,2.2k+ sold recently,1.36,20.0,20.0,,,"Upgrade Your Look With 24pcs Metallic Line Art Long Almond Press On Nails, Wave Print Full Cover Fake Nail Kit Nail Supplies",Beauty & Health
,100+ sold recently,0.96,36.0,1.0,,,Instantly Upgrade Your Look With 24pcs Short Square Leopard Print Bow-Knot Heart Full Cover False Nail For Women And Girls 1pc Nail File & 1sheet Tape Press On Nails Nail Supplies,Beauty & Health
,1.9k+ sold recently,5.5,7.0,6.0,,,Get Glamorous With 240pcs Super Long XXXL Square Transparent Full Cover False Nail Extension Clear Tips For Women And Girls Press On Nails Nail Supplies,Beauty & Health
,70+ sold recently,13.1,8.0,1.0,,,"16pcs Poly Gel Nail Kit, Pink Glitter Polygel , Quick Builder Gel Extension Nail Kit With Gel Base And Top Coat, Slip Solution, Nail Forms, Nail Brush Tools Acrylic Nail Extensions Kit Manicure Kits ,Perfect For Beginners Nail Art Diy Home Salon Gifts For Women",Beauty & Health
,2.6k+ sold recently,2.7,4.0,1.0,,,Duchess Plum Girlcore Double-Sided Printed Corduroyt Makeup Bag With Bow Pattern,Beauty & Health
,100+ sold recently,3.4,11.0,10.0,,,"3 Pcs Foam Quilted Makeup Bag,Cute Women's Cosmetic Bag, Flower Aesthetic Print Pattern Cosmetic Pouch Set, Travel Toiletries Organizer Bag",Beauty & Health
,900+ sold recently,3.8,10.0,1.0,,,"Rhinestones For Nails, Manicure Kit With Nail Rhinestone Glue Gel, Flat Back Glass Crystal AB + Transparent Clear Gemstones For Nail Art With Dotting Tools DIY Nail Charms Nail Supplies",Beauty & Health
,400+ sold recently,0.77,41.0,1.0,,,"24pcs White Classic Solid Color Daily Minimalist Almond Nails, 1pc Jelly Glue, 1pc Nail File Glue Sticker Kit Nails For Girl Mother Women Gift And Nails Supplies &Wholesale,Whitening Nail Art Set With Detachable Fake Nails For Festival, Party, Date And Daily Wear Press On Nails",Beauty & Health
,1.9k+ sold recently,1.2,8.0,1.0,,,"1pc Black Minimalist Line Art Floral Sun & Moon Abstract Personalized Finger, Wrist, And Small Body Temporary Tattoo Sticker Black Friday",Beauty & Health
,60+ sold recently,6.05,50.0,1.0,,,A woman's Navy blue super long 40Inch synthetic wig with long straight hair with no bangs in the middle is suitable for Halloween party cosplay,Beauty & Health
,1.2k+ sold recently,2.06,6.0,1.0,,,"5pairs/set Transparent Stem 3d False Eyelashes, Natural, Fluffy Faux Mink Eyelashes With Eyelash Glue",Beauty & Health
,500+ sold recently,2.7,7.0,1.0,,,"1pc/Set Casual Women Handheld Large Capacity Flower Cosmetic Bag Storage Portable Sewing Cloth In S/M/L Size With Lovely Floral Print, Ins Style Travel Bag, For Storing Cosmetics, Toiletries And For Casual Travel Makeup Bag Storage Makeup Organizer Makeup Case",Beauty & Health
,1.8k+ sold recently,2.6,7.0,4.0,,,"24pcs Y2K 3D Rhinestone French Style Star Cross Medium Length False Nails, Duckbill Shaped Press On Nails For Ladies And Girls Daily Wear Nail Supplies",Beauty & Health
,2.2k+ sold recently,1.8,10.0,1.0,,,5pcs Nail Art Liner Brush 4/8/12/20/25 mm Thin Nail Gel Painting Design Tools Kit Nail Fine Nail Art Drawing Pens for Long Striping Detail for Salon at Home DIY Manicure Pink    Activities : Free Nail Stickers Gift,Beauty & Health
,800+ sold recently,0.95,44.0,19.0,,,"Upgrade Your Charm With 24pcs Cute Pink Almond-Shaped Mirror Finish Press-On Nail Tips, Featuring Small Light Bulb Designs That Illuminate And Add Shine To Your Daily Or Party Wear. Comes With 1 Nail File And 1 Piece Of Jelly Glue. Press On Nails Nail Supplies",Beauty & Health
,1.7k+ sold recently,2.6,7.0,14.0,,,"1pc 10ml Nude Jelly Gel Polish, 30 Colors Available, Suitable For Girls, Women, Nail Salons Using Led Lamp To Cure",Beauty & Health
,300+ sold recently,1.2,0.0,1.0,,,"Tattoo Sticker,1 Sheet Floral Pattern Temporary Tattoos For Women,Tattoo Stickers Adults,Realistic Tattoo Flower,For Women and Girls Black Friday",Beauty & Health
,80+ sold recently,1.5,25.0,1.0,,,1pc 15ml Gel Nail Polish Set 120 Color Series Fall Shine Finish Semi Permanent Glitter Sequins Nail Polish Set Kit Soak Off Uv Varnish Nail Art For Manicure Nail Design One Color One Bottle,Beauty & Health
,3.0k+ sold recently,2.9,3.0,1.0,,,"5pcs/set Bear Design Lip Gloss Matte, Velvet, Not Sticky, Easy To Apply, Long Lasting, Brightening",Beauty & Health
,800+ sold recently,1.04,20.0,4.0,,,"Transform Your Nails With, 24pcs Short Coffin Gradient Perfect Fit& Length Design Fake Nail Set Press On Nails Nail Supplies",Beauty & Health
,10+ sold recently,3.6,5.0,13.0,,,1pc Long Synthetic Hair Braid,Beauty & Health
,,10.99,35.0,1.0,,,"Teckwe 25mm Pink Curling Iron,2-Level Temp Rapid Heating Suitable For Home & Travel - US Plug",Beauty & Health
,2.2k+ sold recently,4.99,17.0,12.0,,,SHEGLAM Pout-Perfect Shine Lip Plumper-Peachy Keen Moisturizing Plumping Solid Lip Gloss Non-Stick Nourishing Lip Plumping Serum Coconut Oil  Lipstick  Lip Cosmetics Brown Summer Lip Plumper,Beauty & Health
,,5.6,3.0,1.0,#5 Best Sellers,in Eyelashes Set,"400pcs Lash Clusters Individual Cluster Lash Extensions DIY Multi-Type Mixed Wispy Faux Mink Eyelash Tray Bottom, Spike, Volume Lashes For Self Application At Home DIY Lash Extension Kit",Beauty & Health
,40+ sold recently,10.25,50.0,6.0,,,"6 Packs Box Braids Crochet Hair, Bohemian Crochet Box Braids with Curly Ends Hippie Braids Goddess Box Braids Synthetic Crochet Hair for  (1b/33/30)",Beauty & Health
,400+ sold recently,0.88,37.0,4.0,,,"24pcs Elegant And Chic Press-On Nails: Short Square Shape, Glossy Dark Green To Black Gradient--Perfect For Fashion-Forward Women Nail Supplies",Beauty & Health
,10+ sold recently,4.7,25.0,1.0,,,Virgin Human Hair Topper Dark Brown Top Hairpiece Air Bangs Straight Bangs Without Sideburn For Women Brown Color,Beauty & Health
,100+ sold recently,1.7,6.0,1.0,,,"INKARTLINK Revolutionary Technology Tattoo, Semi-Permanent Tattoo, Lightning Temporary Tattoo, Fake Tattoo, Waterproof, Authentic Tattoo Appearance, Vegetable Tattoo, Black Craft",Beauty & Health
,1.6k+ sold recently,1.9,10.0,15.0,,,"Transform Your Nails With, 24pcs Medium Almond Press On Nails French & Bowknot With Pearls And Rhinestones Design Acrylic False Nails Set , Contain 1pc Jelly Glue And 1pc Nail File, Gift For Nail Art Decorations By Women & Girls Nail Supplies",Beauty & Health
,300+ sold recently,1.7,6.0,1.0,,,1Pc New Colorful Cartoon Hello Kuromis Melodys  Cinnamorolls DIY Nail Stickers Kitty Cat Pressed On Nails For Nail Art Decoration(SomeÂ PartsÂ MayÂ BeÂ Random),Beauty & Health
,300+ sold recently,30.92,47.0,1.0,,,"Manicure Table With Diamond Half Moon Lamp, Arch-Shaped Lamp For Nail Art Technology, LED Professional Desk Lamp For Eyelash Extension, Tattoo, Nail Art, Beautician And Eyebrow Tattoo",Beauty & Health
,3.4k+ sold recently,4.99,17.0,14.0,,,SHEGLAM Color Bloom Liquid Blush-Cutie Pie Liquid Blush Liquid Waterproof Long Lasting High Pigment Non-Fading Natural Lasting Glow Lightweight Face Makeup,Beauty & Health
,90+ sold recently,29.3,26.0,4.0,,,Transparent Lace Deep Wave Pixie Cut 13 X 1 Lace Front Wigs Short Short Human Hair Pre Plucked Daily Use Ombre Color,Beauty & Health
,,2.9,3.0,1.0,,,2pcs LargeÂ BlackÂ MeshÂ NeutralÂ European Style Japanese Style NordicÂ MinimalistÂ ModernÂ ElegantÂ DailyÂ ClassicÂ VanityÂ Makeup BagÂ Travel Makeup BagÂ Cosmetic BagÂ For Women And Girls,Beauty & Health
,1.6k+ sold recently,9.9,4.0,1.0,,,3Pcs Quilted Makeup Bag Set Floral Cosmetic Bag Aesthetic Toiletry Travel Organizer Bag Gift For Women Girls Storage Makeup Organizer Makeup Case,Beauty & Health
,10+ sold recently,3.9,5.0,1.0,,,1pc Ombre Long Synthetic Hair Braid,Beauty & Health
,3.4k+ sold recently,4.99,17.0,14.0,,,SHEGLAM ColorÂ BloomÂ LiquidÂ BlushÂ MatteÂ Finish-Risky BusinessÂ  Gel Cream BlushÂ  Long Lasting Non-Fading Highly Pigmented Lightweight Long Wear Smooth Blusher Black Friday Winter Pink Brown Gifts Blush,Beauty & Health
,400+ sold recently,4.86,34.0,1.0,,,Large Capacity Waterproof Makeup Bag with Handle and Letter Patch Decor - Perfect for Travel and Organizing Cosmetics and Brushes Toiletry Bag Wash Bag Cosmetic Bag Corduroy for Travel Dorm Essentials Back to School Luggage Suitcase for Women and Girls Student,Beauty & Health
,2.5k+ sold recently,2.6,7.0,4.0,,,"120pcs French Manicure Square Shape False Nail Tips, White/Clear Color Nail Art Diy Basic Tips Press On Nails Nail Supplies",Beauty & Health
,1.7k+ sold recently,1.41,33.0,7.0,,,24pcs Fall Winter Brown Fake Nails 3D Snake Shape Rhinestone Press On Nails With Design Golden Foil Glue On Nails Full Cover Extra Long Coffin False Nails For Women And Girls Nail Supplies,Beauty & Health
,300+ sold recently,27.69,60.0,1.0,,,Morovan Acrylic Nail Kit With Drill Professional Nails Kit Acrylic Set With 3 Colors Acrylic Powder And Liquid Set Glitter Acrylic Powder Valentines Gift,Beauty & Health
,1.4k+ sold recently,1.5,6.0,28.0,,,"Elevate Your Style With , 24Pcs Short Oval Lilac Floral With Glitter Design Press On Nails Set , Macaron Candy Color Full Fit Acrylic Fake Nails, Contain 1pc Jelly Glue And 1pc Nail File, Suitable For Women And Girls'daily Work, Study, And Parties Use Nail Supplies",Beauty & Health
,3.9k+ sold recently,1.7,11.0,6.0,,,5D Embossed Spring Flowers Nail Sticker Daisy Adhesive Nail Art Decoration Decals Manicure Design Nail Stickers DIY,Beauty & Health
,2.2k+ sold recently,1.9,10.0,1.0,,,"S Size Fake Toenails 120PCS Half Cover Toe Nail Tips False Clear Toenails For Acrylic Nails Extension, Short Square Press On Toenails For Women Nail Salons DIY - Extra Small 12 Sizes With Box Nail Supplies",Beauty & Health
,70+ sold recently,1.3,7.0,1.0,,,24pcs Medium-Length Almond-Shaped Black And White Heart French Jelly Candy Fake Nails Set With 1pc Nail File And 1pc Nail Glue Press On Nails Nail Supplies,Beauty & Health
,200+ sold recently,1.86,7.0,1.0,,,"7 Pairs Of Cat Eye Fake Eyelashes, Complete Eyelashes, Extended Eyelashes, 3D Mink Skin Eyelashes, Fluffy Natural Eyelashes, Natural Eyelashes, Fake Eyelashes, Makeup, Fluffy 3D Effects, Suitable For Wearing In Various Scenes, Comic Fake Eyelashesp",Beauty & Health
,800+ sold recently,4.49,31.0,21.0,,,SHEGLAM Complexion Boost Concealer-Pink Pearl Sponge-Head Applicator Matte Liquid Concealer Long Lasting Brightening Color Corrector Weightless All-Day Long Lasting Hydrating Concealer Black Friday Winter Concealer,Beauty & Health
,100+ sold recently,0.85,50.0,1.0,,,Get Glamorous With 96pcs Short Almond Multicolor Red Pink Matte Fake Nail Press On Nails Nail Supplies,Beauty & Health
,2.3k+ sold recently,5.8,3.0,1.0,,,"1pc 60ml/2.0fl Women's Eau De Cologne, Long-Lasting Vanilla Fragrance, Oriental Gourmand Scent, Suitable For Dating, Shopping, And Gatherings, Convenient To Carry, Ideal Birthday Or Anniversary Gift For Women, Suitable For Workplace Use. Specifically Designed For Women, OLU978-27",Beauty & Health
,2.0k+ sold recently,1.5,12.0,8.0,,,"Upgrade Your Look Instantly With 24pcs Pink & Pearlescent Flowers European Style Coffin Shape Press-On Nails Set, Reusable With 1 Jelly Glue And 1 Nail File, Ideal For Party, Dance And Daily Wear",Beauty & Health
,4.6k+ sold recently,1.6,11.0,1.0,,,120pcs/Bag Coffin Nail Tips Long Square False Nails ABS Fake Nails Manicure Salon Nail Art Tools Press On Nails Nail Supplies,Beauty & Health
,2.3k+ sold recently,2.3,8.0,1.0,,,96piece Brown To Light Pink Gradient Artificial Nails Jelly Glue Press On Nails Almond - Gel Nails Series | Hot Elegant Pink Fake Nails Medium Length Solid Nude Acrylic False Nail Kits Stick Glue On Nails Sets Reusable Full Cover For Women Girls As New Year For Girls And Women Nails &1sheet Tape&1pc Nail File Nail Supplies,Beauty & Health
,,9.49,14.0,30.0,#10 Best Sellers,in Foundation,SHEGLAM Skinfinite Hydrating Foundation-Shell Flawless Dewy Foundation Hydrating Coverage Invisible Pore Concealer Pore-less Non-Greasy Lightweight Natural Soft Liquid Foundation Black Friday Winter  Foundation,Beauty & Health
,70+ sold recently,2.9,3.0,1.0,,,1pc 2024 Summer Thin Ice Cream Color Kawaii Zipper Makeup Bag Large Capacity Toiletry Kit Cosmetic Lipstick Brush Phone Glasses Case Portable Storage Bag Beach Travel Stuff Essentials Women Girls Female Coworker Gifts Cute Purse Wallet Make Up Bags Korean Fashion Handbags Pouch Organizer Wash Clutch Bag Also Suitable For School Stationery Pencil Case Pencilcase Pen Bag Desktop Organizing Storage Makeup Organizer Makeup Case,Beauty & Health
,10+ sold recently,5.9,5.0,6.0,,,Claw Clip Long Wavy Ponytail Extension For Women 20 Inch Fluffy Synthetic Hairpiece Natural Soft Daily Use(Dark Brown),Beauty & Health
,400+ sold recently,1.46,27.0,4.0,,,1pc Plain Foaming Bath Ball,Beauty & Health
,20+ sold recently,6.25,50.0,1.0,,,"Blond 24 Inch Butterfly Haircut Long Curly Wigs Parties Suitable For All Seasons Synthetic Fiber Hair Wigs Hair Replacement Wigs For Women Girls Homecoming Season, Music Festivals, Mother's Day Gifts",Beauty & Health
,800+ sold recently,3.49,13.0,1.0,,,SHEGLAM Jelly Wow Eyeshadow Pop-Rose DiscoÂ  Long Lasting Glitter Eyeshadow Gel High Shine Rose Shimmer Ultra Pigmented Easy To WearÂ  Cream Smooth Eyeshadow Black Friday Winter Gifts Brown Y2K Eyeshadow,Beauty & Health
,500+ sold recently,2.4,4.0,1.0,,,"1pc Multifunctional Water Ripple Design Wall-Mounted Storage Rack For Bathroom Vanity, Toilet,Room,Home,Bedroom,Bathroom,House,Pink Room,Living Room Decor,Travel Stuff,Gift Bag,Gifts For Mom,Dad,Men,Friends,Teacher,Birthday,Wedding,Desk,Shelves,Accessories,Gift Boxes,Funny Gift,Storage,Makeup Brush Holder",Beauty & Health
,,11.4,0.0,1.0,#9 Best Sellers,in Hair Curling Irons,"CRASTS Star Hair Curling Wand FS-H186-9, 9&16&25mm Diameter, Suitable For Home Use Or Travel, Can Create Wool Curls Or Big Waves, Fast Heating Function Available",Beauty & Health
,1.6k+ sold recently,2.7,7.0,1.0,,,"20Pcs For Manicure Set Nails Art Accessories Tools Kits Nail Supplies For Professionals Manicure Set Nail Art Brushes Nail Art Tool Kit, 15Pcs Nail Art Brushes Set, 5Pcs Nail Point Drill Pen, For Manicure Set Nails Art Accessories Tools Kits Nail Supplies For Professionals Manicure",Beauty & Health
,300+ sold recently,0.96,36.0,1.0,,,"Elevate Your Style With, 24pcs Long Almond White French &Simple Stripe Design Fake Nail Set, , For Women Girls Daily Wear Press On Nails Nail Supplies",Beauty & Health
,2.3k+ sold recently,3.99,11.0,1.0,,,SHEGLAM Intensify Smudge-Proof Eyeliner Gel-Brown 3 Colors Waterproof Long-Lasting Matte Eyeliner Gel Waterproof And Sweat-proof No Smudge Evenly Pigmented Multi-Use Smooth High Pigment Eye Make Up Black Friday Brown Eyeliner,Beauty & Health
,300+ sold recently,1.7,6.0,6.0,,,2 Sheets Cherry Rhinestone Design Summer Nail Stickers Decals 5D Gemstone Bow Red&White Cute DIY Self-Adhesive Manicure Decoration For Salon Nail Supplies,Beauty & Health
,100+ sold recently,1.7,6.0,1.0,,,"Power Makeup Brush, 1pc Wooden Classic Portable Reusable Makeup Brush For Making Up Supply For Dresser Powder For Facial Cosmetic For Makeup Black Friday",Beauty & Health
,,3.9,40.0,1.0,,,Ombre Long Curly Synthetic Hair Extension,Beauty & Health
,4.5k+ sold recently,2.0,5.0,1.0,,,192pcs Short Almond Shaped False Nails For Nail Art Press On Nails Nail Supplies,Beauty & Health
,3.4k+ sold recently,1.7,6.0,1.0,,,Body Breast Enhancement Cream Breast Enhancement Buttocks Firming Natural Plump Buttocks,Beauty & Health
,10+ sold recently,6.4,50.0,1.0,,,"TOPSHE  30 Inch Black And Brown  Wigs Long Curly Wavy Wigs, Romantic Beautiful Synthetic Hair Wigs With Bangs Wigs For Daily Life And Party.",Beauty & Health
,2.1k+ sold recently,4.64,20.0,1.0,,,"1Pc Large Capacity Nylon Waterproof Travel Toiletry Bag Multi-Functional Soft Cosmetic Bag Black Friday,Makeup Bag Makeup Pouch Skincare Bag Toiletry Bag Packing Cubes,Travel Essentials Cruise Essentials Dorm Essentials,Wedding Bridesmaid Gifts,Mom Gifts,Birthday Gifts,Gifts For Friends And Teachers,Home Decor,Bathroom Livingroom Bedroom Decor,Bathroom Organizer,Jewelry Organizer,Lip Oil Organizer,Nail Polish Organizer Makeup Bag Storage Makeup Organizer Makeup Case",Beauty & Health
,1.6k+ sold recently,2.5,4.0,1.0,,,Asiteo 7 Pairs Half Lashes Natural Look False Eyelashes Cat Eye Wispy Natural Half Eyelashes Clear Band Lashes,Beauty & Health
,800+ sold recently,9.27,27.0,1.0,,,"1Pc Oxford Fabric Makeup Bag With Red Lips Print And Removable Dividers, Portable Makeup Organizer For Travel, Multifunctional Waterproof Cosmetic Storage Box For Women, Bathroom Zipper Personalized Bagmakeup Bag Makeup Pouch Skincare Bag Toiletry Bag Packing Cubes,Travel Essentials Cruise Essentials Dorm Essentials,Wedding Bridesmaid Gifts,Mom Gifts,Birthday Gifts,Gifts For Friends And Teachers,Home Decor,Bathroom Livingroom Bedroom Decor,Bathroom Organizer,Jewelry Organizer,Lip Oil Organizer,Nail Polish Organizer Storage Makeup Organizer Makeup Case",Beauty & Health
,,1.7,6.0,5.0,#7 Best Sellers,in Nail Art Stickers & Decals,3D Alphabet Nail Stickers 4pcs Black White Gold Silver Gothic Retro Art English Letter Symbol Design Holographic Manicure DIY Decal Slider Nail Art Decoration,Beauty & Health
,20+ sold recently,3.6,0.0,13.0,,,1pc Long Synthetic Hair Braid,Beauty & Health
,2.9k+ sold recently,5.99,14.0,20.0,,,SHEGLAM Dynamatte Boom Long Lasting Matte Lipstick-High Key 20 Colors Creamy Matte Waterproof Lipstick Amazing Non-Stick Cup Transfer-Proof Lipstick Black Friday Sale Gift Pink Lipstick,Beauty & Health
,300+ sold recently,7.8,4.0,1.0,,,"COLORROSE Natural Glow Cheeks Powder Blush, Bright Shimmer Face Blush, Light, Smooth, Blendable, With mirror, Highlight blush and Eyeshadow Palette, Facial beauty Cosmetic Makeup",Beauty & Health
,3.8k+ sold recently,4.64,20.0,15.0,,,"550pcs Soft Gel Nail Tips,11 Sizes Medium Almond Full Cover Nail Tips For Gel Art Polish, Nail Extensions Acrylic Nails Press On Nail Tips With Case For Nail Salons And DIY Nail Art Nail Supplies",Beauty & Health
,700+ sold recently,0.88,37.0,7.0,,,7ML Nude Pink Jelly Gel Polish Quick Extension Gel Nail Polish Acrylic Transparent Builder Gel For Nails Constructing Gel Polish Summer Semi Permanent UV Gel Varnish Diy French Manicure Nail Art For Home Salon Gift For Women,Beauty & Health
,20+ sold recently,10.6,5.0,1.0,,,"1pc Unisex Amber Cinnamon Spicy Boss Perfume, Large Capacity 3.4oz Eau De Parfum Version, Perfect Birthday Gift For Boosting Confidence And Unleashing Charm. Suitable For Daily Wear Or Going Out.",Beauty & Health
,1.3k+ sold recently,1.7,11.0,1.0,,,Upgrade Your Look With 24pcs Medium Square Pink French Tip And 3D Cherry Decor Design Press On Nails Full Cover False Nails For Women And Girls Nail Supplies,Beauty & Health
,10+ sold recently,3.2,9.0,4.0,,,"24pcs Duck Bill Shaped Press On French Style False Nails With Starry Rhinestone Design Set For Daily Wear, Comes With Jelly Glue And Nail File, Suitable For All Women.",Beauty & Health
,,1.6,6.0,1.0,,,"24pcs Short Square Shaped False Nails, Halloween Cute Ghost Mushroom Wearing Armor, Full-Cover Detachable Women's Manicure Set, Suitable For Party, Dance Or Daily Wear",Beauty & Health
,2.6k+ sold recently,1.4,13.0,1.0,,,"3D Silver Star Nail Sticker, 3pcs Y2K Nail Design Gold Silver Rose Gold Star Decal Gold Bronzing Slider Chrome Effect Nail Decoration Nail Decals Nail Design Manicure Tips Friend Gift Nail Stickers DIY",Beauty & Health
,800+ sold recently,1.34,16.0,8.0,,,1 Pair/Pack Thick Curly Fluffy Volume False Eyelashes Mink Lashes Cat-Eye Look Wispy Long 15mm 8D Volume Fake Eyelash Strips Foxy Eye Lifting Look Extension Full Eyelash Strip To Lengthen And Volumize The Outer Corner Of Your Eye For Beauty Makeup,Beauty & Health
,90+ sold recently,59.99,68.0,1.0,,,"FENCHILIN Vanity Mirror With Lights 22.8""X 18.1"" Makeup Mirror With Lights And 15 Dimmable Bulbs,3 Colors Modes,Hollywood Mirror With USB Charging Port And 10X Detachable Magnification Mirror,White",Beauty & Health
,,3.4,8.0,6.0,#9 Best Sellers,in Nail Art Brushes,1Pc 3D Acrylic Nail Art Sculpture Brush Pink Liquid Powder UV Gel Carving Pen Flower Painting Manicure Nails Tools Accessories,Beauty & Health
,3.2k+ sold recently,1.5,6.0,12.0,,,Transform Your Nails With 24pcs Extra Long Stiletto French Style Modern Classic Simple BLACK Solid Color Full Cover Fake Nail Kit For Daily Wear At Parties And Dances Press On Nails Nail Supplies,Beauty & Health
,2.0k+ sold recently,1.5,6.0,8.0,,,Transform Your Nails With 24pcs Long Almond Blue Solid Floral Print Fake Nail & 1sheet Tape & 1pc Nail File Press On Nails Nail Supplies,Beauty & Health
,500+ sold recently,6.7,50.0,1.0,,,Long Body Wave Synthetic Wig With Bangs,Beauty & Health
,,2.2,35.0,1.0,,,"Oil-Absorbing Volcano Face Roller, 1pc Portable And Reusable Mini Anti-Oil Facial Tool, Oil Control Anytime, Anywhere, Suitable For Home Travel Or Out For Facial Massage, Instant Results Remove Excess Face T-Zone Shiny",Beauty & Health
,2.9k+ sold recently,3.7,5.0,1.0,,,"320 Clusters 30D+40D 40D+60D 50D+60D 60D+80D Thick Curly Natural Soft C/D Curl DIY Handmade False Eyelashes, 8-16mm Mixed Length, Suitable For Light/Dense/Everyday Make-Up",Beauty & Health
,1.2k+ sold recently,0.89,56.0,1.0,,,24PCS Long Square Coffin White French Design Fake Nails Pink Bow-Knot And White Faux Pearl Press On Nail For Women And Girls Nail Supplies,Beauty & Health
,100+ sold recently,1.2,0.0,1.0,,,2pcs Dragon & Phoenix Waterproof Temporary Tattoo Sticker,Beauty & Health
,300+ sold recently,1.6,11.0,1.0,,,"1 Piece Of Relief And Delicious Fruit Theme, Lemon, Novelty, Orange, Strawberry, Blueberry, Raysr, Watermelon, Cherry, Guava, Grape, Apple, Watermelon, Mulberry Fruit, Cherry, Magic Fruit, Ice Cubes And Other Nail Art Stickers Putting Flowers, Suitable For Girls DIY Nail Salon Use",Beauty & Health
,1.2k+ sold recently,0.18,86.0,8.0,,,Black Friday 10ml Y2K Aesthetic Shiny Sugar Nail Glitter Powder For Manicure Flock Powder Nail Art Decorations Sweater Yarn White Snow Candy Dust Powder Violet DIY Nail Charms Nail Gems Nail Supplies,Beauty & Health
,300+ sold recently,11.1,4.0,7.0,,,"Brown wig with bangs, Natural Messy Medium Length Curly Hair, Synthetic Wig, Suitable For Daily Gatherings And Halloween Wigs",Beauty & Health
,,13.1,4.0,1.0,#8 Best Sellers,in Nail Curing Lamps & Dryers,"Led Nail Lamp For Beauty Manicure, Nail Dryer For Drying Uv Gel Nail Polish With Motion Sensor Lcd Display, Perfect Gift For Family Salon",Beauty & Health
,20+ sold recently,6.45,50.0,1.0,,,Gorgeous Natural Orange Wavy Wig With Fringe For Women - Heat Resistant Synthetic Curly Wig With Fringe For Cosplay 26inch,Beauty & Health
,6.1k+ sold recently,1.1,8.0,7.0,,,"1pc 7.3ml White Gel Nail Polish, French Nail Polish, Soak Off UV Light Cure Gel Polish, Art Design Manicure Salon DIY Salon Gel",Beauty & Health
,1.2k+ sold recently,4.49,25.0,1.0,,,SHEGLAM Jelly Wow Hydrating Lip Oil-Princess Vibes,Beauty & Health
,4.4k+ sold recently,0.69,57.0,1.0,,,Flowers Nail Charms Decorations Acrylic Pink White Mixed Petals Shape Pearls Caviar Beads 3D Manicure Accessories,Beauty & Health
,400+ sold recently,2.6,4.0,1.0,,,"MAGEFY 7 Pairs Of Natural Full False Eyelashes,Fluffy Slim For Everyday Use Manga Eyelashes, Travel Essentials",Beauty & Health
,20+ sold recently,10.0,4.0,1.0,,,Lash Extension Kit High-Capacity Combination Lashes Kits 640 Pcs DIY Eyelash Extension Kit 304050D Lash Clusters D Curl Individual Lashes Kit With Lash Bond And Seal And Tweezers 9-16mm Mixed Lash Extension Kit,Beauty & Health
,600+ sold recently,0.65,59.0,1.0,,,1pack 30pcs/Set Resin Aurora Butterfly Decor Nail Art Accessories Mixed Style DIY Nail Charms Nail Gems Nail Supplies,Beauty & Health
,50+ sold recently,3.7,10.0,10.0,,,"3 Pcs Foam Quilted Makeup Bag,Cute Women's Cosmetic Bag, Flower Aesthetic Print Pattern Cosmetic Pouch Set, Travel Toiletries Organizer Bag",Beauty & Health
,3.1k+ sold recently,2.3,4.0,1.0,,,"5 Pairs Of Transparent Stem Cartoon Cat Eye 3d False Eyelashes, Soft And Messy, Looks Natural, Lengthened End",Beauty & Health
,1.4k+ sold recently,12.7,7.0,7.0,,,"Jr 9pcs 15ml Colorful Gel Nail Polish Set With Valentine'S Day Bowknot-Shaped Bottles And Caps, Soak Off Uv Led, A Great Gift For Girls",Beauty & Health
,5.8k+ sold recently,1.4,7.0,6.0,,,Upgrade Your Look With 24pcs Short Square Nails In French Black Color For Women And Girls Press On Nails Nail Supplies,Beauty & Health
,4.9k+ sold recently,1.6,6.0,1.0,,,Elevate Your Style With 24pcs Wild Flower Pattern Long Square Vibrant Full Cover Fake Nail Kit Press On Nails Nail Supplies,Beauty & Health
,3.1k+ sold recently,4.8,4.0,1.0,,,1pc Women's 50ml Spray Perfume Essential Oil With Wooden Cap Packaging,Beauty & Health
,4.7k+ sold recently,2.7,4.0,1.0,,,"10PCS Makeup Brush, Makeup Brush Full Of Makeup Tools, Easy To Set Foundation Blush Eyeshadow Brush Eyebrow Brush Contour Lip Nose Shadow Face Makeup Brush Beauty Tools",Beauty & Health
,3.8k+ sold recently,3.9,7.0,1.0,,,"24PCS Iridescent Sugar Nail Glitter Nail Art Iridescent Fine (.004"") Glitter Powder Candy Coat Powder Pigment For Manicure Sugar For Gel Nail Polish, Gel And Acrylic Nail Powder - (24 Jars) DIY Nail Charms Nail Gems Nail Supplies",Beauty & Health
,,3.0,3.0,1.0,#4 Best Sellers,in Towel,"2/4/6 Packs Soft Towel Quick Drying Face Wash Towel Reusable Makeup Remover Microfiber Face Wash Cloth Black, Black Fine Fiber Thickened Bath Towel Hotel Household Towel Beauty Salon Foot Therapy Physiotherapy Barber Shop Absorbent Towel",Beauty & Health
,2.2k+ sold recently,4.7,8.0,4.0,,,500pcs/Bag Natural Color False Nail Tips No-C Half Cover Xxl Water Pipe Shaped Nail Tips Press On Nails Nail Supplies,Beauty & Health
,1.2k+ sold recently,1.3,7.0,1.0,,,200/400pcs Round/Oval Transparent Nail Display Holder Tape Double Sided Nail Display Stand Solid Self- Adhesive Removable Sticker Manicure Salon DIY Auxiliary Fixed Tools Nail Supplies,Beauty & Health
,200+ sold recently,4.6,13.0,4.0,,,"1 Piece Ruffle Pink Makeup Bag Coquette Makeup Bag With Zipper Pouch Grill Makeup Bag  Floral Lace Cosmetic Bag Lovely Girls Heart Makeup Organizer Pouch Pink Bow Knot Toiletry Organizer Zipper Pouch Cosmetic Pouch Portable Cute Bow Cosmetic Bag Lovely Bow Knot Travel Wash Bag Skincare Bag Toiletry Bag Packing Cubes,Travel Essentials Cruise Essentials Dorm Essentials,Wedding Bridesmaid Gifts,Mom Gifts,Birthday Gifts,Gifts For Friends And Teachers,Home Decor,Bathroom Living Room Bedroom Decor,Bathroom Organizer,Jewelry Organizer,Lip Oil Organizer,Nail Polish Organizer",Beauty & Health
,700+ sold recently,0.88,41.0,6.0,,,Elevate Your Style With 24pcs Long Coffin Two Tone Full Cover Press On Fake Nail Kit Press On Nails Nail Supplies,Beauty & Health
,1.3k+ sold recently,1.1,8.0,1.0,,,"30D/40D/50D/60D/80D/100D  DIY 200pcs Eyelash Extension Kit  Individual Lashes Cluster D Curl, 8-16mm Mix Lash Clusters With Lash Bond And Seal And Lash Remover And Tweezers Makeup Tools",Beauty & Health
,,2.34,22.0,14.0,#5 Best Sellers,in Lip Liner,SHEGLAM So Lippy Lip Liner-Misty Rose Creamy Matte Lip Liner Pencil High Pigment Not Easy to Fade Silky Smooth Matte Contour Tint Lip Makeup Black Friday Party Y2K Lip Liner,Beauty & Health
,1.4k+ sold recently,5.2,33.0,1.0,,,392PCS Mixed Color DIY Lash Extension Kit High Capacity Wide Stem Lash Clusters 10-16MM Mixed D Curl 3D Effect Natural Wispy Soft&Comfortable&Lightweight False Eyelashes Long-Lasting Individual Lashes Kit With Double Lash Bond And Seal&Tweezers&Lash Brush Eyelash Book At Home For Daily Life&Cosplay&Dates And Party,Beauty & Health
,1.1k+ sold recently,1.4,7.0,4.0,,,"24pcs/Set Short Square Shape Pink Fashion Sequins Sweet Shimmer Simple Style Nail Art Kit, Detachable False Nails Press On Nails Nail Supplies",Beauty & Health
,2.2k+ sold recently,2.0,5.0,1.0,,,"Bear Pattern Keychain Lip Gloss,Silky Matte Finish Lip Mud Long-Lasting Matte Liquid Lipstick Highly Pigmented Lip Gloss",Beauty & Health
,30+ sold recently,21.99,56.0,1.0,,,"KIPOZI 0.3"" Titanium Pencil Flat Iron Hair Straightener, Black",Beauty & Health
,300+ sold recently,1.8,10.0,16.0,,,24pcs Japanese Style Luxury Pure White Pearl Color Silk Square-Shaped False Nails + 1pc Jelly Glue + 1pc Nail File Set Press On Nails Nail Supplies,Beauty & Health
,3.6k+ sold recently,1.5,6.0,7.0,,,"Upgrade Your Nail Game Instantly With 24pcs Short Coffin Shaped Ombre Press On Nails Set, European Style Milky White Gradient With 1pc Jelly Glue And 1pc Nail Buffer - Perfect For Parties, Events And Everyday Wear",Beauty & Health
,2.8k+ sold recently,1.5,6.0,1.0,,,"2500pcs 3mm Flat Back Resin Rhinestones For DIY Accessories, Shoes, Clothes, Makeup Products, Handbags And Nail Art Decoration Nail Charms Nail Gems Nail Supplies",Beauty & Health
,900+ sold recently,2.9,9.0,1.0,,,70Pcs/Box Hello Kittys Nail Charms Kawaii Kuromis Cinnamorolls My Melodys Pochaccon Cartoon Kitty Cat Nail Jewelry Charms Rhinestone Gems Kit Crafts(Some Parts May Be Random),Beauty & Health
,2.0k+ sold recently,1.2,8.0,17.0,,,Get Glamorous With 24pcs Short Square White Solid Color Fake Nail & 1sheet Tape & 1pc Nail File Press On Nails Nail Supplies,Beauty & Health
,800+ sold recently,6.5,50.0,1.0,,,"26 Inch Red Brown Copper Ginger Long Curly Wigs for Women, Gorgeous Fluffy Wigs Hair with Bangs Synthetic Wigs for Party Daily use",Beauty & Health
,1.2k+ sold recently,1.4,7.0,5.0,,,"5D Flowers Nail Stickers, 1sheet 3D Embossed Colorful Daisy Blossom Nail Art Decals Cute Decorations Manicure Accessories DIY",Beauty & Health
,2.6k+ sold recently,3.49,30.0,1.0,,,SHEGLAM Love Stained Lip Tint Marker-It Girl Matte Wine Lip Stain Pen Highly Pigmented Long-Lasting Lip Liner Contour Tint Lip Makeup  Goth Lip Liner,Beauty & Health
,300+ sold recently,3.6,12.0,1.0,,,"1set Cute Bowknot Print Multifunctional Cosmetic Organizer Handbag Wallet Pouch Portable Cosmetics Brush Storage Clutch With Zipper Closure For Lipstick, Brush, Skincare, Mobile Phone, Coin, Small Items, For Home, Travel, Vacation And School Use,Makeup Bag Makeup Pouch Skincare Bag Toiletry Bag Packing Cubes,Travel Essentials Cruise Essentials Dorm Essentials,Wedding Bridesmaid Gifts,Mom Gifts,Birthday Gifts,Gifts For Friends And Teachers,Home Decor,Bathroom Living Room Bedroom Decor,Bathroom Organizer,Jewelry Organizer,Lip Oil Organizer,Nail Polish Organizer",Beauty & Health
,4.8k+ sold recently,3.99,27.0,1.0,,,SHEGLAM Line & Define Waterproof Liquid Eyeliner - BlackÂ  Long Lasting Matte Eyeliner Pencil Sweat-proof No Smudge Professional Eye Make Up Black Friday Party Eyeliner,Beauty & Health
,700+ sold recently,1.72,25.0,4.0,,,"Velvet Matte Lip Gloss,Mist Long-Lasting Wear Natural Nude Lip Mud Non-Stick Cup Liquid Lipstick Highly Pigmented Lip Glaze",Beauty & Health
,400+ sold recently,1.4,22.0,1.0,,,Instantly Upgrade Your Look With 24pcs Medium Square Simple Brown White Cow Spot French Full Cover False Nail For Women And Girls Comes With 1 Piece Of Jelly Gel And 1 File Strip Press On Nails Nail Supplies,Beauty & Health
,1.6k+ sold recently,2.6,4.0,1.0,,,"Fashionable And Simple Portable Polyester Embroidery Cosmetic Bag,Makeup Bag Makeup Pouch Skincare Bag Toiletry Bag Packing Cubes,Travel Essentials Cruise Essentials Dorm Essentials,Wedding Bridesmaid Gifts,Mom Gifts,Birthday Gifts,Gifts For Friends And Teachers,Home Decor,Bathroom Livingroom Bedroom Decor,Bathroom Organizer,Jewelry Organizer,Lip Oil Organizer,Nail Polish Organizer Makeup Bag Storage Makeup Organizer Makeup Case",Beauty & Health
,4.0k+ sold recently,2.7,7.0,1.0,,,"Black Friday Silver Y2K Style 6pcs Copper Rhinestone Manicure Decoration Cubic Zirconia Three-Dimensional Cross Nail Patch Punk Nail Flash Drill, Simple And Versatile Metal DIY Cross Nail Drill, Gothic Retro Style European And American Light Luxury Cross Nail Decoration Accessories Nail Charms Nail Supplies Nail Gems",Beauty & Health
,3.6k+ sold recently,1.03,43.0,22.0,,,"24pcs New Arrivals Black Gothic Girl Theme Full Rhinestone Decor Heart & Star Shaped Metal Studs, Team Style, Sweet & Cool Black Polka Dot & Striped, Golden Flash, With 1pc Nail Rubbing Tool & 1pc Jelly Nail Glue Press On Nails Nail Supplies",Beauty & Health
,5.0k+ sold recently,4.99,17.0,14.0,,,SHEGLAM ColorÂ BloomÂ LiquidÂ BlushÂ MatteÂ Finish-Swipe RightÂ  Gel Cream BlushÂ  Long Lasting Non-Fading Highly Pigmented Lightweight Long Wear Smooth Blusher Black Friday Winter Pink Brown Gifts Blush,Beauty & Health
,900+ sold recently,12.2,8.0,1.0,,,ROSALIND 24 PCS Gel Nail Polish Set With Base Glossy And Matte Gel Top Coat For Long Lasting Gel Polish Nail Art Design,Beauty & Health
,100+ sold recently,2.8,3.0,1.0,,,ROMWE Kawaii Cherry Pattern Double-Sided Printed Corduroy Makeup Bag,Beauty & Health
,,1.9,5.0,1.0,#5 Best Sellers,in False Eyelashes,5 Pairs Fluffy False Eyelashes 8D Eye Lashes Natural Long Fake Eyelashes  Dramatic Full Messy Volume Fake Lashes,Beauty & Health
,2.4k+ sold recently,1.3,7.0,6.0,,,"Upgrade Your Press-On Nail Style Instantly With 24pcs Short Almond Shaped Nude And White Color Block European Style Fingernail Set, Comes With 1pc Jelly Glue And 1pc Nail File, Reusable Design For Party, Dancing Or Daily Wear.",Beauty & Health
,,2.9,3.0,1.0,#8 Best Sellers,in Eyelashes Tools,Eyelash Extension Glue Extra Strong Professional Lash Glue 5ml  1 Sec Drying Time  Retention 8 Weeks  Black Adhesive For Semi-Permanent Extensions Professional Use Only,Beauty & Health
,200+ sold recently,6.1,5.0,1.0,,,"Cat Eye False Eyelashes, 12 pair 16mm natural cross short eyelashes",Beauty & Health
,,0.66,40.0,1.0,,,1sheet Graphic Tattoo Sticker,Beauty & Health
,800+ sold recently,5.0,7.0,1.0,,,ROMWE (in Stock) 10pcs Long Nail Blue Jellyfish Printed False Nails Set With Jelly Glue,Beauty & Health
,3.7k+ sold recently,1.3,7.0,14.0,,,7ML Jelly Gel Nail Polish Transparent Black Semi Permanent Nails Camouflage Soak off UV LED Nail Gel Varnish,Beauty & Health
,900+ sold recently,1.2,8.0,1.0,,,"24pcs Long Coffin Shaped False Nails With Bloodstain Design For Halloween Theme, Plus 1pc Nail File And 1pc Double-Sided Tape Press On Nails Nail Supplies",Beauty & Health
,700+ sold recently,1.95,37.0,5.0,,,1pc Portable Mini Zippered Cosmetic Bag/sanitary Pad Organizer Puffer Makeup Bag Make Up Organizer Toiletry Bag Makeup Storage Mini Bag Sanitary Bag Period Bag Mini Makeup Bag Pad Bag Sanitary Pouch Napkin Bag Coin Purse,Beauty & Health
,900+ sold recently,6.8,50.0,1.0,,,Ombre Brown Big Wave Curls Long Curly Synthetic Wig For Women Natural Brunette Wigs Middle Part Heat Resistant Synthetic 26 Inch Wig,Beauty & Health
,6.9k+ sold recently,2.9,3.0,8.0,,,120 Clusters Individual Lashes Natural Look Fluffy Cluster Lashes DIY Eyelash Extension Personal Eyelash Makeup Tool,Beauty & Health
,200+ sold recently,15.6,4.0,1.0,,,Short Dreadlock Wig Synthetic Rolls Twist Wigs Hand Braided Curly Wigs Faux Locs Headband Wig Braided Wigs Curly Hair Wig,Beauty & Health
,200+ sold recently,1.6,6.0,1.0,,,24PCS Blue Purple Fresh Striped Frosted Ballet Style Nails + 1pc Jelly Gel + 1pc Nail File Press On Nails Nail Supplies,Beauty & Health
,1.9k+ sold recently,1.9,5.0,1.0,,,"1Pc Octagonal Floral Makeup Bag, Large Capacity Square Portable Handheld Makeup Bag, Foldable Travel Cosmetic Bag, Popular Floral Makeup Bag, Cosmetic Tool Organizer Gift For Women & Girl",Beauty & Health
,,8.25,50.0,13.0,#4 Best Sellers,in Wigs & Accs,"6Packs Soft Locs Crochet Hair, Pre Looped Faux Locs Crochet Braids, Goddess Locs Dreadlocs Synthetic Hair for Women (Natural Black)",Beauty & Health
,600+ sold recently,10.0,4.0,1.0,,,Synthetic Side Wigs Short Body Wavy Wig Curly Loose Wave Wigs Big Curly Lady Side Part Shoulder Length Wigs Synthetic Bob Wavy Wig For  (16Inch Natural Black),Beauty & Health
,400+ sold recently,1.7,11.0,4.0,,,"24pcs Short Beak-Shaped Press-On Nails With Skin-Tone Pink And Small Flower Border, European Style Full Set With 1 Jelly Glue And 1 Nail File",Beauty & Health
,400+ sold recently,5.49,15.0,1.0,,,Rick and Morty X SHEGLAM Hand Mirror,Beauty & Health
,,1.81,14.0,1.0,#4 Best Sellers,in Nail Powder & Liquids,"EMA Monomer 75ML 2.5.11fl.Oz Acrylic Liquid For Acrylic Powder With 3 Size Acrylic Brushes, MMA-Free Non-Yellowing EMA Monomer Liquid For Acrylic Nail Extension & Carving",Beauty & Health
,700+ sold recently,8.2,4.0,1.0,,,"17pcs Makeup Brush Set Including Foundation Brush,Blush Brush,Powder Brush,Contour Brush,Tapered Blending Brush,Lip Brush,Concealer Brush,Eyeshadow Brush,Eyeliner Brush,Eye Shader Brush,Brow Brush,Lash Comb With Three-Color Fiber That Is Soft On Skin And Easy To Apply, Full Of Fluffy Powdering Power, To Meet Your Facial Makeup Needs And Create A Delicate Look.",Beauty & Health
,800+ sold recently,1.4,13.0,12.0,,,Get Glamorous With 24pcs Long Almond Brown Solid French Color Block Fake Nail & 1sheet Tape & 1pc Nail File Press On Nails Nail Supplies,Beauty & Health
,,6.66,10.0,1.0,#3 Best Sellers,in Wax Warmers,"Roll On Wax, Waxing Kit For Women, Roll On Wax Warmer Kit, Roller Waxing Kit For Women & Men Sensitive Skin, Wax Roller Kit Include 1 Wax Cartridge, 100 Wax Strips, 5 Wipes",Beauty & Health
,500+ sold recently,6.8,4.0,1.0,,,"1pc 50ml Perfume Set Long-Lasting Fresh Fragrance For Dating, Office And Gift Giving-H-01",Beauty & Health
,100+ sold recently,0.55,68.0,1.0,,,"4pcs Makeup Sponge Set, Multicolor Beauty Blender For Blending Liquid, Cream, Powder Foundations, Latex-free Dual-use Cosmetic Applicator, Suitable For All Skin Types",Beauty & Health
,400+ sold recently,13.4,4.0,1.0,,,"1 Bottle Of 100ml Bade'e Al Oud Amethyst Unisex Eau De Parfum Spray, Long-Lasting Fragrance",Beauty & Health
,100+ sold recently,1.5,50.0,1.0,,,"18/24 Inch 1 Pack 12 Stands New Soft Locs Crochet Hair For , For Natural Butterfly Locks Style Crochet Hair, Black Curly And Pre -Looped Faux Locs Crochet Hair (1Pack, 1B)",Beauty & Health
,2.5k+ sold recently,14.99,0.0,1.0,,,Choco Musk EDP-50ml By Al Rehab,Beauty & Health
,400+ sold recently,5.7,3.0,1.0,,,"1pc Sanrio ,Hello Kitty,Square Grid Plush Makeup Bag  Portable Travel Cosmetic Bags Cute, Sanrio My Melody, Sanrio Kuromi",Beauty & Health
,800+ sold recently,6.75,50.0,5.0,,,7JHHWIGS Long Straight Blonde Wigs With Curtain Bnags For Women Middle Part Layered Wig Dark Roots Natural Synthetic Hair Wigs For Daily Use 24 Inchse,Beauty & Health
,5.3k+ sold recently,1.9,5.0,1.0,,,3 Pairs Full Strip Lashes Fluffy Short Natural Thick Soft Volume Long Lasting Wispy False Eyelashes,Beauty & Health
,1.9k+ sold recently,1.51,37.0,1.0,,,"1pc Portable Double-Sided Floral Cloth Round Makeup Mirror As Gift For Women And Mothers, Compact Mirror, Pocket Small Vanity Mirror, Living Room Home Bedroom Bathroom House Decor, Travel Stuff, Wedding, Party, Birthday, Gifts For Men Mom Dad Best Friends Teacher, New Years, Accessories, Funny Gift",Beauty & Health
,,5.6,5.0,1.0,#7 Best Sellers,in Eyelashes Set,"Lash Extension Kit DIY 280pcs Lash Clusters Eyelash Extension Kit, 10-16mm Mix 60D 80D Curl Individual Lashes Kit With Lash Bond And Seal Lash Tweezers For Self Use(60D&80D-0.07D-10-16MIX KIT)",Beauty & Health
,1.0k+ sold recently,1.9,5.0,1.0,,,"Solid Builder Nail Gel Kit- Clear Colors Hard Gel For Nails Solid Gel Builder Sculpture Gel Non-Sticky Modeling Gel Nail Extension Clear Pink White Color, Carving Nail Art Salon Home Use",Beauty & Health
,300+ sold recently,2.55,12.0,1.0,,,New Faux Locs Crochet Hair 14-36 Inch 1 Pack Fashion Extended Soft Locs For Women Most Natural Locs Crochet Braiding Hair Curly Wavy Pre-Looped Goddess Locs Braids Hair Extensions 1B 12 Strands,Beauty & Health
,1.0k+ sold recently,1.45,31.0,1.0,,,Instantly Elevate Your Style With 24pcs Coffin Shaped Press-On French Style Glitter Nail Tips Including 1 Jelly Gel And 1 Nail File,Beauty & Health
,10+ sold recently,4.2,5.0,9.0,,,1pc Ombre Long Synthetic Hair Braid,Beauty & Health
,,4.7,0.0,1.0,,,Curly Synthetic Hair Bun,Beauty & Health
,2.1k+ sold recently,1.5,21.0,5.0,,,Instantly Upgrade Your Look With 24pcs Short Square Cute Orange Flower 3D Metal Planet Decoration Irregular Stripe Elegant French Style Full Cover Fake Nail For Women And Girls 1 Piece Of Jelly Gel+1 File Strip Press On Nails Nail Supplies,Beauty & Health
,200+ sold recently,3.2,3.0,1.0,,,"17pcs Black Makeup Brush Set, Large Size Soft Brush, Portable Touch-Up Brush, Must-Have Makeup Tools For Students And Daily Use",Beauty & Health
,2.7k+ sold recently,3.49,22.0,1.0,,,SHEGLAM Brow Breakdown Brow Gel Natural Eyebrow Gel Long-Lasting Non-Greasy Eyebrow Shaping Eyebrow Soap Eyebrow Brush,Beauty & Health
,1.2k+ sold recently,1.3,24.0,1.0,,,Get Glamorous With 24Pcs Medium Square Elegant Blue Flower Blue Stripe French Full Cover False Nail For Women And Girls Comes With 1 Piece Of Jelly Gel And 1 File Strip Press On Nails Nail Supplies,Beauty & Health
,700+ sold recently,1.6,6.0,1.0,,,24pcs Medium-Sized Square Shape Press On Nail Pink Bowknot Heart Rhinestone Decorate Fake Nail Romantic Valentine's Day Style False Nails For Women And Grils Nail Supplies,Beauty & Health
,2.5k+ sold recently,1.3,13.0,1.0,,,Transform Your Nails With 24pcs Y2K Aesthetic Medium Almond Black French Star Pattern Fake Nail & 1sheet Tape & 1pc Nail File Press On Nails Nail Supplies,Beauty & Health
,1.0k+ sold recently,2.0,5.0,1.0,,,ROMWE Fairycore One Sweet Butterfly Pearl Face Sticker Rhinestone Stage Performance Face Decoration,Beauty & Health
,800+ sold recently,1.36,20.0,1.0,,,"Upgrade Your Look With 24 Medium-Sized Rectangular Fake Nails. TOP Is A Popular Cherry Heart French Sparkling Diamond Fake Nail Set From Europe And The United States. Comes With A Piece Of Jelly And A File, Suitable For Daily Wear, Parties, And Dances",Beauty & Health
,,11.1,0.0,1.0,,,Natural Long Straight Synthetic Wig With Bangs,Beauty & Health
,,7.0,31.0,1.0,,,"12-inch short straight synthetic wig with bangs, synthetic female wig with blonde hair",Beauty & Health
,700+ sold recently,3.49,22.0,1.0,,,SHEGLAM On Fleek Long Lasting Liquid Eyeliner - BlackÂ  Sweat-proof Matte Eyeliner Pencil Ultra-FineÂ  No Smudge Silky Smooth Easy To Use Eyeliner Black Friday Party Eyeliner,Beauty & Health
,6.6k+ sold recently,1.5,6.0,8.0,,,"Makeup False Eyelashes,1Pair Separated Faux Mink False Eyelashes Fake Eyelashes Strip",Beauty & Health
,,3.5,13.0,4.0,#9 Best Sellers,in Make Up Bags,"1Pc/Set Blue Bow Knot & Rose Design QuiltingCosmetic Bag, Fashionable Portable Makeup Bag, Multi-Functional Storage Bag For Lipstick, Sanitary Napkin, Coins, Keys Etc, Large Capacity Lovely Wash Bag For Travel Organizer Cosmetic Bag For Travel, Mother's Day Gift",Beauty & Health
,60+ sold recently,5.85,50.0,1.0,,,"HAIRCUBE 20 Inch Long Ombre Brown Blond And Pink  Wigs With Bangs, Long Natural Curly Layered Synthetic Hair For Women Synthetic Heat-Resistant Wig For Daily And Party.",Beauty & Health
,30+ sold recently,4.5,0.0,1.0,,,"Facial Hair Remover, Painless Removal Shaver, USB Rechargeable Eyebrow Face Razor Trimmer For Lips, Body, Arms, Mustaches, Fuzz And Chin",Beauty & Health
,2.1k+ sold recently,1.9,14.0,1.0,,,"1box 200 Clusters False Eyelashes, 80P 8-16mm MixDiy Self Grafting Eyelashes, C, D Curl Eyelash Curler, Can Be Diy At Home",Beauty & Health
,,4.99,17.0,1.0,#1 Best Sellers,in Makeup Remover,SHEGLAM Clear Away Eye & Lip Makeup Remover Nourishing Non-Greasy and Lightweight Deep Cleansing Moisturizing Makeup Remover for Eyes and Lips Ultra Gentle on Eyes with Red Pomegranate Vitamin C Vitamin E Black Friday Sale Makeup Remover,Beauty & Health
,20+ sold recently,55.8,26.0,1.0,,,Transparent Lace Curly 13 X 4 Lace Front Natural Black Color Wigs Real Human Hair Lace Frontal Closure WigsÂ With Baby Hair Pre Plucked Natural Hairline Wig,Beauty & Health
,3.9k+ sold recently,3.99,27.0,1.0,,,SHEGLAM Boss Brow Waterproof Pomade-Dark BrownÂ  Waterproof Eyebrow Cream Highly Pigmented Long Lasting Shaping Filling Eyebrow Makeup With Dual-Ended Brush Black Friday Winter Eyebrow,Beauty & Health
,400+ sold recently,3.1,6.0,1.0,,,"1pc Portable Folding Handheld Cosmetic Mirror With Stainless Steel & White Crystal Glass, Gift For Bridesmaids, Wedding Party Favor, Compact Mirror, Pocket Small Vanity Mirror, Living Room Home Bedroom Bathroom House Decor, Travel Stuff, Wedding, Party, Birthday, Gifts For Men Mom Dad Best Friends Teacher, New Years, Accessories, Funny Gift",Beauty & Health
,200+ sold recently,1.3,7.0,1.0,,,Sky Blue Nail Art - 24pcs/Set Short Ballet Style Fake Nails With Small Nail File & Jelly Glue Sticker Press On Nails Nail Supplies,Beauty & Health
,,1.2,0.0,10.0,,,Colored Hair Extensions 22Inch Straight Color Clip in on Hair Extension Rainbow Party Highlights Synthetic Hairpiece for Girls,Beauty & Health
,3.3k+ sold recently,4.99,17.0,14.0,,,SHEGLAM ColorÂ BloomÂ LiquidÂ BlushÂ MatteÂ Finish-Birthday SuitÂ  Gel Cream BlushÂ  Long Lasting Non-Fading Highly Pigmented Lightweight Long Wear Smooth Blusher Black Friday Winter Gifts Blush,Beauty & Health
,500+ sold recently,0.88,37.0,1.0,,,"Instantly Upgrade Your Look With 24pcs Short Square Colorful French Cat Japanese Style Manicure, With 1pc Jelly Gel And 1pc Nail File, Suitable For Party, Dancing And Daily Wear Press On Nails Nail Supplies",Beauty & Health
,5.2k+ sold recently,1.7,6.0,4.0,,,"1pc Smudge-Free, Waterproof And Long-Lasting Eyeliner Pen With Smooth And Quick-Drying Formula, Fine Tip",Beauty & Health
,1.5k+ sold recently,1.26,16.0,1.0,,,Upgrade Your Look With 24pcs Abstract White Colorblock & Swirl Press On Nails Short Square French Style Full Cover Fake Nail Kit Nail Supplies,Beauty & Health
,1.5k+ sold recently,2.7,4.0,1.0,,,"80pcs Curly Individual Eyelash Extension 12mm/14mm/16mm Mixed Lash Clusters, Natural & Soft Lengthening Wisps, Eyelashes For Double Eye Enlargement, Suitable For Daily Makeup Or Outing Parties",Beauty & Health
,800+ sold recently,0.65,62.0,6.0,,,Instantly Upgrade Your Look With 24pcs Long Square Cool Black Flame Pattern French Style Fake Nail Sweet And Cool Black French Style Black Irregular Spots Fake Nail Cute Pink French Style Irregular Stripe Full Cover Fake Nail For Women And Girls 1 Piece Of Jelly Gel+1 File Strip Press On Nails Nail Supplies,Beauty & Health
,40+ sold recently,3.1,0.0,1.0,,,Long Synthetic Hair Bulk Without Weft,Beauty & Health
,40+ sold recently,3.2,14.0,1.0,,,1 Piece Floral Puffy Quilted Makeup Bag Print Flower Toiletry Pouch With Handle Large Capacity Cosmetics Pouch Set Quilted Tote Floral Cosmetic Bag Coquette Floral Toiletry Travel Make Organizer Storage Bag,Beauty & Health
,2.4k+ sold recently,2.1,5.0,11.0,,,12 Grids Half Round Gold Silver Pearls Nail Charms Metallic Flatback Beads Ball Mixed Size Nail Pearls Nail Art Supplies DIY Manicure Decorations Nail Gems,Beauty & Health
,,14.7,4.0,1.0,#8 Best Sellers,in Hot-Air Brushes & Straight Hair Combs,"Multifunctional Roller Straightening Comb And Curling Iron With Negative Ions For Wet And Dry Hair, Dual Use For Straightening And Curling.",Beauty & Health
,7.1k+ sold recently,5.0,4.0,4.0,,,"144 Clusters D Curl 9-16mm Length Individual Eyelash Curler With Applicator, Eyelash Glue, And Sealer; Kit Of Diy Eyelash Curler With Thin And Wide Stem For Long Lasting Curls",Beauty & Health
,900+ sold recently,1.8,10.0,1.0,,,"24pcs Glossy Square Shape Cat Eye False Nails (Full Cover, Reusable) In Lake Green Color. Suitable For Women's Daily Wear. Press On Nails Nail Supplies",Beauty & Health
,400+ sold recently,3.6,5.0,1.0,,,"Green Plaid Travel Makeup Bag, 1Pc Large Capacity Lightweight Toiletry Handbag Bath Shower Bag Multifunctional Cosmetic Organizer Cute Handbag Wallet Pouch Case Portable Cosmetics Brush Storage Clutch With Zipper Closure For Lipstick, Brush, Skincare, Mobile Phone, Coin, Small Items, For Home, Travel, Vacation And School Use,Makeup Bag Makeup Pouch Skincare Bag Toiletry Bag Packing Cubes,Travel Essentials Cruise Essentials Dorm Essentials,Wedding Bridesmaid Gifts,Mom Gifts,Birthday Gifts,Gifts For Friends And Teachers,Home Decor,Bathroom Livingroom Bedroom Decor,Bathroom Organizer,Jewelry Organizer,Lip Oil Organizer,Nail Polish Organizer Storage Makeup Organizer Makeup Case",Beauty & Health
,2.3k+ sold recently,6.2,7.0,1.0,,,"Acrylic Powder Set, 12 Colors Acrylic Nail Powder Colorful Professional 3 In 1 Polymer 3D Acrylic Nail Art Kit DIY Nail Charms Nail Gems Nail Supplies",Beauty & Health
,800+ sold recently,2.0,17.0,1.0,,,"4 Pairs False Eyelashes Natural, 14 Mm Volumized Curling Magnetic Lashes, End Eye Elongated Faux Mink Strip Lashes Suitable For Parties Or Gift For Women&Girls",Beauty & Health
,1.0k+ sold recently,4.99,23.0,5.0,,,Rick and Morty X SHEGLAM Family Counseling Lip Gloss-Morty,Beauty & Health
,,11.3,0.0,1.0,#9 Best Sellers,in Makeup Display Cases,1pc Transparent Cosmetics Organizer Desktop Storage Box Stationery Storage Rack Drawer Compartment Suitable For Skin Care Products Beauty Brush Perfume Watch Glasses Stationery Pencil Utility Knife Stapler Computer Desk Study Bathroom Dresser,Beauty & Health
,9.2k+ sold recently,1.86,7.0,1.0,,,7Pairs False Lashes 3D Mink Lashes Fluffy Dramatic Thick Volume Eyelashes Natural Lashes Fake Lashes Makeup,Beauty & Health
,2.6k+ sold recently,1.4,7.0,22.0,,,"Elevate Your Style With,24pcs Long Almond Red Gradation Fake Nail Set,For Women Girls Daily Wear Press On Nails Nail Supplies",Beauty & Health
,50+ sold recently,4.7,25.0,1.0,,,Virgin human hair topper Light brown Top Hairpiece air bangs straight bangs for women,Beauty & Health
,1.8k+ sold recently,1.2,8.0,7.0,,,"20Pcs Eyelash Curler Refill Strip,Silicone Eyelash Curler Refills Eyelash Curler Refill Pads For Eyelash Lifting With Box",Beauty & Health
,600+ sold recently,2.9,3.0,1.0,,,"Cat Eye Fake Eyelashes, 7 pairs 13mm Natural Cross-style eyelashes",Beauty & Health
,900+ sold recently,5.6,13.0,10.0,,,600Pcs Full Cover Press On Nail Tips Stiletto Almond Square Coffin French False Fake Soak Off Gel Nail Extension Tips Capsule Press On Nails Nail Supplies,Beauty & Health
,200+ sold recently,1.5,6.0,1.0,,,24 Pieces/Set Halo Flower Wearable Nail French Short Oval Full Coverage Fake Nail Pieces Suitable For Girls/Women's Daily Life. For Dating Etc. + 1pc Jelly Gel + 1pc Nail File.,Beauty & Health
,2.6k+ sold recently,1.8,10.0,10.0,,,24Pcs Long Square Press On Nails Butterfly French False Nails Charms And Rhinestones Black Nails With 1 Piece Jelly Glue And 1 Piece File,Beauty & Health
,500+ sold recently,6.7,50.0,1.0,,,Synthetic Heat Resistant Wigs Multi-Color Brown 26inch Long Water Curly Wave Hair Full Machine Made Daily Used  For Women -Cosplay Natural Looking Good Quality Synthetic Soft Wigs,Beauty & Health
,60+ sold recently,3.5,13.0,1.0,,,"Pink Bow Knot & Rose Design QuiltingCosmetic Bag, Fashionable Portable Makeup Bag, Multi-Functional Storage Bag For Lipstick, Sanitary Napkin, Coins, Keys Etc, Large Capacity Lovely Wash Bag For Travel Organizer Cosmetic Bag For Travel, Mother's Day Gift",Beauty & Health
,100+ sold recently,28.99,71.0,1.0,,,CASSILANDO Hollywood Mirror With Light Large Lighted Makeup Mirror Vanity Makeup Mirror Smart Touch Control 3Colors Dimable Light Detachable  Magnification White 9.8*11.8 Inch,Beauty & Health
,100+ sold recently,3.72,38.0,4.0,,,"Ponytail Hair Piece, Ponytail Hair Extensions Claw Hair Extensions Ponytail Wig 20 ""Wavy Wig Synthetic Curling Clip Ponytail Everyday Blonde Hair Piece - Coppery Brown",Beauty & Health
,,5.49,21.0,1.0,#6 Best Sellers,in Liquid Lipstick,SHEGLAM Lip Dazzler Glitter Kit-Debutante Long-Lasting Glitter Lip Gloss Sexy Super Stay Non-Sticky Shiny Liquid Kit Liquid Lipstick Pink Y2K Liquid Lipstick,Beauty & Health
,1.0k+ sold recently,5.9,8.0,1.0,,,600pcs Full Cover Short Almond Square Stiletto Oval Coffin Half Matte Acrylic Clear Fake Nails Soft Gel Tips 12 Sizes Quick Extension For Women And Girls Manicure Salon And Home Use Press On Nails Nail Supplies,Beauty & Health
,1.2k+ sold recently,1.2,8.0,1.0,,,"24pcs Short Elliptical Gradient Pink Full Coverage False Nails With Detachable Patch And Nail File, Suitable For Daily And Festive Wear For Women And Girls Press On Nails Nail Supplies",Beauty & Health
,50+ sold recently,62.37,30.0,1.0,,,Transparent Lace Short Straight Bob 13 X 4 Lace Frontal Wigs 150%/180% Density 10-14 Inch Natural Black Color Pre-Plucked Natural HairlineÂ  Lace Human Hair Top Quality Wigs For Women,Beauty & Health
,3.4k+ sold recently,4.49,31.0,21.0,,,SHEGLAM Complexion Boost Concealer-Fair Sponge-Head Applicator Matte Liquid Concealer Long Lasting Brightening Color Corrector Weightless All-Day Long Lasting Hydrating Concealer Black Friday Winter Concealer,Beauty & Health
,300+ sold recently,1.3,7.0,1.0,,,2/4pcs Hibiscus Flowers Nail Stickers White Pink Yellow Hawaiian Floral Decals Nails DIY Adhesive Summer Sliders Nail Art Decoration Manicure Accessories For Home Travel,Beauty & Health
,10+ sold recently,3.5,13.0,1.0,,,"1PC Baby Pink Bowknot Ravel Makeup Bag,  Multifunctional Cosmetic Organizer Handbag Bath Shower Wallet Pouch Portable Cosmetics Brush Storage Clutch With Zipper Closure For Lipstick, Brush, Skincare, Mobile Phone, Coin, Small Items, For Home, Travel, Vacation And School Use,Makeup Bag Makeup Pouch Skincare Bag Toiletry Bag Packing Cubes,Travel Essentials Cruise Essentials Dorm Essentials,Wedding Bridesmaid Gifts,Mom Gifts,Birthday Gifts,Gifts For Friends And Teachers,For Student Back To School ,Home Decor,Bathroom Livingroom Bedroom Decor,Bathroom Organizer,Jewelry Organizer,Lip Oil Organizer,Nail Polish Organizer",Beauty & Health
,4.1k+ sold recently,3.79,24.0,4.0,,,SHEGLAM Fine Line 2-In-1 Nose Contour & Highlight Pen-Buff Bronzer Stick Dual-Use Multi-Use Non-Greasy Contour Contouring Smooths Fine Lines Contour,Beauty & Health
,900+ sold recently,2.1,5.0,1.0,,,"24pcs High-End 3D Champagne Gold Butterfly Coffin-Shaped False Nails, Cool Press-On Nails Suitable For Daily Wear By Women And Girls Nail Supplies",Beauty & Health
,100+ sold recently,12.9,4.0,1.0,,,HAIRCUBE Brown Wavy Curly Wigs Hair Beautiful Pretty Fashion Ladies Wigs Synthetic Heat Resistant Fiber Wigs For Daily Use,Beauty & Health
,300+ sold recently,8.0,4.0,1.0,,,"JUDYDOLL Mirror Shiny Lip Gloss, Ice Iron Lipstick, Non-stick Cup, Long-lasting Lip Glaze",Beauty & Health
,100+ sold recently,3.06,10.0,6.0,,,"Gogo Curl Crochet Hair For Women, Black To Dark Brown Beach Curls Crochet Hair, Water Wave Go Go Crotchet Hair Synthetic Curly Braiding Hair Extensions (T30)",Beauty & Health
,200+ sold recently,1.1,0.0,12.0,,,"MAANGE 2pcs Triangle-Shaped Powder Puff,Flocking Powder Puff For Dry Use,Easy Carrying For Travel",Beauty & Health
,100+ sold recently,2.41,25.0,1.0,,,"New 120d Fluffy Mink Eyelashes, 10 Rows, Natural Cluster Eyelashes, D Curl, 0.07mm Thickness, Mixed Lengths, 3d Volume Extension, Russian Individual Eyelashes Cluster Makeup Tool Eyelashes",Beauty & Health
,300+ sold recently,5.4,50.0,1.0,,,Brown Bob Wig: Comfortable And Stylish Synthetic Wig For Women To Achieve A Cute Look Easily,Beauty & Health
,500+ sold recently,7.1,50.0,4.0,,,26 Inch Butterfly Haircut Synthetic Wig Pink Long Curly Wigs With Bangs Synthetic Fiber Hair Wigs Hair Replacement Wigs For Women Girls,Beauty & Health
,1.1k+ sold recently,15.99,20.0,1.0,,,SHEGLAM Harry Potterâ¢ Bewitching Brews Lip Gloss Set  4 Pcs/Set High Shine Finish Lip Oil Set Shine Glitter Moisturizing Liquid Lipstick Kit Reduce Lip Fine Lines Smooth Lip Care Gift Black Friday Lip Gloss,Beauty & Health
,4.8k+ sold recently,1.9,10.0,7.0,,,"TOMICCA Light Pink Gel Nail Polish, 15ml/Bottle, Quick Drying Under UV/LED Light, Suitable For At-Home Nail Art DIY Or Gifting",Beauty & Health
,1.5k+ sold recently,5.99,20.0,11.0,,,SHEGLAM Bright Eyes Cooling Concealer-Fair Cooling Metal Applicator Matte Liquid Concealer Long Lasting Coverage Brightening Color Corrector Weightless Ultra-Hydrating Concealer Black Friday Winter Concealer,Beauty & Health
,20+ sold recently,3.6,5.0,13.0,,,1pc Long Synthetic Hair Braid,Beauty & Health
,100+ sold recently,3.0,50.0,1.0,,,20-Inch Multicolor Clip-In Wave Hair Extensions 45.72cm 6-Piece Double Weft Synthetic Heat Resistant Hair Extensions For Ladies And Girls,Beauty & Health
,2.6k+ sold recently,1.8,10.0,9.0,,,1pc Nude Pink Ice Through Gel Nail Polish 15ML Soak Off Glitter Gel Polish For All Seasons - Home Salon Nail Art DIY,Beauty & Health
,2.4k+ sold recently,4.6,4.0,9.0,,,20 Pairs Russian Strip Lashes DD Curl False Eyelashes Natural Lashes Strips Curl Pack 4 Styles Eyelashes Extensions(MG07),Beauty & Health
,4.3k+ sold recently,1.5,29.0,10.0,,,Coloursmile Nail Glue Nail Bond Brush In Nail Glue For Press On Nails Nail Tips & Fake Nails Super Strong Nail Glue For Nail Tips Long Lasting Acrylic Nails Gel Glue,Beauty & Health
,400+ sold recently,2.8,3.0,1.0,,,"Manga Lashes, 10pcs/set Soft False Eyelashes With Clearly Separated Root And Reusable Design For Girls Makeup",Beauty & Health
,500+ sold recently,1.5,6.0,28.0,,,"Transform Your Nails With , 24Pcs Short Oval Blue Floral With Glitter Design Press On Nails Set , Macaron Candy Color Full Fit Acrylic Fake Nails, Contain 1pc Jelly Glue And 1pc Nail File, Suitable For Women And Girls'daily Work, Study And Parties Use Nail Supplies",Beauty & Health
,900+ sold recently,2.18,22.0,21.0,,,12 Grid Nail Rhinestones 1.5mm-5mm 3D Nail Art Glass Crystal AB + Clear Nail Stones Gems Pearl Crystal Strass 3D Charm Gems Nail Multi-Shape 3D Nail Diamonds For Nail Art And DIY Decoration 1 Boxs Nail Art Rhinestones Flatback Rhinestones Pearls Nail Charms For Acrylic Nails Crystals Nail Art Supplies Half Round Design Nail Gems,Beauty & Health
,,5.0,4.0,1.0,#3 Best Sellers,in Body Braces & Supports,40-90KG Double Layer Elasticity Upper Back Brace Posture Corrector For Women And Men Neck Hump Back Straightener Posture Corrector Adjustable Back Brace Improve Hunchbacked Correct Under Clothes,Beauty & Health
,1.7k+ sold recently,4.2,2.0,1.0,,,"1 PCS Lash Bond and Seal, 1 PCS Remover, Strong Hold Waterproof Long Lasting 2 in 1 Bond and Sealant with Cluster Lashes Remover Kit",Beauty & Health
,500+ sold recently,20.0,17.0,1.0,,,BEAUTY OF JOSEON Relief Sun Rice + Probiotics Summer,Beauty & Health
,1.2k+ sold recently,0.83,59.0,7.0,,,Instantly Upgrade Your Look With 24 Pieces Of Long Square Wearing Nails Covering The Entire Finger With Mini Water Diamonds And Crushed Diamond Series Light Luxury Gradient Pile Diamond Nail Pieces With A Filigree Strip A Piece Of Jelly Glue Suitable For Women And Girls Press On Nails Nail Supplies,Beauty & Health
,1.1k+ sold recently,5.0,7.0,1.0,,,"10pcs/Set Y2k 3d Strawberry Flower Handmade Nail Tips, Extra Long Coffin Shaped Acrylic Nails, Tie Dye Gradient Diy Art Press On Nails,Reusable Nail Art Set &1pc Jelly Gel &1pc Nail File For Women Girls Daily & Coachella Festival Party Dancing Nail Supplies",Beauty & Health
,2.2k+ sold recently,2.7,4.0,1.0,,,"1 Set Segmental Eyelash Glue Tool Combination Kit, Including 1 Dual-Ended Eyelash Glue With 5ml Adhesive And 5ml Sealing Liquid, 1 Adhesive Remover With 5ml Volume And 1 Eyelash Tweezers Applicator, For Eyelash Extension And Self Grafting",Beauty & Health
,80+ sold recently,3.9,11.0,1.0,,,"S/M/L Size  Pink Bow Knot Pattern Travel Toiletry Bag Butterfly Design Quilting Cosmetic Bag With Handle Fashionable Portable Large Capacity Makeup Bag, Portable Toiletries Zipper Storage Bag For Women's Cosmetics And Travel Essentials Zipper Makeup Bag Multi-Functional Storage Bag For Lipstick, Sanitary Napkin, Coins, Keys Etc, Large Capacity Lovely Wash Bag For Travel Organizer Cosmetic Bag For Travel, Mother's Day Gift",Beauty & Health
,800+ sold recently,5.0,4.0,5.0,,,Clip In Hair Extensions Black Hair Extension For Women Full Head Synthetic Hair Extensions 7 PCS 22 Inch Set Thick Clip In On Hair Extensions Natural Black,Beauty & Health
,100+ sold recently,2.5,7.0,1.0,,,"Goddess New Faux Locs Crochet Hair, 1 Pack Long Soft Locs Crochet Braids Hair With Curly Ends, Natural Black Synthetic Nu Locs For Women (12 Strands/Pack 1B#)",Beauty & Health
,80+ sold recently,1.3,7.0,1.0,,,"Eyelid Tape,120Pcs Double Eyelid Sticker & 1Pc Tool Natural Invisible Double Eyelid Tapes Eyelid Lift Strips",Beauty & Health
,100+ sold recently,0.9,18.0,1.0,,,"Makeup Sponge,1pc Pointed Cut Multifunctional Makeup Blender Wet & Dry cosmetic face sponge Black Friday",Beauty & Health
,70+ sold recently,3.3,3.0,1.0,,,Long Ombre Straight Synthetic Hair Braid,Beauty & Health
,2.5k+ sold recently,1.47,41.0,5.0,,,24pcs XXL Long Duck Nail Tips Long Duck Black French Nail Press On Nails Valentine's Day Pink Gift Box For Y2K Nail Salon Pink Gift Box Nail Supplies,Beauty & Health
,40+ sold recently,84.0,26.0,1.0,,,Highlight Transparent lace front water wave 13*4 lace front wigs With Baby Hair Pre Plucked Bleached Knots Hair Replacement Wig for women Wear to GO 16-30inch,Beauty & Health
,300+ sold recently,6.25,50.0,1.0,,,Synthetic Heat Resistant Wigs Straight Short Bob Headband Wig Natural Black 14 Inch Synthetic Wigs For Daily Used,Beauty & Health
,2.8k+ sold recently,1.9,10.0,1.0,,,24pcs Medium-Long Length Classic French Style Soft And Fresh Nude Color Glitter Butterfly & Star Rhinestones 3d Nail Art & 1pc Jelly Gel & 1pc Polish Trimmer Press On Nails Nail Supplies,Beauty & Health
,4.3k+ sold recently,2.99,25.0,1.0,,,SHEGLAM On-Line Creamy Eyeliner-Black Waterproof Matte Gel Eyeliner Pencil Smudge-Proof Long Lasting Nourishing Eyeliner With Botanicals Sodium Hyaluronate Black Friday Eyeliner,Beauty & Health
,1.5k+ sold recently,2.2,4.0,1.0,,,7 Pairs Half Lashes Natural Look With Clear Band Wispy Fluffy Cat Eye Look Natural Short Accent Lashes End Lashes Corner Eyelashes 3/4 Lashes Reusable Lashes Pack,Beauty & Health
,,20.4,0.0,1.0,#5 Best Sellers,in Hair Straightening Irons,"1pc Ceramic 2 In 1 Hair Straightener And Curler,Professional Titanium Flat Iron,Fast Heating,Dual Voltage, Auto Off, With Protective Glove & 2 Clips",Beauty & Health
,2.0k+ sold recently,2.33,25.0,1.0,,,"10pairs 3d Fluffy Soft Cross Style False Eyelashes, Reusable, Suitable For Festivals, Parties, Daily Wear, Non-Irritating Adhesive Included",Beauty & Health
,,1.13,13.0,1.0,#10 Best Sellers,in Gel Nail Polish,"1Pc Solid Builder Gel For Nails, Extension Hard Nail Gel, Non-Sticky Hand Nail Sculpture Gel, Acrylic Extend Nail Gel For Nail Art Rhinestone Crystals Flower Nail Salon At Home",Beauty & Health
,1.2k+ sold recently,0.56,63.0,4.0,,,Transform Your Nails With 24pcs Long Coffin White Smudged Silver Glitter Powder Fake Nail & 1sheet Tape & 1pc Nail File Press On Nails Nail Supplies,Beauty & Health
,700+ sold recently,1.06,29.0,1.0,,,Upgrade Your Look With 24pcs Long Square Celestial Glitter Full Cover Fake Nail Kit Trendy Press On Gel Nails Supplies,Beauty & Health
,1.6k+ sold recently,2.3,8.0,9.0,,,24pcs/Set 3d Water Ripple Silver Heart Simple Style Medium & Long Almond Shape False Nails For Fingertips Beauty Nails Press On Nails Nail Supplies,Beauty & Health
,500+ sold recently,1.5,6.0,1.0,,,"24 Pieces/Set TOP Short Style Square Orange Fresh Small Flower Full Coverage Fake Nails, A Piece Of Jelly And Nail File Instantly Upgrade Your Style, Suitable For Girls And Women's Party Dancing And Daily Wear",Beauty & Health
,2.6k+ sold recently,3.6,8.0,1.0,,,"12 Colors Chrome Nail Powder Kit, 12PCS Chrome Powder 0.05mm 1/720 Laser Chameleon Rainbow Powder For Gel Nails Metallic Mirror Effect Holographic Nail Powder Pigment DIY Nail Charms Nail Gems Nail Supplies",Beauty & Health
,1.3k+ sold recently,5.6,3.0,1.0,,,Extra Long Curly Ponytail Synthetic Hair Extension,Beauty & Health
,900+ sold recently,1.8,10.0,12.0,,,"24pcs Short Square French & Gradient Flowery 3D Rhinestone False Toe Nails Set With 1pc Nail File And 1pc Jelly Glue, Suitable For Women Daily Wear And Gatherings Press On Nails Nail Supplies",Beauty & Health
,800+ sold recently,6.0,5.0,1.0,,,16 inches natural black mid-length micro-curly tail drawstring high ponytail hair extension suitable for Japanese daily wear high temperature silk wig,Beauty & Health
,1.9k+ sold recently,2.4,8.0,1.0,,,Instantly Upgrade Your Look With 24pcs Medium Square White French Style Solid Color Glitter Multicolor 3D Floral Rhinestone Decor Elegant Full Cover Fake Nail Kit Suitable For New Year Gift Press On Nails Supplies,Beauty & Health
,50+ sold recently,2.1,5.0,1.0,,,"MAGEFY 4 Pairs Of Natural Full False Eyelashes With Clear Stem,Fluffy Slim For Everyday Use Manga Eyelashes, Travel Essentials",Beauty & Health
,,6.0,3.0,1.0,#6 Best Sellers,in Shampoos & Conditioners,"Olaplex OLAPLEX No.5 Hair Conditioner - Hair Treatment, Deep Nourishing, Strengthens Roots, Scalp Care",Beauty & Health
,1.3k+ sold recently,2.1,9.0,1.0,,,Flower Pearl Setting Pink Long Fake Nails Lightweight And Easy To Stick Fake Nail For Fingernail DIY Decoration Press On Nails Nail Supplies,Beauty & Health
,2.7k+ sold recently,3.1,6.0,1.0,,,"1box Easy Fan Eyelash Extensions, Auto Fanning Eyelashes, Nature Matte Dark Eyelash Extensions,Self Fanning Eyelash Extensions",Beauty & Health
,500+ sold recently,5.7,50.0,7.0,,,Wavy Synthetic Wig With Bangs Short Bob Pink Wigs Curly Wavy Shoulder Length Cosplay Wig Daily Colorful Wig,Beauty & Health
,10k+ sold recently,3.1,3.0,1.0,,,10 Pairs False Eyelashes 6D Super Fluffy Wispy Faux Mink Eyelashes Cat Eye Effect Dramatic Lashes Eyelash Extension Makeup,Beauty & Health
,900+ sold recently,1.7,11.0,1.0,,,24pcs Almond Shaped Minimalist Style Press On Nails With 1pc Nail File & Jelly Glue Nail Supplies,Beauty & Health
,,2.4,0.0,6.0,#3 Best Sellers,in Decorative Mirrors,"1pc Cosmetics Mirror, Portable Folding Mirror And Comb Set For Touch- On The Go (Without Pendant)",Beauty & Health
,500+ sold recently,1.26,70.0,11.0,,,"1pack Ombre Brown Braiding Hair Extensions,Synthetic High Temperature Jumbo Braiding Hair Twist Crochet Braids Hair for Women",Beauty & Health
,1.0k+ sold recently,8.99,10.0,1.0,,,SHEGLAM | Corpse Bride Moonlight Eyeshadow Palette Gift White Brown Blue Eyeshadow,Beauty & Health
,1.3k+ sold recently,8.41,23.0,30.0,,,SHEGLAM Full Coverage Foundation Balm-Sand Long Lasting Flawless Moisturizing Foundation Oil-Control Color Corrector Concealer Pore-less Cover Blemish Non-Greasy Non-Caking Smoother-Looking Cream Foundation Black Friday Sale Foundation,Beauty & Health
,7.4k+ sold recently,5.4,10.0,4.0,,,20pairs Volumized False Eyelashes,Beauty & Health
,500+ sold recently,2.0,9.0,12.0,,,"24pcs Short French Style Square Toenails With White Flower Gradient 3D Rhinestone Nail Art Set, Includes 1 Nail File And 1 Jelly Glue, Suitable For Women For Daily And Party Use Press On Nails Nail Supplies",Beauty & Health
,800+ sold recently,2.8,3.0,1.0,,,120 Clusters Individual Cluster Lashes DIY Lash Extension 8-16mm Wispy Cluster Lashes  Thin Band Crosscriss Natural False Eyelashes,Beauty & Health
,4.1k+ sold recently,1.2,14.0,1.0,,,6sheets Geometric Print Nail Art Sticker,Beauty & Health
,,2.79,30.0,1.0,#6 Best Sellers,in Single Eyeshadow,SHEGLAM Glitter Wizard Invisible Jelly Shadow-Moonlight Stroll Glitter Eyeshadow Gel Fashion Color High Shine Finish Evenly Pigmented  Glitter Shimmer Eyeshadow Black Friday Winter Party Eyeshadow,Beauty & Health
,2.3k+ sold recently,3.0,6.0,1.0,,,120pcs Nail False Tips Mould Quick Building Mold Tips Nail Dual Forms Finger Extension Nail Art UV Building UV Gel Tools Bulk For Home And Salon Use Press On Nails Nail Supplies,Beauty & Health
,100+ sold recently,6.55,50.0,1.0,,,26 Inch Long Natural Wavy Platinum Blonde Wigs With Bangs Synthetic Heat Resistant Fiber Wigs For Women Daily Party Cosplay,Beauty & Health
,600+ sold recently,2.28,24.0,16.0,,,"1pack 8-42 Inch Long Hair Extensions, New Faux Locs Synthetic Crochet Hair, Natural Long Soft Locs Crochet Hair Extension Black For Black Friday Donna Christmas Gifts(1B#)",Beauty & Health
,400+ sold recently,7.1,50.0,1.0,,,"1 piece of green synthetic heat-resistant straight hair wig, 24 inches long, made of fiber, suitable for daily use, natural and realistic fake wig.",Beauty & Health
,700+ sold recently,18.08,20.0,1.0,,,45000RPM Nail Drill Machine Rechargeable Nail File Nails Accessories Gel Nail Polish Sander Professional Tool Manicure Set,Beauty & Health
,200+ sold recently,1.62,15.0,1.0,,,"30g Blackhead Remover LAIKOU Sakura Peel Off Nose Mask, Deep Cleansing Facial Mask Exfoliation Face Cleanser At Home Or On-The-Go For Summer Skin Care Gifts For Mom",Beauty & Health
,,1.7,6.0,1.0,,,Instantly Upgrade Your Look With 24pcs 3D Bowknot Decor Fake Nail & 1pc Nail File & 1sheet Tape Press On Nails Nail Supplies,Beauty & Health
,,32.4,4.0,1.0,,,26 Inch Long Burgundy Red 13X0.5 Knotless Square Box Braided Synthetic Lace Front Wig Pre Plucked Natural Hairline For Women Afro Lightweight Cornrow Twist Braids HD Lace Frontal Wig For Daily Party Wear To Go Glueless Wine Red Synthetic Heat Resistant Fiber Hair Fashion Goddess Dreadlock Wig For Mothers Day Gift For Mom Birthday Gift For Thanksgiving Day Gifts For Christmas Decorations For Women Female Lady Beginner Friendly Funny DIY Wig Navidad Peluca Regalos NavideÃ±os Look Ano Novo Black Friday Wigs & 1pc Wig Cap,Beauty & Health
,,6.05,50.0,1.0,#7 Best Sellers,in Blondie,16 Inch Gradient Blonde Wig Women's Long Straight Bob Wig Shoulder Length Dark Hair Roots Natural Look Synthetic Heat Resistant Hair Fashion Ladies Wig Girls Daily School Party Outfit Use Cosplay Simple Casual Street Heat Resistant Wig,Beauty & Health
,3.0k+ sold recently,2.5,22.0,10.0,,,7 Pairs Full Strip Natural Messy Fluffy Eyelash Cross Wispy Dramatic Volume Faux Mink Lashes,Beauty & Health
,10+ sold recently,6.3,7.0,1.0,,,"Almond-Shaped Handcrafted DIY Y2K Armor With Sharp Pointed Tips, Blue Blush Armor Plates And Nude Armor Plates With Irregular Metallic Liquid Style Hand-Drawn Design, Featuring Blue-Purple Gradient French Edges, Steel Beads, Hand-Painted Snake Pattern, Heart And Metal Bubble Element Design. The Armor Is Purely Handmade And Suitable For Both Women And Girls To Wear. A Set Of 10 Pieces In 3 Sizes, Comes With Tool Kit, Ideal For Parties, Dances, And Daily Wear. Can Be Given As A Gift To Women And Girls.",Beauty & Health
,20+ sold recently,0.85,50.0,1.0,,,24 Pieces Of Long Almond Water Drop Tip Nails Europe And The United States Sweet Cool Spice Spider Web Hole Ice Nails +1 Piece Of Jelly Glue +1 File Nail Nail Set Suitable For Girls Decorative Gifts Press On Nails Nail Supplies,Beauty & Health
,,3.3,6.0,1.0,#4 Best Sellers,in Moisturizers,"1 Bottle Of Sunscreen & Isolation Lotion, Refreshing & Non-Greasy, For Face & Body, Waterproof & Sweatproof & Uv-Protective, Portable & Non-White Residue, For Summer",Beauty & Health
,1.8k+ sold recently,6.5,14.0,1.0,,,"1pc Travel Cosmetic Bag & Organizer With Sunscreen For Women, Multilayered Alphabet Large Capacity Makeup Bag, PVC Waterproof Portable Bag, Transparent Ladies Toiletry Bag, Necessary For Trip, Birthday Gift",Beauty & Health
,600+ sold recently,1.4,7.0,1.0,,,24pcs Medium Length Almond Fake Nails Independence Day Cherry French Full Cover False Nail For Women And Girls New Year Gift Press On Nails Nail Supplies,Beauty & Health
,700+ sold recently,2.6,7.0,15.0,,,"1box/12grids Pink Flat Round & Irregular-Shaped Many Size Nail Rhinestones Mixed-Pack, Transparent Shiny Glass Diamond Nail Art Decorations For Women And Girls, Suitable For Daily DIY Nail Art Design Nail Charms Nail Gems Nail Supplies",Beauty & Health
,2.5k+ sold recently,1.6,6.0,1.0,,,24pcs French Simple White Short Almond Shape False Nails With Bowknot Design + 1pc Jelly Glue + 1pc Nail File Press On Nails Nail Supplies,Beauty & Health
,40+ sold recently,1.3,7.0,1.0,,,24pcs Simple White Tie Dye Ballet Nail Wear Armor Nail Patch + Jelly Gum + File Set Press On Nails Nail Supplies,Beauty & Health
,700+ sold recently,1.6,6.0,1.0,,,"Upgrade Your Look With 24pcs Fake Nails For Fingers And Toes, White French & Silver 3D Rhinestone & Pink Floral Design, Trendy Manicure Set For Parties, Dance Parties, And Daily Wear Press On Nails Nail Supplies",Beauty & Health
,3.4k+ sold recently,4.99,17.0,12.0,,,SHEGLAM Pout-Perfect Shine Lip Plumper-Hot Cocoa Moisturizing Plumping Solid Lip Gloss Non-Stick Nourishing Lip Plumping Serum Coconut Oil  Lipstick  Lip Cosmetics Gift Brown  Lip Plumper,Beauty & Health
,900+ sold recently,0.28,77.0,8.0,,,Black Friday 1box/5g High Gloss Gold Foil Nail Art Decoration Set Including Rose Gold Foil Silk & Shard For Uv Gel & Acrylics DIY Nail Charms Nail Gems Nail Supplies,Beauty & Health
,2.5k+ sold recently,2.16,20.0,1.0,,,24PCS Long Square Press On Nails Pink French Edge Fake Nails Cute Bear Strawberry Stars 3D D Decorative Accessories Long Coffin Type Reusable DIY Home Salon Nail Art For Women And Girls Nail Supplies,Beauty & Health
,800+ sold recently,7.43,5.0,1.0,,,"12pcs Multifunctional Ultra-Soft Makeup Brush Set + Slant & Drop-Shaped Cosmetic Sponge + 1pc Round Powder Puff, Fast Makeup Application Beauty Tools",Beauty & Health
,,5.5,4.0,1.0,,,Wrap Around Long Ponytail Extension Natural Black Yaki Ponytail Extension for Women Pony Tails Hair Extensions,Beauty & Health
,100+ sold recently,1.0,0.0,1.0,,,"Tattoo Sticker,1 Sheet Large Half Arm Sleeve Dragon Pattern Temporary Tattoos For Men Women Forearm,Dragon Pattern Fake Tattoo Stickers Adults, Black Realistic Tattoo Dragon,For Women and Girls",Beauty & Health
,300+ sold recently,6.15,50.0,1.0,,,Synthetic heat resistant curly hair middle part wig cool brown color 18 inch fully machine woven daily natural realistic wig,Beauty & Health
,300+ sold recently,3.4,6.0,1.0,,,"1Pc Makeup Bag Flowers Shiveringcosmetic Bag Waterproof,Women Bags For Make Up , Small Bag Storage Makeup Case,Travelling Bags For Ladies,Pencil Case Daily Big Large Capacity Makeup Brushes Travel Toiletry Bag Organizer Make Up Bag Shivering Design Of Scattered Small Flower Sand Plantsmakeup Bag Makeup Pouch Skincare Bag Toiletry Bag Storage Makeup Organizer Makeup Case",Beauty & Health
,,39.1,26.0,1.0,,,Straight 13 X 4 X 1 Transparent Lace Human Hair Wig 150% 613 Blonde Color 6 Inch Short Virgin Brazilian Human Hair Bob Wig Blonde Color,Beauty & Health
,1.6k+ sold recently,3.49,22.0,1.0,,,SHEGLAM Hydrating Stick Portable Moisturizing Balm Stick Hydrating Makeup Primer Face Skin Care Black Friday Winter Gifts Moisturizer,Beauty & Health
,,1.7,0.0,1.0,#9 Best Sellers,in Fragrances & Aromatherapy,10Ml Women'S Date Ball Perfume Lasting Fragrance Classic Floral Versatile Fragrance Increase Unisex Charm Men'S And Women'S Common Perfume,Beauty & Health
,,2.6,4.0,1.0,,,6pcs Long Straight Synthetic Clip-in Hair Extension,Beauty & Health
,2.1k+ sold recently,2.1,9.0,16.0,,,"24pcs Long Coffin Shaped 3d Decorations With Heart Shaped Rhinestones & Chain For Nail Art, Including 1 Nail File And 1 Jelly Gel Press On Nails Nail Supplies",Beauty & Health
,2.8k+ sold recently,2.8,10.0,27.0,,,24pcs Extra Long Coffin Shape Press-On Nails With 3d Butterfly & Rhinestone Detail Pink French Manicure Tip & 1pc Nail File & 1 Sheet Jelly Glue Nail Supplies,Beauty & Health
,4.5k+ sold recently,1.8,5.0,6.0,,,1pc Heart Shaped Nail Art Pen Cleaning Cup,Beauty & Health
,2.6k+ sold recently,4.99,17.0,7.0,,,SHEGLAM Snatch 'n' Define Stick-Warm Honey Cream Contour Stick Long Lasting Highly Pigmented Sweat Proof Bronzer Sculpting Lightweight Smooth Natural Contour Face Makeup Black Friday Party Contour & Bronzer,Beauty & Health
,800+ sold recently,0.82,54.0,1.0,,,24pcs Multicolor Floral Design Square Cover Full Cover False Nails With 1pc Jelly Glue And 1pc Nail File For Women And Girls Press On Nails Nail Supplies,Beauty & Health
,,1.1,0.0,10.0,,,Colored Hair Extensions 22Inch Straight Color Clip in on Hair Extension Rainbow Party Highlights Synthetic Hairpiece for Girls,Beauty & Health
,700+ sold recently,12.4,4.0,1.0,,,"1 Bottle 100ml Bade'e Al Oud Amethyst Neutral Fragrance Spray, Long-Lasting Fragrance",Beauty & Health
,400+ sold recently,1.8,5.0,1.0,,,24pcs Medium Length Almond Fake Nails Holiday Sun Flowers Full Cover False Nail For Women And Girls New Year Gift Press On Nails Nail Supplies,Beauty & Health
,200+ sold recently,2.2,4.0,1.0,,,"Cat Eye False Eyelashes, 4 pairs 10mm natural cat eye eyelashes",Beauty & Health
,3.7k+ sold recently,5.04,10.0,14.0,,,"2pcs 15ml Top Coat & Base Coat Gel Nail Polish Set, All Seasons Nail Art Soak Off LED Gel Nail Kit DIY Home Salon Manicure Nail Gifts For Women Girls",Beauty & Health
,,2.5,4.0,1.0,#7 Best Sellers,in False Eyelashes,"10pairs 3d Faux Mink Lashes, Natural, Thick, Dramatic, Fluffy, Extended Eyelashes",Beauty & Health
,6.1k+ sold recently,2.2,8.0,14.0,,,1pc 10Ml (3 In 1 Function)Nail Rhinestone Crystals Diamonds Glue False Nail Tips Uv Adhesive Gel Glue Nail Polish Gel Extension Nail Tips Adhesive Glue Nail Art Manicure Tools,Beauty & Health
,,4.0,7.0,1.0,,,"24pcs Duckbill Shaped Gradient 3D Press-On Nails With Candy, Star And Glitter Designs, Includes Jelly Glue And Nail File, Suitable For All Women For Daily Wear And Charming Fingertips.",Beauty & Health
,500+ sold recently,1.4,7.0,1.0,,,24pcs/Set Oval French Wave Pattern False Nails With 1pc Jelly Gel And 1pc Nail File Press On Nails Nail Supplies,Beauty & Health
,70+ sold recently,1.2,0.0,1.0,,,"Concealer Brush, 1pc Wooden Classic Portable Reusable Makeup Brush For Making Up Supply For Dresser Powder For Facial Cosmetic For Makeup Black Friday",Beauty & Health
,1.1k+ sold recently,3.1,6.0,1.0,,,"1pc 12-Color Fluorescent Oil Paint, 3g Per Color, Suitable For Stage Makeup, Halloween, Christmas, Party, Etc.",Beauty & Health
,1.2k+ sold recently,2.7,4.0,10.0,,,"MAGEFY 7Pairs Of Natural Cross Full False Eyelashes With Clear Stem,Fluffy Slim For Everyday Use Manga Eyelashes, Travel Essentials",Beauty & Health
,800+ sold recently,0.55,63.0,8.0,,,"24pcs False Nails In Waterdrop Shape, Black French Manicure With Small Flowers & Pointy Almond Shape +Jelly Glue + Nail File Press On Nails Nail Supplies",Beauty & Health
,500+ sold recently,1.19,1.0,1.0,,,1 pair of complete eyelashes thick curls 20mm fluffy and slim eyelash party eyes,Beauty & Health
,20+ sold recently,3.5,50.0,1.0,,,4PCS Yaki Straight Clip In Hair Extensions For Women Kinky Straight Synthetic Hair Extension Black Thick Hairpieces Fiber Double Weft Hair For Women Daily Use,Beauty & Health
,2.0k+ sold recently,3.1,3.0,1.0,,,"10PCS HD Wig Caps For Women,Stocking Caps For Wig,Thin Invisible Wig Caps For Women, Wig Caps For Women Lace Front, Stocking Caps Wig Cap HD Caps For Wig",Beauty & Health
,1.2k+ sold recently,2.3,4.0,1.0,,,"Watery Mirror Moisturizing Lip Gloss,Waterproof Long-Lasting Wear Non-Stick Cup Lip Glaze Y2K Liquid Lipstick",Beauty & Health
,500+ sold recently,0.65,50.0,1.0,,,"Suake Exquisite Long Lasting Waterproof Eyeliner Pen, 1pc, 1ml, Ultra Fine, Quick Drying, Brown, For Christmas",Beauty & Health
,,3.72,40.0,1.0,,,Long Curly Synthetic Hair Extension,Beauty & Health
,600+ sold recently,5.0,2.0,1.0,,,"KOEC BODY GLAZE Peach Macaron Scent, Whitening Body Cream Butter For Dry&Rark Skin ,Daily Skin Care Moisturizer For Women&Men,Moisturing Smoothing Fragrance Donut Body Lotion Glaze 4oz/113g",Beauty & Health
,2.3k+ sold recently,1.4,7.0,1.0,,,24pcs/Set False Nails With Flat Head And Multiple Color French Nail Art Tips Sticker + Nail File + Jelly Glue Press On Nails Nail Supplies,Beauty & Health
,30+ sold recently,22.6,50.0,1.0,,,Braided Wigs Lace Front Dutch Box Braid Wigs With Baby Hair For Women Premium Synthetic Lace Front Mix Black Brown Box Braided Wig With Curly Ends,Beauty & Health
,,2.6,4.0,10.0,#3 Best Sellers,in Foundation,"Waterproof Matte Foundation, 1pc Long-Wearing Oil Control Concealer Foundation Cream For Women",Beauty & Health
,1.0k+ sold recently,1.7,0.0,6.0,,,"1Pc Fashionable And Simple Portable Cosmetic Organizer For Makeup Tools Suitable For Women'S Travel, Home Use,Makeup Bag Makeup Pouch Skincare Bag Toiletry Bag Packing Cubes,Travel Essentials Cruise Essentials Dorm Essentials,Wedding Bridesmaid Gifts,Mom Gifts,Birthday Gifts,Gifts For Friends And Teachers,Home Decor,Bathroom Livingroom Bedroom Decor,Bathroom Organizer,Jewelry Organizer,Lip Oil Organizer,Nail Polish Organizer",Beauty & Health
,1.6k+ sold recently,3.12,20.0,1.0,,,"Aesthetic Floral Pattern Travel Makeup Bag, 1Pc Lightweight Multifunctional Cosmetic Organizer Handbag Bath Shower Wallet Pouch Portable Cosmetics Brush Storage Clutch With Zipper Closure For Lipstick, Brush, Skincare, Mobile Phone, Coin, Small Items, For Home, Travel, Vacation And School Use, Black Friday,Makeup Bag Makeup Pouch Skincare Bag Toiletry Bag Packing Cubes,Travel Essentials Cruise Essentials Dorm Essentials,Wedding Bridesmaid Gifts,Mom Gifts,Birthday Gifts,Gifts For Friends And Teachers,Home Decor,Bathroom Livingroom Bedroom Decor,Bathroom Organizer,Jewelry Organizer,Lip Oil Organizer,Nail Polish Organizer Storage Makeup Organizer Makeup Case",Beauty & Health
,,2.1,5.0,1.0,#7 Best Sellers,in Temporary Tattoos,"6pcs Waterproof & Sweat-Proof Non-Reflective Temporary Tattoo Sticker, Colorful Design For Stylish People To Stick On Waist And Abdomen",Beauty & Health
,1.7k+ sold recently,9.49,14.0,30.0,,,SHEGLAM Complexion Pro Long Lasting Breathable Matte Foundation-Sand Matte Sweat-proof Foundation Oil Control Full Coverage Pore-less Concealer Waterproof Flawless Non-Fading Weightless Liquid Foundation Black Friday Winter Foundation,Beauty & Health
,1.1k+ sold recently,2.9,9.0,1.0,,,"Black Friday Mermaid Chrome Nail Powder, 6 Color Iridescent Aurora Glitter Dust Kit & 2pcs Sticks Nail Art Decor DIY Nail Charms Nail Gems Nail Supplies",Beauty & Health
,3.0k+ sold recently,3.4,6.0,6.0,,,Lash Clusters DIY Eyelash Extensions 120 Clusters  Wispy Individual False Eyelashes Curling 8-16mm Thick Fluffy Eyelash Clusters,Beauty & Health
,1.2k+ sold recently,6.99,13.0,1.0,,,SHEGLAM Chroma-Glow Bloom Liquid Highlighter-Flying Comet Color Changing Gel Cream Multichrome Highlighter High-Shine Finish Long Wear Brightening Non-Caking Glow Highlighter Makeup Black Friday Winter Trending Y2K Gifts Highlighter,Beauty & Health
,1.4k+ sold recently,1.4,7.0,6.0,,,"Transform Your Nails With, 24pcs White Almond Presson Nails , Fit Perfectly& Medium Length Design Acrylic Fake Nails, Contain 1pc Jelly Glue And 1pc Nail File, Suitable For Ladies And Girls Daily Work Party Use Nail Supplies",Beauty & Health
,4.3k+ sold recently,2.99,25.0,4.0,,,SHEGLAM Brows On Demand 2-In-1 Brow Pencil - TaupeÂ  Waterproof Liquid Eyebrow Pen Sweat-proof Anti-Oil Natural Brow Filling Outlining Eyebrow Cream Gel Makeup Black Friday Eyebrow,Beauty & Health
,50+ sold recently,3.1,3.0,1.0,,,1PC Checkerboard Printed Women's Makeup Bag Corduroy Makeup Bag Beautiful Women's Handbag Wallet Storage Makeup Bag Girl Case Bag Travel Storage Bag Cute Makeup Bag,Beauty & Health
,900+ sold recently,3.05,13.0,5.0,,,"Clip In Ponytail Extensions,16-32 Inch Extra Long Curly Black-brown Synthetic Ponytail Heat resistant Hairpiece For Women Daily Use",Beauty & Health
,,2.0,0.0,1.0,,,Clip In Air Fringe Front Bangs,Beauty & Health
,1.3k+ sold recently,1.7,11.0,9.0,,,24 Pcs Medium Long Square Nails Pink French 3D Love Bow Ornament Press On Nails Pink Cherry Design Acrylic Fake Nails For Women And Girls Gifts Nail Supplies,Beauty & Health
,1.2k+ sold recently,4.1,7.0,28.0,,,288pcs/Set (12mixed ) Short Oval Nude Color Spring And Summer Colors Medium Length Almond Acrylic Nail Tips Full Cover False Nail Tips Press On Nails With Storage Box As For Suitable For Women And Girls Daily Life And Party Use Nail Supplies,Beauty & Health
,600+ sold recently,1.6,6.0,1.0,,,"Upgrade Your Look With 24pcs/Set White French Style Floral Patterned Medium Square Head False Nails With Silver Beads, 3D Rhinestone And Glue, Including 1pc Nail File And 1pc Adhesive Sticker. Suitable For Parties And Daily Wear. Press On Nails Nail Supplies",Beauty & Health
,,2.3,8.0,1.0,#7 Best Sellers,in Nail Art Brushes,"3pcs Acrylic Nail Brush Set - Acrylic Nail Brush, Professional Acrylic Powder Brush With Pink Handle, Used For Acrylic Nail Extension And 3d Nail Sculpting",Beauty & Health
,3.8k+ sold recently,7.9,7.0,1.0,,,"12 Colors Painted Gel Nail Polish Set,5ml Colorful Black White Drawing Line Nail Art Gel Wire Pulling Gel Kits with Brush, Gel DIY Nail Art Tools",Beauty & Health
,100+ sold recently,7.1,50.0,1.0,,,Afro Kinky Curly Half Wigs Ombre Purple Short Curly Wigs Heat Resistant Fiber Synthetic Party Cosplay Bob Wigs For Black White Women 12Inch Synthetic Wigs  A Row Of Solid Combs Short Curly Bob Wigs For Black Women 3/4 Half Wigs Heat Resistant Wigs Beginner Friendly Wear To GO Top Quality Silky Young Messy  High Density,Beauty & Health
,4.7k+ sold recently,4.9,9.0,1.0,,,100% Kolinsky Nail Art Brushes Flat Head For Acrylic Powder Manicure Black Wooden Handle Application Nail Art Manicure Tool,Beauty & Health
,700+ sold recently,7.53,36.0,1.0,,,"1Pc Dual-Layer Makeup Bag With Large Capacity, Diamond Pattern, Waterproof, Portable Cosmetic Storage Bag For Women Travel",Beauty & Health
,20+ sold recently,32.0,26.0,1.0,,,Straight Pixie Cut 13 X 4 X 1 T-Part Lace Wig Lace Front Natural  Hair Wigs Short Hair Replacement Wig High Density,Beauty & Health
,2.5k+ sold recently,1.08,36.0,13.0,,,"24pcs/Set Sweet, Cool & Spicy Girl Series Pink False Nails + 1pc Jelly Glue + 1pc Nail File Press On Nails Nail Supplies",Beauty & Health
,50+ sold recently,4.7,25.0,1.0,,,Virgin Human Hair Topper Black Color Top Hairpiece Air Bangs Straight Bangs For Women Natural Black Color,Beauty & Health
,1.4k+ sold recently,1.9,5.0,10.0,,,Instantly Upgrade Your Look With 24pcs Short Square Sweet Cute Japanese Style Star Pattern Simple Summer Fresh Rhinestone Decor Full Cover Fake Nail Kit For Women And Girls Press On Nails Supplies,Beauty & Health
,40+ sold recently,28.2,26.0,4.0,,,Deep Wave 13 X 1 Lace Front Wigs 6 Inch Straight Pixie Cut Short Human Hair Wig Curly Wavy WigsÂ  Burgundy Color,Beauty & Health
,,6.0,3.0,1.0,,,1pc Long Straight Clip-in Synthetic Hair Extension,Beauty & Health
,1.9k+ sold recently,3.99,20.0,5.0,,,SHEGLAM Snatch 'n' Blush Stick-Next Dimension Cream Blush Waterproof Long Lasting High PigmentÂ  Non-Fading Non-Greasy Glowing Lasting Women Beauty Makeup Black Friday Party Blush,Beauty & Health
,,3.1,3.0,1.0,#2 Best Sellers,in Body Braces & Supports,Posture Corrector Upper Back Brace Neck Shoulder Back Support Brace Belt For Women Men Braces Spine Straightener Breathable - Adjustable(Old Style),Beauty & Health
,2.8k+ sold recently,2.0,9.0,5.0,,,24pcs Y2K Aesthetic Long Square Fashion Pearl Love Star Alloy Pendant With Five Point Star Full Cover Fake Nail For Women And Girls Press On Nails Nail Supplies,Beauty & Health
,2.4k+ sold recently,1.2,8.0,1.0,,,7Ml Clear Nail Prep Dehydrator Gel Nail Polish No Need Of Uv Led Lamp Base Top Coat Nail Art Varnish Free Grinding Manicure Nail Salon At Home,Beauty & Health
,1.2k+ sold recently,2.4,4.0,1.0,,,"Checkerboard Travel Makeup Bag, 1Pc Lightweight Multifunctional Cosmetic Organizer Handbag Bath Shower Wallet Pouch Portable Cosmetics Brush Storage Clutch With Zipper Closure For Lipstick, Brush, Skincare, Mobile Phone, Coin, Small Items, For Home, Travel, Vacation And School Use, Black Friday,Makeup Bag Makeup Pouch Skincare Bag Toiletry Bag Packing Cubes,Travel Essentials Cruise Essentials Dorm Essentials,Wedding Bridesmaid Gifts Storage Makeup Organizer Makeup Case",Beauty & Health
,800+ sold recently,11.09,9.0,1.0,,,23PCS Acrylic Nail Powder Kit Clear White Pink Acrylic Powder With 30ML Acrylic Liquid For Acrylic Powder Nail Design Manicure Tool Kit,Beauty & Health
,900+ sold recently,0.88,48.0,1.0,,,"24pcs/Set Short Almond Shaped Color Block False Nail Set, Floral & Flower Patterns, Fresh & Sweet For Spring With 1 Jelly Glue And 1 Nail File Press On Nails Nail Supplies",Beauty & Health
,5.1k+ sold recently,2.0,5.0,7.0,,,"Single Velvet Matte Mist Lip Gloss,Waterproof Non-Stick Cup Lip Glaze Smudge Proof Not Fade Liquid Lipstick",Beauty & Health
,,1.87,25.0,5.0,#3 Best Sellers,in Acne Treatment,"SLOWSUNDAYâ¢ Hydrocolloid  Acne Pimple Day Patch For Face,12 PCS,Waterproof & Breathable Acne Cover Patch,Mild And Non-Irritating, For Facial Skin Care,For Covering Zits And Blemishes",Beauty & Health
,700+ sold recently,2.8,3.0,5.0,,,"1 Pack Black Faux Locs Crochet Braids Hair ,24 Inch Pre-Looped  Soft Locs Curly Wavy Goddess Locs Crochet Hair Afro Synthetic Dreadlock Hair Extension",Beauty & Health
,800+ sold recently,1.8,5.0,5.0,,,24pcs/Set Medium-Long Pink French Gradient Blush Blending Minimalist Sweet Square Nails + 1pc Jelly Gel + 1pc Nail File Press On Nails Nail Supplies,Beauty & Health
,4.2k+ sold recently,1.2,8.0,10.0,,,24pcs Short Square Shaped Cartoon Design False Nails With 1pc Nail File And 1 Sheet Jelly Glue French Tip Press On Nails Nail Supplies,Beauty & Health
,6.2k+ sold recently,2.5,7.0,16.0,,,24pcs/Set Long Coffin Shaped Heart Rhinestone Chain Decoration False Nails Including 1pc Nail File And 1pc Jelly Glue Press On Nails Supplies,Beauty & Health
,,13.2,0.0,1.0,,,1pc Three Colors Dimmable Led Lighted Makeup Mirror Women's Portable Folding Student Ins-Style Vanity Mirror With Lights For Dormitory/Desktop,Beauty & Health
,2.3k+ sold recently,6.6,4.0,1.0,,,20 Pairs/Pack Fluffy Volume False Eyelashes Dramatic Messy Mink Lashes Wispy Long 8D Volume Fake Eyelash Strips Foxy Eye Lifting Look Extension Full Eyelash Strip To Lengthen And Volumize The Outer Corner Of Your Eye Beauty Makeup,Beauty & Health
,,4.7,20.0,5.0,,,22 Inch Ombre Color Clips In Hair Extentions 7 Pcs/Set 16 Clips For Women Straight Synthetic Hair Piece Clips On Hair Extensions,Beauty & Health
,8.4k+ sold recently,3.1,3.0,4.0,,,"10pairs/Set Full Strip False Eyelashes, European And American Style, Natural Looking, Dense Volume, Fluffy, Fake Faux 3d Dimensional Effect, Pointed Tail, Very Thin Black Stem, Clearly Separated, Lightweight, Soft, No Burden, Not Irritating, Charming Eye Makeup, Reusable, Essential For Daily And Work Commute, Portable, Easy To Apply",Beauty & Health
,900+ sold recently,2.6,10.0,1.0,,,"48pcs/Set Square Press-On False Nails With Floral French Tip Design, Including Jelly Glue And Nail File, Suitable For All Women, Perfect Accessory For Daily Wear To Add Charm To Your Fingertips. Nail Supplies",Beauty & Health
,400+ sold recently,1.79,28.0,6.0,,,SHEGLAM Skin Magnet High Coverage Foundation Stick-Light Medium,Beauty & Health
,200+ sold recently,6.1,8.0,17.0,,,ROMWE Kawaii 10pcs French Y2K Cute And Pure Desire Style 3D Pearl Heart Bow Detail Embellished Pearl Chain Hand Drawn Nail Art + 3pcs Double-Sided Adhesive,Beauty & Health
,200+ sold recently,6.0,18.0,1.0,,,3pcs Natural Long Curly Synthetic Hair Extension,Beauty & Health
,,1.2,0.0,10.0,,,Colored Hair Extensions 22Inch Straight Color Clip in on Hair Extension Rainbow Party Highlights Synthetic Hairpiece for Girls,Beauty & Health
,1.4k+ sold recently,4.99,9.0,1.0,,,SHEGLAM Mega Lip Stacks-Brown-Brownie Stack 4 In 1 Creamy-Matte Brown Lipstick Kit High Pigment Non-Drying Portable Travel Lipstick Kit Lip Makeup Rosa Black Friday Lipstick,Beauty & Health
,2.3k+ sold recently,2.99,25.0,1.0,,,SHEGLAM Fairy Wand Precision Highlighter Pencil-StarlightÂ  Shimmer Gel Highlighter Pencil Long Wear Brighten Eyes Silky Smooth BlendableÂ  Cream EyelinerÂ  Eye Make Up Y2K Pink Black Friday Eyeliner,Beauty & Health
,30+ sold recently,22.05,50.0,1.0,,,Braided Wigs Lace Front Square Knotless Box Los Braids Wig Short Bob Braided Wigs With Baby Hair For Women Synthetic Embroidery Lace Braiding Hair Wigs,Beauty & Health
,400+ sold recently,1.5,12.0,1.0,,,"100pcs Nail Decoration, Rivet, Metal, Copper, Awn Star Shape, Golden Yellow, Silver, Suitable For Creating Nail Art, Punk Style Accessories DIY Nail Charms Nail Gems Nail Supplies",Beauty & Health
,10+ sold recently,7.6,4.0,1.0,,,3pcs Clip In Long Curly Synthetic Hair Extension,Beauty & Health
,2.1k+ sold recently,1.6,11.0,4.0,,,"24PCS Heart Colorful French-Style Medium Square Press On Nails-Beautiful Line And Flower Design - The Perfect Accessory For Women And Grils Who Love To Stand Out-1pc Nail File & 1Nail Glue Sticker Kit Nails For Girl Mother Women Gift ,Whitening Nail Art Set With Detachable Fake Nails For Festival, Party, Date And Daily Wear Nail Supplies",Beauty & Health
,200+ sold recently,1.9,5.0,1.0,,,24pcs Elegant All-Match Rhinestone Decor Short Square Head Style Shiny Element Nail Art False Nails Glue Included Easy To Use Press On Nails Nail Supplies,Beauty & Health
,900+ sold recently,2.0,5.0,1.0,,,1pc 10ml Ice Fairy Holographic Glitter Cat Eye Gel Nail Polish Romantic Galaxy Series Soak Off Uv Led Gel Polish Home DIY Manicure Nail Salon Varnish Spring Summer Nail Art,Beauty & Health
,,10.1,28.0,1.0,,,26 Inch Butterfly Haircut Hair End Red Gradient Color Long Curly Wigs With Bangs Synthetic Fiber Hair Wigs Hair Replacement Wigs For Women Girls,Beauty & Health
,2.2k+ sold recently,2.0,9.0,4.0,,,Add A Touch Of Creative With 24pcs Medium Almond Funny Ins Style Multicolor Red Plaid Cartoon Cute Strawberry&Pepper Fruit Floral Pattern Full Cover Fake Nai Kit For Women And Girls Press On Nails Nail Supplies,Beauty & Health
,300+ sold recently,28.1,4.0,1.0,,,Preplucked Soft 26 Inch 180% Density Long Kinky Curly Natural Black Lace Front Wig,Beauty & Health
,400+ sold recently,1.8,5.0,1.0,,,"Upgrade Your Look: 24pcs Short Coffin Shape Cat Eye Sparkling False Nails With Jelly Gel, 1pc Nail File, 1pc Gel Stick Press On Nails Nail Supplies",Beauty & Health
,10+ sold recently,3.9,3.0,6.0,,,Capsule Hair Care Essential Oil Hair Vitamins Capsules Hair Care Essential Oil For Dry Or Damaged Hair Moisturizing Hair,Beauty & Health
,1.1k+ sold recently,1.16,39.0,4.0,,,"24pcs/Set Short Square Shaped False Nails, Simple & Fresh Strawberry Design, Spring Style With Jelly Glue And Nail File Press On Nails Nail Supplies",Beauty & Health
,,4.2,5.0,1.0,#2 Best Sellers,in Oral Tools,"Adult Soft Bristled Toothbrush With Wider Head For Home Use, 6pcs/Pack, Living Room Home Bedroom Bathroom House Decor, Travel Stuff, Wedding, Party, Birthday, Gifts For Men Mom Dad Friends, New Years, Accessaries, Funny Gift",Beauty & Health
,4.5k+ sold recently,1.3,7.0,1.0,,,20Pcs/Bag Small Magnets For Acrylic Nails Professional Nail Art Clipper False Tips Edge Cutters Tip Sizing Salon Manicure Tool Strong Small Round Magnets,Beauty & Health
,300+ sold recently,6.99,46.0,1.0,,,"GAOY 16ml 2 Pcs Glassy Gel Top Coat and Base Coat Set,No Wipe Foundation Combination for UV Light Cure Nail Polish",Beauty & Health
,1.1k+ sold recently,4.6,8.0,1.0,,,"Kawaii Nail Charms Kit, 3D Cartoon Jewelry Charms For Nails Sticker Gems Nail Art Decorations Accessories DIY Nail Supplies",Beauty & Health
,200+ sold recently,4.6,0.0,1.0,,,"6pcs/Set Vanity Drawer Cosmetic Organizer Box For Small Samples Such As Eyebrow Pencil, Foundation, Makeup Remover, Storage Box For Make-Up Brushes, Lip Gloss, Eye Cream, Transparent Display Box",Beauty & Health
,800+ sold recently,2.6,4.0,10.0,,,10 Pairs Half Lashes Clear Band Eyelashes Cat Eye False Eyelashes Short Soft 3d Faux Mink Eyelashes Soft Natural Makeup(JA2502),Beauty & Health
,100+ sold recently,2.6,4.0,1.0,,,Synthetic  Cut S Hair Clip In Extensions Natural Fringe S Clip In Front Neat Flat  One Piece Straight Hairpiece For Women,Beauty & Health
,200+ sold recently,36.05,30.0,5.0,,,Straight Hair 4 X 4 13 X 4 Lace Front Wigs Human Hair Transparent Lace Frontal Wig Pre Plucked With Baby Hair Natural Black 150% Density,Beauty & Health
,2.7k+ sold recently,4.99,17.0,12.0,,,SHEGLAM Pout-Perfect Shine Lip Plumper-Hot Stuff Moisturizing Plumping Solid Lip Gloss Non-Stick Nourishing Lip Plumping Serum Coconut Oil  Lipstick  Lip Cosmetics Summer Vibe Lip Plumper,Beauty & Health
,2.1k+ sold recently,7.49,6.0,1.0,,,SHEGLAM Glam 101 Face Essentials Brush Set With Bag Synthetic Portable Makeup Brushes Set Foundation Concealer Highlighter Powder Contour Blush Makeup Brushes Makeup Brush Organizer Travel Case Black Friday Winter Gifts Brushes Set,Beauty & Health
,,1.6,20.0,7.0,#10 Best Sellers,in Decoration Stickers,2 Packs Embossed 5D Nail Stickers Pink White Petals Butterfly Acrylic Spring Summer Flower Slider Nail Decoration Nail Art Supplies DIY,Beauty & Health
,2.2k+ sold recently,1.5,6.0,4.0,,,"24pcs Press On Nails Long Square Pink French Tip Acrylic Nails Cute Cartoon Design Fake Nail Set, Contain 1pc Jelly Glue And 1pc Nail File, For Nail Art Decorations By Women & Girls Nail Supplies",Beauty & Health
,10+ sold recently,4.45,50.0,1.0,,,Stylish Highlight Brown Pixie Cut Wig With Bangs - Perfect For Women And Girls - Short Straight Synthetic Wig,Beauty & Health
,,1.6,6.0,1.0,#5 Best Sellers,in Dip Powders & Liquids,"GELHR Dip Powder Liquid Set 10ml, 4Pcs Dipping Powder Base Activator And Top Coat Brush Saver Nail File Necessary Tools For Dip Powder Nail Kit No Nail Lamp Needed",Beauty & Health
,1.9k+ sold recently,9.9,4.0,4.0,,,"MAANGE 18pcs Professional Makeup Brush Set With Cloth Bag&5pcs Triangle Powder Puff,Makeup Tools With Soft Fiber For Easy Carrying,Foundation Brush,Eye Shadow Brush,Blending Brush,Eyebrow Brush,Brush Set For Travel",Beauty & Health
,1.2k+ sold recently,1.9,5.0,1.0,,,"Fashionable & Portable Polyester Embroidered Handheld Cosmetic Bag,Makeup Bag Makeup Pouch Skincare Bag Toiletry Bag Packing Cubes,Travel Essentials Cruise Essentials Dorm Essentials,Wedding Bridesmaid Gifts,Mom Gifts,Birthday Gifts,Gifts For Friends And Teachers,Home Decor,Bathroom Livingroom Bedroom Decor,Bathroom Organizer,Jewelry Organizer,Lip Oil Organizer,Nail Polish Organizer Makeup Bag Storage Makeup Organizer Makeup Case",Beauty & Health
,1.1k+ sold recently,1.6,11.0,7.0,,,Instantly Upgrade Your Look With 24pcs Almond Square Press On Nails Set Sweet Pink French Cute Pink Bow Shiny Pearls False Nails Full Coverage Fake Nail Tips For Women And Girls Includes 1 Sheet Adhesive Tabs & 1 Pc Mini File Strip,Beauty & Health
,,3.75,50.0,1.0,#10 Best Sellers,in Synthetic Hair Wigs,26 Inch Dark Brown Long Straight Wigs With Bangs Heat Resistant Wig Synthetic Natural Looking Wigs For Women Daily,Beauty & Health
,200+ sold recently,6.35,50.0,10.0,,,"Blonde Middle Parting Wig - Long Wavy Ombre Blonde Wigs with Dark Roots for Women, Realistic Synthetic Heat Resistant Hair, Best Cute Wigs for Daily/Halloween/Party/Cosplay",Beauty & Health
,2.3k+ sold recently,1.24,27.0,1.0,,,Elevate Your Style With 24pcs Long Almond Flower Pattern Glossy Fake Nail & 1pc Nail File & 1sheet Nail Tape Press On Nails Nail Supplies,Beauty & Health
,600+ sold recently,0.72,55.0,1.0,,,"24pcs Press On Nails In Ballet Style, Gradient Pink With Glitter, Sweet & Fashionable, Suitable For Women & Girls To Use Daily, Full Cover And Easy To Apply Nail Supplies",Beauty & Health
,,22.2,0.0,1.0,#2 Best Sellers,in Hair Dryers,"Crasts High Speed Lightweight Low Noise High Power Hair Dryer With Wind Nozzle, Drying Cap, Blue Light Hair Care Technology And Intelligent Temperature Control, Suitable For Salon And Home Use - Pearl White, 2000w, 75000rpm",Beauty & Health
,3.4k+ sold recently,2.99,25.0,4.0,,,SHEGLAM Brows On Demand 2-In-1 Brow Pencil - AuburnÂ  Waterproof Liquid Eyebrow Pen Sweat-proof Anti-Oil Natural Brow Filling Outlining Eyebrow Cream Gel Makeup Black Friday Eyebrow,Beauty & Health
,1.0k+ sold recently,1.66,28.0,1.0,,,"24pcs Almond Shape Short-Length Nail With Spider Web, Spider, Heart & Rhinestone Design, Can Be Reused, Suitable For Daily And Festival Wearing Press On Nails Nail Supplies",Beauty & Health
,1.2k+ sold recently,2.26,22.0,12.0,,,"48pcs/Set French Style Square Shape False Nails & Toenails With Blue Edge And Curve Line Design, Comes With Nail File Applicable To All Women Press On Nails Nail Supplies",Beauty & Health
,900+ sold recently,3.5,8.0,26.0,,,24pcs High-End European And American Glittering Diamond Ballet False Nails +1pc Jelly Glue + 1pc Nail File Press On Nails Nail Supplies,Beauty & Health
,1.3k+ sold recently,1.16,36.0,1.0,,,"Upgrade Your Look With These 24pcs Y2K Style Artificial Nails Featuring Colorful Polka Dot And Crocodile Print Design. They Are Short Square Shaped, With A Shiny Full Coverage That Is Perfect To Wear For The June Festival. Press On Nails Nail Supplies",Beauty & Health
,300+ sold recently,0.47,69.0,1.0,,,"1 Set (24pcs) Solid Color Short Misty Blue Premium Nail Wraps, Easy-To-Wear Waterproof Pre-Cut Jelly Gel Nails File Included Press On Nails Nail Supplies",Beauty & Health
,100+ sold recently,28.99,59.0,6.0,,,SAVILAND Gel X Nail Kit: All-In-One Beginner Gel Nail Kit With Nail Drill 0.5Oz Nail Glue Gel 500PCS Long Coffin Nail Tips U V Lamp Acrylic Nail Kit Home Salon DIY Nail Art Gel Kit Manicure Gift,Beauty & Health
,500+ sold recently,1.3,7.0,14.0,,,2pcs Cherry Blossom Blooming Flowers Nail Stickers Romantic Decals Nails Art Self-Adhesive Spring Garden Decoration DIY,Beauty & Health
,,2.6,4.0,1.0,#10 Best Sellers,in Eyelashes Tools,Lash Bond And Seal For Eyelash Extensions Cluster Lash Waterproof Glue Individual Lash Glue For Lash Clusters DIY Eyelash Extensions Glue At Home 48-72 Hours Long Lasting,Beauty & Health
,100+ sold recently,15.99,20.0,1.0,,,JEWHITENY 30PCS Gel Nail Polish Kit 27 Colors Gel Polish Set Gel Nail Kit Soak Off Nail Gel Polish Set For Manicure Nail Art Salon/Home Starter Kit,Beauty & Health
,400+ sold recently,3.7,8.0,1.0,,,"10pcs/Set Sweet And Gentle 3D Flower & Butterfly Handmade False Nails With French Long Coffin Shape And Pearlescent Water Ripple Design, Reusable Manicure Kit With Jelly Gel And Nail File For Women DIY Spring/Summer Nail Art Press On Nails Nail Supplies",Beauty & Health
,1.5k+ sold recently,9.6,20.0,1.0,,,50 Pieces 100/180 Grits Nail Files And Buffers Professional Double Sided Emery Boards Manicure Tool For Acrylic Nails,Beauty & Health
,1.3k+ sold recently,1.46,9.0,1.0,,,"Fluffy Lashes,Cat Eyelashes,1 Pair 15mm D Curl Fluffy Faux Mink Lashes,Dramatic Thick Volume Fake Lashes Cat For Makeup Beauty",Beauty & Health
,10+ sold recently,23.4,26.0,1.0,,,BodyÂ WaveÂ PonytailÂ HumanÂ Hair 130% DensityÂ Natural Black ExtensionÂ Drawstring,Beauty & Health
,500+ sold recently,1.8,10.0,15.0,,,"Transform Your Nails With, 24pcs Press On Nails Long Almond French & Bowknot,Artificial Pearl Design False Nails Set , Contain 1pc Jelly Glue And 1pc Nail File, For Nail Art Decorations By Women & Girls Nail Supplies",Beauty & Health
,300+ sold recently,1.6,6.0,4.0,,,Upgrade Your Look! 24pcs Short Square Sweet Bowknot Nail Art Set For Women And Girls Press On Nails Nail Supplies,Beauty & Health
,3.3k+ sold recently,1.5,6.0,8.0,,,"24pcs Y2K Press On Nails Long Almond White French Tip Acrylic Nails Burgundy Star Design Fake Nail Set , Contain 1pc Jelly Glue And 1pc Nail File, For Autumn And Winter Seasons Nail Art Decorations By Women & Girls Nail Supplies",Beauty & Health
,100+ sold recently,2.27,55.0,5.0,,,Synthetic Straight Ponytail Extensions Black Hairpiece Long Pony Tail With Hair Tie Rubber Band Can Be DIY Braided Bubble Ponytail Hair Blonde For Women Party Daily Use,Beauty & Health
,200+ sold recently,1.4,7.0,1.0,,,Instantly Upgrade Your Look With 24pcs Short Coffin Glitter Fake Nail & 1pc Nail File & 1sheet Tape Press On Nails Nail Supplies,Beauty & Health
,30+ sold recently,4.5,25.0,1.0,,,Virgin Human Hair Topper Natural Black Top Hairpiece Air Bangs Straight Bangs For Women,Beauty & Health
,60+ sold recently,3.7,3.0,6.0,,,"Box Braids Crochet Hair, Goddess Box Braids Crochet Hair for Woman with Curly Ends Bohemian Hippie Crochet Braids Hair Synthetic Braiding Hair Extension for Kids",Beauty & Health
,5.3k+ sold recently,4.0,9.0,1.0,,,"20 Pairs Of Natural & Volumized  False Eyelashes Extra Long Full Strip Lashes, Cat Eye Style, Soft And Skin-Friendly - Eyelash  Tool Set - Ideal For Daily Use And Special Events, Non-Irritating, Reusable, Suitable For All Eye Shapes,20 Pairs Natural Eyelashes Natural Wispy False Eye Extensions Manga Faux Mink Lashes Cat Lashes 3D Faux Mink Lashes Natural False Eyelashes Dramatic Volume Lashes Eyelash Extension Ashes Faux Mink Fluffy Natural False Eyelashes Fake Lashes Long Makeup Handmade Lashes",Beauty & Health
,900+ sold recently,1.4,7.0,28.0,,,"24Pcs/Set Short Oval Nude Color Gloss Press On Nails, Macaron Candy Color Full Fit Acrylic Fake Nails, Contain 1pc Jelly Glue And 1pc Nail File, Suitable For Women And Girls' Daily Work, Study, And Parties Use Nail Supplies",Beauty & Health
,30+ sold recently,6.4,3.0,6.0,,,Claw Clip Long Wavy Ponytail Extension For Women 20 Inch Fluffy Synthetic Hairpiece Natural Soft Daily Use(Black),Beauty & Health
,2.3k+ sold recently,2.1,5.0,14.0,,,AYRMILLA Lashes 5 Pairs Natural False Eyelashes Fluffy Soft Dramatic 3D Mink Lashes Long Wispy Eyelash Multi-Layered Eyelashes Short Thick Fake Eyelash Extension Bulk Faux Cils Makeup Products Maquiagem Wedding Party & Club Daily Work Meeting Natural Fake Lashes Comfortable To Wear Band Eye Lashes  Handmade Upper Lash Winged End Eye Elongated Eyelashes Natural Realistic Eyelash Full Strip Lashes Lasting Volume Popular Make Up Beauty Tools Full False Lashes Eyelashes Extension Kit,Beauty & Health
,800+ sold recently,1.01,28.0,5.0,,,"Nude Short Press On Nails, Casual & Simple, Pure Light Yellow With Sparkle Design, Toe Nail Set, Full Cover, Suitable For Parties, Dance Parties, Daily Wear Nail Supplies",Beauty & Health
,6.2k+ sold recently,2.8,10.0,1.0,,,"15Ml Nail Tip Bonding Glue For Professional Salon, Professional Nail Glue For Nail Tips For Press On Nails Quick Dry Acrylic Nail Glue Strong And Durable, Extend Gel Nail, Removable",Beauty & Health
,300+ sold recently,4.8,2.0,1.0,,,"MAGEFY 20 Pairs Of Natural Full Mixed Style False Eyelashes,Thick Curling Fluffy Eyelashes For Party Use Manga Eyelashes,Travel Essentials",Beauty & Health
,1.0k+ sold recently,2.3,8.0,20.0,,,"24pcs/Set European And American Style White Silver Water Ripple Almond-Shaped False Nails, 1pc Jelly Glue, And 1pc Nail File Press On Nails Nail Supplies",Beauty & Health
,2.3k+ sold recently,5.4,11.0,10.0,,,600Pcs Full Cover Press On Nail Tips Stiletto Almond Square Coffin French False Fake Soak Off Gel Nail Extension Tips Capsule Press On Nails Nail Supplies,Beauty & Health
,1.8k+ sold recently,1.6,6.0,1.0,,,24Pcs Short Round False Nails Blue Pink Flowers With Glue Wearable Edging Fake Nail Press On Nails Full Cover Nail Tips Nail Supplies,Beauty & Health
,50+ sold recently,52.9,26.0,1.0,,,13*1 Lace Frontal + 130%-180% Density + 10-14 Inch + Deep Wave Short Bob Style + Human Hair Lace Wig,Beauty & Health
,400+ sold recently,0.5,64.0,6.0,,,24pcs False Nails Set Matte White Coffin/Ballerina Nail Art Tips With Jelly Glue & Nail File Press On Nails Nail Supplies,Beauty & Health
,1.8k+ sold recently,1.8,10.0,16.0,,,Add A Touch Of Elegant With 30pcs Short Almond Daily Classic Minimalist Japanese Style Cat's Eye Grey Naked Color Cute Sweet Glitter Full Cover Fake Nail Kit For Women And Girls Press On Nails Nail Supplies,Beauty & Health
,2.5k+ sold recently,1.7,6.0,4.0,,,24pcs Y2K Aesthetic Short Almond Star Pattern Full Cover Fake Nail Kit Press-On Manicure Gel Nails Suitable For Women And Girls Nail Supplies,Beauty & Health
,4.8k+ sold recently,1.8,5.0,1.0,,,"5 Pairs Of 12mm-14mm Plush Handmade 3d False Eyelashes For Enlarging Eyes, Reusable",Beauty & Health
,2.5k+ sold recently,1.35,10.0,10.0,,,Black Friday Nail Art Rhinestones Full Round Pearl Bead Mixed Size White Fashion Jewelry Ornament Designs For DIY Decoration Nail Bead Stones Nail Charms Nail Gems Nail Supplies,Beauty & Health
,6.5k+ sold recently,2.5,11.0,1.0,,,"8 Rows 96pcs Mixed Size Natural Fluffy Single Cluster 3d False Eyelashes In Blue Paper Box, C+d Curl, Used For Eye Extension",Beauty & Health
,4.8k+ sold recently,2.3,8.0,5.0,,,24 Pcs Pink And White French Press On Duck Nails Luxury Rhinestone Jewel And Flowers Press On Nails Fake Nails Pink Gift Box For Women And Girls Nail Supplies,Beauty & Health
,900+ sold recently,1.37,32.0,1.0,,,3 Pairs Russian Strip Lashes Fluffy Mink Lashes 3D False Eyelashes Russian Volume Eyelashes Fake Eyelashes Dramatic Messy Mink Lashes Wispy Long Foxy Eye Lifting Look Eyelash Extension Kit Full Eyelash Strip To Lengthen And Volumize The Outer Corner Of Your Eye Beauty Makeup,Beauty & Health
,300+ sold recently,5.9,8.0,1.0,,,10pcs Fruits Pattern Long Artificial Nails Durable & Never Splitting Comfort Fake Nails For Women And Girl Nail Salon,Beauty & Health
,900+ sold recently,1.6,11.0,4.0,,,"MAANGE 4pcs Triangle Powder Puff For Wet Use,Soft And Skin Friendly Makeup Puff,Makeup Tools Easy Carrying For Travel",Beauty & Health
,10+ sold recently,3.95,50.0,5.0,,,Wavy Synthetic Wig With Bangs Short Bob  Wigs Curly Wavy Shoulder Length  Wig Daily Colorful Wig,Beauty & Health
,600+ sold recently,2.0,9.0,1.0,,,"6pcs Self-Adhesive Nail Art Stickers With Cute Cat Design, Summer Manicure Decorations, No Glue Needed",Beauty & Health
,,3.4,26.0,4.0,,,Human Hair Air Bangs Light Brown Bangs Clip In Hair Extension Beginner Friendly Real Easy To Wear Dark Brown Color,Beauty & Health
,400+ sold recently,6.7,50.0,1.0,,,"1 Piece Synthetic Heat-Resistant Hairpiece In Curly  Brown Wig, 22 Inches Long, Made From Fiber, Suitable For Daily Use, Natural And Realistic Hairpiece.",Beauty & Health
,50+ sold recently,1.1,8.0,1.0,,,2 Pcs  Ice Cold Physical Cooling Patches,Beauty & Health
,1.4k+ sold recently,5.7,50.0,15.0,,,4PCS Clip in Hair Extensions 20inch Wavy Hair Extensions Clip ins Dark Brown Hair Extensions Full Head Synthetic Hair Pieces for Women Natural Luster,Beauty & Health
,2.6k+ sold recently,2.1,5.0,5.0,,,"Natural False Eyelashes, 3 pairs 12mm cute natural cat eye short eyelashes",Beauty & Health
,400+ sold recently,4.8,25.0,7.0,,,"Clip in Hair Extensions, LONAI 6PCS 24"" Long Black Brown with Highlight Straight Synthetic Clip On Hairpiece For Women Natural Hair For Daily Use Cosplay Party",Beauty & Health
,70+ sold recently,12.0,4.0,6.0,,,Water Wave Wigs With Bangs Pink Wigs 28 Inch Heat Resistant Fiber Long Wavy Deep Wave Synthetic Wigs For Women Party Daily Used,Beauty & Health
,1.3k+ sold recently,6.99,18.0,1.0,,,SHEGLAM Live To Roam Palette 8-Color Shimmer Matte Eyeshadow Palette Nude  Metallic Evenly Pigmented  Smooth  Blendable Eyeshadow Black Friday Brown Eyeshadow,Beauty & Health
,300+ sold recently,1.7,0.0,1.0,,,"1pair Cat Eye False Eyelashes,For Women Mom Wife Sister Teen Girl Friend,For Party Club",Beauty & Health
,2.8k+ sold recently,4.6,4.0,1.0,,,Azenlo Cluster Lashes 144 Individual Lashes Clusters Eyelash Extensions Individual  Lashes DIY Eyelash Extension Thin Band Wide Stem Lash Clusters With Applicator And Lash Bond And Seal Lash Extension Kit Mix 10-16mm Length C,Beauty & Health
,,49.99,21.0,1.0,#5 Best Sellers,in Makeup Sets,SHEGLAM Harry Potterâ¢ Full Collection Set Gryffindorâ¢ Slytherinâ¢ Hufflepuffâ¢ Ravenclawâ¢ Makeup Set Hogwarts Houses Makeup Kit New Years Gift Makeup Set,Beauty & Health
,900+ sold recently,1.8,5.0,1.0,,,"24pcs Glossy Medium Square Fake Nails, Pink Glitter French Tip Press On Nails With 3D Flower Rhinestones Design For Women Girls Manicure Nail Decorations Nail Supplies",Beauty & Health
,400+ sold recently,1.3,7.0,15.0,,,"2pcs Lovely Cat Animal Bunny 3D Soft Embossed Relief Self Adhesive Nail Art Stickers Cute Pretty Puppy Kitty Star Manicure Decals,Thin And Tough High Quality Nail Sticker DIY",Beauty & Health
,100+ sold recently,3.6,5.0,13.0,,,1pc Long Synthetic Hair Braid,Beauty & Health
,400+ sold recently,1.8,0.0,1.0,,,4 Battles full eyelashes thick curling 18mm fluffy and slim eyelashes party eye tail tail long,Beauty & Health
,700+ sold recently,1.05,50.0,1.0,,,"200pcs 40D Clustered Eyelashes, Natural Appearance Eyelash Extension, Individual Eyelashes, Mixed Tray, Synthetic Mink Eyelashes, Fine Single Root Eyelashes (9-14mm), D Curl Fluffy Clustered Eyelashes, Eyelash Extension Makeup",Beauty & Health
,3.9k+ sold recently,1.9,5.0,12.0,,,"24pcs Short 3D French White Gradient With Small Floral Print Rhinestone Toenail Set, With 1 Nail File And 1 Sheet Of Jelly Gel, Suitable For Women Daily And Party Wear Press On Nails Nail Supplies",Beauty & Health
,2.2k+ sold recently,5.6,7.0,1.0,,,"600pcs Clear Box Pack Square/Ballet/Water Drop/Full Cover False Nails For Nail Art, No Need To Polish Or Grind Press On Nails Nail Supplies",Beauty & Health
,100+ sold recently,1.4,7.0,4.0,,,DIY Eyelash Extensions 60 Clusters 9mm Manga Lashes Volume Individual Eyelashes Extensions Lash Clusters DIY At Home,Beauty & Health
,20+ sold recently,4.7,25.0,1.0,,,Virgin Human Hair Topper Light Brown Top Hairpiece Air Bangs Straight Bangs For Women Light Brown Color,Beauty & Health
,4.0k+ sold recently,4.6,4.0,1.0,,,"480pcs Lash Clusters Individual Cluster Lash Extensions DIY Multi-Type Mixed Wispy Faux Mink Eyelash Tray Bottom, Spike, Volume Lashes For Self Application At Home",Beauty & Health
,500+ sold recently,6.25,50.0,1.0,,,7JHHWIGS Ombre Blonde Curly Wig With Side Part Bangs Medium Length Wigs For Women Shoulder Length Hair Synthetic Natural Looking Wig For Girls Daily Party Use 18inch,Beauty & Health
,1.8k+ sold recently,4.5,4.0,1.0,,,"Leopard Square Makeup Bag , Travel Essentials",Beauty & Health
,5.5k+ sold recently,1.2,8.0,1.0,,,1pc 3d Silver Eye Liner Sticker For Face,Beauty & Health
,200+ sold recently,4.2,9.0,1.0,,,"Upgrade Your Look With 10pcs S/M/L-Sized 100% Handcrafted Lemon Nail Wraps, High-End Feel And Fresh Summer Style, Cute Nail Stickers With Lemon & Blush Designs, Detachable Press-On Nails For Personalized Girls' Style, Perfect For Summer Lemon Soda Party, Full Cover Press-On Nails Set, Ideal Gift For Girls, Moms And Women Entrepreneurs In Nail Industry, Whitening Nail Art Set, For Festivals, Parties, Dates, And Daily Wear Nail Supplies",Beauty & Health
,80+ sold recently,2.4,4.0,1.0,,,"12 Rows Of Close Graft Eyelashes,10-15mm With Longer Curls D Personal DIY Eyelashes Of Different Lengths,Natural Soft Handmade Eyelashes For Everyday Use,Manga Eyelashes For Travel",Beauty & Health
,200+ sold recently,1.6,11.0,1.0,,,"Y2K Spring/Summer Medium Ballet Nail Pale Pink & White Tie Dye Butterfly Strap Press-On False Nails With Nail Glue & Nail File (24pcs), High Gloss Finish, Nail Art Decoration, Comes With 1 Jelly Nail Glue & 1 Nail File Nail Supplies",Beauty & Health
,2.8k+ sold recently,3.3,6.0,1.0,,,"Volumized False Eyelashes, 7 pairs 20mm messy imitation wrap",Beauty & Health
,600+ sold recently,7.2,50.0,1.0,,,Multicolor 30 inch Extra Long Curly Wig With Bangs Brown Wigs for Women Daily Party Cosplay Wigs Synthetic Heat Resistant Wigs,Beauty & Health
,400+ sold recently,1.43,38.0,1.0,,,"5 Pairs Of Cartoon Fox Eye False Eyelashes - 3D Delicate Faux Mink Cat Eye Eyelash Strips, Create A Natural Cat Eye Look",Beauty & Health
,1.2k+ sold recently,1.08,33.0,1.0,,,"Gelhr 1pc Acrylic Nail Brush , Size 4/8/10/14 Acrylic Nail Brush, Suitable For Acrylic Application, Gradient Professional Nail Brush, Acrylic Powder And Acrylic Nail  DIY",Beauty & Health
,400+ sold recently,6.7,50.0,1.0,,,26 Inch Fashion Blue Long Straight Synthetic Wig With Bangs For Women Daily Party Cosplay Wig School Wear Wig,Beauty & Health
,100+ sold recently,2.7,4.0,5.0,,,6Pcs Hair Tinsel Clip In 20Inch Tinsel Hair Extensions Clip In Hair Tinsel Kit Heat Resistant Shiny Sparkle Glitter Hair Extensions Fairy Hair Accessories For Women Girls Kids (Red),Beauty & Health
,600+ sold recently,3.0,3.0,1.0,,,10 Pairs Clear Band Lashes Natural Cat Eye Lashes Faux Mink Eyelashes Fluffy Soft Wispy Fake Eyelashes Makeup Tools (ZN01),Beauty & Health
,700+ sold recently,8.0,50.0,10.0,,,Synthetic Heat Resistant 4*2 Lace Wigs Long Brown Mixed Blonde Loose Wavy Wig For Women Middle Part Curly Wavy Wig Natural Looking Synthetic Heat Resistant Fiber Wig For Daily Party Use,Beauty & Health
,,5.4,5.0,1.0,#10 Best Sellers,in Nail Art Equipments,"1pc UV Nail Dryer Lamp, LED Portable Nail Lamp With Adjustable 1 Gear, USB Powered Plastic Lamp, Rechargeable, Black, Suitable For Nail Salons And Home DIY",Beauty & Health
,10+ sold recently,4.0,7.0,1.0,,,"1pair/10pcs Hand-Painted Rose Lace French Style Gloves, Soft And Romantic Lace Trim, Lovely Women's Accessory, Simple But Chic, Reusable",Beauty & Health
,1.3k+ sold recently,4.8,8.0,4.0,,,"Nail Accessories Kit, Kawaii Mymelody Nail Rhinestone Gems For Manicure DIY Crafts Nail Charms Nail Supplies",Beauty & Health
,500+ sold recently,1.61,27.0,1.0,,,5 Pairs Eyelashes Faux Mink Eyelashes Long Lasting Fluffy Mink Lashes Dramatic Volume Lashes Extension Thick Long,Beauty & Health
,5.2k+ sold recently,2.9,3.0,8.0,,,Individual Lashes 120 Clusters DIY Manga Eyelashes Extensions Clusters  Natural Look False Eyelashes DIY At Home,Beauty & Health
,100+ sold recently,5.4,4.0,5.0,,,"18 Inch Marley Twist Hair For Twists, Cuabn Twist Hair Marley Braiding Hair, Afro Kinky Curly Crochet Hair Marley Hair For Faux Locs",Beauty & Health
,1.9k+ sold recently,1.5,6.0,7.0,,,"1 Pc Water Drop Shaped Velvet Soft Powder Puff, Triangle Pointed Makeup Tool For Foundation & Loose Powder",Beauty & Health
,1.1k+ sold recently,9.7,4.0,1.0,,,"7pcs/Set Lace Wig Glue Kit Lace Tint Melting Hair Mousse,3.8 Fl Oz Lace Tint Mousse For Women Wigs Toupees And Hairpieces Natural Finishing Lace Color, Lace Tint For Wigs Tool Set .Wig Install Kit 7Pcs(Hair Wax Stick,Lace Glue.Glue Remover.Edge Control)",Beauty & Health
,500+ sold recently,3.9,7.0,1.0,,,"1pair (10pcs) Colorful Rhinestone Full Nail Nail Art Tips, Luxurious Handmade Reusable Manicure Jewelry Press On Nails Nail Supplies",Beauty & Health
,,14.3,1.0,1.0,,,"HAIRCUBE Synthetic Heat Resistant Wigs 26 inch brown gradient light gold long curly hair, beautiful and elegant fashionable women's wig",Beauty & Health
,2.6k+ sold recently,2.99,25.0,1.0,,,SHEGLAM Fairy Wand Precision Highlighter Pencil-EtherealÂ  Shimmer Gel Highlighter Pencil Long Wear Brighten Eyes Silky Smooth Blendable White Cream EyelinerÂ  Eye Make Up Y2K White Black Friday Eyeliner,Beauty & Health
,100+ sold recently,2.16,23.0,1.0,,,"1 Piece Of Girls' College Style Cosmetic Bag, Contrasting Color Plaid Large Capacity Makeup Storage Bag, Clutch Bag",Beauty & Health
,300+ sold recently,2.3,8.0,5.0,,,"Gel Nail Polish 1Pcs10ml,Y2K Japanese French Style  Ice-Through Nude Gel Polish, Universal Base Color,Summer Nails,  Basic Nail Polish Gel, Suitable For Travel, Gift For Women And Girls, Home DIY Nail Salon",Beauty & Health
,1.0k+ sold recently,0.72,52.0,1.0,,,"Instantly Upgrade Your Look With 24pcs Medium Square Rose Pink And Nude Two-Tone Manicure With Black Lines And Heart Prints Full Cover Fake Nail Kit .1pc Nail File & 1Nail Glue Sticker Kit Nails For Girl Mother Women Gift And Nails Supplies &Wholesale ,Whitening Nail Art Set With Detachable Fake Nails For Festival, Party, Date And Daily Wear Press On Nails",Beauty & Health
,1.8k+ sold recently,1.9,5.0,1.0,,,"1 Boxes Colorful Bow-Knot Nail Stud Rhinestones Crystal, 3D Bow-Knot Colorful Nail Charms Set For Nail Stones Design Decoration Jewel Stones Nail Art Rhinestones DIY Nail Gems Nail Supplies",Beauty & Health
,2.0k+ sold recently,5.49,21.0,1.0,,,SHEGLAM | Corpse Bride Beaming Butterfly Highlighter Blue White Gothic Highlighter,Beauty & Health
,1.2k+ sold recently,3.4,8.0,1.0,,,"10pcs Purely Handmade Long Coffin-Shaped False Nails In Light Blue Crystal Butterfly, White Camellia Pearl And Rhinestone Decoration With Delicate Hand-Drawn Lines, Removable, Full-Covering, Ideal For Parties, Dance Parties And Daily Wear, Easy And Repeated Application With Press-On Design And Comes With 1pc Jelly Gel And 1pc Nail File",Beauty & Health
,1.9k+ sold recently,5.6,7.0,4.0,,,"1pc Sanrio Cartoon Makeup Bag Stationery Bag Cute Travel Portable Portable Travel Makeup Storage Bag, Waterproof, Outdoor Bag, Seaside Camping Bag, Sanrio Hello Kitty ,Sanrio Kuromi ,Sanrio My Melody",Beauty & Health
,500+ sold recently,6.05,50.0,1.0,,,HAIRCUBE 24 Inch With  Wave Gorgeous Fashion  Synthetic Mechanism Wig Multicolor Fashion Long Curly Hair For Woman For Daily Life.,Beauty & Health
,1.3k+ sold recently,4.99,23.0,5.0,,,Rick and Morty X SHEGLAM Family Counseling Lip Gloss-Rick,Beauty & Health
,20+ sold recently,38.1,4.0,1.0,,,"HAIRCUBE 13*4*1 T Part Lace Wigs, 26 And 30 Inch Long Ombre Black Red Wavy Curly Wigs Synthetic Lace Wigs For Party Daily Use",Beauty & Health
,1.0k+ sold recently,1.2,0.0,1.0,,,1 pair of complete eyelashes thick curling 19mm fluffy and slim eyelashes party,Beauty & Health
,100+ sold recently,1.6,6.0,1.0,,,"60 Clusters Of Fishtail Segmented Mixed Style Eyelashes,8-10-12mm With Longer Curls C Personal DIY Eyelashes Of Different Lengths,Natural Soft Handmade Eyelashes For Everyday Use,Manga Eyelashes For Travel",Beauty & Health
,300+ sold recently,1.7,6.0,1.0,,,24pcs Almond Nail Presses Pink & Pink Butterfly & Cute Simple Style Charm Easy To Apply Perfect For Everyday And Special Occasions Press On Nails Nail Supplies,Beauty & Health
,4.4k+ sold recently,1.3,7.0,15.0,,,"1pcs 7ML white Color Gel Nail Polish Neon Gel Varnish Semi Permanent Nail Art UV/LED Gel Varnish, For Home Salon Nail Art DIY",Beauty & Health
,300+ sold recently,3.0,3.0,1.0,,,8 pairs +1 brush+1 mule complete eyelashes thick curls 17mm fluffy and slim eyelashes Daily eye tail stretch,Beauty & Health
,40+ sold recently,3.8,5.0,1.0,,,1pc Neon Lime Synthetic Hair Braid,Beauty & Health
,300+ sold recently,6.55,50.0,1.0,,,ash grey to blonde gradient romantic 26inch long wavy hair with bangs synthetic wigs for women daily use party vacation holiday natural romantic sexy elegant simple casual halloween Christmas cosplay heat resistant fake hair,Beauty & Health
,200+ sold recently,1.6,6.0,1.0,,,"Get Charm 24pcs Medium Almond Shaped Nails With Hollowed-Out Golden Edge, French Marble Pattern Gradient, Including One Nail Jelly And One Nail File, Suitable For Women And Girls, For Party, Dance, Daily Wear. Press On Nails Nail Supplies",Beauty & Health
,200+ sold recently,2.72,44.0,1.0,,,1ps Quilted Flower Makeup Bag Flower Zipper Makeup Bag Cute Print Flower Storage Organizer Makeup Accessory Toiletry Bag Large Capacity Makeup Bag,Beauty & Health
,1.1k+ sold recently,2.4,8.0,7.0,,,"24pcs/Set Gradient Pink Coffin Shaped French 3d Rhinestone Decor Nail Art Full Wrap Decals With 1pc Nail File, 1pc Jelly Glue. Perfect Gift For Elegant Women And Girls. Press On Nails Supplies",Beauty & Health
,200+ sold recently,2.0,9.0,1.0,,,"Minimalism Cute White Flower Green Border 3D French Sweet Style 24pcs Medium To Long Almond-Shaped False Nails Set, Suitable For Office Ladies, Daily Dates, Afternoon Tea, And Outdoor Activities",Beauty & Health
,,79.6,26.0,1.0,,,Swiss Transparent Lace Deep Wave 13 X 4 Lace Front Wigs Human Hair Lace Frontal Closure Wigs With Baby Hair Pre Plucked Natural Hairline Wig Natural Black Color,Beauty & Health
,100+ sold recently,2.7,4.0,1.0,,,5 pairs of install clear stem slim false eyelashes 6-13mm,Beauty & Health
,800+ sold recently,3.6,3.0,1.0,,,"Volumized False Eyelashes, 7 pairs 21mm thick exaggerated imitation wrap",Beauty & Health
,900+ sold recently,4.2,7.0,1.0,,,ROMWE Goth 10pcs Long Coffin Angel & Rhinestone Decor Fake Nail Kit,Beauty & Health
,1.1k+ sold recently,0.86,57.0,1.0,,,"24pcs Shiny Square Fake Nails With Green And Glittering Cat Eye Effect, Full Coverage, Reusable, Suitable For Women Daily Wear Press On Nails Nail Supplies",Beauty & Health
,1.0k+ sold recently,7.2,4.0,9.0,,,2 Pcs Long Braided Ponytail Extension with Hair Tie Straight Wrap Around Hair Extensions Ponytail Natural Soft Synthetic Hair Piece for Women Daily Wear 26inch 30inch 34 Inch Black,Beauty & Health
,300+ sold recently,6.9,50.0,1.0,,,"1 Piece Synthetic Heat-Resistant  Multi Color Wigs, 28 Inches Long, Made From Fiber, Suitable For Daily Use, Natural And Realistic False Hair (Excluding Accessories)",Beauty & Health
,2.3k+ sold recently,1.01,37.0,1.0,,,Upgrade Your Look With 24PCS Long Square French Fake Nails Butterfly Flower Press On Nails Full Cover Pearls False Nails For Women And Girls Nail Supplies,Beauty & Health
,400+ sold recently,3.2,3.0,4.0,,,"1Pc Pink Floral Plush Fresh Style Zipper Makeup Bag, Portable Travel Cosmetic Accessory Organizer Pouch For Women And Girls, Can Hold Cellphone, Earphone, Cushion, Eyes, Lipstick, Etc.Makeup Bag Makeup Pouch Skincare Bag Toiletry Bag Packing Cubes,Travel Essentials Cruise Essentials Dorm Essentials",Beauty & Health
,3.0k+ sold recently,1.6,11.0,1.0,,,"7.5ml ABS Builder Gel, Packaged In A Single Black Plastic Bottle, Features A Professional Formula And A Sleek, Minimalist Design. This Gel Effectively Lengthens Nails, Providing A Refined Appearance For Shorter Nails And Creating More Space For Intricate Nail Designs. It Enhances Nail Hardness, Preventing Breakage And Peeling, Ultimately Strengthening Overall Nail Integrity. The Gel Smoothens Uneven Nail Surfaces, Resulting In A Natural And Transparent Look That Easily Complements Various Nail Design Styles. Its Flexibility Allows For The Creation Of Different Shapes, Adding Depth And Dimension To Nail Art. Suitable For Both At-Home DIY Enthusiasts And Professional Nail Studios.",Beauty & Health
,200+ sold recently,11.4,3.0,1.0,,,Short Curly Synthetic Wig With Bangs,Beauty & Health
,200+ sold recently,7.1,50.0,1.0,,,28 Inch Long Curly Wig With Bangs Synthetic Wig Beginners Friendly Heat Resistant Fashionable For Daily Use Halloween Wedding Party Wear Music Festival Mother's Day Gift Hot Sale,Beauty & Health
,1.1k+ sold recently,1.7,6.0,5.0,,,"Upgrade Your Look With 24pcs Short Stiletto Nail Tips, Colored Crocodile Patterns, Graffiti Clashing Fish Scale Patterns, French Wearable Nail Art. Comes With 1 Nail File And 1 Jelly Gel. Perfect For Parties, Dances, And Everyday Wear. Press On Nails Nail Supplies",Beauty & Health
,1.8k+ sold recently,3.0,9.0,11.0,,,12 Grids Red Crystal Nail Rhinestone Flat Back Mixed Shape Glitter Diamond Gem Nail Art Decorations For DIY Nail Art Design Nail Charms Nail Gems Nail Supplies,Beauty & Health
,20+ sold recently,40.4,26.0,1.0,,,Transparent Lace Short Straight Pixie Cut Bob Wigs 13 X 4 Lace Front Natural Black Color Human Hair Wigs 150 Density Short Bob Lace Frontal Closure Wig Remy Human Hair,Beauty & Health
,3.3k+ sold recently,1.8,10.0,16.0,,,Instantly Upgrade Your Look With 24pcs Medium Oval French Style Simple Daily Classic Solid Color White Laser Full Cover Fake Nail Kit For Women And Girls Press On Nails Nail Supplies,Beauty & Health
,300+ sold recently,26.0,0.0,1.0,,,Flower Knows Strawberry Rococo Embossed Blush - 03 Classic Ballet makeup,Beauty & Health
,800+ sold recently,0.95,37.0,6.0,,,24pcs Long Almond Press On Nails With Blue French Edge Simple Design Tips Fake Nails Art Nail Press Ons Handmade For Women And Girls Nail Supplies,Beauty & Health
,300+ sold recently,4.0,7.0,1.0,,,"10pcs Handmade Press On Nails,Fantasy Butterfly Sparkling Rhinestone Fake Nail Design, Contrasting Color Design And Flashing Love Butterfly, Suitable For Women And Girls, Handmade Fake Nails, Gift For Girls And Ladies Nail Supplies",Beauty & Health
,200+ sold recently,3.4,11.0,10.0,,,"3 Pcs Foam Quilted Makeup Bag,Cute Women's Cosmetic Bag, Flower Aesthetic Print Pattern Cosmetic Pouch Set, Travel Toiletries Organizer Bag",Beauty & Health
,1.1k+ sold recently,1.7,11.0,1.0,,,"24pcs Long Square Shape Lovely Style White French Style With White Flowers Silver Little Beads 3D False Nails With 1 Nail File And 1 Jelly Gel, Suitable For Daily Use And Parties/Wedding For Women Press On Nails Nail Supplies",Beauty & Health
,1.9k+ sold recently,1.4,7.0,7.0,,,24pcs/Set Short French Style Fresh Fruit Pattern Nail Art With 1pc Nail File And 1pc Jelly Glue Press On Nails Nail Supplies,Beauty & Health
,900+ sold recently,1.9,5.0,1.0,,,DIY 200pcs 8-16mm D Clusters Segmented False Eyelash With Tweezers Lash Glue Eyelash Grafting Kit Bond And Seal Lash Extension DIY Eye Makeup,Beauty & Health
,10k+ sold recently,2.0,5.0,13.0,,,Cat Eye Eyelashes 5 Pairs Clear Band False Eyelashes Fox Eye Lashes Faux Mink Lashes Natural Look Eyelashes Lash Extension Makeup (BX03),Beauty & Health
,10+ sold recently,15.9,26.0,1.0,,,1pc Claw Clip Kinky Straight Ponytail Human Hair Extension Natural Black Color Extensions For Women Daily Use Easy To Wear Natural Black Color,Beauty & Health
,10+ sold recently,10.7,4.0,1.0,,,"1pc Spanish Language Wrist Blood Pressure Monitor With Lithium Battery And USB Cable, Adjustable Cuff Blood Pressure Monitor For Home Use, Big Screen Display And Voice Reporting Of Heart Rate Measurement",Beauty & Health
,1.8k+ sold recently,4.96,20.0,1.0,,,100% Kolinsky Sable Hair Oval Nail Art Brushes Kolinsky Acrylic Pink Wooden Handle Application Nail Art Manicure Tool,Beauty & Health
,,27.9,4.0,1.0,,,Portable Multi Functional Rechargeable Massager Vibration Massage Hammer Handheld Electric Percussion Soothing Muscles Massager,Beauty & Health
,3.3k+ sold recently,2.3,4.0,1.0,,,"Natural False Eyelashes, 7 pairs 11mm natural cat eye eyelashes",Beauty & Health
,1.4k+ sold recently,1.1,8.0,1.0,,,24pcs/Set Romantic Red Simple Style Almond-Shaped False Nails For Finger Wear + 1pc Nail Buffer + 1pc Jelly Gel Press On Nails Nail Supplies,Beauty & Health
,1.2k+ sold recently,2.9,6.0,9.0,,,"A Piece/Set Of Small Floral Print Casual Travel Toiletry Bag, Pencil Case, Coin Purse, Large Capacity Pencil Bag, And Storage Bag, Suitable For Women Traveling With Makeup Tools And Toiletries, Ideal For Organizing Lipsticks, Glasses, Sanitary Napkins, As A Gift For Friends And Teachers, Can Also Be Used As Home Decoration, Bathroom/Living Room/Bedroom Decoration, Bathroom Organizer, Jewelry Organizer, And Nail Polish Holder.",Beauty & Health
,2.7k+ sold recently,2.5,7.0,1.0,,,"Short Almond /Short Coffin/Short Square/Other Shapes Style Boxed Acrylic Nail Tips - 216pcs, 12 Sizes, Half Frosted, Perfect For Home DIY Or Gifting - Women's Nail Care Essential Press On Nails Supplies",Beauty & Health
,2.3k+ sold recently,1.44,20.0,14.0,,,24PCS Short Nails White French Tips Medium Square Press On Nails 3d Butterfly Rhinestone Fake Nails For Women And Girls,Beauty & Health
,2.0k+ sold recently,1.8,10.0,1.0,,,5pcs Pink Acrylic Nail Design Practice Stands With 1pc Clear Base Holder Magnetic Nails Holders Training Fingernail Display Stands Diy Nail Crystal Holders For Home Nail Salon,Beauty & Health
,3.1k+ sold recently,2.6,4.0,1.0,,,"10 Pairs  Manga Lashes Comic Lashes, Multilayer Natural Cross Thick False Eyelashes, Beautiful Fashion Professional Curling Lashes",Beauty & Health
,400+ sold recently,3.2,3.0,1.0,,,Betty Boop | ROMWE Heart Shaped Cushion Airbag Hair Comb Valentine Gift Set Portable Massaging Comb In A Gift Box,Beauty & Health
,,38.6,26.0,1.0,,,Straight 13 X 4 X 1 Lace Front Wig Transparent Lace Front Wigs Straight Pixie Cut Short Human Hair Wig With Natural Hairline Ombre Color,Beauty & Health
,,4.1,5.0,1.0,#10 Best Sellers,in Individual Eyelashes,"280 Individual Cluster 9-16mm False Eyelashes, Natural Looking & Lightweight, Easy To Apply For Daily Use, Makeup Accessories",Beauty & Health
,1.3k+ sold recently,1.5,6.0,1.0,,,"4pcs Y2K Aesthetic Medium Square Head Blue Gradual Change Cat Eye Covering Full Finger Nail Art Set, Suitable For Women And Girls Daily Wear And Parties Press On Nails Nail Supplies",Beauty & Health
,,2.3,4.0,1.0,,,"1pc Unisex Full Arm Temporary Tattoo Sticker, Waterproof & Sweatproof, Black & White European And American Style, Long-Lasting And Realistic, Black Friday",Beauty & Health
,10+ sold recently,6.1,5.0,6.0,,,Claw Clip Long Wavy Ponytail Extension For Women 20 Inch Fluffy Synthetic Hairpiece Natural Soft Daily Use(Brown Black),Beauty & Health
,30+ sold recently,13.5,4.0,1.0,,,"1 piece synthetic heat-resistant ,long straight hair wig in Natural pink Wigs, With Bangs, 22 inches long, fully machine woven daily natural realistic wig natal christmas christmas decor ano novo y2k enfeite de natal gifts flash sale fiesta black fridayÂ  flash sale offerte speciali",Beauty & Health
,300+ sold recently,4.1,9.0,5.0,,,"6Pcs/Set Gel Nail Polish Set, 7.3ml Macaron Candy Color Gel Polish Set, Summer Color Gel Polish, Semi Permanent Varnishes , Uv Led Soak Off Gel Polish, Manicure At Home Diy Manicure Salon Women Gift",Beauty & Health
,30+ sold recently,47.3,26.0,1.0,,,Glueless Short Bob Wig 6x4 Transparent Lace Frontal Human Hair Wig Pre Plucked Ready To Wear And Go Bleached Knots,Beauty & Health
,500+ sold recently,15.3,4.0,1.0,,,14Inch Curly Wigs for women Bomb Curly Wig with Bangs Synthetic Fiber Glueless Long Kinky Curly Hair,Beauty & Health
,,1.0,0.0,1.0,,,1sheet Floral Pattern Nail Art Sticker,Beauty & Health
,,13.79,30.0,1.0,#9 Best Sellers,in Human Bundles & Closures,1pc Kinky Curly Natural Black Color Human Hair Bundles 1 Bundle Hair Extension Hair Weave Double Weft Bundles Extension,Beauty & Health
,2.7k+ sold recently,0.96,40.0,19.0,,,"24pcs Simple And Fashionable French Style Solid Color False Nails Pre-Designed And Self-Adhesive Set, Suitable For Students, Parties, Dance Parties, Shopping, Dating, And Daily Wear, Showing White Feet. Press On Nails Nail Supplies",Beauty & Health
,2.1k+ sold recently,3.7,5.0,1.0,,,"1Pc Flower Print Zippered Makeup Bag Cute Floral Cosmetic Bag Y2K Aesthetic Portable Toiletry Bag,Makeup Bag Makeup Pouch Skincare Bag Toiletry Bag Packing Cubes,Travel Essentials Cruise Essentials Dorm Essentials,Wedding Bridesmaid Gifts,Mom Gifts,Birthday Gifts,Gifts For Friends And Teachers,Home Decor,Bathroom Livingroom Bedroom Decor,Bathroom Organizer,Jewelry Organizer,Lip Oil Organizer,Nail Polish Organizer Storage Makeup Organizer Makeup Case",Beauty & Health
,1.0k+ sold recently,7.5,4.0,22.0,,,Clip In Hair Extensions Ombre 16 CLips 24 Inch Long Water Wave Hair Extension For Girl Women Full Head Synthetic Hair Extensions Hairpieces,Beauty & Health
,3.0k+ sold recently,2.3,4.0,1.0,,,"7pairs Brown Gradient & Transparent Stem & Cross Style False Eyelashes For Work, Leisure & Party, 0.4-1.5cm Length",Beauty & Health
,200+ sold recently,4.75,50.0,1.0,,,"Dreadlock Hair Dreadlock Wig Topper Wig With Clips In, Synthetic Locs Braided Hair Half Wigs, Short Dreadlocs Hair Toupee Afro Wigs For Man",Beauty & Health
,1.7k+ sold recently,0.87,42.0,10.0,,,"24 Sweet Cherry Blossom Red Printed Coffin Full Cover Fake Nails, French White, Suitable For Women's Daily Wear, 1 Nail File And 1 Nail Glue Sticker Kit, Suitable For Girls Mother Female Gift And Nail Supplies Wholesale, Whitening Nail Art Set, Removable Fake Nails, Suitable For Festivals, Parties, Dates And Daily Wear Press On Nails",Beauty & Health
,5.0k+ sold recently,2.9,3.0,1.0,,,10 Pairs Russian Strip Lashes Natural Looking Soft & Fluffy Mink Lashes 3D False Eyelashes Russian Volume Eyelashes Fake Eyelashes Dramatic Messy Mink Lashes Wispy Long Foxy Eye Lifting Look Eyelash Extension Kit Full Eyelash Strip To Lengthen And Volumize The Outer Corner Of Your Eye Beauty Makeup,Beauty & Health
,10+ sold recently,6.4,27.0,1.0,,,"Beauty Of Joseon Dynasty Cream Hydrating Face Moisturizer For Dry, Sensitive Skin, Korean Skincare For Men And Women 50ml, 1.69 Fl.Oz",Beauty & Health
,2.0k+ sold recently,3.1,9.0,8.0,,,"Nail Art Decorations Set - Acrylic Rectangle Bubble Solid Double Row Magnet With 1 Base + 10 Aurora Color Finger Holder Practice Stand, Resin Crystal Steel Beads, Rhinestone, Vintage Japanese & Korean Style Laser Flower Diy Home & Salon Use For Women, Mom, Sisters, Wives & Girlfriends On Valentine's Day And Weddings.",Beauty & Health
,1.5k+ sold recently,1.72,25.0,4.0,,,"Velvet Matte Lip Gloss,Mist Long-Lasting Wear Natural Nude Lip Mud Non-Stick Cup Liquid Lipstick Highly Pigmented Lip Glaze",Beauty & Health
,700+ sold recently,4.99,23.0,5.0,,,Rick and Morty X SHEGLAM Family Counseling Lip Gloss-Beth,Beauty & Health
,2.2k+ sold recently,3.9,7.0,1.0,,,"150pcs False Nails Set Of 5 Colors (French Square, Stiletto, Oval, Coffin) Wearable & Removable Fake Nails For Nail Art And Manicure Without Leaving Traces Press On Nails Nail Supplies",Beauty & Health
,5.1k+ sold recently,1.3,7.0,6.0,,,"24pcs Medium Long Almond Shaped Minimalist White French Full Cover False Nails, Suitable For Ladies And Girls French Tip Press On Nails Nail Supplies",Beauty & Health
,,26.5,26.0,5.0,,,1Pc Ribbon Tie Wrap Around Straight Ponytail Human Hair Extension 12P613# Extensions For Women Daily Use Easy To Wear,Beauty & Health
,1.3k+ sold recently,2.9,3.0,1.0,,,"Cat Eye False Eyelashes, 7 pairs 13mm cross-messy short eyelashes",Beauty & Health
,30+ sold recently,41.4,26.0,12.0,,,20pcsÂ StraightÂ TapeÂ In 100% HumanÂ HairÂ Extension For Salon Silky Seamless Invisible Balayage Dark Blonde To Highlight Bleach Blonde For Thin Hair Woman Natural Look Top Quality Highlight Color Tape In Hair Tape Ins,Beauty & Health
,1.8k+ sold recently,1.6,6.0,1.0,,,Black Friday 6 Grids White Pink Flower Nail Charms Elegant Nail Art Decoration With Beads Pearl Gems DIY Jewelry Nail Part DIY Manicure Accessories For Women Girls Nail Supplies,Beauty & Health
,900+ sold recently,2.5,4.0,1.0,,,"Tattoo Ink, 30ml Black Professional Cosmetic Permanent Makeup Pigment, 1 Bottle 1oz",Beauty & Health
,6.5k+ sold recently,2.4,11.0,12.0,,,"48pcs/Set Medium-Sized Square-Shaped White-Tipped French Style False Nails & Toenails Set, Add Charm To Your Fingertips & Toes, Suitable For All Women, Come With Free Gel Nail File Press On Nails Nail Supplies",Beauty & Health
,,32.7,26.0,1.0,,,Transparent Lace Pixie Cut Curly 13 X 1Â Lace FrontÂ  Wig 150% Density Short Human Hair WigsÂ 6 InchÂ Multi Color 1BÂ  99J Ombre Color,Beauty & Health
,40+ sold recently,27.8,26.0,1.0,,,Pixie Cut 13 X 1 Short Curly Lace Frontal Wigs Virgin Human Hair Pre-Plucked Hairline Bleached Knots With Baby Hair 150% Density Natural Black Color For Women,Beauty & Health
,50+ sold recently,6.2,50.0,4.0,,,24 Inch Synthetic Brown Ombre Straight Bob Wigs With Bangs For Women Natural Looking Heat Resistant Fiber Wigs For Daily Cosplay Party School Wear,Beauty & Health
,10+ sold recently,4.7,25.0,1.0,,,Virgin Human Hair Topper Light Brown Top Hairpiece Air Bangs Straight Bangs Without Sideburn For Women Light Brown Color,Beauty & Health
,1.4k+ sold recently,1.9,0.0,1.0,,,1pc Moisturizing Lipstick With Mirror Finish,Beauty & Health
,800+ sold recently,1.4,7.0,1.0,,,"Manga Lashes, 1pair Volumized 3D False Eyelashes",Beauty & Health
,600+ sold recently,1.84,12.0,9.0,,,2pcs 5D Acrylic Colorful Graded Five-Petal Flowers Butterfly Nail Art Stickers Embossed Design Slider Decals Summer Manicure Sticker DIY,Beauty & Health
,900+ sold recently,6.6,50.0,1.0,,,Burgundy Long Curly Wig With Bangs 24 inch Red Natural Wavy Synthetic Wigs For Women Fashion Daily Party Halloween Wigs,Beauty & Health
,3.1k+ sold recently,4.99,17.0,12.0,,,SHEGLAM Pout-Perfect Shine Lip Plumper-Berry Season Moisturizing Plumping Solid Lip Gloss Non-Stick Nourishing Lip Plumping Serum Coconut Oil  Lipstick  Lip Cosmetics Gift Purple Lip Plumper,Beauty & Health
,2.5k+ sold recently,1.7,11.0,4.0,,,"24Pcs/Set Press On Nails Long Square White French Acrylic Nails Tips European Style 3D Flower Design Fake Nail,Contains 1pc Jelly Glue And 1pc Nail File,Suitable For Women And Girls Daily Life And Party Use Nail Supplies",Beauty & Health
,,3.9,7.0,1.0,,,"10pcs Ice Transparent 3D Fruit Watermelon Pineapple Star Hand Press On Nails, Cute Dopamine Summer Refreshing Short Square False Nails, Full Coverage False Nails With Jelly Glue And Nail File, Girls DIY Manicure Nail Supplies",Beauty & Health
,400+ sold recently,3.8,10.0,1.0,,,"10PCS Handmade Press On Nails Japanese All-Match Pink Ultra-Glitter Mid-Step False Nails, Suitable For Spring And Summer Popular Pure Lust False Nails, Suitable For Daily Wear Of Ladies And Girls, Reusable False Nails Supplies",Beauty & Health
,1.2k+ sold recently,1.08,28.0,1.0,,,24pcs/Set Natural Matte Almond Shape Green Floral Summer Press On Nails With 1pc Nail File & 1pc Jelly Gel Nail Supplies,Beauty & Health
,,5.0,50.0,1.0,#6 Best Sellers,in Synthetic Woven Wigs,Natural Black Short Straight Bob Wig With Bangs Synthetic Wig For Daily Party Use 12 Inch,Beauty & Health
,,69.79,30.0,1.0,#2 Best Sellers,in WEAR GO Beginner-Friendly Wigs,Glueless Hd Lace Front Straight Bob 6 X 4 10-14 Inch Short Human Hair Wig 180% Natural Color Lace Closure Wigs Preplucked Melted Hairline Silky Wear & Go Beginner Friendly,Beauty & Health
,300+ sold recently,8.88,60.0,1.0,,,Morovan 3Pcs 15ml Nail Dehydrator And Nail Primer With Cuticle Oil Set - Professional Nails Prep Dehydrator And Primer Kit Long Lasting X-Strength Acid-Free Nails Primer,Beauty & Health
,500+ sold recently,5.7,65.0,4.0,,,Camel Waterproof PU Leather Multifunctional Makeup Bag Double-Layer Large Capacity Portable Travel Cosmetic Bag Toiletries Storage Bag With Handle For Woman Dividers PU Makeup Bag Brush Storage Bag Men Business Wash Bag,Beauty & Health
,500+ sold recently,4.45,37.0,11.0,,,Clip In Hair Extensions 16 Clips 22 Inch 7pcs Set Black Long Straight Hair Extension For Women Synthetic Hair Extensions Hairpieces,Beauty & Health
,80+ sold recently,2.4,4.0,11.0,,,5pcs Set Colorful Clip In Synthetic Hair Extension Long Straight  For Women Girls With Cosplay,Beauty & Health
,100+ sold recently,0.56,60.0,1.0,,,10g Holographic Silver Powder Nail Glitter Bulk Fine Dust Decorations Nail Art Accessories Supplies For DIY Crafts Materials 0.2mm,Beauty & Health
,2.3k+ sold recently,1.4,13.0,1.0,,,3pcs Black White Pink Star Nail Sticker Heart Nail Charm Self-Adhesive Slider Silver Chrome Gel Polished Decal Kawaii Accessories Y2K-Style Nail Art Decals Nail Design Manicure Tips Nail Art Decorations Nail Stickers DIY,Beauty & Health
,20+ sold recently,23.9,26.0,1.0,,,1pc Drawstring Ponytail Straight 1B Natural Black Color Remy Human Hair Extension Top QualityÂ Daily Use,Beauty & Health
,3.1k+ sold recently,0.85,50.0,6.0,,,Instantly Upgrade Your Look With24pcs Medium Square Pink Emerald Green Halo Dyeing Gradient Shiny Gold Foil Full Cover Fake Nail For Women And Girls Press On Nails Nail Supplies,Beauty & Health
,1.2k+ sold recently,8.3,11.0,1.0,,,240Pcs/Box Nail Mixed Kawaii Resin Cute Decorations Multi-Designs Nail Art 3D DIY Crafts Accesories Nail Charms Nail Gems Nail Supplies,Beauty & Health
,,35.51,20.0,1.0,,,"Led Face Mask Light Therapy, 7 Colors LED Light Therapy Mask For Facial Skin Care, Colorful LED Beauty Mask, Led Mask Therapy Facial",Beauty & Health
,700+ sold recently,2.9,6.0,1.0,,,"MAGEFY 8 Pairs Of Natural Full False Eyelashes With Carrying Case,Thick Curling Fluffy Eyelashes For Party Use Manga Eyelashes, Travel Essentials",Beauty & Health
,,1.4,7.0,1.0,#9 Best Sellers,in Lip Liner,"Waterproof Lip Liner Matte Finish Sandy Brown Outline Lipstick Pen, Waterproof Resistance And Sweatproof Long-lasting Lip Liner Pen, Instant Plump Effect Lipstick Pen",Beauty & Health
,200+ sold recently,1.4,7.0,1.0,,,Instantly Upgrade Your Look With 24pcs Long Coffin French Style With Blue Border Love Pattern Blush Fake Nail & 1pc Nail File & 1sheet Tape Press On Nails Nail Supplies,Beauty & Health
,,5.0,4.0,1.0,#8 Best Sellers,in Eyelashes Set,"100pcs 60/80/100d Style 10-18mm Length Diy Partial Section Eyelash Set (With Tweezers And Eyelash Glue Remover), Reusable And Easy To Wear, Compatible With Various Styles",Beauty & Health
,300+ sold recently,26.99,29.0,1.0,,,SHEGLAM Lunar Glow Highlighter Set,Beauty & Health
,,13.3,4.0,1.0,#4 Best Sellers,in Tattoo Needles,Tattoo Cartridges 50pcs/Box RL RS RM M1 Size Professional Disposable Purple Needle Permanent Eyebrow Lip Makeup Needles For Tattoo Machine Pen,Beauty & Health
,400+ sold recently,1.1,0.0,1.0,,,"Tattoo Sticker,1 Sheet Five-pointed Star Temporary Tattoos For Women,Tattoo Stickers Adults,Realistic Tattoo Star,For Women and Girls Black Friday",Beauty & Health
,1.3k+ sold recently,0.46,65.0,4.0,,,50pcs Black Resin Bowknot Design 3d Nail Art Decoration With Rhinestone Nail Accessory DIY Nail Charms Nail Gems Nail Supplies,Beauty & Health
,,3.2,3.0,1.0,#10 Best Sellers,in Eyelashes Set,"Big Capacity Clustered Fluffy False Eyelashes - 30/40pcs, For Diy Application And Natural 3d Eye Lash Look",Beauty & Health
,100+ sold recently,6.95,50.0,1.0,,,"1 piece synthetic heat-resistant hairpiece in black-brown curly long curly with center part wig , 26 inches long, made from fiber, suitable for daily use, natural and realistic hairpiece.",Beauty & Health
,2.2k+ sold recently,1.8,25.0,9.0,,,Instantly Upgrade Your Look With 24pcs Long Square Elegant Pearl Love Metal Butterfly Star Water Rhinestone Design With Fresh Summer French Style Full Cover Fake Nail For Women And Girls Press On Nails Supplies,Beauty & Health
,1.5k+ sold recently,3.7,3.0,1.0,,,Slouchy Fish Tail 9-11mm D Curl Lash Extension Kit With Lash Bond And Seal Glue Clusters Eyelashes Makeup Tools DIY Lashes Extension Kit For Gluing Lashes,Beauty & Health
,1.1k+ sold recently,1.28,20.0,5.0,,,Upgrade Your Look With 24 Square Wearing Nails With Simple White French Style Edges Equipped With Jelly Glue One Nail File One Nail File For Women And Girls Press On Nails Nail Supplies,Beauty & Health
,50+ sold recently,5.15,50.0,5.0,,,"1 Piece Synthetic Heat-Resistant Straight Hairpiece In Cold Brown Wig With Short Curly Bangs  , 12 Inches Long, Made From Fiber, Suitable For Daily Use, Natural And Realistic False Hairpiece.",Beauty & Health
,100+ sold recently,56.56,30.0,1.0,,,Transparent Lace Front Pre Plucked 99J Deep Wave 13 X 4 Human Hair Wig 150% Density Frontal Wig ForÂ Women Burgundy Color,Beauty & Health
,60+ sold recently,1.5,50.0,1.0,,,GoGo Curl Crochet Hair 18 Inch 1B 1pack Long Curly Crochet Hair For Women 90g 20Roots Beach Curl Water Wave Deep Twist Crochet Braids Synthetic Braiding Hair Extensions,Beauty & Health
,2.2k+ sold recently,1.6,0.0,1.0,,,Crystal frozen mirror light lip glaze moisturizing glass lip gloss tender girl water light doodle lip jelly,Beauty & Health
,,12.1,0.0,1.0,#2 Best Sellers,in Hair Curling Irons,"CRASTS Star Maker 32mm/25mm Quick Heat Up One Button Switch Large Wavy Curling Wand 1039, Suitable For Home Or Travel",Beauty & Health
,60+ sold recently,38.9,26.0,1.0,,,Super Wave Bulk Human Hair For Braiding No Weft 100g (1Pack-4Bundles) 100% Natural Color Virgin Human Hair Super French Wet And Wavy Micro Braiding Human Hair For Boho Braids Super Bulk,Beauty & Health
,40+ sold recently,47.3,26.0,1.0,,,Wear And Go 6*4 Glueless Lace Closure Bob Wig Human Hair Natural Color Deep Wave Transparent Lace Ready To Wear Glueless Wigs For Women,Beauty & Health
,700+ sold recently,3.99,27.0,4.0,,,SHEGLAM Glam 101 Sheer Tinted Lipstick & Liner Duo-Blueberry Jam,Beauty & Health
,7.4k+ sold recently,3.1,6.0,1.0,,,"12 Rows Hot Melt 5d Fluffy False Eyelashes Bundle, Available In 80/100d Voluminous Or Cc Curl, Individual Eyelashes In Clusters Or Strips, Extensions For Lengthening Eyelashes, 10-20mm",Beauty & Health
,10+ sold recently,26.5,26.0,5.0,,,1Pc Ribbon Tie Wrap Around Straight Ponytail Colored Human Hair Extension 6# Extensions For Women Daily Use Easy To Wear,Beauty & Health
,600+ sold recently,1.5,6.0,1.0,,,100pcs Mixed Color 5-Petal Resin Gems With Iridescent Small Flowers 3D Glitter Nail Art Decoration DIY Nail Charms Nail Supplies,Beauty & Health
,,2.7,4.0,1.0,,,Pre Stretched Braiding Hair 26 Inch Professional Soft Yaki Braiding Hair For Twist Braids Hot Water Setting Synthetic Crochet Hair Extensions,Beauty & Health
,,73.4,26.0,1.0,#6 Best Sellers,in WEAR GO Beginner-Friendly Wigs,5x5 Loose Wave Wear Go Glueless Bob Wig Pre Cut Lace Honey Brown Highlight Human Hair Wigs 10 12 Inch 180%,Beauty & Health
,20+ sold recently,51.1,26.0,1.0,,,3pcs Deep Wave Bundles Natural Black Virgin Human Hair Hair Extension Human Hair Bundles Extension Top Quality Cheap 30 Inch,Beauty & Health
,100+ sold recently,2.3,4.0,1.0,,,Individual Lashes 120 Clusters Soft Ribbon Segmented False Bundles Eyelashes DIY Individual Clusters Lash Extensions,Beauty & Health
,3.8k+ sold recently,2.1,9.0,1.0,,,"120pcs/Bag New French Style Camel Color Wearable Nail Patch, Frosted, Seamless, Full Cover, Half Finished Press On Nails Nail Supplies",Beauty & Health
,700+ sold recently,2.9,6.0,1.0,,,36pcs Mixed Color Cherry Nail Charms With Rhinestones 3D Alloy Glitter Manicure Decoration DIY Nail Gems Nail Supplies,Beauty & Health
,50+ sold recently,15.9,26.0,1.0,,,1pc Claw Clip Loose Deep Wave Ponytail Human Hair Extension Natural Black Color Extensions For Women Daily Use Easy To Wear Natural Black Color,Beauty & Health
,10+ sold recently,2.4,8.0,1.0,,,"24pcs Y2K Pink Leopard Print French Style 3D Flower Inlaid Rhinestone Duck Bill Press On Nails, Sweet Style For Women And Girls Daily Wear",Beauty & Health
,,25.7,26.0,1.0,,,Princess Cut Straight Human Hair Wig With Bang Affordable Hair Replacement WigÂ Cheap Silky Wig For Beginner Friendly Wear To Go Wig Natural Black Color,Beauty & Health
,,17.1,8.0,1.0,,,"Portable Cordless Hair Straightener With Ceramic Coating, Hot Comb Hair Straightener For Women, Lightweight & Mini, Type-C Charging Port, Ideal For Travel, USB Rechargeable Hair Iron Straightener, 2 In 1 Wireless Mini Portable USB Hair Straightener Curling Iron, Large-Capacity Lithium Battery Lasting Life, Perfect For Party & Travel, Mini 2-In-1 Hair Styler - Wireless Freedom, Quick-Charging USB Rechargeable Flat Iron & Curling Iron, Compact, Portable & Perfect For On-The-Go Beauty - A Thoughtful Gift For Women, Perfect For Travel.",Beauty & Health
,100+ sold recently,7.0,50.0,1.0,,,Dreadlock Wig 6Inch Crochet Twist Curly Dreadlocks Hair Ombre Brown Black Burg Color Short Dreadlock Wig Synthetic Wigs For Men Cosplay Party Daily Life,Beauty & Health
,20+ sold recently,1.1,15.0,1.0,,,Black Friday 10pcs Nail Art Decoration DIY Nail Charms Nail Gems Nail Supplies,Beauty & Health
,200+ sold recently,4.1,0.0,1.0,,,"1pc Cute Cartoon Bathing Sponge, Soft Quick-Drying Durable Bath Bubble Sponge For Exfoliating And Massaging, Ideal For Shower And Bath",Beauty & Health
,200+ sold recently,0.74,54.0,1.0,,,Express Your Love With 24pcs Long Coffin Star & Moon Pattern Ombre Obsidian Base Full Cover Fake Nail Kit Press On Nails Nail Supplies,Beauty & Health
,10+ sold recently,4.4,2.0,4.0,,,1pc Ombre Long Synthetic Hair Braid,Beauty & Health
,1.5k+ sold recently,6.0,12.0,5.0,,,1pc Blanks Women Cosmetic Bag Seersucker Stripes Zipper Pouch Travel Toiletry Bags Ladies Makeup Storage Bags,Beauty & Health
,600+ sold recently,2.1,9.0,1.0,,,New Design 120 Pcs Bag PMMA Traceless Soft Gel French Colors Press On Nail Full Cover Nail Tips For Finger,Beauty & Health
,10+ sold recently,48.4,26.0,1.0,,,Transparent Lace Short Straight Bob 4 X 4 Lace Closure Wigs 150%/180% Density 8-14 Inch Natural Black Color Pre-Plucked Natural HairlineÂ  Lace Human Hair Top Quality Wigs For Women,Beauty & Health
,70+ sold recently,10.2,26.0,1.0,,,1pc Swiss Transparent Lace 2 X 4 Straight Lace Closure Natural Black Color Human Hair T Part Lace Closure Affordable Pre Plucked Natural Hairline,Beauty & Health
,100+ sold recently,26.0,0.0,1.0,,,Flower Knows Strawberry Rococo Embossed Blush - 01Â AngelÂ Chanson,Beauty & Health
,1.3k+ sold recently,1.8,5.0,1.0,,,"24pcs Short Almond Shape Fresh Green Starry Sky Nail Tips, Reusable, Suitable For Daily And Festival Wear Press On Nails Nail Supplies",Beauty & Health
,1.2k+ sold recently,1.5,6.0,1.0,,,24pcs/Set Y2K Medium Long Square Shaped Black French & Spider Web & Heart Design Wearable False Nails With Removable Adhesive Tab & Jelly Glue Press On Nails Nail Supplies,Beauty & Health
,1.7k+ sold recently,0.36,72.0,9.0,,,Black Friday 1box 10ml Nail Art Powder DIY Nail Charms Nail Gems Nail Supplies,Beauty & Health
,300+ sold recently,5.0,4.0,1.0,,,"Cat Eye False Eyelashes, 12 pair 14mm natural cross short eyelashes",Beauty & Health
,1.8k+ sold recently,1.6,11.0,7.0,,,White Nail Art Gel Liner Nail Polish Solid Color Glitter UV Gel Soak Off Spider Gel For Manicure DIY Painting Hook Line Nail Supplies,Beauty & Health
,80+ sold recently,2.6,7.0,1.0,,,Elevate Your Style With 192pcs Extra Long Coffin Multicolor Glossy Fake Nail Press On Nails Nail Supplies,Beauty & Health
,400+ sold recently,1.5,6.0,1.0,,,"Elevate Your Style With, 24Pcs/Set Medium Almond White French Press On Nails Tips Flowers Design Acrylic False Nails, Contain 1pc Jelly Glue And 1pc Nail File, Suitable For Women And Girls, Daily Life And Party Use Nail Supplies",Beauty & Health
,3.4k+ sold recently,2.6,7.0,1.0,,,24pcs Medium Almond Bling Europe Style Retro Multicolor Floral Pattern Green Halo Dyeing Presenting The Texture Of Oil Painting  3D Pearl Rhinestone Decor&Sweet Pink Purple Floral Pattern Haze Blue Blush Pastoral Style Full Cover Fake Press On Nail Kit Will Give Your Look A Sweet Romantic Suitable For Spring Dateing,Beauty & Health
,3.9k+ sold recently,1.2,8.0,7.0,,,"Pearl White Nails Glitter Dust Chrome Y2 1Box Moonlight White Chrome Powder Pigment For Glazed Donut Nail Art, Moonlight Powder Mirror Effect Glitter 1pc Eyeshadow Sticks DIY Nail Charms Nail Gems Nail Supplies",Beauty & Health
,1.8k+ sold recently,1.7,6.0,20.0,,,1pc Long-Lasting Red Wine  Gel Nail Polish UV/LED Soak Off Gel Nail Polish For Nail Art DIY Salon Home Holiday Gift For Women,Beauty & Health
,2.0k+ sold recently,1.5,6.0,10.0,,,"24pcs/Set Short Almond Shape Cute Pink Solid Colored False Nails With 1pc Nail File & 1pc Jelly Glue For Festivals, Parties, Daily Wear Press On Nails Nail Supplies",Beauty & Health
,1.8k+ sold recently,3.4,8.0,12.0,,,"48pcs/Set Colorful Flower & Rhinestone Full Cover Square-Shaped False Nails & Toe Nails, With Gel And Nail File, For All Women Press On Nails Nail Supplies",Beauty & Health
,3.0k+ sold recently,2.3,4.0,5.0,,,100Pcs 11-13mm Mixed Length Individual Cluster Lashes Segmented Spikes Individual False Eyelashes Individual Eyelash Extensions,Beauty & Health
,,1.7,11.0,4.0,,,"24pcs Short European Style Faux Nails, Halloween Sweet Cool Bat & Spider Web Designed Nail Wraps, Full-Coverage Detachable Women's Manicure Kit, Ideal For Parties, Dances, And Daily Wear",Beauty & Health
,800+ sold recently,19.2,8.0,1.0,,,"240pcs/Box Nail Art Alloy Decoration With Heart & Teardrop & Rhinestone & Rhombus Shape & Multiple Colors, Shiny & Eye-Catching Manicure Accessories DIY Nail Charms Nail Gems Nail Supplies",Beauty & Health
,,2.73,33.0,1.0,#5 Best Sellers,in Facial Creams,"55g Deep Nourishing LAIKOU Milk Moisturizing Face Cream, Firming Moisturizing Face Lotion Reduce Fine Lines Facial Moisturizer For Women All Skin Types Skincare Mom Gifts",Beauty & Health
,,9.4,24.0,1.0,,,"Lace Tint Melting Hair Mousse, 3.8 Fl Oz Lace Tint Mousse For Women Wigs Toupees And Hairpieces Natural Finishing Lace Color, Lace Tint For Wigs Tool Set.Wig Install Kit 7Pcs (Hair Wax Stick, Lace Glue.Glue Remover.Edge Control)",Beauty & Health
,200+ sold recently,1.66,28.0,20.0,,,24pcs European And American Style Silver Water Ripple Almond False Nails + 1pc Jelly Glue + 1pc Nail File Press On Nails Nail Supplies,Beauty & Health
,1.2k+ sold recently,7.9,4.0,1.0,,,ADVENTURE TIME X SHEIN Cartoon Graphic Lake Blue Asymmetrical Handheld Cosmetic Bag,Beauty & Health
,100+ sold recently,3.9,3.0,7.0,,,Double Ended Dreadlock Extensions Synthetic Dreads Extensions Hippie Style Fake Dreads 5 Strands DE Crochet Dreadlocks Extensions For White Woman,Beauty & Health
,200+ sold recently,2.4,8.0,1.0,,,"24pcs Duck Bill Shaped Gradient French Style Press-On Nails With Rhinestone, Flower And Star Designs, Including Jelly Glue And Nail File, Suitable For All Women, Perfect For Daily Outfits To Make Your Fingertips More Charming.",Beauty & Health
,1.8k+ sold recently,1.8,5.0,1.0,,,"20d Natural Soft Curl Personal Eyelash Extensions 8-16mm Mixed 0.07mm D Super Light, 10 Rows 200pcs Waterproof Mink Fur Lash, Single Cluster, 3d Effect, Perfect For Light/Heavy/Daily Makeup, Comic Style Lash, Long-Lasting, Diy Handmade, Portable For All Occasions",Beauty & Health
,5.2k+ sold recently,3.7,5.0,1.0,,,DIY Eyelash Extensions 8-16mm Manga Lashes Volume Individual Eyelashes Extensions Lash Clusters DIY At Home,Beauty & Health
,3.3k+ sold recently,1.11,42.0,1.0,,,24pcs Sweet Cherry Blossom Printed Full Cover False Nails With Pink Color For Women's Daily Wear Press On Nails Nail Supplies,Beauty & Health
,3.7k+ sold recently,2.8,3.0,1.0,,,"10 Pairs Natural Looking Cat Eye False Eyelashes With Curl, Transparent Invisable Band Eyelashes For Cosplay, European And American Style",Beauty & Health
,70+ sold recently,3.6,5.0,13.0,,,1pc Long Synthetic Hair Braid,Beauty & Health
,2.2k+ sold recently,1.6,11.0,1.0,,,24pcs/Set Y2K Aesthetic Long Coffin Shaped Floral Pattern 3d Rhinestone Nail Tips Glossy Effect Full Cover Artificial Nail Including 1pc Nail File And 1pc Double-Sided Adhesive Tape Press On Nails Nail Supplies,Beauty & Health
,1.4k+ sold recently,1.4,7.0,6.0,,,"24pcs Almond Shape False Nails In Blue Color Including French Style, Royal Blue Star, Blue Star, And Waterdrop Shape Design + Jelly Gel + Nail File Press On Nails Nail Supplies",Beauty & Health
,,79.99,25.0,1.0,#3 Best Sellers,in Makeup Sets,Rick and Morty X SHEGLAM Full Collection Set,Beauty & Health
,900+ sold recently,4.99,23.0,5.0,,,Rick and Morty X SHEGLAM Family Counseling Lip Gloss-Summer,Beauty & Health
,200+ sold recently,6.25,50.0,1.0,,,Synthetic Heat Resistant Wigs Bouncy Curls Wigs With Bangs Black 14inch Chemical Fiber Wig Bangs Wig Daily Used Easy To Wear Beginner Friendly Big Bouncy Fluff Curly Wigs,Beauty & Health
,300+ sold recently,3.4,3.0,1.0,,,"1pc Small Fresh Bow Knot Cosmetic Bag With Rose Print, Portable High Capacity Toiletry Bag For Daily Use Makeup Bag Storage Makeup Organizer Makeup Case",Beauty & Health
,1.0k+ sold recently,5.9,3.0,1.0,,,"2Pcs/Set Checkerboard Autumn And Winter Travel Makeup Bag, Lightweight Multifunctional Cosmetic Organizer Handbag Bath Shower Wallet Pouch Portable Cosmetics Brush Storage Clutch With Zipper Closure For Lipstick, Brush, Skincare, Mobile Phone, Coin, Small Items, For Home, Travel, Vacation And School Use, Black Friday,Makeup Bag Makeup Pouch Skincare Bag Toiletry Bag Packing Cubes,Travel Essentials Cruise Essentials Dorm Essentials Storage Makeup Organizer Makeup Case",Beauty & Health
,6.4k+ sold recently,1.9,5.0,21.0,,,12 Grid Nail Rhinestones 1.5mm-5mm 3D Nail Art Glass Crystal AB + Clear Nail Stones Gems Pearl Crystal Strass 3D Charm Gems Nail Multi-Shape 3D Nail Diamonds For Nail Art And DIY Decoration 1 Boxs Nail Art Rhinestones Flatback Rhinestones Pearls Nail Charms For Acrylic Nails Crystals Nail Art Supplies Half Round Design Nail Gems,Beauty & Health
,20+ sold recently,9.6,4.0,1.0,,,"A 20-inch brown natural long straight hair wig with bangs, suitable for everyday use by women",Beauty & Health
,700+ sold recently,4.4,6.0,5.0,,,"150pcs Medium Long Pink & White French Style Gel Nail Tips, 40pcs French Style Tips In Pointed Shape, 3-In-1 French Style Square Gel Tips, Fake Nails For DIY Nail Art In 15 Sizes, Suitable For Women And Nail Salons. Press On Nails Nail Supplies",Beauty & Health
,10k+ sold recently,3.0,9.0,1.0,,,"Nail Rhinestone Glue, Gel Nail Glue For Rhinestones For 3D Nails Super Strong Rhinestone Glue For Christmas Decoration Nail Art Jewel Crystal Beads Gems Diamonds UV/LED Need 15ML Good Gift",Beauty & Health
,1.0k+ sold recently,0.86,39.0,7.0,,,Get Glamorous With 24PCS Long Square Fake Nails White French Simple False Nails & Press On Nails For Women And Girls Nail Supplies,Beauty & Health
,2.2k+ sold recently,1.16,39.0,1.0,,,Elevate Your Style With 24 Pcs Long Square Press On Nails Sexy Sweet Gold Leopard Print Sweet Cool Spice Style Full Rhinestone Heart Rhinestone Pink Bow Naughty Brown French Edge Premium Scrub Fake Nails With Jelly Glue 1 Piece And File Strip 1 Piece Nail Supplies,Beauty & Health
,90+ sold recently,2.4,8.0,1.0,,,SHEIN 180pcs Plain Fake Nail,Beauty & Health
,200+ sold recently,7.0,50.0,1.0,,,"1pc 26 Inches Long Synthetic Heat-resistant Curly Blonde Wig With Bangs, Made Of Fiber, Suitable For Cosplay And Daily Wear",Beauty & Health
,200+ sold recently,13.9,3.0,1.0,,,"HAIRCUBE Black Long Straight Wigs for Women, Natural Black Synthetic Wigs with Bangs, Elegant Beautiful Natural Looking Heat Resistant Synthetic Wig Daily Party Use",Beauty & Health
,600+ sold recently,0.67,48.0,1.0,,,Elevate Your Style With 24pcs French Clear Nude Long Coffin Ombre Full Cover Fake Nail Kit Press On Nails Nail Supplies,Beauty & Health
,1.6k+ sold recently,6.99,22.0,5.0,,,SHEGLAM Matte Allure Mini Liquid Lipstick Set-Private Tour 3 Pcs/Set Long LastingÂ  Lipstick Nourishing Sunflower Oil Reduce Lip Fine Lines Liquid Lipstick Travel Set Black Friday Party Liquid Lipstick,Beauty & Health
,6.7k+ sold recently,3.7,3.0,1.0,,,1PCS NAGARAKU YY Shape Triple Tips Hand Woven Premium Soft Light Natural Eyelashes Extension Supplies Makeup Mesh Net Cross Lash for Professional Women,Beauty & Health
,2.3k+ sold recently,1.9,5.0,4.0,,,"Watery Mirror Lip Gloss,Long-Wearing Moisturizing Liquid LipstickÂ  Non-Stick Cup Glossy Lip Glaze",Beauty & Health
,,32.5,26.0,1.0,,,Body Wave 13 X 4 X 1 Lace Front Wig T-Part Lace Front Wig 613 Color Straight Pixie Cut Short Human Hair Wig Blonde Color,Beauty & Health
,1.2k+ sold recently,1.4,7.0,24.0,,,"Elevate Your Style With 24pcs Neon Pink Long Almond Shaped Red Fake Nail Set, Fit Perfectly Press On Nails Manicure Kit Nail Supplies",Beauty & Health
,,7.1,4.0,1.0,,,Spiral Curl Ceramic Curling Iron Professional Hair Curler Waver Maker Portable Curling Wand Holiday Gift Professional Hair Curler Spiral Curling Iron - Portable Barber Salon Tool For,Beauty & Health
,1.9k+ sold recently,2.34,22.0,1.0,,,"7pairs/Set Natural Crossed Style False Eyelashes With Transparent Stems, D Curl For Lengthening Eye Tail,5-13mm",Beauty & Health
,2.7k+ sold recently,1.84,20.0,21.0,,,"Crystal AB Nail Rhinestones 1 Box 12 Shapes Rhinestones For Nails,Nail Art Rhinestone Beads Flatback Gems For Nail Arts Design Multi Shapes Glass Rhinestones For Nail DIY Irish Festival Makeup Face Decor Crafts Art Shoes Supply 3D Nail Rhinestones With Wax Pickup Pen, 12 Grids 1000pcs Clear /AB /Pink/Blue/Green/Red /Gold Flatback Rhinestones For Crafts,White Nail Gems Gemstones Crystals Jewels,Craft Glass Diamonds Stones Bling Rhinestone",Beauty & Health
,,6.35,50.0,1.0,#8 Best Sellers,in Synthetic Extensions,6 PCS Kinky Curly Hair Weaves Hair Weaving Bundles Extensions Natural Black Synthetic Wigs With For Women Hair Wave 6 Bundles,Beauty & Health
,,69.6,26.0,1.0,,,Transparent Lace Deep Wave 4 X 4 13 X 6 Lace Frontal Wig 150%/180% Density 12-28 Inch Natural Black Color Pre-Plucked Natural HairlineÂ  Lace Closure Human Hair Top Quality Long Wig For Women,Beauty & Health
,200+ sold recently,1.7,0.0,1.0,,,"1pair Volumized False Eyelashes,For Women Mom Wife Sister Teen Girl Friend,For Party Club",Beauty & Health
,2.2k+ sold recently,1.8,5.0,16.0,,,"Elevate Your Style With, 24pcs/Set Press On Nails Tips White French & 3D Flowers Design Acrylic Fake Nail,Fit Perfectly & Medium Length Design,Contain 1pc Jelly Glue And 1pc Nail File, For Daily Wear By Women And Girls Nail Supplies",Beauty & Health
,100+ sold recently,10.8,4.0,1.0,,,40'' 100cm Extra Long Black Wigs For Women Straight Hair Wig Natural Black Wigs For Party Halloween,Beauty & Health
,4.4k+ sold recently,1.4,13.0,4.0,,,"24pcs Coffee Colored Base With White Border & Five-Pointed Star Pattern & Rhinestone Decor Reusable Nail Wraps Set For Daily Wear, Cheer Up Your Mood Press On Nails Nail Supplies",Beauty & Health
,3.3k+ sold recently,2.8,7.0,1.0,,,"1 Pc Blue Begonia Flower Makeup Bag Women Travel Cosmetic Storage Bag Floral Makeup Pouchmakeup Bag Makeup Pouch Skincare Bag Toiletry Bag Packing Cubes,Travel Essentials Cruise Essentials Dorm Essentials,Wedding Bridesmaid Gifts,Mom Gifts,Birthday Gifts,Gifts For Friends And Teachers,Home Decor,Bathroom Livingroom Bedroom Decor,Bathroom Organizer,Jewelry Organizer,Lip Oil Organizer,Nail Polish Organizer",Beauty & Health
,9.2k+ sold recently,1.3,7.0,1.0,,,24pcs Medium Size Square White French False Toe Nails + 1pc Nail File + 1pc Tape French Tip Press On Nails Supplies,Beauty & Health
,1.4k+ sold recently,1.5,0.0,1.0,,,"1pair Faux Mink False Eyelashes,For Women Mom Wife Sister Teen Girl Friend,For Party Club",Beauty & Health
,3.7k+ sold recently,2.5,7.0,5.0,,,"24pcs Fake Nails, Designed In Duck Mouth Shape With Black & White French Tips, Zebra Or Rhinestone Decor, Suitable For Women's Daily Wear In Y2k Style Press On Nails Nail Supplies",Beauty & Health
,20+ sold recently,15.5,25.0,1.0,,,Curly Pixie Wigs Pixie Cut Bangs Wig Short Black Wavy Wigs Layered Human Hair WigsÂ Natural Black Color,Beauty & Health
,,1.3,7.0,1.0,,,1/6/12/18/24 Pairs 25mm Thick Fluffy Lashes Dramatic Messy Eyelashes Soft Thick Long Faux Mink Lashes For Party Makeup,Beauty & Health
,2.5k+ sold recently,1.7,11.0,1.0,,,"24pcs/Set Reusable Almond Shaped Deep Brown Leopard Print False Nails, Suitable For Daily Wear Press On Nails Nail Supplies",Beauty & Health
,300+ sold recently,33.8,4.0,4.0,,,Lace Front Square Knotless Box Braided Wigs With Curly Ends For Women Black Synthetic Full Double Lace Frontal Cornrow Braid Wig With Baby Hairs For,Beauty & Health
,100+ sold recently,1.2,0.0,4.0,,,Rainbow Hair Accessories Synthetic Hair Extensions Clip Hairpiece Body Wave Curly Clip On Wavy Clip-In One Piece Girls,Beauty & Health
,90+ sold recently,5.5,14.0,1.0,,,Natural Extra Long Curly Synthetic Hair Extension,Beauty & Health
,7.5k+ sold recently,2.8,3.0,1.0,,,"10pairs 5d Mink Fur False Eyelashes,Crossed & Voluminous Natural And Dramatic Lashes",Beauty & Health
,500+ sold recently,1.7,0.0,1.0,,,"Manga Lashes, 1pair Faux Mink False Eyelashes",Beauty & Health
,1.3k+ sold recently,1.8,10.0,5.0,,,5D Pearl Butterfly Nail Manicure Sticker Holographic Crystal Fairy Rose Flowers Bow Adhesive Decals Charm Spring Foils Wraps Nail Stickers DIY,Beauty & Health
,,3.9,50.0,1.0,#8 Best Sellers,in Synthetic Woven Wigs,26 Inch Long Back Wavy Wig For Women Middle Part Curly Wavy Wig Natural Looking Synthetic Heat Resistant Fiber Wig For Daily Party Use,Beauty & Health
,100+ sold recently,5.5,25.0,1.0,,,Natural Extra Long Curly Synthetic Hair Extension,Beauty & Health
,500+ sold recently,1.3,0.0,1.0,,,1pair Full false lashes Volumized Eyelashes 25mm Natural Long False Eyelashes,Beauty & Health
,,5.27,30.0,1.0,#9 Best Sellers,in Blush,Rick and Morty X SHEGLAM Mr. Sanchez Cream Blush,Beauty & Health
,,1.6,6.0,1.0,,,"24pcs Long Shiny White Flower False Nails With Pink Ombre, Sweet French Nail Tip With Water Pipe For Nail Art",Beauty & Health
,1.2k+ sold recently,1.4,7.0,1.0,,,"Upgrade Your Look With 24 Short Almond Shaped Independent Day Red, White & Blue French Red Cherry Blue Plaid White Star Design Simple, Fashionable And Cute Nail Set For Parties, Dance Or Daily Wear Press On Nails Nail Supplies",Beauty & Health
,1.5k+ sold recently,6.5,7.0,1.0,,,"ROMWE Fairycore 10pcs Stars Handmade False Nails With 3pcs Double-Sided Stickers, Cat Eye & Colorful Pattern Cartoon Press On Nails, Perfect For Holiday Parties, Dancing And Daily Wear",Beauty & Health
,900+ sold recently,0.82,63.0,5.0,,,Instantly Upgrade Your Look With24pcs Long Square Simple Pearl Love White French Butterfly Full Cover Fake Nail Women And Girls Press On Nails Nail Supplies,Beauty & Health
,,24.3,4.0,1.0,#2 Best Sellers,in Synthetic Lace Wigs,Light Blonde Color Hair Lace Front Wigs Synthetic 13x4 Long Silky Straight Heat Resistant Fiber Glueless Frontal Lace Replacement Wig Pre Plucked With Baby Hair Natural Hairline 26 Inches HD Transparent Lace Free Part For Fashion Women Girls Party Vacation Makeup Use Daily Wear,Beauty & Health
,40+ sold recently,2.0,5.0,13.0,,,ROMWE Fairycore 1pc Clip In Long Straight Synthetic Hair Extension,Beauty & Health
,5.0k+ sold recently,2.8,10.0,1.0,,,"240pcs Upgrade Your Style Medium Semi-Matte Transparent Traceless Square Acrylic False Nail Tips (12 Sizes) Full Cover, Suitable For Nail Salon And Home Diy Press On Nails Nail Supplies",Beauty & Health
,700+ sold recently,0.46,65.0,1.0,,,"Get Charm 24pcs False Nails In Coffin Shape For Fashionable Ballet Style, Black Glossy Plain Design With Jelly Glue And Nail File, Suitable For Parties, Dancing And Daily Wearing. Press On Nails Nail Supplies",Beauty & Health
,100+ sold recently,12.75,50.0,7.0,,,Preplucked Soft 13*4 Mix Synthetic Fiber Imported From Japan Lace Front Wig Hair Long Straight With Baby Hair Heat Resistant Fiber Synthetic Hair Wig 26 Inch Wig For Women Daily Used,Beauty & Health
,100+ sold recently,6.45,50.0,1.0,,,Brown mixed white butterfly long hair synthetic fringe wig for women natural hair Cosplay wig,Beauty & Health
,500+ sold recently,0.45,68.0,1.0,,,"24pcs/Set False Nails With Silver Star, Moon, Black Ombre Medium Long French Style Purple Flame Pattern, Includes 24 Jelly Gel Nails & Buffer Press On Nails Nail Supplies",Beauty & Health
,100+ sold recently,14.3,3.0,1.0,,,"HAIRCUBE 26 Inch Long Wigs Long Curly Synthetic Wigs, Brown Highlight Wigs for Women Middle Part Heat Resistant Curly Wigs black friday ofertas especiales",Beauty & Health
,1.2k+ sold recently,1.9,5.0,6.0,,,Instantly Upgrade Your Look With 24pcs Long Almond Pink Cat Eye Glitter Fake Nail & 1sheet Tape & 1pc Nail File Press On Nails Nail Supplies,Beauty & Health
,700+ sold recently,2.1,5.0,17.0,,,"24Pcs 3D Gel Makes Square French Press On Nails Tips 3D Alloy Star With Gradient Design Fake Nail,Contain 1pc Jelly Glue And 1pc Nail File,Easy To Wear Acrylic Fake Nails Art Set For Woman Girl Daily Work Festivals Party Use Nail Supplies",Beauty & Health
,,21.8,26.0,1.0,,,Body Wave Bangs Wig Pixie Cut Wig 1B Red Color 6 Inch Short Human Hair Wig Ombre Color,Beauty & Health
,1.7k+ sold recently,1.1,8.0,6.0,,,"Improve Your Elegant - 30pcs Set Retro Simple Almond-Shaped Solid Color False Nails In Red, Suitable For Daily Wear By Women Press On Nails Nail Supplies",Beauty & Health
,700+ sold recently,13.4,8.0,8.0,,,21 Grids/Set Rose Pink Mixed Shaped Ab Rhinestones Nail Art Flatback Decor Set DIY Nail Charms Nail Gems Nail Supplies,Beauty & Health
,3.3k+ sold recently,6.49,19.0,1.0,,,SHEGLAM So Lippy Lip Liner Set-Espresso Kisses 3 Pcs/Set Soft Matte Brown Lip Liner Pencil High Pigment Easy To Use Silky SmoothÂ Contour Tint Lip Makeup Black Friday Sale Gift Y2K Brown Lip Liner,Beauty & Health
,100+ sold recently,43.96,30.0,1.0,,,Transparent Lace Kinky Curly T Part Lace Wigs Real Human Hair Lace Frontal Closure Natural Black Color WigsÂ With Front Baby Hair Pre Plucked Natural Hairline Wig,Beauty & Health
,20+ sold recently,8.87,38.0,1.0,,,HAIRCUBE 22 Inch Long Curly Wigs with Bangs Brown Wavy Wigs for Women Synthetic Wigs for Girls Daily Party Use Cosplay black friday ofertas especiales,Beauty & Health
,500+ sold recently,2.4,8.0,5.0,,,24pcs Medium Almond Europe Style Retro Fresh Multicolor Floral Morandi Green Halo Dyeing Texture Of Oil Painting Pattern&Elegant 3D Pearl Chain Rhinestone Decor&Pink Purple Summer Floral Pattern Blue Blush Pastoral Style Full Cover Fake Nail Kit Make Your Appearance Look Sweet And Romantic Suitable For Spring Dateing And Holiday Press On Nails Nail Supplies,Beauty & Health
,40+ sold recently,2.25,50.0,5.0,,,Clip In Long Straight Synthetic Hair Extension,Beauty & Health
,,3.8,5.0,1.0,#5 Best Sellers,in Individual Eyelashes,"Black Idividual Lash Clusters Eyelashes Extensions Kit 9-16mm 640pcs, Lash Clusters DIY Eyelashes Extensions Kit, Black Large-Capacity Cluster False Eyelashes, D30+D40+D50 Mixed Ndividual Lash Clusters Kit 9-16mm 640pcs, Wedding Bride Makeup Tools, D30+D40+D50 Black D-CurlingEyelashes Cluster Extension Kit, Large-Capacity Cluster False Eyelashes, D Curling Lash Eyelashes Extension, Mega Volume Lashes Eyelash Extensions Wispy For Self Application At Home,Black Individual Lashes Cluster Curl, 10-18mm Mix Individual Lashes Cluster DIY At Home, Rizos Curls Lashes D Curl, Thick Lash Clusters For Mini Travel Items For Self Application At Home, Individual Lashes DIY Eyelashes Extensions,  D Curling Eyelashes Clusters Lash Extension For Self Application At Home",Beauty & Health
,400+ sold recently,5.95,50.0,1.0,,,Wavy Synthetic Wigs for Women Heat Resistant  Ombre Brown Blonde Wig Natural Middle Part Cosplay Party wig,Beauty & Health
,,5.8,3.0,1.0,,,Clip In Long Curly Synthetic Hair Extension,Beauty & Health
,200+ sold recently,1.8,10.0,1.0,,,10 PCS Phototherapy Handmade Blush Butterfly Eye Blush Butterfly Fake Nails Press On Nails Nail Supplies,Beauty & Health
,,3.49,36.0,7.0,#10 Best Sellers,in Lip Liner,SHEGLAM Glam 101 Lipstick & Liner Duo - Cherry Fudge 2-In-1 Matte Dual-Ended Lip Liner Lipstick Pencil Highly Pigmented Long Lasting Smooth Easy To Wear Lip Makeup Black Friday Winter Pink Brown Rosa Lip Liner,Beauty & Health
,3.0k+ sold recently,2.4,8.0,1.0,,,"24pcs/Set Medium-Long Square Stiletto Design Starburst Tie Dye Retro Nails, Wearable & Reusable,Suitable For Daily And Festival Wear Press On Nails Nail Supplies",Beauty & Health
,300+ sold recently,7.6,4.0,1.0,,,28inch Synthetic Wig Long Straight Hair Black Wig Women's Natural Straight Hair Product Wig Middle Part Synthetic Long Black Wigs,Beauty & Health
,300+ sold recently,2.1,5.0,1.0,,,48 daily classic long -lasting hair fake eyelashes,Beauty & Health
,800+ sold recently,3.2,9.0,4.0,,,Add A Touch Of   With 24pcs Medium AlmondÂ Elegant European Style Retro Gold 3D Fluid Metal&Red 3D Irregular Wave Pattern&Punk Heavy Metal Style Full Cover Fake Press On Nails Kit For Women And Girls,Beauty & Health
,,31.5,26.0,1.0,,,8pcs Kinky Straight Clip In Natural Black Virgin Human Hair Extension Clip-In Hair Extension Weft Hair Extension Hair Weaves,Beauty & Health
,600+ sold recently,2.1,5.0,1.0,,,Wearable Skull Shaped Black & Red Manicure Stickers For Halloween Press On Nails Nail Supplies,Beauty & Health
,2.9k+ sold recently,1.3,7.0,10.0,,,"24pcs Sweet Cherry Blossom Green Leaf Printed Full Cover False Nails With French White Color For Women's Daily Wear & 1pc Nail File & 1Nail Glue Sticker Kit Nails For Girl Mother Women Gift And Nails Supplies &Wholesale ,Whitening Nail Art Set With Detachable Fake Nails For Festival, Party, Date And Daily Wear Press On Nails",Beauty & Health
,1.0k+ sold recently,1.9,10.0,1.0,,,"24pcs Cute And Reusable Nail Stickers With Long Ballet Shape, Star, Heart, Cartoon Rabbit Patterns. Suitable For Daily Wear And To Enhance Your Beauty. Press On Nails Nail Supplies",Beauty & Health
,300+ sold recently,9.78,48.0,1.0,,,GAOY Jelly Nude Pink Gel Nail Polish Set of 6 Transparent Colors Sheer Gel Polish Kit,Beauty & Health
,70+ sold recently,2.0,5.0,1.0,,,"24pcs High-End Y2K Leopard French 3D Cherry Medium-Sized Duck-Billed False Nails, Sweet And Cool Press-On Nails, Suitable For Women And Girls To Wear Daily",Beauty & Health
,300+ sold recently,2.0,9.0,1.0,,,"24pcs Press-On Artificial Nails Set With Colored French, Floral Prints, And Jelly Glue & Nail File Included. Perfect For All Women To Add Charm To Their Fingertips With Daily Wear. Nail Supplies",Beauty & Health
,10+ sold recently,1.8,5.0,1.0,,,"10pcs Self-Heating Ginger Heat Patch,Pain Relief Patch,Natural Heating Pads, Mugwort Patch,Helps The Body To Generate Heat,  For Shoulder, Neck, Hand, Back, Feet, Knee",Beauty & Health
,1.9k+ sold recently,2.4,8.0,20.0,,,24pcs/Set European And American White Silver Water Ripple Almond-Shaped Nail Tips + 1pc Jelly Gel + 1pc Nail File Press On Nails Nail Supplies,Beauty & Health
,200+ sold recently,1.7,0.0,1.0,,,"1pair Faux Mink False Eyelashes,For Women Mom Wife Sister Teen Girl Friend,For Party Club",Beauty & Health
,100+ sold recently,4.4,6.0,1.0,,,"10pcs Handmade Retro Luxurious Glossy Jelly-Like French False Nail Tips, White Edge, 5D Metallic Butterfly-Shaped Rhinestone Embellished, Comes With Jelly Glue And Nail File. Suitable For Daily Wear, Summer Vacation, Date, Show, Etc. Press On Nails Nail Supplies",Beauty & Health
,,4.1,5.0,4.0,,,1pc Ombre Long Synthetic Hair Braid,Beauty & Health
,2.5k+ sold recently,2.9,6.0,1.0,,,Asiteo 120Pcs Clusters Individual Lashes Soft Natural Faux Mink False Eyelashes DIY Eyelash Extension,Beauty & Health
,800+ sold recently,4.0,7.0,1.0,,,120pcs Punk Y2K Gothic Alloy Combination Pack In 12 Compartment Box DIY Nail Charms Nail Gems Nail Supplies,Beauty & Health
,,41.1,26.0,1.0,#5 Best Sellers,in Human Bundles & Closures,4pcs Body Wave Natural Black Virgin Human Hair Bundles Extension 8-30 Inch Weave Bundles For Women,Beauty & Health
,500+ sold recently,2.77,45.0,4.0,,,"Rose 100g Neutral Hair Removal Wax Strip For Body, Convenient Hot Wax In Roll-On & Jar",Beauty & Health
,2.2k+ sold recently,4.0,7.0,16.0,,,24pcs Long Coffin Shaped 3d Rhinestone Nail Art Decoration With 1pc Nail File And 1pc Jelly Glue Press On Nails Nail Supplies,Beauty & Health
,70+ sold recently,22.0,31.0,1.0,,,ANUA Heartleaf Soothing Trial Kit,Beauty & Health
,300+ sold recently,2.8,7.0,1.0,,,ROMWE Kawaii 24pcs Long Coffin 3D Flower Decor Fake Nail & 1pc Nail File & 1sheet Tape,Beauty & Health
,40+ sold recently,2.55,50.0,1.0,,,Wig female ponytail Magic Tape type high ponytail natural straight hair ponytail braid,Beauty & Health
,100+ sold recently,12.9,4.0,1.0,,,"1 synthetic heat-resistant ,Long Straight black wig,wig with bangs ,22 inches long,fully machine woven daily natural realistic wig,natal christmas christmas decor ano novo y2k enfeite de natal gifts flash sale fiesta black fridayÂ  flash sale offerte speciali(Excluding accessories)",Beauty & Health
,300+ sold recently,1.7,11.0,4.0,,,"Change Your Nails, 24pcs Medium Long Almond Shaped Nails With Super Glittery Rhinestone & Starry Sky Pattern Combined With Berry Purple French Design Covering The Entire Nails Set, Suitable For Sexy Women And Fashionable Girls For Parties, Dates And Travels. Press On Nails Supplies",Beauty & Health
,100+ sold recently,40.81,30.0,1.0,,,Transparent Lace Body Wave T Part Lace Front Wigs Human Hair Lace Frontal Closure WigsÂ With Front Baby Hair Pre Plucked Natural Hairline Wig Natural Black Color,Beauty & Health
,10+ sold recently,36.9,26.0,1.0,,,Curly Wave Wig With Bangs Machine Made Wig Short Human Hair Wig,Beauty & Health
,,98.42,30.0,1.0,#3 Best Sellers,in WEAR GO Beginner-Friendly Wigs,7x5 Inch Bye Bye Knots Lace Wig Pre Cut Pre Plucked Bleached Human Hair Lace Front Glueless Wig Reddish Brown Kinky Curly Wig,Beauty & Health
,2.8k+ sold recently,10.78,6.0,1.0,,,"1Pc Brown Checkerboard Simple Fashion Large Capacity Travel Storage Portable Makeup Bag For Women Girls,Makeup Bag Makeup Pouch Skincare Bag Toiletry Bag Packing Cubes,Travel Essentials Cruise Essentials Dorm Essentials,Wedding Bridesmaid Gifts,Mom Gifts,Birthday Gifts,Gifts For Friends And Teachers,Home Decor,Bathroom Livingroom Bedroom Decor,Bathroom Organizer,Jewelry Organizer,Lip Oil Organizer,Nail Polish Organizer Storage Makeup Organizer Makeup Case",Beauty & Health
,100+ sold recently,1.5,0.0,1.0,,,"1pair Faux Mink False Eyelashes,For Women Mom Wife Sister Teen Girl Friend,For Party Club",Beauty & Health
,2.3k+ sold recently,1.6,20.0,9.0,,,Instantly Upgrade Your Look With 24pcs Long Square Shiny Pink French White Flower Rhinestone Full Cover Fake Nail For Women And Girls Press On Nails Nail Supplies,Beauty & Health
,1.4k+ sold recently,0.95,41.0,4.0,,,24pcs Full Cover Coffin Shaped Press-On Nails With Glitter French Design + 1pc Nail File + 1pc Jelly Glue Nail Supplies,Beauty & Health
,1.0k+ sold recently,5.4,7.0,1.0,,,"10pcs/Set Y2k Style 3d Hand-Painted Luminous Tulip Nail Art, Medium Long Coffin Shape Spring Flower False Nails, Irregular Line & Rhinestone Decor False Nails, Reusable Ballet Ballerina Nail Set & 1pc Jelly Gel & 1pc Nail File. Perfect For Spring/Summer Daily Wear, Raves, Edm Festivals, Country Music Festivals, Parties Press On Nails Nail Supplies",Beauty & Health
,2.0k+ sold recently,2.3,4.0,1.0,,,7 Pairs Wispy Faux Mink Lashes Wet Manga Lashes Look Japanese Style Cosplay Spiky Eyelashes Anime Lashes 16mm Wispy Thick Faux Mink Doll Eyelash Fairy Look,Beauty & Health
,,6.5,50.0,1.0,,,HAIRCUBE Long Brown Wavy Wigs Curly Wig with Bangs Synthetic Wig for Girls for Daily Life and Christmas Black Friday Donna Flash Sale,Beauty & Health
,400+ sold recently,6.7,4.0,12.0,,,Clip In Hair Extensions Blonde Color 16 CLips 22 Inch Long Straight Hair Extension For Women Full Head Synthetic Hair Extensions Hairpieces 7 PCS Set,Beauty & Health
,500+ sold recently,2.85,38.0,1.0,,,60D Faux Mink Eyelashes 280 Cluster 0.07mm D Curling 9-16mm Mix Natural Eyelash Extension 3D Russian Volume Individual Eyelash Cluster Makeup Tools Lashes,Beauty & Health
,1.0k+ sold recently,0.65,57.0,20.0,,,"Elevate Your Style With, 24pcs Press On Nails Long Almond Pink False Nails Set, Contain 1pc Jelly Glue And 1pc Nail File, Daily Party Wear For Women & Girls Nail Supplies",Beauty & Health
,2.5k+ sold recently,2.24,20.0,1.0,,,Brown Lashes DIY Faux Mink False Eyelashes Soft Fluffy D Curling Russian Strip 3D Multi-Style Lashes Makeup Extension Eyelashes,Beauty & Health
,1.1k+ sold recently,6.49,19.0,1.0,,,Marilyn Monroe X SHEGLAM Vintage Lip Duo-Fear Is Stupid 2-In-1 Brown Vintage Lip Makeup Creamy Lip Liner Sheer Lip Jam Lip Tint Moisturizing Long-Lasting Plumping Lip Balm Lip Makeup,Beauty & Health
,,89.8,26.0,1.0,,,Swiss Transparent Lace Kinky Straight 13 X 4 Lace Front Wigs Real Human Hair Lace Frontal Closure WigsÂ With Baby Hair Pre Plucked Natural Hairline Wig Natural Black Color,Beauty & Health
,80+ sold recently,2.4,8.0,1.0,,,"1 Set Of 24 Square-Shaped Press-On False Nails With Pink Edges, 3D Flower & Butterfly Designs. Comes With Jelly Glue And Nail File. Suitable For All Women And Can Match With Daily Outfits To Make Fingertips More Charming.",Beauty & Health
,2.1k+ sold recently,6.49,19.0,1.0,,,SHEGLAM So Lippy Lip Liner Set-Rose Garden 3 Pcs/Set Soft Matte Red Lip Liner Pencil High Pigment Easy To Use Silky SmoothÂ Contour Tint Lip Makeup Black Friday Sale Gift Pink Red Lip Liner,Beauty & Health
,1.5k+ sold recently,1.9,10.0,1.0,,,Elevate Your Style With 24pcs Daisy Long Stiletto Flower Pattern Full Cover Press On Fake Nail Kit Press On Nails Nail Supplies,Beauty & Health
,,26.5,26.0,5.0,,,1Pc Ribbon Tie Wrap Around Straight Ponytail Human Hair Extension 613# Extensions For Women Daily Use Easy To Wear,Beauty & Health
,1.3k+ sold recently,1.6,6.0,1.0,,,"24pcs Wearable Metallic Bead & Pink Floral Decor False Nails With Rhinestones, White French Style",Beauty & Health
,1.4k+ sold recently,2.6,4.0,1.0,,,"Manga Lashes, 7pairs Cat Eye False Eyelashes",Beauty & Health
,400+ sold recently,12.8,4.0,1.0,,,7JHHWIGS Dark Brown Long Black Layered Wigs For Women Middle Part Layered Straight Synthetic Wig With Curtain Bangs For Party Daily Use 24 Inchse,Beauty & Health
,,8.0,4.0,1.0,#2 Best Sellers,in Electric Nail Drills,"Electric Nail File Multi-Function Nail Drill Toenail Sander For Thick Nails Professional 4 Speeds Electric Nail File For Thick Toenails, Nail Polishing Nursing Peeling Removing Grinding Edge Shaping",Beauty & Health
,200+ sold recently,2.5,4.0,1.0,,,48 daily classic long -lasting hair fake eyelashes,Beauty & Health
,,5.6,7.0,5.0,,,10Pcs/1pair Handmade XXL Long Square Shape Press On False Nails Creative Style Yellow Black Blusher Fainting Process False Nail Tips DIY Home Manicure Set Gift For Women & Girl,Beauty & Health
,1.7k+ sold recently,9.6,8.0,4.0,,,"XEIJAYI 6Pcs 15ML Gel Nail Polish Set, Popular Color Gel Varnish Kit, Soak Off UV/LED Gel Polish, For Home Salon Nail Art Christmas DIY",Beauty & Health
,100+ sold recently,12.5,4.0,1.0,,,Wig Women's Long Hair Four Seasons Natural Full Head Cover Simulated Hair Long Curly Hair Goddess Air  Full Top Wig Cover,Beauty & Health
,10+ sold recently,2.7,4.0,1.0,,,560PCS Dramatic C-Curl 12-16MM Mix DIY Lash Clusters Kit Book Big Volume Soft Individual Cluster Lashes Create A Fluffy Natural Wispy Y2k Butterfly Elements Pink Base Card Look At Home (10D+30D+50D+80D),Beauty & Health
,1.9k+ sold recently,4.9,4.0,1.0,,,DIY Lash Extension Kit 280pcs Individual Lashes Cluster Eyelash Extension Kit 9-16mm Mix 40D 50D Lash Clusters With Lash Bond And Seal Lash Applicator For Lash Extension Makeup Tool,Beauty & Health
,20+ sold recently,2.4,4.0,1.0,,,"Group B-HIQILI 10mL Fragrance Oil, Different Types Long Lasting Mandarine Peach Angel Honeysuckle Coffee Freesia Oil For Diffuser, Humidifier, DIY Perfume, Home, Hotel, Travel, Air Freshener, Candles Soaps Making, Purifier",Beauty & Health
,400+ sold recently,1.9,5.0,1.0,,,New Design 120 Pcs Bag PMMA Traceless Soft Gel French Colors Press On Nail Full Cover Nail Tips For Finger,Beauty & Health
,900+ sold recently,3.6,3.0,1.0,,,"Trendy Bow Print Travel Makeup Bag, 1Pc Large Capacity Fashion Toiletry Handbag Waterproof Bath Shower Bag Multifunctional Cosmetic Organizer Pouch Case Portable Cosmetics Brush Storage Clutch With Zipper Closure For Lipstick, Brush, Skincare, Mobile Phone, Coin, For Home, Travel, Vacation And School Use,Makeup Bag Makeup Pouch Skincare Bag Toiletry Bag Packing Cubes,Travel Essentials Storage Makeup Organizer Makeup Case",Beauty & Health
,20+ sold recently,40.2,26.0,1.0,,,20pcs Highlight Tape Hair Extension Straight P4/24 18-20 Inch Virgin Human Hair Extension Highlight Color Tape In Hair Tape Ins,Beauty & Health
,100+ sold recently,12.6,4.0,1.0,,,Betty Boop | ROMWE 3pcs/Set Cute Casual Fashionable Large Capacity Portable Cosmetic Bag,Beauty & Health
,500+ sold recently,14.2,12.0,1.0,,,"3Pcs Per Set Cute Pink Flower Print Quilting Cosmetic Bag, Fashionable Portable Makeup Bag, Multi-Functional Storage Bag For Lipstick, Sanitary Napkin, Coins, Keys Etc, Large Capacity Lovely Wash Bag For Travel Organizer Cosmetic Bag For Travel ,Back-To-School Essentials",Beauty & Health
,,2.8,7.0,1.0,#9 Best Sellers,in Mirrors,Wild Love Y2K Tiger Head & Human Portrait Printed Folding Square Mirror,Beauty & Health
,,30.6,26.0,1.0,,,Transparent Lace Pixie Cut Curly 13 X 1 Lace FrontÂ  Wig 150% Density Short Human Hair WigsÂ 6 Inch Natural BlackÂ ForÂ Women Ombre Color,Beauty & Health
,500+ sold recently,2.9,3.0,4.0,,,"Cat Eye False Eyelashes, 7 pairs 12mm messy cross-imitation wrap",Beauty & Health
,300+ sold recently,3.2,0.0,1.0,,,"1pc Portable Cosmetic Bag, Gift For Valentine's Day",Beauty & Health
,300+ sold recently,16.51,36.0,1.0,,,Kinky Curly 13x4 Lace Front Synthetic Hair Wigs For Women 26 Inch Deep Curly Lace Frontal Wig Wet And Wavy Lace Closure Wigs,Beauty & Health
,,5.2,9.0,1.0,,,"GIRLPLUS ""Aurora Cherry Flower"" 10 Pieces Of Pure Handmade Fake Nails Short Size/Short Size/Medium Long Coffin Type, Oval Wearing Nail, Pink Bright Cat Eye Light Luxury Style, Senior Translucent French Cherry Flower Sweet Nail, Gentle And Lovely White Fashion Nail Set, Suitable For Any Skin Color Women Daily Wear And Wear",Beauty & Health
,700+ sold recently,7.6,20.0,1.0,,,"1Pc Mocha High-Grade Pu Leather Large Capacity Multi-Fuctional Retro Style 3D Embossed Texture Zipper Simple Portable Cosmetic Bag For Ladies' Outdoor Travel,Makeup Bag Makeup Pouch Skincare Bag Toiletry Bag Packing Cubes,Travel Essentials Cruise Essentials Dorm Essentials,Wedding Bridesmaid Gifts,Mom Gifts,Birthday Gifts,Gifts For Friends And Teachers,Home Decor,Bathroom Livingroom Bedroom Decor,Bathroom Organizer,Jewelry Organizer,Lip Oil Organizer,Nail Polish Organizer Makeup Bag Storage Makeup Organizer Makeup Case",Beauty & Health
,600+ sold recently,1.9,5.0,1.0,,,Upgrade Your Look With 24 Long Yellow French Style Cartoon Flower Nail Art Set For Women And Girls Press On Nails Nail Supplies,Beauty & Health
,300+ sold recently,1.5,6.0,1.0,,,"1pc 5D Thin Flexible Adhesive Retro American Western Cowboy Nail Art Stickers And Decals For Journal, Phone, And DIY Crafts",Beauty & Health
,40+ sold recently,64.5,26.0,1.0,,,Transparent Lace Loose Wave 4 X 4 13 X 4 Lace Frontal Wigs 150%/180% Density 12-28 Inch Natural Black Color Pre-Plucked Natural HairlineÂ  Lace Closure Human Hair Top Quality Long Wigs For Women,Beauty & Health
,400+ sold recently,7.2,50.0,1.0,,,Black Bouncy Curly Wigs For Women Long Afro Curly Wig With  Bangs Heat Resistant Synthetic Wig 22 Inches For Africa American Women,Beauty & Health
,500+ sold recently,1.8,10.0,1.0,,,Upgrade Your Shape 24PCS Long Square Armor Contrast Color French Green Red Yellow White 3D Three-Dimensional Transparent Art Nail Set Assembly 1 File And 1 Jelly Glue Suitable For Women Party Dance Daily Wear Press On Nails Nail Supplies,Beauty & Health
,40+ sold recently,3.9,5.0,11.0,,,"1pc Dark brown Jumbo Braid Synthetic Hair 24 Inch Hair Braiding Extensions Braids Box Braid Hair Synthetic Hair To Braid (Over Forty Colors), Ombre Long Synthetic Hair Braid, braided Natural hair extension, women's high-temperature synthetic fiber twisted crochet braid, synthetic hair extension 100g",Beauty & Health
,200+ sold recently,3.7,5.0,1.0,,,"[Sanrio Official]1pc Zipper Makeup Bag For Purse, Magnetic Automatic Closing Fashion Portable Glasses Bag,Mini Portable Cosmetic Bags For Women, Coin Purse Lipstick Cosmetic Accessories Organizer,Small Travel Kit Storage Pouch ,Sanrio Hellokitty Melody Cartoon Anime Cute Wash Bag Pet Wallet ,Lipstick Pouch ,Coin Purse,Zipper Bag, Coin & Card Storage Bag,Multi-Function Travel Storage Bag - Perfect For Toiletries, Sanitary Napkins, And Makeup!Sanrio,Sanrio Hello,Hello Kitty,Kuromi,Sanrio Hello Ki",Beauty & Health
,1.2k+ sold recently,2.6,7.0,7.0,,,DIY Eyelash Extensions 100 Clusters Manga Lashes Volume Individual Eyelashes Extensions Lash Clusters DIY At Home,Beauty & Health
,10+ sold recently,5.1,4.0,1.0,,,Clip in Ponytail Extension Wrap Around Long Straight Pony Tail Hair 24 Inch Synthetic Hairpiece - Black,Beauty & Health
,100+ sold recently,49.56,30.0,1.0,,,Transparent Lace Straight 13 X 4 Lace Front Wigs Human Hair Lace Frontal Closure Natural Black Color Wigs With Baby Hair Pre Plucked Natural Hairline Wig,Beauty & Health
,,1.5,0.0,1.0,,,2sheets Flower Print Nail Art Sticker & 1pc Nail File Nail Stickers DIY,Beauty & Health
,1.4k+ sold recently,2.7,10.0,1.0,,,"48pcs Hand & Foot Two-Piece Set, Black French Style Fake Nails With Square Shape, Simple Press-On Nails, Suitable For Daily Wear By Women And Girls Nail Supplies",Beauty & Health
,50+ sold recently,10.2,26.0,1.0,,,1pc Swiss Transparent Lace 2 X 4 Body Wave Lace Closure Human Hair T Part Lace Closure Affordable Pre Plucked Natural Hairline Natural Black Color,Beauty & Health
,900+ sold recently,1.8,5.0,1.0,,,1pc 5D Nail Stickers Pearl Bow  Butterfly  Nail Charms Engraved Sliders For Nails Decor Manicure Decals DIY,Beauty & Health
,9.0k+ sold recently,3.1,9.0,1.0,,,"280 Strands, 14 Rows, 80pcs/row, 0.05mm Ultra-fine Hot Melt Individual Eyelashes With Mixed Lengths Of 9-16mm, Fluffy 3d Russian Volume, Mink Fur Eyelash Extension In Purple Box Pack For Personal And Professional Use",Beauty & Health
,100+ sold recently,1.4,7.0,1.0,,,"Elevate Your Style With 24pcs Medium Almond White Milky Way, Rhinestone Glitter Fake Nails,Star Design Nails 1 Nail File And 1 Jelly Gel Nail Set, Wholesale For Girls Mother And Feminine Gifts And Nail Supplies, Christmas, Halloween, Thanksgiving, Mother's Day And Valentine's Day Gifts Press On Nails",Beauty & Health
,700+ sold recently,2.8,3.0,1.0,,,"A Spring/Summer Casual Cosmetic Bag In Red Fruit Color Plaid, Large Capacity Makeup Bag For Students, Sewn Toiletry Bag For Storage, Suitable For Women To Store Makeup And Toiletries When Traveling",Beauty & Health
,,12.2,50.0,1.0,#7 Best Sellers,in Synthetic Lace Wigs,Synthetic Heat Resistant Lace Front  Wigs  With Baby Hair 13*4.5*1 Pre-Plucked Hairline Synthetic Heat Resistant Super Long Curly Wave Hair 32inch Black Color Partial Separation Daily Used High Quality For Women Natural Looking Good Quality Synthetic Soft Wear To GO,Beauty & Health
,90+ sold recently,6.8,50.0,4.0,,,"HAIRCUBE 26 And 30 Inch Black And Brown Dirty Orange And Pink Wigs Long Curly Wavy Wigs, Romantic Beautiful Synthetic Hair Wigs With Bangs Wigs For Daily Life And Party.",Beauty & Health
,2.2k+ sold recently,1.4,7.0,1.0,,,24pcs French Long Square Two Tone Fake Nail & 1sheet Tape & 1pc Nail File Press On Nails Manicure Kit Nail Supplies,Beauty & Health
,2.7k+ sold recently,1.6,16.0,6.0,,,Instantly Upgrade Your Look With 24pcs Long Square Retro White Brown Halo Dyed Golden Starlight French Style Full Cover Fake Nail For Women And Girls 1 Piece Of Jelly Gel+1 File Strip Press On Nails Nail Supplies,Beauty & Health
,800+ sold recently,1.8,10.0,5.0,,,24 Shorts Almond Shaped Japanese-Style Simple Pink Blush Gradient Manicure Accessories With 1 Sanding Strip And 1 Jelly Gel Press On Nails Nail Supplies,Beauty & Health
,1.0k+ sold recently,15.3,8.0,1.0,,,"Nail Tips And Gel Set - Gel X Nail Set With 500pcs Nail Tips In Grid Box, Long Coffin Shaped Tips And 4-in-1 Gel, Transparent False Ballerina Acrylic Nail Extension Set With Uv Led Lamp For Easy Diy Nail Art",Beauty & Health
,100+ sold recently,7.0,50.0,1.0,,,Ombre Blonde Wigs With BangsBlonde Highlight Long Wavy Wig For WomenLong Curly Synthetic Hair Wig For Party Cosplay Daily Use 24INCH School  Mothers Day,Beauty & Health
,10+ sold recently,32.7,26.0,1.0,,,Transparent Lace Pixie Cut CurlyÂ 13 X 1 Lace FrontÂ Wig 150% Density Short Human Hair Wigs 6 Inch 1B 30 Brown ColorÂ ForÂ Women Ombre Color,Beauty & Health
,100+ sold recently,74.62,30.0,1.0,,,Transparent Lace Kinky Curly 4 X 4 Lace Closure Wig 180% Density 12-26 Inch Natural Black Color Pre-Plucked Natural HairlineÂ  Lace Human Hair Top Quality Wig For Women,Beauty & Health
,9.6k+ sold recently,2.2,4.0,1.0,,,Asiteo New Style 5 Pairs Wet Look Manga Curl Thick Full Strip Lashes Natural Long Faux Mink Eyelashes,Beauty & Health
,300+ sold recently,3.9,9.0,1.0,,,"10pcs/Set 3d Rhinestone & Flower Design Handmade False Nails, Long Coffin Shaped Pearl & Rhinestone Chain Pendant False Nails, Star & Moon Design Long False Nails, Reusable Ballet False Nails Kit & 1pc Jelly Gel & 1pc Nail Clipper Press On Nails Supplies",Beauty & Health
,,2.8,50.0,1.0,,,Long Straight Ponytail Synthetic Hair Extension,Beauty & Health
,900+ sold recently,3.0,9.0,27.0,,,"Summer Essential For Fashionable Girls - 24pcs Coffin-Shaped Nail Tips Decoration With Multi-Color Hearts And Cute Bears Pattern, Comes In A Pink Gift Box Packaging, Plus 1 Nail File And 1 Jelly Gel For Nails Press On Nails Nail Supplies",Beauty & Health
,,25.9,4.0,1.0,,,38 Inch Synthetic Lace Front Wig Long Curly Hair Blonde And Dark Brown 13*4*1 Pre-Plucked Hairline Wavy Heat Resistant Lace Wig For Women Natural Looking,Beauty & Health
,1.9k+ sold recently,2.1,5.0,1.0,,,6 Pairs Manga Lashes Cat Eye Lashes Faux Mink Eyelashes Fox Eye Eyelashes Natural Full False Eyelashes Cosplay Travel Essentials Makeup Tools (8-15),Beauty & Health
,30+ sold recently,58.3,26.0,1.0,,,Swiss Transparent Lace Kinky Curly 13 X 4 Lace Front Wigs Real Human Hair Lace Frontal Closure WigsÂ With Baby Hair Pre Plucked Natural Hairline Wig Natural Black Color,Beauty & Health
,,1.66,45.0,1.0,#7 Best Sellers,in Makeup Bags,"1pc Large Capacity Square Shaped Portable Makeup Bag For Women, With Floral Print, Foldable And Suitable For Home Or Travel Use",Beauty & Health
,2.9k+ sold recently,4.9,8.0,1.0,,,"Acrylic Nail Powder 120ML 4.23 OZ Pink, Clear & White Acrylic Powder Odor-Free Bubble-Free No Need Nail Lamp Long-Lasting Colored Acrylic Nail Powder For Acrylic Nail Extension Carving(Net Weight Approx 110g Powder) DIY Nail Charms Nail Gems Nail Supplies",Beauty & Health
,400+ sold recently,2.3,8.0,1.0,,,"24pcs Crop Almond-Shaped Handmade Press-On Nails With Magic Mirror Powder And 3D Pearl, Reusable False Nail Set For Daily & Festival Wear, Nail Art Design Nail Supplies",Beauty & Health
,2.4k+ sold recently,1.5,6.0,8.0,,,"Elevate Your Style With, 24pcs/Set Y2K Style Medium Almond French Press On Nails Tip Star Pattern Design Acrylic Fake Nails, Contain 1pc Jelly Glue And 1pc Nail File, Suitable For Women And Girls Daily Life And Party Use Nail Supplies",Beauty & Health
,2.6k+ sold recently,1.08,40.0,1.0,,,24pcs Extra Long Press On Nails Leopard Print French Fake Nails 3D White Bowknot Decorate Romantic Style False Nails For Women And Girls Nail Supplies,Beauty & Health
,20+ sold recently,12.7,4.0,1.0,,,"1 piece synthetic heat-resistant ,straight hairÂ  WigsÂ  black- BrownÂ  ,24 inches long, made from fiber, suitable for daily use, natural and realistic falseÂ  wig.ChristmasÂ  BlackFriday Party Vacation , y2kÂ  Trendy made from fiber Elegance wig ,suitable for use,natural and realistic false hairpiece",Beauty & Health
,,63.8,26.0,1.0,,,4pcs Loose Wave Human Hair Bundles Virgin Hair Extension 4 Bundles Hair Weave Double Weft Hair Weave Cheap Daily Use Natural Black Color,Beauty & Health
,40+ sold recently,12.8,4.0,1.0,,,28 Inch Brown Wavy Wigs For Women Romantic Elegant Brown Mid-split Long Curly Synthetic Wigs for Party Daily Use black friday ofertas especiales,Beauty & Health
,400+ sold recently,11.3,4.0,1.0,,,Black Pink Ombre Synthetic Wigs With Bangs Heat Resistant Long Straight Layered Wigs For Women  Daily Party Cosplay And School Wear Use,Beauty & Health
,,1.0,0.0,1.0,,,1sheet Flower Print Nail Art Sticker & 1pc Nail File Nail Stickers DIY,Beauty & Health
,800+ sold recently,30.2,28.0,1.0,,,Women's Long Highlight Lace Front Synthetic Wig With Brown And Blonde Mixed Color,Beauty & Health
,300+ sold recently,13.5,50.0,7.0,,,Preplucked Soft 13*4 Mix Synthetic Fiber Imported From Japan Lace Front Wig Hair Long Straight With Baby Hair Heat Resistant Fiber Synthetic Hair Wig 26 Inch Wig For Women Daily Used,Beauty & Health
,2.3k+ sold recently,1.5,6.0,4.0,,,"Using 24pcs Pink French Style Medium-Long Square Double Colored Flower Design Spring/Summer Sweet Girl Full Cover Press-On False Nail Tips, Suitable For Daily Wear Press On Nails Nail Supplies",Beauty & Health
,300+ sold recently,3.65,34.0,1.0,,,550pcs/Box Acrylic French Half False Nail Tips Short Medium Long Nail Art Transparent Fake Nails Tip UV Gel Manicure Supply ï»¿12Sizes,Beauty & Health
,,50.8,26.0,1.0,,,50pcs Straight 613# I Tip Hair Extension Human Hair Straight I Tip Hairpiece For Women Beginner Friendly Real Easy To Wear Blonde Color,Beauty & Health
,3.6k+ sold recently,2.5,7.0,1.0,,,Black Friday 20pcs Luxury Nail Art Charm Alloy Virgin Mary Gemstone Rhinestone Nails Shiny Gold 3D Charms DIY Manicure Tips Decoration Nail Supplies,Beauty & Health
,,11.4,40.0,1.0,,,Ombre Long Straight Synthetic Wig,Beauty & Health
,40+ sold recently,32.3,50.0,1.0,,,"36"" Boho Knotless Braided Full Lace  Wigs For Women  Curly Braided Lace Front Wigs Box Braid Wig Black Goddess Braids Lace Wig With Baby Hair",Beauty & Health
,90+ sold recently,2.9,9.0,1.0,,,"24pcs Wearable Nail Wraps, Black Friday New Arrival With Sparkling Happy Planet,  Cartoon Rabbit, Heart-Shaped Rhinestone, Bowknot And Pearl Design Which Is Detachable And Pure Handmade. Perfect For Upgrading Your Look, Suitable For Dancing, Party Events And Daily Wear. Comes With Free Gel And Nail File.",Beauty & Health
,6.3k+ sold recently,2.1,5.0,1.0,,,4pairs Pointed Cat Eye False Eyelashes,Beauty & Health
,700+ sold recently,3.0,3.0,1.0,,,1 Pc New Pink Bow Ribbon Makeup Bag Travel Large Women Cosmetic Bag Pouch,Beauty & Health
,7.0k+ sold recently,1.4,7.0,8.0,,,24pcs Short Coffin Shape Minimalist Style Foot False Nails With 1pc Nail File And 1pc Jelly Glue Press On Nails Nail Supplies,Beauty & Health
,1.6k+ sold recently,2.7,7.0,1.0,,,"24pcs Glossy Long Square Fake Nails, Pinkish Press On Nails With 3D Red Rhinestone And Embossed Flower Design, Silver Butterfly Red Fine Flash To Celebrate The New Year False Nails For Women Girls Nail Supplies",Beauty & Health
,1.0k+ sold recently,1.8,10.0,1.0,,,Add A Touch Of Romance With 24pcs Pink Gradient Glitter Starry False Nails With One Jelly Glue & A Nail File For Full Coverage Wear. Suitable For Women And Girls To Wear In Various Occasions. Press On Nails Nail Supplies,Beauty & Health
,5.4k+ sold recently,3.9,13.0,1.0,,,Beige Strawberry Pattern  Cosmetic Bags For Women  Corduroy Cosmetic Bag Aesthetic Women Handbags Purses  Storage Makeup Bag Girls Case Bags  Travel Storage Bag Cute Makeup Bag,Beauty & Health
,600+ sold recently,6.55,50.0,1.0,,,28 Inch Long Brown Wig For Women With Bangs Wavy Curly Synthetic Hair Natural Looking Heat Resistant Fiber For Daily Party School Use,Beauty & Health
,10+ sold recently,63.2,26.0,1.0,,,4pcs 4 X 4 Lace Closure Water Wave Human Hair Bundles With Closure Virgin Hair Extension Closure And 3 Bundles Real Double Weft Hair Weave Cheap Hair Daily Use Natural Black Color,Beauty & Health
,8.9k+ sold recently,4.8,4.0,1.0,,,"Matte Lip Liner Kit, 12pcs/set Long-lasting Lip Liner Pencil",Beauty & Health
,2.6k+ sold recently,6.49,19.0,1.0,,,SHEGLAM So Lippy Lip Liner Set-Au Naturel 3 Pcs/Set Soft Matte Nude Lip Liner Pencil High Pigment Easy To Use Silky SmoothÂ Contour Tint Lip Makeup Black Friday Sale Gift Brown Nude Lip Liner,Beauty & Health
,100+ sold recently,52.78,30.0,4.0,,,Transparent Lace Body Wave 4 X 4 13 X 4 13 X 6 Lace Frontal Wigs 150%/180% Density 12-30 Inch Natural Black Color Pre-Plucked Natural HairlineÂ  Lace Closure Human Hair Top Quality Long Wigs For Women,Beauty & Health
,1.7k+ sold recently,1.8,10.0,1.0,,,120Pcs Clear Full Cover False Nails Medium Coffin Pre Shaped Nail Extensions 12 Sizes Acrylic Fake Nails Press On Nail Tips For Home DIY Salon Nail Art- Long Soft Gel Nail- Clear Acrylic Coffin Shaped Ballerina Nails Tips Nail Supplies,Beauty & Health
,3.7k+ sold recently,2.2,4.0,1.0,,,24pcs XXL Long Square Press On Nails Pink Figure 3D Rhinestone Ornament Design Fake Nails Gothic Style Bling Bling Long Square Fake Nails A Gift For Women And Girls Nail Supplies,Beauty & Health
,2.0k+ sold recently,3.3,8.0,8.0,,,90 Sheets Mixed 3D Mini Nail Art Stickers Approx 4500 Pieces Flowers Nail Stickers DIY,Beauty & Health
,2.9k+ sold recently,2.8,7.0,1.0,,,"240pcs Medium Almond Shaped Transparent False Nail Tips Extension, 12 Sizes For Nail Salons And Diy Nail Art (Only Sold In Transparent Package) Press On Nails Nail Supplies",Beauty & Health
,700+ sold recently,3.2,9.0,1.0,,,"48pcs/Set Square-Shaped Press-On False Nails & Toe Nails, White Edges With Red Line And Cherry Red Rhinestone French Design, With Jelly Glue And Nail File As Gift, Suitable For All Ladies, Perfect For Daily Wear To Make Your Fingertips More Charming. Nail Supplies",Beauty & Health
,2.0k+ sold recently,4.99,17.0,4.0,,,SHEGLAM Ember Rose Immortal Love Nourishing Lip Gloss-Everlasting Valentines Gift Red Liquid Lipstick High Shine Finish Ultra Moisturizing Lip Glaze Luminous Shine Non-Sticky Li Makeup,Beauty & Health
,100+ sold recently,7.45,50.0,1.0,,,Synthetic Heat Resistant Wigs Bouncy Curls Wigs With Bangs Copper Ginger 18 Inch Chemical Fiber Wig Bangs Wig Daily Used Easy To Wear Beginner Friendly Big Bouncy Fluff Curly Wigs,Beauty & Health
,1.7k+ sold recently,0.8,58.0,1.0,,,Instantly Upgrade Your Look With 24pcs Long Square Simple And Elegant Gradient French Style Full Cover Fake Nail For Women And Girls Press On Nails Nail Supplies,Beauty & Health
,400+ sold recently,1.5,6.0,1.0,,,"24pcs Crop Oval French Style Colorful Polka Dots & Crocodile Leather Finished Wearable Nail Wrap, Fashionable And Versatile With Collision Color Irregular Stripe Pattern",Beauty & Health
,600+ sold recently,4.3,7.0,1.0,,,"10pcs Long Coffin-Shaped False Nails With Black Flowing Starry Design, DIY Handmade, Removable And Reusable. Each Set Comes With 1 Tube Of Glue And 1 Nail File. Suitable For Girls And Women. Press On Nails Nail Supplies",Beauty & Health
,800+ sold recently,5.8,8.0,1.0,,,"240pcs Brown French Style Rectangle Shape Gel Nail Tips, 3 In 1 French Style Square Shape Gel Nail Tips, Suitable For Women Nail Art DIY Decoration, With 15 Various Sizes False Nails That Can Be Pressed On Nails Supplies",Beauty & Health
,,13.3,4.0,1.0,,,"HAIRCUBE 30'' Long Black Curly Wigs, Romantic Beautiful Synthetic Wigs Middle Part Wigs for Daily Elegant Enchanting Wigs for Christmas and Daily Wear Black Friday Flash Sale.",Beauty & Health
,,6.0,3.0,1.0,,,Long Curly Synthetic Hair Extension,Beauty & Health
,800+ sold recently,1.5,6.0,19.0,,,"24pcs New Summer Almond Shaped Nail Patch With Heart Shape And Cute Bowknot Decoration, Crystal Rhinestone Embellished, Suitable For Daily Wear. Comes With 1pc Nail File And 1pc Jelly Gel. Press On Nails Nail Supplies",Beauty & Health
,800+ sold recently,9.99,33.0,1.0,,,Rick and Morty X SHEGLAM The Meaning(Lessness) Of Life Palette,Beauty & Health
,300+ sold recently,3.1,3.0,1.0,,,1 Pc Mini Floral Women Makeup Bag Travel Large Cosmetic Storage Pouch Storage Makeup Organizer Makeup Case,Beauty & Health
,,4.0,2.0,6.0,#1 Best Sellers,in Towel,"1pc Sanrio Embroidered Thread Wrapped Bath Towel Outdoor Towel Dry Cap Absorbent Quick Dry Hair Does Not Shed Hair Sanrio,Sanrio Hello,Hello Kitty,Kuromi,Sanrio Hello Kitty,Sanrio Kuromi, Sanrio My Melody",Beauty & Health
,,12.6,4.0,1.0,,,Natural Long Straight Synthetic Wig,Beauty & Health
,1.6k+ sold recently,18.0,64.0,1.0,,,"Lavender Violets Gel Nail Polish Kit 27+3 Colors Pink Brown And White Soak-Off UV LED Nail Gel With Base, Matte And Glossy Top Coat For New Years Valentines Gifts",Beauty & Health
,70+ sold recently,11.0,4.0,1.0,,,Long Curly Body Wavy Red Wigs for Women Side Part Natural Looking  Synthetic Fiber Wig Heat Resistant Replacement Wig  Suitable for daily party use,Beauty & Health
,2.8k+ sold recently,6.6,50.0,1.0,,,Black 24 Inch Long Straight Synthetic Wig With Bangs Natural Black Heat Resistant Fiber Hair Full Machine Cosplay Party Wig For Fashion Women Daily School Wear Use,Beauty & Health
,100+ sold recently,25.37,50.0,1.0,,,Lattafa LATTAFA Bade'e Al Oud Amethyst EDP Spray 3.4 Oz (100 Ml) (U),Beauty & Health
,100+ sold recently,2.3,8.0,1.0,,,"24pcs Y2K Long Coffin Nails, French Style, Pointed Leopard & Star Pattern, Alloy & Cherry Decoration, Glossy Full-Cover False Nails, Suitable For Women's Daily Wear, Party, Dance Press On Nails Nail Supplies",Beauty & Health
,,61.1,26.0,1.0,,,Transparent Lace Front Pre Plucked Piano Straight Wave 13 X 4 Human Hair Wig 150% Density Frontal Wig ForÂ Women Highlight Color,Beauty & Health
,1.8k+ sold recently,1.7,6.0,1.0,,,Transform Your Nails With 24pcs Extra Long Coffin Sweet Y2k Style Pink Spider Pattern Bling Christmas French Style Full Cover Fake Nail Kit Suitable For Winter Press On Nails Nail Supplies,Beauty & Health
,1.8k+ sold recently,1.5,6.0,1.0,,,24pcs Long Square Press On Nails Black French For Party Summer False Nails With 1 Piece Jelly And 1 Piece File,Beauty & Health
,1.3k+ sold recently,5.7,8.0,17.0,,,ROMWE Goth 10pcs Nail Art Stickers With Rhinestone Decorative Bow & 1pc Double-sided Adhesive Tape,Beauty & Health
,,60.1,26.0,1.0,,,Highlight Ombre 4/27 Body Wave 13*4*1 Transparent Lace Front wig Human Hair Pre Plucked With Baby Hair 150% Density,Beauty & Health
,10+ sold recently,13.9,3.0,1.0,,,HAIRCUBE 28 Inch Long Brown Wigs With Bangs Curly Synthetic Wigs Women's Wigs for Party Daily Use black friday donna ofertas especiales,Beauty & Health
,,25.2,26.0,1.0,,,Body Wave Pixie Cut Bangs Wig Wig 1B27 Color Short Short Human HairÂ Ombre Color,Beauty & Health
,10+ sold recently,30.7,26.0,10.0,,,20pcs Tape In Straight Human Hair Extension Real Extension For Women Daily Use Real Easy Wear Natural Looking Ombre Color Tape In Hair Tape Ins,Beauty & Health
,,13.7,4.0,1.0,,,HAIRCUBE Womens Wigs 22 Inch Ombre Gray Brown Multi-Color Long Curly Wigs With Bangs Natural Elegant Synthetic Wigs For Daily Wear,Beauty & Health
,10+ sold recently,41.4,26.0,1.0,,,Transparent Lace Curly 4 X 4 Lace Front Wig 150% Density Human Hair Wigs 12 Inch Light Brown  Light Brown Color,Beauty & Health
,200+ sold recently,2.2,4.0,1.0,,,"Fox Style Natural & Long & Wispy False Eyelashes ForDaily Party Makeup, Cat Eye & Fairy Style False Lashes ForGlamorous Look",Beauty & Health
,,20.05,50.0,5.0,#6 Best Sellers,in Synthetic Lace Wigs,Lace Front 13*6 Wavy Chestnut Brown 32-inch High Temperature Synthetic Women's Full Head Wig,Beauty & Health
,10+ sold recently,70.7,26.0,1.0,,,Transparent Lace Straight 13 X 4 Lace Front Wig With Ombre 30# Hair Real Human Hair Lace Frontal Closure Wig With Baby Hair Pre Plucked Natural Hairline Wig Natural Black Color,Beauty & Health
,3.6k+ sold recently,2.2,4.0,1.0,,,"10 Pairs Russian Volume Lash Extensions - Super Curly, Fluffy, And Wispy 3D Makeup False Eyelashes For Daily, Party, And Festival Use",Beauty & Health
,,36.4,20.0,1.0,,,10*5 Black 32 Inch Extra Long Distressed Butterfly Locs Braided Wigs With Curly Ends For Women Afro Cornrow Square Box Knotless Locs Braids Synthetic Lace Front Wig Pre-Plucked Natural Hairline With Baby Hair For Daily Halloween Cosplay School Party Costume Wig Pre-Braided Faux Locs Crochet Soft Boho Handmade Braids With Curly Ends Premium Synthetic Heat Resistant High Temperature Fiber Hair 150% High Density Cool Goddess Dreadlock HD Lace Frontal Wigs For Mothers Day Gift For Mom Birthday Gift For Thanksgiving Day Gifts For Christmas Decorations For Women Female Lady Wear And Go Glueless Wig Navidad Peluca Negra Regalos NavideÃ±os Look Ano Novo Black Friday Wigs Super Long 1B Color Natural Black Twist Braided Afro Wig & 1pc Wig Cap,Beauty & Health
,,11.2,30.0,1.0,#2 Best Sellers,in Human Hair Wigs,1pc Body Wave Natural Black Virgin Human Hair Bundles Extension 8-30Inch Weave Bundles For Women,Beauty & Health
,,5.49,27.0,1.0,#6 Best Sellers,in Setting Spray,Rick and Morty X SHEGLAM Pickle Rick Setting Spray,Beauty & Health
,400+ sold recently,1.9,10.0,1.0,,,"Enhance Your Elegant With 24pcs Coffin-Shaped Press-On Nail Tips, Embellished With Sparkling 3D Rhinestone Flowers In S-Shape, Perfect For Parties. Comes With One Nail File And One Jelly Gum. Press On Nails Nail Supplies",Beauty & Health
,10+ sold recently,47.7,26.0,1.0,,,4pcs 2 X 4 Lace Closure Straight Human Hair Bundles With Closure Virgin Hair Extension Closure And 3 Bundles Real Double Weft Hair Weave Cheap Hair Daily Use Natural Black Color,Beauty & Health
,10+ sold recently,64.9,26.0,1.0,,,Wear&Go Glueless Bob Wig Curly Human Hair Wigs 6x5 Pre-Cut Lace Pre Plucked 180% Transparent Lace Closure Wigs,Beauty & Health
,4.9k+ sold recently,2.8,7.0,1.0,,,10 Pairs D Curl Lashes Russian Strip Lash Dramatic Volume Cross Natural False Eyelashes Faux Minl Makeup,Beauty & Health
,20+ sold recently,20.4,26.0,1.0,,,Ombre 3 Color 1B/4/27# Body Wave Virgin Human Hair Weave Bundles Ombre Three Tone Color Wavy Hair Weft,Beauty & Health
,1.6k+ sold recently,0.73,59.0,9.0,,,"Elevate Your Style With,24pcs Long Square Shaped Black Spider & Red Heart Design Fake Nail Set,Contain 1pc Jelly Glue And 1pc Nail File Press On Nails Supplies",Beauty & Health
,,69.1,4.0,1.0,,,Full Lace Front Knotless Box Braided Wigs Black Braided Wig With Baby Hair  Blended Lace Frontal Box Braid Wigs For Women,Beauty & Health
,100+ sold recently,2.3,4.0,1.0,,,200pcs Individual Lashes 40D Brown Cluster Lashes For DIY Eyelash Extension 0.07mm 8-16mm Mix Faux Mink False Lash Extensions For Home & Salon Use For Party Cosplay,Beauty & Health
,2.2k+ sold recently,3.99,11.0,1.0,,,SHEGLAM Snatch 'n' Glow Stick-Vanilla Frost Cream Highlighter Makeup Stick Long Wear Brightening Non-Caking Highlighter Face Makeup Black Friday Sale Gift White Highlighter,Beauty & Health
,400+ sold recently,1.9,14.0,1.0,,,Instantly Upgrade Your Look With 24pcs Long Square Simple White French Style Elegant 3D Bow Cute Flowers Sparkling Rhinestone Full Cover Fake Nail For Women And Girls 1 Piece Of Jelly Gel+1 File Strip Press On Nails Nail Supplies,Beauty & Health
,,1.2,40.0,4.0,,,"20pcs Mixed Style Nail Rhinestones, Crystal 3D Pink Charms For Nail Diy Manicure Decoration For Nail Decor Nail Gems Nail Supplies",Beauty & Health
,5.6k+ sold recently,9.0,3.0,4.0,,,"280Pcs Lash Extension Kit DIY Eyelash Extension Kit D Curl Cluster Lashes Individual Eyelashes With Waterproof Lash Bond And Seal Glue, Professional Eyelash Tweezers DIY At Home (30D-D-9-16MM)",Beauty & Health
,400+ sold recently,8.8,8.0,1.0,,,"Extra-Long Rectangular Genuine Handmade Y2K Style Armor, Blush-Colored Armor Pieces Decorated With Rhinestone French Tips, Sparkling Diamonds, Flowers, Bows, Kitten-Head Accessories Designed For Pure Hand-Worn Armor. It Suits Women And Girls. Each Set Includes 10 Armor Pieces In Three Sizes, Along With A Tool Kit. (Note: Colors Of Nail Accessories Are Random) Press On Nails Nail Supplies",Beauty & Health
,,58.0,26.0,1.0,,,613 Blonde Straight 13 X 4 Lace Front Wig With Baby Hair Pre Plucked Bleached Knots Human Hair Wig Short Straight Blonde Wig For Women Blonde Color,Beauty & Health
,400+ sold recently,2.4,8.0,4.0,,,24pcs/Set Japanese-Style Medium-To-Long Ice-Transparent Black And White Y2K Silver Bead With Star Bursts Metal Ripple Cool Starry Rhinestone Blush Gradient Glitter Ballet False Nails + 1pc Jelly Glue + 1pc Buffing Nail File Set Press On Nails Supplies,Beauty & Health
,100+ sold recently,6.6,50.0,1.0,,,22 Inch Hair Root Hair Tail Brown Middle Gold Heat Resistant Synthesis Mechanism Intermediate Layered Long Vacation Hair Suitable For Girls Festival Party Daily Wear Role Play Chemical Fiber Wig (Daily) + Simulated Scalp,Beauty & Health
,,209.3,26.0,1.0,,,Water Wave 13x4 HD Swiss Lace Front Human Hair Wigs For Women Brazilian Curly Lace Frontal Wig Natural Color With Baby Hair,Beauty & Health
,1.1k+ sold recently,2.3,4.0,1.0,,,DIY Lash Extension Book Kit 590 PCS Individual Eyelash Extension 30D+40D+50D+60D+80D+100D Cluster Lashes Kit Lash Glue Remover For Eyelash Extension,Beauty & Health
,20+ sold recently,26.8,26.0,1.0,,,613# Light Blonde Color Body Wave Virgin Human Hair Weave Bundles 100% Raw Unprocessed 613 Platinum Blonde Hair Wavy Weft Easy to Dye 10 - 30 inches,Beauty & Health
,30+ sold recently,34.6,26.0,1.0,,,3pcs Straight Human Hair Bundles Virgin Hair Extension 3 Bundles Real Double Weft Hair Weave Cheap Hair Daily Use Natural Black Color,Beauty & Health
,200+ sold recently,8.05,50.0,1.0,,,"Front Lace Long Natural Curly Wig,Center Split Wig, One Line Lace 4*2 Light Pink 30 Inch Semi Woven Daily Natural, Smooth And Realistic Wig",Beauty & Health
,70+ sold recently,43.5,26.0,1.0,,,Machine Made Headband Straight Wig 150% Density 14-26 Inch Natural Black Color 100% Human Hair Top Quality Wig For Women,Beauty & Health
,10+ sold recently,59.5,26.0,1.0,,,Highlight Ombre 4/27 Body Wave 13*4*1 Transparent Lace Front wig Human Hair Pre Plucked With Baby Hair 150% Density,Beauty & Health
,8.3k+ sold recently,2.8,7.0,1.0,,,Asiteo 7 Pairs D Curl Volume Faux Mink Eyelashes Natural Dramatic Soft Lash Cross Wispy Reusable Fluffy Russian Strip Lashes,Beauty & Health
,300+ sold recently,43.99,17.0,1.0,,,SHEGLAM | Corpse Bride Full Collection Set Sale Gift Makeup Set,Beauty & Health
,,5.34,40.0,1.0,,,Men Horse Pattern Electric Hair Clipper,Beauty & Health
,5.1k+ sold recently,4.1,5.0,1.0,,,Bond And Seal Eyelashes 20/30/40/50/60/80/100D Individual Lash Extension With Glue Clusters Makeup Tools DIY Lashes Extension Kit For Gluing Lashes,Beauty & Health
,10+ sold recently,1.2,0.0,4.0,,,Rainbow Hair Accessories Synthetic Hair Extensions Clip Hairpiece Body Wave Curly Clip On Wavy Clip-In One Piece Girls,Beauty & Health
,80+ sold recently,6.25,50.0,1.0,,,26 Inch Pink Long Curly Synthetic Wig With Bangs Natural Looking For Women Daily School And Mother's Day Use,Beauty & Health
,,102.76,30.0,1.0,#6 Best Sellers,in Human Lace Wigs,Pre Bleached Glueless HD Lace Straight 6*4 180% 22-28 Inch Lace Closure Wigs Natural Color Wear & Go,Beauty & Health
,1.0k+ sold recently,5.9,5.0,1.0,,,"Flower Print Eyeshadow Palette With Mirror, 1pc Long-Wearing Waterproof Eye Makeup Product For Women",Beauty & Health
,,26.8,26.0,1.0,,,613# Light Blonde Color Straight Virgin Human Hair Weave Bundles 100% Raw Unprocessed 613 Platinum Blonde Hair Weft Easy to Dye 10 - 30 inches,Beauty & Health
,30+ sold recently,24.6,26.0,1.0,,,1pc 12A Grade Straight Bundles Natural Black Color Virgin Human Hair Remy Hair Weave,Beauty & Health
,300+ sold recently,2.2,8.0,1.0,,,"24pcs Long False Nails With Floral Design & Silver Bead & Almond Shape For Spring Summer, With 1pc Jelly Glue & 1pc Nail File Press On Nails Supplies",Beauty & Health
,1.1k+ sold recently,3.2,9.0,1.0,,,"10pcs Handcrafted Long Coffin-Shaped False Nails, Light Blue Color, Crystal Aurora Butterfly Flower, White Camellia Pearl Rhinestone, Elegant Hand-Painted Patterns, Detachable Nail Art, Ballet Style, Finger Lengthening, Full Coverage Manicure Set For Party, Daily Wear, Repetitive Wear, Including Adhesive Jelly, 1pc Nail File, 1pc Cuticle Pusher",Beauty & Health
,400+ sold recently,2.3,8.0,6.0,,,"24pcs Long False Nails With European And American Silver 3D Bowknot, Pearl, Heart, Almond Shaped Patterns +1pc Jelly Glue +1pc Nail File Press On Nails Nail Supplies",Beauty & Health
,200+ sold recently,2.5,4.0,1.0,,,48 daily classic long -lasting hair fake eyelashes,Beauty & Health
,20+ sold recently,2.4,4.0,1.0,,,ROMWE Goth 5pcs Long Straight Synthetic Hair Extension,Beauty & Health
,2.3k+ sold recently,1.9,10.0,1.0,,,"24pcs Full Cover False Nail With Coffin Design, Strawberry Print, Heart-Shaped And Bowknot Decoration, Removable Manicure Kit For Women, Suitable For Party, Daily Wear Press On Nails Nail Supplies",Beauty & Health
,100+ sold recently,2.1,9.0,1.0,,,24 Pieces Of Long Coffin Armor Cute Style White French Cute Cartoon HelloKitty Drill White Bow Drill 3d Fake Nails Pink White Two-Color Small Flower Drill Simple Fashion Nail Art Suit For Party Dance Daily Wear,Beauty & Health
,200+ sold recently,1.8,5.0,4.0,,,"24PCS White French Medium Long Square Press On Nails&Fake Nail With Blue And Pink Stars, Adorned With Yellow Gemstones- Elevate Your Style Ans Stylish Gift For Women And Girls Nail Supplies",Beauty & Health
,3.4k+ sold recently,3.0,3.0,7.0,,,10 Pairs Manga Lashes Faux Mink Eyelashes Cat Eye Eyelashes Natural Full False Eyelashes Travel Essentials Makeup Tools (PN22),Beauty & Health
,500+ sold recently,12.8,4.0,1.0,,,"20 Pc/Set Hair Wax Stick Styling Comb Kit- 1PC  IKTY Hair Wax Stick For Hair Edge,9PC Real HD Wig Caps For Women Lace Front Wig,1PC Lace Tint Spray, 1PC Invisible Wig Bonding Glue, Edge Brush/Wig Band/Comb - Wig Accessory Essentials Kit",Beauty & Health
,1.3k+ sold recently,2.1,5.0,20.0,,,"24pcs/Set Almond White French Press On Nails Tips 3D Bowknot & Faux Pearl Design False Nails, Contain 1pc Jelly Glue And 1pc Nail File, Suitable For Women And Girls Daily Work And Party Use Nail Supplies",Beauty & Health
,,1.7,11.0,1.0,,,"10pcs Handmade Spring Outing Internet Celebrity Graffiti Cute And White Removable Nail Art, Including A Piece Of Jelly Glue And A Clip",Beauty & Health
,300+ sold recently,2.5,4.0,1.0,,,6 Pairs Manga Lashes Anime False Eyelashes Natural Look Fake Lashes Wet Wispy Eyelashes Extensions Makeup Tool(SJ01),Beauty & Health
,,69.2,26.0,1.0,,,Deep Wave Headband Wig Natural Black Color Human Hair Wig For Beginners,Beauty & Health
,2.2k+ sold recently,3.2,9.0,26.0,,,24pcs Luxury European And American Style Glitter Full Rhinestone Ballet Nail Tips + 1pc Jelly Gel + 1pc Nail File Press On Nails Supplies,Beauty & Health
,10+ sold recently,99.5,31.0,1.0,,,Unice Hair Bye Bye Knots 7x5 Inch Pre Cut Lace Invisible Knots Wig 100% Human Hair Pre Plucked Wear Go Glueless Wig Water Wave Lace Front Wig For Women,Beauty & Health
,,65.4,26.0,1.0,,,Transparent Lace Kinky Straight 13 X 4 Lace Front Natural Black Color Wigs Real Human Hair Lace Frontal Closure WigsÂ  With Baby Hair Pre Plucked Natural Hairline Wig,Beauty & Health
,1.8k+ sold recently,0.83,59.0,1.0,,,"24pcs/Set Long Square Wearing Fake Nails With Peach Blossom And Tree Branch Decoration, French Art, Simple Style, Comes With 1 Nail File And 1 Jelly Glue Press On Nails Nail Supplies",Beauty & Health
,20+ sold recently,64.4,26.0,1.0,,,4pcs Kinky Curly Human Hair Bundles Virgin Hair Extension 4 Bundles Double Weft Hair Weave Cheap Daily Use Natural Black Color,Beauty & Health
,10+ sold recently,22.1,26.0,1.0,,,NaturalÂ  WaveÂ Human Hair BangsÂ WigÂ 150%Â DensityÂ Dark Brown ShortÂ Wig For Women Human Hair Natural LayeredÂ Wig Brown Color,Beauty & Health
,7.1k+ sold recently,4.65,15.0,6.0,,,"Long Square Acrylic Fake Clear Nail Tips Set, 240Pcs Full Cover Artificial False Nails Tips Kit Press On Nails, 12 Sizes French Nail Tips For DIY Nails Salon At Home Hose Armor Artificial Armor Wearing Armor Nail Supplies",Beauty & Health
,100+ sold recently,41.0,26.0,1.0,,,3pcs Body Wave Human Hair Bundles Virgin Hair Extension Double Weft 3 Bundles Weave Hair Extension Daily Use Natural Black Color,Beauty & Health
,800+ sold recently,2.5,7.0,9.0,,,24 Pcs Long Square Press On Nails XXL White French Luxury 3D Rhinestone Bow Design Fake Nails Long Coffin Acrylic Fake Nails A Gift For Women And Girls Nail Supplies,Beauty & Health
,200+ sold recently,6.5,7.0,4.0,,,"ROMWE Kawaii 10pcs Star Shaped Handmade False Nails + 3pcs Double-Sided Adhesive, Removable Butterfly & Star Hand-Painted Nail Art Stickers, Gradient Mirror Powder With High Quality, Suitable For Festive Parties, Dance Performances And Daily Wear",Beauty & Health
,,3.1,6.0,7.0,#6 Best Sellers,in False Eyelashes,10 Pairs Manga Lashes Faux Mink Eyelashes Natural Full False Eyelashes Travel Essentials Makeup Tools(TEN03),Beauty & Health
,100+ sold recently,95.62,30.0,1.0,,,Honey Blonde Piano Color Highlight Straight 13 X 4 Lace Front Human Hair Wig 150 Density Pre Plucked With Baby Hair For Women Highlight Color,Beauty & Health
,,0.72,40.0,1.0,,,"Tattoo Sticker,1 Sheet Diamond & Snake Pattern Hand Temporary Tattoos For Women,Tattoo Stickers Adults,Realistic Tattoo Heart,For Women and Girls",Beauty & Health
,,0.78,40.0,10.0,,,Colored Hair Extensions 22Inch Straight Color Clip in on Hair Extension Rainbow Party Highlights Synthetic Hairpiece for Girls,Beauty & Health
,1.8k+ sold recently,1.62,15.0,1.0,,,Upgrade Your Look With 24 Pieces Long Square Peach Blossom Pearl Camellia On The Run Princess Essential Rhinestone Ring Fingernail With Jelly Glue 1 Piece And File Strip 1 Piece Press On Nails Nail Supplies,Beauty & Health
,400+ sold recently,2.1,9.0,1.0,,,24PCS Long Coffin Armor White French Cute Cartoon HelloKitty Diamond White Love Pearl Pink Bow 3d Silver Butterfly Fake Nail Fashion Nail Art Suit For Party Dance Party Daily Wear,Beauty & Health
,10+ sold recently,22.5,25.0,1.0,,,Medium Brown Reddish Color 4# Virgin Human Hair Weave Bundles Plain Color Silky Straight Hair Weft 10-24 inches,Beauty & Health
,400+ sold recently,2.4,8.0,1.0,,,"24pcs/Set Spring & Summer New Unique Almond Shape Simple & Elegant French Gradient 3D Floral Golden Lines Handmade False Nails Manicure Kit Suitable For Students, Office Ladies, Travel, Parties, Weddings, Daily Wear And Other Occasions Press On Nails Nail Supplies",Beauty & Health
,2.1k+ sold recently,1.4,30.0,8.0,,,"24pcs Attractive Short Almond Shaped False Nails In Red & White Cherry & Grass Design Suit For Ladies' Daily,Festival,Commute Wear New Year Edition Press On Nails Nail Supplies",Beauty & Health
,1.2k+ sold recently,3.0,3.0,1.0,,,Pheromone Perfume Rose Fragrance Fragrance Niche Floral Fresh Long-Lasting Portable Perfume For Couples Dating Creative Gift For Women,Beauty & Health
,6.9k+ sold recently,1.7,6.0,1.0,,,"10 Rows  120 Clusters Eyelashes, 30D Mix Full Curled Eyelashes, Natural Appearance Single Length DIY False Eyelashes",Beauty & Health
,800+ sold recently,3.1,9.0,1.0,,,30Pcs 3D Nail Charms For Nail Art 3D Decoration Set Gold Base Nail Studs Colorful Red Heart Nail Rhinestones Crystals Nail Art Jewelry For Actylic Nails DIY Nail Gems Nail Supplies,Beauty & Health
,10+ sold recently,2.4,4.0,11.0,,,5pcs Set Grey Clip In Synthetic Hair Extension Long Straight  For Women Girls With Cosplay,Beauty & Health
,,19.3,50.0,1.0,,,"Brown T-part Lace Wigs Body Wave natural 13*6*1 HD Transparent Lace Wig Body Wave for woman Daily wedding halloween christmas,school use",Beauty & Health
,,38.8,26.0,1.0,#9 Best Sellers,in Headband Wigs,Water Wave Headband Wigs Human Hair Affordable Wear & Go Curly Wave Human Hair Wig With Head Band For Women Daily Use Natural Black Color,Beauty & Health
,100+ sold recently,127.75,30.0,1.0,,,Highlight Water Curly Wave 13 X 4 Lace Front Wig Piano Color Pre Plucked Hairline High Density Natural Looking Highlight Color,Beauty & Health
,100+ sold recently,7.0,50.0,1.0,,,"Blonde Wig Long Wavy Curly Medium Part 28 Inch Women's Wigs Synthetic Heat Resistant Wigs Daily Used Hair Beginner Friendly,Suitable For Various Occasions, Including New Year, Parties, Vacations, Winter",Beauty & Health
,200+ sold recently,2.2,8.0,1.0,,,"24pcs Glossy Nude Press On Nails With Silver Stripe And 3D Heart Shape Rhinestone Link Design, Sweet & Romantic Artificial Nails, Suitable For Women & Girls Nail Supplies",Beauty & Health
,10+ sold recently,35.1,0.0,1.0,,,"Afnan 9 PM By Afnan, 3.4 Oz EDP Spray For Unisex",Beauty & Health
,2.7k+ sold recently,1.7,6.0,6.0,,,24pcs/Set Long Strawberry Red Matte & Flame Red Lips Print & Kiss Mark Lips Print Sexy Square Shaped False Nails For Valentine's Day + 1pc Jelly Glue + 1pc Nail File Press On Nails Supplies,Beauty & Health
,1.6k+ sold recently,2.0,9.0,1.0,,,"Upgrade Your Style With 24pcs Medium Long Square Shape Simple French Style White Border Floral Rhinestone Glitter False Nail, Suitable For Students, Ladies For Parties, Dance, Dating And Daily Wear Press On Nails Nail Supplies",Beauty & Health
,10+ sold recently,55.4,26.0,1.0,,,4pcs/Pack+4*1pc Bundle+8-30inch+Long Hair+Kinky Curly+Real Hair Braiding Weft,Beauty & Health
,900+ sold recently,1.8,22.0,1.0,,,Instantly Upgrade Your Look With 24pcs Long Square Elegant And Shiny Rhinestone Design Sparkling Loose Pink Flower Pink French Fresh Girl Style Full Cover False Nail For Women And Girls Comes With 1 Piece Of Jelly Gel And 1 File Strip Press On Nails Nail Supplies,Beauty & Health
,1.1k+ sold recently,1.15,36.0,13.0,,,"24pcs Short Coffin Shaped Cherry Red Solid Color Nails, With 1pc Nail File And 1pc Jelly Glue Press On Nails Nail Supplies",Beauty & Health
,,59.2,26.0,1.0,,,Transparent Lace Burgundy Straight Bob 4 X 4 Lace Closure Wigs 150%/180% Density 8-14 Inch #99J Color Pre-Plucked Natural HairlineÂ  Lace Remy Short Short Human Hair Top Quality Long Wigs For Women Burgundy Color,Beauty & Health
,2.1k+ sold recently,2.4,8.0,1.0,,,"Mesmerizing Gothic Elegance: 24pcs Luxurious Blue-Black Long Tube Press On Nails Adorned With Dazzling Gems, Spiders, Stars, And Swirls For Women And Girls Nail Supplies",Beauty & Health
,2.6k+ sold recently,2.5,7.0,1.0,,,"24pcs/Set Medium-Sized Square False Nails With Black Skull, Sweetheart, Bat, Dark Knight, Cool Girl, Milk Cat, Bone Design With 1pc Jelly Glue And 1pc Nail File Press On Nails Nail Supplies",Beauty & Health
,400+ sold recently,0.51,64.0,1.0,,,Upgrade Your Look With 24pcs Gold Outlined Long Coffin French Style Full Cover Fake Nail Set Press On Nails Nail Supplies,Beauty & Health
,300+ sold recently,2.6,7.0,1.0,,,"24pcs Y2K Pink French Tip Press On Nails, XXL Long Square Fake Nails With 3D Golden Alloy Butterfly Silver Crown And Low Key And Luxurious Diamond And White Camellia 3D Statue Of The Virgin Mary Buddha Designs, Glossy Full Cover False Nails For Women And Girls Nail Supplies",Beauty & Health
,20+ sold recently,33.8,26.0,1.0,,,50pcs Straight 1B Natural Black ColorÂ I Tip Hair Extension Human Hair Straight I Tip Hairpiece For Women Beginner Friendly Real Easy To Wear,Beauty & Health
,2.1k+ sold recently,7.83,14.0,1.0,,,"1Pc High Capacity Multifunctional Retro Style Pu Leather Cosmetic Bag With 3D Pressed And Embossed Texture, Zipper Closure, Suitable For Women'S Outdoor Travel,Makeup Bag Makeup Pouch Skincare Bag Toiletry Bag Packing Cubes,Travel Essentials Cruise Essentials Dorm Essentials,Wedding Bridesmaid Gifts Makeup Bag Storage Makeup Organizer Makeup Case",Beauty & Health
,300+ sold recently,1.9,5.0,20.0,,,24pcs European And American Style White Silvery Water Ripples Almond Shape Nail Tips + 1pc Jelly Gel + 1pc Nail File Press On Nails Nail Supplies,Beauty & Health
,20+ sold recently,9.2,4.0,1.0,,,Short Mullet Head Wigs With Bangs Synthetic Straight Women Black Short Hair Wig For Daily Party Cosplay,Beauty & Health
,1.4k+ sold recently,35.75,0.0,1.0,,,Armab Club De Nuit Intense 3.6oz,Beauty & Health
,,1.9,5.0,1.0,,,"Transform Your Nails With 24pcs Almond-Shaped Wearable False Nails Valentine's Day Pink Heart Glitter Stars Butterflies French Manicure Elegant Full Cover Nail Art Kit Including 1 Jelly Glue, 1 Nail File, Suitable For Parties, Dancing, And Daily Wear",Beauty & Health
,300+ sold recently,4.6,8.0,1.0,,,"Sweet & Cool Gothic Style 10pcs Almond-Shaped Handmade Black Baroque Camellia Sexy Lace & 3D Black Bow Nail Art Stickers With Pearl And -Themed Light Luxury False Nails. Perfect For All Women's Daily, Party, Festival, Dating, Bridal Nails. Free 1 Jelly Glue+1pc Nail File Press On Nails Nail Supplies",Beauty & Health
,20+ sold recently,59.6,26.0,1.0,,,613 Blonde Straight Bob 13 X 4 Lace Front Wig With Baby Hair Pre Plucked Bleached Knots Human Hair Wig Short Straight Blonde Wig For Women Blonde Color,Beauty & Health
,40+ sold recently,103.2,26.0,6.0,,,Transparent Lace Front straight 13*4 lace front wigs burgundy red Pre Plucked With Baby Hair human hair wigs Hair Replacement Wig daily use for women,Beauty & Health
,,22.8,28.0,1.0,,,34 Inch HD Full Lace Braided Wigs With Curls Lace Front Braided Wigs Synthetic Black Knotless Braided Wig For Women,Beauty & Health
,,74.5,26.0,1.0,,,Transparent Lace Water Wave 13 X 4 Lace Front Wig Real Human Hair Lace Frontal Closure Wig With Baby HairÂ Pre Plucked Natural Hairline Wig Natural Black Color,Beauty & Health
,,15.3,35.0,1.0,,,Lace Front Wigs Glueless Synthetic Long Silk Straight Natural Heat Resistant Fiber Hair Grey Wig With Baby Hair For Women 24 Inches,Beauty & Health
,100+ sold recently,24.9,4.0,1.0,,,Pink Color Hair Synthetic Lace Front Wigs 13x4 Free Part 28 Inches Long Straight Wigs HD Lace Pre Plucked Baby Hair Natural Hairline Glueless Frontal Lace Replacement Wigs Ready To Wear Comfortable  For Women Girls Party Vacation Concert Daily Use,Beauty & Health
,,16.1,26.0,1.0,,,Long Straight Light Gray Color Hair Lace Front Wig Glueless 32 Inch Synthetic Hair Grey Middle Part T-Lace Light Yaki Wig For Women Natural Hair Line Soft&Smooth Heat Resistant Fiber Hair Paty Daily Use,Beauty & Health
,100+ sold recently,2.4,4.0,1.0,,,ROMWE Goth 5pcs Long Straight Synthetic Hair Extension,Beauty & Health
,40+ sold recently,88.4,26.0,1.0,,,Royal Dark Midnight Blue Color Loose Body Wave Wear & Go 4x4 Pre Cut  Lace Glueless Closure Wig With Breezy Air Cap 0 Skill Needed,Beauty & Health
,10+ sold recently,59.4,26.0,1.0,,,4pcs 4 X 4 Lace Closure Straight Human Hair Bundles With Closure Virgin Hair Extension Closure And 3 Bundles Real Double Weft Hair Weave Cheap Hair Daily Use Natural Black Color,Beauty & Health
,10+ sold recently,19.3,26.0,1.0,,,Dark Brown Chocolate Color 2# Virgin Human Hair Bundles Plain Solid Color Silky Straight Hair Weft 10 - 24 inches,Beauty & Health
,100+ sold recently,2.1,9.0,1.0,,,3D Color Block Medium Square Nails - 24pcs + 1 Jelly Sticker + 1 Nail File,Beauty & Health
,600+ sold recently,5.95,50.0,1.0,,,"26 Inch Synthetic Fiber Long Straight Hair With Bangs In Burgundy Brown Color, Perfect For Ladies To Wear For Halloween Parties, Black Friday, Holidays, Nature, Elegance, Sexy, Romance, Simplicity, Casual Style, Street, Campus, And Cosplay Christmas, Halloween, Durable Against High Temperature",Beauty & Health
,10+ sold recently,10.29,45.0,1.0,,,"Hair Curling Wands,284Â°F,320Â°F,356Â°F,392Â°F, 60 Minute Timed Shutdown,4 Gear Temperature Regulation(1.25IN)",Beauty & Health
,100+ sold recently,6.2,10.0,1.0,,,3pcs Long Curly Synthetic Hair Extension,Beauty & Health
,1.0k+ sold recently,6.5,7.0,17.0,,,ROMWE Anime 10pcs French Line Sweet And Cute Y2k Sparkling Glitter Bow Pearl Hand-Painted False Nails + 3 Sheets Of Double-Sided Tape,Beauty & Health
,200+ sold recently,56.35,30.0,1.0,,,Wear&Go 6X4 150% Density Glueless Human Hair Wig Straight Transparent Lace Frontal Wig Ready To Wear Pre Plucked Pre Cut Lace Closure Wig Brazilian Beginner Friendly Natural Black Color,Beauty & Health
,900+ sold recently,2.3,8.0,26.0,,,24pcs Luxury European And American Style Sparkly Full Rhinestone Ballet Nails + 1pc Jelly Gel + 1pc Nail Buffing Block Press On Nails Nail Supplies,Beauty & Health
,500+ sold recently,27.49,24.0,1.0,,,Rick and Morty X SHEGLAM Family Counseling Lip Gloss Set,Beauty & Health
,400+ sold recently,6.5,7.0,14.0,,,"ROMWE Goth 10pcs Starry Gothic Style False Nails With 3pcs Double-Sided Adhesive, Removable Hand-Painted Nail Stickers With Pentagram Design, Suitable For Festival Parties, Dances And Daily Wear",Beauty & Health
,100+ sold recently,6.6,50.0,1.0,,,Brown Black Highlights Blonde Synthetic Straight Wig With Bangs Women Fluffy Lolita Cosplay Hair Wig For Daily Party,Beauty & Health
,,13.5,4.0,1.0,,,Natural Long Curly Synthetic Wig With Bangs,Beauty & Health
,300+ sold recently,0.8,50.0,10.0,,,"24pcs Sweet Cherry Blossom White And Pink Leaf Printed Full Cover False Nails With French White Decorated With Glitter Rhinestones Color For Women's Daily Wear & 1pc Nail File & 1Nail Glue Sticker Kit Nails For Girl Mother Women Gift And Nails Supplies &Wholesale,Whitening Nail Art Set With Detachable Fake Nails For Festival, Party, Date And Daily Wear Press On Nails",Beauty & Health
,50+ sold recently,31.7,26.0,1.0,,,8pcs Loose Wave Clip In Natural Black Virgin Human Hair Extension Clip-In Hair Extension Weft Hair Body Wave Extension Hair Weaves,Beauty & Health
,900+ sold recently,1.6,6.0,1.0,,,24pcs Red Heart & Star Patterned Short Almond-Shaped Reusable Stickers For Daily And Festival Wear Nail Art Set To Enrich Your Style Press On Nails Nail Supplies,Beauty & Health
,,75.1,26.0,1.0,,,Transparent Lace Highlight Brown Straight 4 X 4 Lace Closure Wig 150% Density 14-30 Inch #4/27 Color Pre-Plucked Natural HairlineÂ  Lace Remy Human Hair Top Quality Long Wig For Women Ombre Color,Beauty & Health
,30+ sold recently,109.0,26.0,1.0,,,13*4 613 Lace Front 180% Density 16-28inch Blonde Long Body Wave Human Hair Wigs,Beauty & Health
,,9.6,40.0,1.0,,,Men Chinese Dragon Decor Electric Hair Clipper,Beauty & Health
,400+ sold recently,3.2,9.0,27.0,,,"""24pcs Super Long Coffin-Shaped Nail Tips Decorated With Champagne-Colored Rhinestones And Shark Teeth, Must-Have For Fashionable Girls, Comes With 1pc Nail File And 1pc Jelly Glue""",Beauty & Health
,30+ sold recently,33.7,26.0,1.0,,,Straight Short Bob 13 X 4 X 1 T-Part Lace Wig Lace Front Natural Black Human Hair Wigs Natural Hairline Silky High Density Hair Replacement Wig For Women,Beauty & Health
,,30.7,26.0,10.0,,,20pcs Tape In Straight Human Hair Extension Real Extension For Women Daily Use Real Easy Wear Natural Looking Ombre Color Tape In Hair Tape Ins,Beauty & Health
,,16.2,4.0,1.0,,,Natural Long Curly Synthetic Wig With Bangs,Beauty & Health
,300+ sold recently,3.8,12.0,1.0,,,1 Pc Cute Cosmetic Bag For Women Floral Coquette Aesthetic Makeup Bag Set Travel Toiletry Organizer Bag For Wedding Gift Mother's Day,Beauty & Health
,,30.7,26.0,10.0,,,20pcs Tape In Straight Human Hair Extension Real Extension For Women Daily Use Real Easy Wear Natural Looking Ombre Color Tape In Hair Tape Ins,Beauty & Health
,,23.24,30.0,1.0,#5 Best Sellers,in Human Extensions,8pcs Clip-In Hair Straight 1B 120%-150% Density Silky Natural Black Color Human Hair Extension For Daily Use For Women,Beauty & Health
,,58.8,26.0,1.0,,,Kinky Curly Bob 13 X 4 X 1 T-Part Lace Natural Black Wig Short Curly Wig Cheap Hair Replacement Wig Daily Use,Beauty & Health
,20+ sold recently,80.2,26.0,1.0,,,4*4 Lace Front 130%  Long Straight  18-32inch Human Hair Wigs,Beauty & Health
,40+ sold recently,82.3,26.0,1.0,,,613 Blonde Transparent Lace Front Straight 13X4 Pre Plucked Human Hair Wigs Hair Replacement Wig Daily Use For Women,Beauty & Health
,800+ sold recently,6.5,50.0,1.0,,,Gold Long Straight Synthetic Heat Resistant Wigs Blonde Wig with Bangs for Women Hair Wigs for Cosplay Party Halloween,Beauty & Health
,10+ sold recently,41.4,26.0,1.0,,,Transparent Lace Straight 4 X 4 Lace FrontÂ Wig 150% Density Human Hair WigÂ Long StraightÂ Natural BlackÂ 4 X 4 Lace ClosureÂ Wig,Beauty & Health
,1.8k+ sold recently,1.13,53.0,1.0,,,24 Pcs Long Square Press On Nails Gift Box Spring Summer 3D Milk Almost Strawberry Bear Polka Dot Stripe Design Red Rose Sexy Cute And Sister Fake Nail With Jelly Glue 1 Piece And File Strip 1 Piece Nail Supplies,Beauty & Health
,,32.8,26.0,10.0,,,20pcs Tape In Straight Human Hair Extension Real Extension For Women Daily Use Real Easy Wear Natural Looking Ombre Color Tape In Hair Tape Ins,Beauty & Health
,50+ sold recently,47.5,26.0,1.0,,,3pcs Body Wave Human Hair Bundles Virgin Hair Extension 3 Bundles Real Double Weft Hair Weave Cheap Hair Daily Use Natural Black Color,Beauty & Health
,300+ sold recently,3.8,7.0,1.0,,,"48pcs/Set Water Drop Green-Blue Gradient 3D Rhinestone False Nails, Square Shaped Sweet & Cool Press-On Nails Set For Women And Girls Nail Supplies",Beauty & Health
,30+ sold recently,79.8,26.0,1.0,,,Glueless Straight Layered Wigs Wear&Go 5x5 Lace Closure Wig 14 16 Inch 180 Density Natural Color Shoulder Length Human Hair Wig,Beauty & Health
,30+ sold recently,82.84,23.0,1.0,,,Highlight Transparent Lace Front Straight 13*4 Human Hair Wigs Piano Color With Baby Hair Pre Plucked 16-30inch,Beauty & Health
,50+ sold recently,51.59,30.0,1.0,,,Transparent Lace Body Wave 13 X 4 Lace Front Wigs With Bangs Real Human Hair Lace Frontal Closure WigsÂ With Baby Hair Pre Plucked Natural Hairline Wig Natural Black Color,Beauty & Health
,60+ sold recently,1.0,0.0,4.0,,,Rainbow Hair Accessories Synthetic Hair Extensions Clip Hairpiece Body Wave Curly Clip On Wavy Clip-In One Piece Girls,Beauty & Health
,10+ sold recently,35.8,26.0,1.0,,,8pcs Straight Clip In Highlight Virgin Human Hair Extension Clip-In Hair Extension Weft Hair Extension Ombre Honey Blonde Hair Weaves Ombre Color,Beauty & Health
,2.7k+ sold recently,2.2,8.0,5.0,,,"24pcs Medium Duck Bill Shaped False Nails With Green Cow & Rhinestone Designs, Suitable For Daily & Party Wear For Women Press On Nails Nail Supplies",Beauty & Health
,200+ sold recently,15.05,7.0,1.0,,,"3D Bling Nail Art Charms Kit, Luxury Designer Metal Nail Rhinestone Crystals Making Ornament, Nail Decoration Accessories For DIY Nail Gems Nail Supplies",Beauty & Health
,1.2k+ sold recently,0.87,46.0,1.0,,,"24Pcs Gorgeous Square Press-On False Nails In French Blue Shiny Design, Comes With Jelly Glue And Nail File Nail Supplies",Beauty & Health
,60+ sold recently,46.83,30.0,1.0,,,Transparent Lace Body Wave Bob T Part Lace Front Wigs Short Short Human Hair Lace Frontal Closure Natural Black Color WigsÂ With Front Baby Hair Pre Plucked Natural Hairline Wig,Beauty & Health
,10+ sold recently,90.4,26.0,6.0,,,Transparent Lace Front straight 13*4 lace front wigs burgundy Pre Plucked With Baby Hair human hair wigs Hair Replacement Wig daily use for women,Beauty & Health
,70+ sold recently,12.9,4.0,1.0,,,26 Inch Gradient Straight Hair Wigs With Bangs Synthetic Fiber Hair Replacement Wigs For Women Girls,Beauty & Health
,1.6k+ sold recently,1.7,11.0,1.0,,,"Reusable Acrylic Nail Tips Set, 24pcs Coffin Shaped Long False Nails With 1pc Jelly Glue & 1pc Nail File, Pink French Manicure Design, Gentle And Minimalist Press On Nails Nail Supplies",Beauty & Health
,50+ sold recently,32.2,26.0,1.0,,,Straight Hair U-PartÂ Wig 100% Real Remy Natural Black Color Short Short Human Hair Machine MadeÂ BobÂ Wig Beginner Friendly Natural Invisible Edge For Woman,Beauty & Health
,1.0k+ sold recently,4.45,50.0,1.0,,,250/500/600pcs Soft Gel Tip Box Natural Or Sculpted Ballet/Coffin/Almond/Square Fake Nails Front Ultra-Thin End Thickened Hard Full Cover Nail Tips Premium Quality Press On Nails Nail Supplies,Beauty & Health
,,10.99,30.0,1.0,#3 Best Sellers,in Human Bundles & Closures,1pc Body Wave Bundles Natural Black Virgin Human Hair Bundles Extension 8-30 Inch Weave Bundles Weft Hair Extension Cheap For Women,Beauty & Health
,1.6k+ sold recently,2.3,4.0,1.0,,,"100pcs Segmented False Eyelashes Clusters, Spiky Individual Eyelash Extensions",Beauty & Health
,200+ sold recently,3.6,8.0,1.0,,,"48pcs/Set High-End White French 3D Bowknot False Nails With Rhinestones, Sweet And Cool Press On Nails For Women And Girls, Hand And Foot Set For Daily Wear Nail Supplies",Beauty & Health
,400+ sold recently,8.4,14.0,1.0,,,"10pcs Y2K Extra Long 3D Handemade Press On Nails French Style Mirror Gloss Silver Edging Fake Nails Long Nail , 1pc Nail File And 1pc Nail Glue, Suitable For Girls And Women Festival Parties And Daily Wear Holiday Gifts Nail Supplies",Beauty & Health
,100+ sold recently,128.73,30.0,1.0,,,Chocolate Brown Deep Wave Human Hair Wigs 13*6 Transparent Lace Front Wig With Baby Hair Pre Plucked For Women,Beauty & Health
,900+ sold recently,2.0,9.0,9.0,,,"Balletcore Cute Y2K Sweet Girl Style 24pcs Short Spring French Style Handmade 3D Pearl Flower Nail Art False Nails Set Suitable For Students, Office Ladies, Parties, Dances, Dating And Daily Wear Press On Nails Nail Supplies",Beauty & Health
,40+ sold recently,15.6,4.0,1.0,,,[ Korean Drama Female Lead ] Lace Wig Female Long Hair Fluffy And Natural Split Large Wave Long Curly Hair Full Wig Set,Beauty & Health
,,32.8,26.0,10.0,,,20pcs Tape In Straight Human Hair Extension Real Extension For Women Daily Use Real Easy Wear Natural Looking Ombre Color Tape In Hair Tape Ins,Beauty & Health
,,93.0,26.0,1.0,,,613 13*4 Lace Front Wigs 14-28inch Human Hair Wigs,Beauty & Health
,80+ sold recently,30.2,4.0,1.0,,,Ombre Blonde Straight Wig Mixed Brown And Blonde Color Lace Front Wigs For Women Highlight Synthetic Wig,Beauty & Health
,1.8k+ sold recently,1.9,10.0,5.0,,,Add A Touch Of Romance With 24 Pieces Of Long Square Rich Family Daughter Pure White Flower Marriage Rhinestone All Matching Autumn Winter First Player Nails With Jelly Glue 1 Piece And File Strip 1 Piece Press On Nails Nail Supplies,Beauty & Health
,500+ sold recently,3.34,37.0,1.0,,,"Black Extra Long Wavy Fake Hair,5 Clips Hair Extensions,18-36 Inchs Clip In Extensions Hairpieces For Women, Parties, Cosplay, Black Friday, Holidays, And Daliy Use",Beauty & Health
,1.1k+ sold recently,7.49,29.0,1.0,,,Rick and Morty X SHEGLAM Never Ricking Morty Setting Powder,Beauty & Health
,20+ sold recently,30.7,26.0,10.0,,,20pcs Tape In Straight Human Hair Extension Real Extension For Women Daily Use Real Easy Wear Natural Looking Ombre Color Tape In Hair Tape Ins,Beauty & Health
,,7.6,0.0,1.0,,,"1pc Rechargeable Hot Compress Eye Massager With High Frequency Vibration, Red/Blue/Purple Light And Constant Temperature At 42 Degrees, 3 Modes",Beauty & Health
,70+ sold recently,109.76,30.0,1.0,,,Transparent Lace Frontal Wig Virgin Human Hair Long Silky Straight 13 X 4 Pre Plucked Hairline Natural Black Color Swiss Lace Front Wigs with Baby Hair for Women High Density 180% 200% 250%,Beauty & Health
,200+ sold recently,2.8,10.0,1.0,,,24pcs Y2K Hot Girl French Style 3D Cross Shaped Press-On Nails With Gold Glitter Suitable For Women And Girls Daily Wear,Beauty & Health
,100+ sold recently,51.59,30.0,1.0,,,Transparent Lace Front Pre Plucked Straight Wave 13 X 4 Human Hair Wig 99J 150% Density Frontal Wig For Women Burgundy Color,Beauty & Health
,,70.2,26.0,1.0,,,Deep Wave Bangs Wig None Lace Front Wigs Full Machine Made Wig Natural Black Human Hair,Beauty & Health
,400+ sold recently,7.0,50.0,1.0,,,"1pc Rose Red Long Synthetic Heat Resistant Straight Hair Extension/wig, 26 Inches; Suitable For Daily Wear; Made From Fiber; Natural And Realistic Appearance.",Beauty & Health
,2.9k+ sold recently,2.6,7.0,1.0,,,Upgrade Your Look With 24 Pcs Long Square Press On Nails Dark Queen Black French Edge Y2K Millennium Spice Girl Style Red Blood Drop White Rhinestone Full Rhinestone Heart Pull Girl Essential Fake Nails With Jelly Glue 1 Piece And File Strip 1 Piece Nail Supplies,Beauty & Health
,,91.4,9.0,1.0,,,LancÃ´me ABSOLUE ESSENCE FOUNDATION 35ML GOLDEN GLOW #100-P,Beauty & Health
,,30.7,26.0,10.0,,,20pcs Tape In Straight Human Hair Extension Real Extension For Women Daily Use Real Easy Wear Natural Looking Ombre Color Tape In Hair Tape Ins,Beauty & Health
,30+ sold recently,55.1,26.0,1.0,,,V Part Wig Silky Straight Virgin Brazilian Human Hair Small Lace no Gel no Glue Need Small Lace Wig 150% Density,Beauty & Health
