title_href,selling_proposition,price,discount,available_color,product_title,main_category
https://us.shein.com/Baby-Boys-Dinosaur-Printed-Vest-And-Letter-Printed-Shorts-2pcs-Casual-Cute-Set-Summer-p-36271938.html?src_identifier=fc%3DBaby%20%26%20Maternity%60sc%3DBaby%20%26%20Maternity%60tc%3D0%60oc%3D0%60ps%3Dtab13navbar13%60jc%3DitemPicking_017172967&src_module=topcat&src_tab_page_id=page_select_class1718920048372&mallCode=1&pageListType=2,70+ sold recently,2.55,50.0,1.0,"Baby Boys' Dinosaur Printed Vest And Letter Printed Shorts, 2pcs Casual Cute Set, Summer",Baby & Maternity
https://us.shein.com/Baby-Boy-3D-Ear-Design-Hooded-Belted-Flannel-Robe-p-23828369.html?src_identifier=fc%3DBaby%20%26%20Maternity%60sc%3DBaby%20%26%20Maternity%60tc%3D0%60oc%3D0%60ps%3Dtab13navbar13%60jc%3DitemPicking_017172967&src_module=topcat&src_tab_page_id=page_select_class1718920048372&mallCode=1&pageListType=2,,6.8,16.0,1.0,Baby Boy 3D Ear Design Hooded Belted Flannel Robe,Baby & Maternity
https://us.shein.com/Baby-Girl-Floral-Print-Cami-Dress-p-18401775.html?src_identifier=fc%3DBaby%20%26%20Maternity%60sc%3DBaby%20%26%20Maternity%60tc%3D0%60oc%3D0%60ps%3Dtab13navbar13%60jc%3DitemPicking_017172967&src_module=topcat&src_tab_page_id=page_select_class1718920048372&mallCode=1&pageListType=2,400+ sold recently,3.95,16.0,1.0,Baby Girl Floral Print Cami Dress,Baby & Maternity
https://us.shein.com/Baby-Girl-s-Casual-And-Simple-Flower-Printed-Short-Sleeve-T-Shirt-And-Shorts-Set-Suitable-For-Summer-p-36287776.html?src_identifier=fc%3DBaby%20%26%20Maternity%60sc%3DBaby%20%26%20Maternity%60tc%3D0%60oc%3D0%60ps%3Dtab13navbar13%60jc%3DitemPicking_017172967&src_module=topcat&src_tab_page_id=page_select_class1718920048372&mallCode=1&pageListType=2,500+ sold recently,6.37,17.0,4.0,"Baby Girl's Casual And Simple Flower Printed Short Sleeve T-Shirt And Shorts Set, Suitable For Summer",Baby & Maternity
https://us.shein.com/Baby-Girl-Letter-Graphic-Tie-Dye-Hoodie-With-Sweatpants-p-9280472.html?src_identifier=fc%3DBaby%20%26%20Maternity%60sc%3DBaby%20%26%20Maternity%60tc%3D0%60oc%3D0%60ps%3Dtab13navbar13%60jc%3DitemPicking_017172967&src_module=topcat&src_tab_page_id=page_select_class1718920048372&mallCode=1&pageListType=2,100+ sold recently,8.0,25.0,1.0,Baby Girl Letter Graphic Tie Dye Hoodie With Sweatpants,Baby & Maternity
https://us.shein.com/Baby-Girl-Casual-Simple-English-Printed-Short-Sleeve-T-Shirt-And-Shorts-Set-Suitable-For-Summer-p-35979946.html?src_identifier=fc%3DBaby%20%26%20Maternity%60sc%3DBaby%20%26%20Maternity%60tc%3D0%60oc%3D0%60ps%3Dtab13navbar13%60jc%3DitemPicking_017172967&src_module=topcat&src_tab_page_id=page_select_class1718920048372&mallCode=1&pageListType=2,,7.1,13.0,1.0,"Baby Girl Casual Simple English Printed Short Sleeve T-Shirt And Shorts Set, Suitable For Summer",Baby & Maternity
https://us.shein.com/Baby-Boy-Summer-Fashionable-2pcs-Set-Cartoon-Dinosaur-Car-Printed-Short-Sleeve-Top-And-Casual-Shorts-p-30827620.html?src_identifier=fc%3DBaby%20%26%20Maternity%60sc%3DBaby%20%26%20Maternity%60tc%3D0%60oc%3D0%60ps%3Dtab13navbar13%60jc%3DitemPicking_017172967&src_module=topcat&src_tab_page_id=page_select_class1718920048372&mallCode=1&pageListType=2,100+ sold recently,3.0,40.0,1.0,Baby Boy Summer Fashionable 2pcs/Set Cartoon Dinosaur Car Printed Short Sleeve Top And Casual Shorts,Baby & Maternity
https://us.shein.com/1pair-Girls-Knitted-Ribbed-Leg-Warmers-Perfect-For-Party-Accessory-p-20702709.html?src_identifier=fc%3DBaby%20%26%20Maternity%60sc%3DBaby%20%26%20Maternity%60tc%3D0%60oc%3D0%60ps%3Dtab13navbar13%60jc%3DitemPicking_017172967&src_module=topcat&src_tab_page_id=page_select_class1718920048372&mallCode=1&pageListType=2,200+ sold recently,2.24,20.0,1.0,"1pair Girls' Knitted Ribbed Leg Warmers, Perfect For Party Accessory",Baby & Maternity
https://us.shein.com/10-Pairs-Set-Of-Random-Colors-Baby-Unisex-Socks-Toddler-Nude-Socks-p-32355388.html?src_identifier=fc%3DBaby%20%26%20Maternity%60sc%3DBaby%20%26%20Maternity%60tc%3D0%60oc%3D0%60ps%3Dtab13navbar13%60jc%3DitemPicking_017172967&src_module=topcat&src_tab_page_id=page_select_class1718920048372&mallCode=1&pageListType=2,,3.9,9.0,4.0,10 Pairs/Set Of Random Colors Baby Unisex Socks Toddler Nude Socks,Baby & Maternity
https://us.shein.com/Baby-Girls-Cute-Simple-Style-Water-Washed-Denim-Shorts-With-Ruffle-Trim-p-28120158.html?src_identifier=fc%3DBaby%20%26%20Maternity%60sc%3DBaby%20%26%20Maternity%60tc%3D0%60oc%3D0%60ps%3Dtab13navbar13%60jc%3DitemPicking_017172967&src_module=topcat&src_tab_page_id=page_select_class1718920048372&mallCode=1&pageListType=2,,9.2,8.0,4.0,Baby Girls' Cute Simple Style Water-Washed Denim Shorts With Ruffle Trim,Baby & Maternity
https://us.shein.com/1Pc-Kids-Girls-Summer-Hat-Sun-Visor-Hat-Wide-Brim-Summer-UV-Protection-Beach-Cap-Elastic-Hollow-Top-Style-p-30601622.html?src_identifier=fc%3DBaby%20%26%20Maternity%60sc%3DBaby%20%26%20Maternity%60tc%3D0%60oc%3D0%60ps%3Dtab13navbar13%60jc%3DitemPicking_017172967&src_module=topcat&src_tab_page_id=page_select_class1718920048372&mallCode=1&pageListType=2,600+ sold recently,3.4,8.0,1.0,"1Pc Kids Girls Summer Hat, Sun Visor Hat Wide Brim Summer UV Protection Beach Cap Elastic Hollow Top Style",Baby & Maternity
https://us.shein.com/Baby-Girl-Plaid-Print-Button-Front-Halter-Dress-p-15133014.html?src_identifier=fc%3DBaby%20%26%20Maternity%60sc%3DBaby%20%26%20Maternity%60tc%3D0%60oc%3D0%60ps%3Dtab13navbar13%60jc%3DitemPicking_017172967&src_module=topcat&src_tab_page_id=page_select_class1718920048372&mallCode=1&pageListType=2,5.5k+ sold recently,6.2,9.0,4.0,Baby Girl Plaid Print Button Front Halter Dress,Baby & Maternity
https://us.shein.com/3pcs-Infant-Boys-Casual-Solid-Color-Basic-Short-Sleeve-T-Shirt-And-Shorts-Set-p-36657594.html?src_identifier=fc%3DBaby%20%26%20Maternity%60sc%3DBaby%20%26%20Maternity%60tc%3D0%60oc%3D0%60ps%3Dtab13navbar13%60jc%3DitemPicking_017172967&src_module=topcat&src_tab_page_id=page_select_class1718920048372&mallCode=1&pageListType=2,100+ sold recently,15.3,7.0,1.0,3pcs Infant Boys' Casual Solid Color Basic Short Sleeve T-Shirt And Shorts Set,Baby & Maternity
https://us.shein.com/U-Shaped-Soft-Silicone-Manual-Toothbrush-Cartoon-Crab-Tooth-Oral-Hygiene-Cleaning-Brush-p-27377746.html?src_identifier=fc%3DBaby%20%26%20Maternity%60sc%3DBaby%20%26%20Maternity%60tc%3D0%60oc%3D0%60ps%3Dtab13navbar13%60jc%3DitemPicking_017172967&src_module=topcat&src_tab_page_id=page_select_class1718920048372&mallCode=1&pageListType=2,600+ sold recently,3.7,0.0,1.0,U-Shaped Soft Silicone Manual Toothbrush Cartoon Crab Tooth Oral Hygiene Cleaning Brush,Baby & Maternity
https://us.shein.com/SHEIN-Baby-Girl-Casual-Basic-Adorable-Flower-Print-Romper-With-Shoulder-Straps-For-Outdoors-In-Spring-Summer-p-29179701.html?src_identifier=fc%3DBaby%20%26%20Maternity%60sc%3DBaby%20%26%20Maternity%60tc%3D0%60oc%3D0%60ps%3Dtab13navbar13%60jc%3DitemPicking_017172967&src_module=topcat&src_tab_page_id=page_select_class1718920048372&mallCode=1&pageListType=2,1.8k+ sold recently,4.86,33.0,1.0,SHEIN Baby Girl Casual Basic Adorable Flower Print Romper With Shoulder Straps For Outdoors In Spring/Summer,Baby & Maternity
https://us.shein.com/SHEIN-Baby-Girl-Casual-Knitted-Solid-Color-Halter-Romper-Set-5pcs-p-28549027.html?src_identifier=fc%3DBaby%20%26%20Maternity%60sc%3DBaby%20%26%20Maternity%60tc%3D0%60oc%3D0%60ps%3Dtab13navbar13%60jc%3DitemPicking_017172967&src_module=topcat&src_tab_page_id=page_select_class1718920048372&mallCode=1&pageListType=2,,13.3,15.0,8.0,"SHEIN Baby Girl Casual Knitted Solid Color Halter Romper Set, 5pcs",Baby & Maternity
https://us.shein.com/Baby-Girls-Cute-Letter-Printed-Bodysuit-For-New-Year-s-Day-And-Valentine-s-Day-Spring-And-Summer-p-29267170.html?src_identifier=fc%3DBaby%20%26%20Maternity%60sc%3DBaby%20%26%20Maternity%60tc%3D0%60oc%3D0%60ps%3Dtab13navbar13%60jc%3DitemPicking_017172967&src_module=topcat&src_tab_page_id=page_select_class1718920048372&mallCode=1&pageListType=2,1.1k+ sold recently,3.17,28.0,4.0,"Baby Girls' Cute Letter Printed Bodysuit For New Year's Day And Valentine's Day, Spring And Summer",Baby & Maternity
https://us.shein.com/Valentine-s-Day-Baby-Girl-Heart-Pattern-Printed-Romper-With-Bow-Headband-Spring-Summer-p-29787635.html?src_identifier=fc%3DBaby%20%26%20Maternity%60sc%3DBaby%20%26%20Maternity%60tc%3D0%60oc%3D0%60ps%3Dtab13navbar13%60jc%3DitemPicking_017172967&src_module=topcat&src_tab_page_id=page_select_class1718920048372&mallCode=1&pageListType=2,200+ sold recently,3.55,30.0,1.0,"Valentine's Day Baby Girl Heart Pattern Printed Romper With Bow Headband, Spring/Summer",Baby & Maternity
https://us.shein.com/Fashionable-Baby-Girls-Casual-Polka-Dot-Pattern-Round-Neck-Flying-Sleeve-Cartoon-Bear-Embroidery-Overall-Dress-With-Hair-Band-Summer-p-35636181.html?src_identifier=fc%3DBaby%20%26%20Maternity%60sc%3DBaby%20%26%20Maternity%60tc%3D0%60oc%3D0%60ps%3Dtab13navbar13%60jc%3DitemPicking_017172967&src_module=topcat&src_tab_page_id=page_select_class1718920048372&mallCode=1&pageListType=2,700+ sold recently,7.9,0.0,1.0,"Fashionable Baby Girls' Casual Polka Dot Pattern Round Neck Flying Sleeve Cartoon Bear Embroidery Overall Dress With Hair Band, Summer",Baby & Maternity
https://us.shein.com/SHEIN-Baby-Girl-Floral-Print-Contrast-Binding-Ruffle-Hem-Cami-Romper-p-15118468.html?src_identifier=fc%3DBaby%20%26%20Maternity%60sc%3DBaby%20%26%20Maternity%60tc%3D0%60oc%3D0%60ps%3Dtab13navbar13%60jc%3DitemPicking_017172967&src_module=topcat&src_tab_page_id=page_select_class1718920048372&mallCode=1&pageListType=2,,5.5,8.0,1.0,SHEIN Baby Girl Floral Print Contrast Binding Ruffle Hem Cami Romper,Baby & Maternity
https://us.shein.com/SHEIN-Baby-Girl-Solid-Cami-Romper-p-10326198.html?src_identifier=fc%3DBaby%20%26%20Maternity%60sc%3DBaby%20%26%20Maternity%60tc%3D0%60oc%3D0%60ps%3Dtab13navbar13%60jc%3DitemPicking_017172967&src_module=topcat&src_tab_page_id=page_select_class1718920048372&mallCode=1&pageListType=2,2.8k+ sold recently,3.9,9.0,12.0,SHEIN Baby Girl Solid Cami Romper,Baby & Maternity
https://us.shein.com/Baby-Girl-Casual-Triangle-Romper-With-Simple-Letter-Print-Short-Sleeve-p-35184099.html?src_identifier=fc%3DBaby%20%26%20Maternity%60sc%3DBaby%20%26%20Maternity%60tc%3D0%60oc%3D0%60ps%3Dtab13navbar13%60jc%3DitemPicking_017172967&src_module=topcat&src_tab_page_id=page_select_class1718920048372&mallCode=1&pageListType=2,100+ sold recently,2.1,50.0,1.0,"Baby Girl Casual Triangle Romper With Simple Letter Print, Short Sleeve",Baby & Maternity
https://us.shein.com/1pc-Cartoon-Bathroom-Net-Storage-Bag-Multifunctional-Wall-Hanging-Organizer-p-20474524.html?src_identifier=fc%3DBaby%20%26%20Maternity%60sc%3DBaby%20%26%20Maternity%60tc%3D0%60oc%3D0%60ps%3Dtab13navbar13%60jc%3DitemPicking_017172967&src_module=topcat&src_tab_page_id=page_select_class1718920048372&mallCode=1&pageListType=2,700+ sold recently,1.45,24.0,1.0,"1pc Cartoon Bathroom Net Storage Bag, Multifunctional Wall Hanging Organizer",Baby & Maternity
https://us.shein.com/SHEIN-Baby-Girl-Newborn-Elephant-Heart-Print-Ruffle-Trim-Romper-p-13794906.html?src_identifier=fc%3DBaby%20%26%20Maternity%60sc%3DBaby%20%26%20Maternity%60tc%3D0%60oc%3D0%60ps%3Dtab13navbar13%60jc%3DitemPicking_017172967&src_module=topcat&src_tab_page_id=page_select_class1718920048372&mallCode=1&pageListType=2,1.3k+ sold recently,6.0,8.0,6.0,SHEIN Baby Girl Newborn Elephant & Heart Print Ruffle Trim Romper,Baby & Maternity
https://us.shein.com/Baby-Girl-Fashionable-Casual-Flower-Letter-Slogan-Printed-Short-Sleeve-T-Shirt-p-35785250.html?src_identifier=fc%3DBaby%20%26%20Maternity%60sc%3DBaby%20%26%20Maternity%60tc%3D0%60oc%3D0%60ps%3Dtab13navbar13%60jc%3DitemPicking_017172967&src_module=topcat&src_tab_page_id=page_select_class1718920048372&mallCode=1&pageListType=2,400+ sold recently,4.0,5.0,5.0,"Baby Girl Fashionable Casual Flower, Letter & Slogan Printed Short Sleeve T-Shirt",Baby & Maternity
https://us.shein.com/1pc-2pcs-3pcs-Clear-Pacifier-Storage-Case-Portable-Dustproof-p-20859504.html?src_identifier=fc%3DBaby%20%26%20Maternity%60sc%3DBaby%20%26%20Maternity%60tc%3D0%60oc%3D0%60ps%3Dtab13navbar13%60jc%3DitemPicking_017172967&src_module=topcat&src_tab_page_id=page_select_class1718920048372&mallCode=1&pageListType=2,,1.4,0.0,1.0,"1pc/2pcs/3pcs Clear Pacifier Storage Case, Portable & Dustproof",Baby & Maternity
https://us.shein.com/Baby-Boy-Tropical-Print-Tee-Shorts-p-7834267.html?src_identifier=fc%3DBaby%20%26%20Maternity%60sc%3DBaby%20%26%20Maternity%60tc%3D0%60oc%3D0%60ps%3Dtab13navbar13%60jc%3DitemPicking_017172967&src_module=topcat&src_tab_page_id=page_select_class1718920048372&mallCode=1&pageListType=2,1.5k+ sold recently,3.33,37.0,1.0,Baby Boy Tropical Print Tee & Shorts,Baby & Maternity
https://us.shein.com/SHEIN-Baby-Boy-2pcs-Set-Casual-Color-Block-Letter-Printed-T-Shirt-And-Shorts-p-29583415.html?src_identifier=fc%3DBaby%20%26%20Maternity%60sc%3DBaby%20%26%20Maternity%60tc%3D0%60oc%3D0%60ps%3Dtab13navbar13%60jc%3DitemPicking_017172967&src_module=topcat&src_tab_page_id=page_select_class1718920048372&mallCode=1&pageListType=2,500+ sold recently,6.45,24.0,8.0,SHEIN Baby Boy 2pcs/Set Casual Color Block Letter Printed T-Shirt And Shorts,Baby & Maternity
https://us.shein.com/SHEIN-Baby-Boy-s-Simple-Letter-Pattern-Short-Sleeve-Romper-p-27082901.html?src_identifier=fc%3DBaby%20%26%20Maternity%60sc%3DBaby%20%26%20Maternity%60tc%3D0%60oc%3D0%60ps%3Dtab13navbar13%60jc%3DitemPicking_017172967&src_module=topcat&src_tab_page_id=page_select_class1718920048372&mallCode=1&pageListType=2,1.0k+ sold recently,5.66,18.0,1.0,SHEIN Baby Boy's Simple Letter Pattern Short Sleeve Romper,Baby & Maternity
https://us.shein.com/SHEIN-Baby-Girl-Butterfly-Print-Tie-Dye-Cami-Romper-p-11197972.html?src_identifier=fc%3DBaby%20%26%20Maternity%60sc%3DBaby%20%26%20Maternity%60tc%3D0%60oc%3D0%60ps%3Dtab13navbar13%60jc%3DitemPicking_017172967&src_module=topcat&src_tab_page_id=page_select_class1718920048372&mallCode=1&pageListType=2,,3.5,8.0,6.0,SHEIN Baby Girl Butterfly Print Tie Dye Cami Romper,Baby & Maternity
https://us.shein.com/Summer-Baby-Girls-2pcs-Lovely-Duck-Pattern-Sleeveless-Top-And-Casual-Shorts-Sweet-Set-p-34595021.html?src_identifier=fc%3DBaby%20%26%20Maternity%60sc%3DBaby%20%26%20Maternity%60tc%3D0%60oc%3D0%60ps%3Dtab13navbar13%60jc%3DitemPicking_017172967&src_module=topcat&src_tab_page_id=page_select_class1718920048372&mallCode=1&pageListType=2,60+ sold recently,5.1,0.0,1.0,Summer Baby Girls' 2pcs Lovely Duck Pattern Sleeveless Top And Casual Shorts Sweet Set,Baby & Maternity
https://us.shein.com/10pairs-Children-s-Random-Color-Solid-Smile-Face-Design-Athletic-Cute-Mid-Calf-Socks-For-Daily-Wear-p-28590455.html?src_identifier=fc%3DBaby%20%26%20Maternity%60sc%3DBaby%20%26%20Maternity%60tc%3D0%60oc%3D0%60ps%3Dtab13navbar13%60jc%3DitemPicking_017172967&src_module=topcat&src_tab_page_id=page_select_class1718920048372&mallCode=1&pageListType=2,,6.0,9.0,5.0,10pairs Children's Random Color Solid Smile Face Design Athletic Cute Mid-Calf Socks For Daily Wear,Baby & Maternity
https://us.shein.com/SHEIN-Baby-Boy-Casual-Minimalist-Letter-Pattern-T-Shirt-And-Shorts-Set-Suitable-For-Summer-Outfits-p-15522066.html?src_identifier=fc%3DBaby%20%26%20Maternity%60sc%3DBaby%20%26%20Maternity%60tc%3D0%60oc%3D0%60ps%3Dtab13navbar13%60jc%3DitemPicking_017172967&src_module=topcat&src_tab_page_id=page_select_class1718920048372&mallCode=1&pageListType=2,1.3k+ sold recently,4.44,45.0,10.0,"SHEIN Baby Boy Casual & Minimalist Letter Pattern T-Shirt And Shorts Set, Suitable For Summer Outfits",Baby & Maternity
https://us.shein.com/Baby-Girl-Ombre-Pleated-Casual-Cami-Top-And-Wide-Leg-Pants-p-31380114.html?src_identifier=fc%3DBaby%20%26%20Maternity%60sc%3DBaby%20%26%20Maternity%60tc%3D0%60oc%3D0%60ps%3Dtab13navbar13%60jc%3DitemPicking_017172967&src_module=topcat&src_tab_page_id=page_select_class1718920048372&mallCode=1&pageListType=2,1.0k+ sold recently,9.0,7.0,6.0,Baby Girl Ombre Pleated Casual Cami Top And Wide Leg Pants,Baby & Maternity
https://us.shein.com/Baby-Girls-One-Piece-Swimsuit-With-Cartoon-Print-And-Hollow-Out-Waist-And-Ruffle-Trim-Comes-With-A-Swimming-Cap-p-27065050.html?src_identifier=fc%3DBaby%20%26%20Maternity%60sc%3DBaby%20%26%20Maternity%60tc%3D0%60oc%3D0%60ps%3Dtab13navbar13%60jc%3DitemPicking_017172967&src_module=topcat&src_tab_page_id=page_select_class1718920048372&mallCode=1&pageListType=2,,5.4,8.0,4.0,"Baby Girls' One-Piece Swimsuit With Cartoon Print And Hollow-Out Waist And Ruffle Trim, Comes With A Swimming Cap",Baby & Maternity
https://us.shein.com/Baby-Girls-Spring-Autumn-Cute-Bow-Knot-Knee-High-Socks-With-Loose-Mouth-Design-p-31898714.html?src_identifier=fc%3DBaby%20%26%20Maternity%60sc%3DBaby%20%26%20Maternity%60tc%3D0%60oc%3D0%60ps%3Dtab13navbar13%60jc%3DitemPicking_017172967&src_module=topcat&src_tab_page_id=page_select_class1718920048372&mallCode=1&pageListType=2,300+ sold recently,0.85,50.0,4.0,Baby Girls' Spring/Autumn Cute Bow Knot Knee-High Socks With Loose Mouth Design,Baby & Maternity
https://us.shein.com/SHEIN-2pcs-Set-Baby-Boys-Solid-Color-Casual-T-Shirt-And-Shorts-Spring-And-Autumn-p-17937380.html?src_identifier=fc%3DBaby%20%26%20Maternity%60sc%3DBaby%20%26%20Maternity%60tc%3D0%60oc%3D0%60ps%3Dtab13navbar13%60jc%3DitemPicking_017172967&src_module=topcat&src_tab_page_id=page_select_class1718920048372&mallCode=1&pageListType=2,1.6k+ sold recently,8.6,8.0,8.0,"SHEIN 2pcs/Set Baby Boys' Solid Color Casual T-Shirt And Shorts, Spring And Autumn",Baby & Maternity
https://us.shein.com/Baby-Boys-Girls-Short-Sleeve-Rompers-Baby-One-Piece-Outfit-Romper-p-36239052.html?src_identifier=fc%3DBaby%20%26%20Maternity%60sc%3DBaby%20%26%20Maternity%60tc%3D0%60oc%3D0%60ps%3Dtab13navbar13%60jc%3DitemPicking_017172967&src_module=topcat&src_tab_page_id=page_select_class1718920048372&mallCode=1&pageListType=2,30+ sold recently,4.8,0.0,1.0,Baby Boys Girls Short Sleeve Rompers Baby One-Piece Outfit Romper,Baby & Maternity
,700+ sold recently,1.8,10.0,1.0,"1pc Children's Butterfly Printed Wide Brim Bonnet, Elastic Comfortable Headwear For Daily Use & Sleep",Baby & Maternity
,1.6k+ sold recently,4.85,10.0,10.0,SHEIN Baby Girl One Shoulder Top & Paper Bag Waist Shorts,Baby & Maternity
,3.7k+ sold recently,5.09,18.0,1.0,Baby Boy Dinosaur Print Patched Pocket Tee & Shorts,Baby & Maternity
,2.8k+ sold recently,5.27,19.0,1.0,Baby Boys' Slogan Printed Casual Short Sleeve T-Shirt And Shorts Set For Spring And Summer,Baby & Maternity
,,3.5,8.0,8.0,Baby Girl Slogan Graphic Birth Bulletin Card Photography Prop,Baby & Maternity
,100+ sold recently,4.5,0.0,1.0,"Fashionable And Minimalist Style Baby Girl's Letter Printed Suspenders Dress, Summer",Baby & Maternity
,700+ sold recently,6.2,7.0,1.0,Baby Girl Allover Floral Print Wrap Romper,Baby & Maternity
,70+ sold recently,3.62,29.0,1.0,8 Pairs Baby Elastic Smiling Face Jacquard Mid-Tube Socks For Spring And Summer,Baby & Maternity
,1.5k+ sold recently,5.17,24.0,1.0,Baby Girl Flamingo Print Bow Front Cami Top & Shorts,Baby & Maternity
,1.4k+ sold recently,6.9,9.0,1.0,Baby Boy Animal Print Button Front Lapel Neck Shirt Romper,Baby & Maternity
,900+ sold recently,5.15,39.0,1.0,Baby Girl Slogan Graphic Ruffle Trim Bodysuit & Floral Print Belted Shorts,Baby & Maternity
,1.1k+ sold recently,1.6,11.0,9.0,"1pair Baby Socks, Princess Style Anti-slip Floor, Boat Socks With Bowknot, Suitable For Learning To Walk",Baby & Maternity
,100+ sold recently,3.8,5.0,1.0,"Baby Boys' Casual Telephone Pattern & Letter Slogan Printed Short Sleeve Romper, Triangle Hat",Baby & Maternity
,1.1k+ sold recently,9.6,7.0,1.0,SHEIN Baby Girl Sleeveless Crochet Knitted Short Tank Top And Casual Pants Summer Outfit,Baby & Maternity
,,23.03,4.0,1.0,"Cozy Cub 3pcs/Set Baby Girls' Spring & Summer Boho Casual Ruffle Trim Elastic Waist Soft Denim Jeans Shorts In Multiple Colors,Baby Summer Clothes Cute Shorts Outfits",Baby & Maternity
,,4.9,8.0,1.0,"1pc Kids' Sun Protection Shawl Hat, With Adjustable Drawstring, Purple Maple Leaf & Rabbit Cartoon Design, With Whistle, Suitable For Boys And Girls. Whistle Is Randomly Sent. The Hat Has A Large Brim To Provide Necessary Sun Protection For Outdoor Activities During Spring And Summer. It Comes In Various Colors And Styles To Suit Individual Preferences And Has Cultural Connotations Specific To Cross-Border Markets. It Is Lightweight, , And Foldable - A Must-Have Travel And Outdoor Accessory For Summer.",Baby & Maternity
,1.5k+ sold recently,8.32,26.0,6.0,SHEIN Baby Boy Ripped Roll Hem Ripped Jeans,Baby & Maternity
,20+ sold recently,3.8,7.0,1.0,Fashion USA Lettered Embroidered Baseball Cap American Flag Pattern Baseball Cap Girls Boys All-Purpose Baseball Cap,Baby & Maternity
,1.0k+ sold recently,7.9,7.0,5.0,Baby Girl Casual Polka Dot Print Romper With Flutter Sleeves,Baby & Maternity
,50+ sold recently,7.1,9.0,1.0,"Baby Girls' Textured Jacquard Fabric Camisole Top With 3D Flower Decoration And Pleated Shorts Set, Fashionable Casual Outfit For Vacation",Baby & Maternity
,1.3k+ sold recently,6.9,9.0,4.0,Baby Girl Striped Print Ruffle Trim Wrinkled Top With Shorts,Baby & Maternity
,1.1k+ sold recently,7.9,9.0,1.0,Baby Girl's Cute Watermelon Shaped Flocked Mesh Dress With Shoulder Straps,Baby & Maternity
,,4.95,8.0,8.0,Baby Girl Floral Print Bodysuit With Headband,Baby & Maternity
,300+ sold recently,8.8,7.0,1.0,"Baby Girl Cute, Elegant, Cute, Floral Printed, Purple Bodysuit With Shorts Set And Headband, For Spring And Summer",Baby & Maternity
,,13.09,0.0,1.0,SHEIN Maternity Summer Elegant Ditsy Floral Printed Bodycon Dress With Fish Tail Hem,Baby & Maternity
,100+ sold recently,5.33,18.0,7.0,Baby Girl Polka Dot Printed Three-Layer Ruffled Sleeve Dress With Bowknot Decoration For Summer,Baby & Maternity
,100+ sold recently,1.84,20.0,1.0,1pc Black Flat Baby & Kids' Leggings Tights,Baby & Maternity
,,2.8,10.0,11.0,5pairs/set Baby Cartoon Pattern & Solid Color Socks,Baby & Maternity
,1.8k+ sold recently,12.6,9.0,4.0,"SHEIN Baby Boys' Colorblock Round Neck Short Sleeve Top, Shorts, Vest And Hat Set",Baby & Maternity
,1.1k+ sold recently,12.64,15.0,1.0,SHEIN 6pcs Baby Girl Adorable Simple Knitted Solid Color Sleeveless Wave Hem Top & Shorts Outfits,Baby & Maternity
,1.0k+ sold recently,6.8,8.0,1.0,Baby Girl Floral Print Appliques Crisscross Back Cami Romper,Baby & Maternity
,2.6k+ sold recently,10.7,7.0,4.0,Baby And Child (girls) Casual Sports Simple Sweatshirt Three-piece Set Spring And Autumn,Baby & Maternity
,60+ sold recently,6.7,9.0,1.0,"SHEIN Vintaside Kids New Summer Style Baby Girls' High-Quality Embroidered Vest With Simple Countryside Style, Bamboo Cotton A-Line Sleeveless Dress With Full Front Button Opening",Baby & Maternity
,1.1k+ sold recently,7.5,6.0,10.0,SHEIN Baby Boy Slogan Graphic Hooded Tank Top & Shorts,Baby & Maternity
,700+ sold recently,8.6,8.0,1.0,Baby Girl Casual Polo Shirt With Bee Embroidery And Pleated Skirt Set For Summer,Baby & Maternity
,70+ sold recently,5.8,0.0,1.0,"2pcs Little Girls' Elegant Sweet Strawberry & Letter Print Ruffle Top And Striped Strawberry Print Shorts, Suitable For Casual, Daily, Vacation, Party",Baby & Maternity
,,2.7,7.0,6.0,2pcs Girls Heart Pattern Hair Bonnet,Baby & Maternity
,1.1k+ sold recently,7.7,9.0,1.0,SHEIN Baby Girl Casual Solid Color Vest And Geometric Pattern Belted Shorts Set For Summer,Baby & Maternity
,,4.8,0.0,1.0,"1pc Adjustable Baby Car Seat Headrest Pillow - Neck And Head Support For Infants, Child Car Safety Cushion",Baby & Maternity
,2.6k+ sold recently,13.9,9.0,7.0,Baby Girl Simple Korean-Style Multi-Colored Spaghetti Strap Romper,Baby & Maternity
,1.3k+ sold recently,6.6,10.0,5.0,Baby Girl Floral Embroidery Dual Pocket Dress With Headband,Baby & Maternity
,3.8k+ sold recently,6.8,9.0,9.0,Baby Boy Solid Button Front Shirt & Shorts,Baby & Maternity
,,12.4,8.0,7.0,Baby Girl Puff Sleeve Ripped Belted Denim Jumpsuit,Baby & Maternity
,600+ sold recently,6.55,33.0,6.0,Baby Girl Ruffle Trim Bow Front Blouse & Swiss Dot Skirt,Baby & Maternity
,200+ sold recently,1.5,0.0,1.0,1 Pack Baby Growing Souvenir Diy Soft Clay Print Paste,Baby & Maternity
,,14.7,0.0,1.0,"Baby Girl Summer Solid Color Shorts Set Of 7, Casual And Versatile",Baby & Maternity
,90+ sold recently,2.26,22.0,1.0,Kids Dinosaur Pattern Sun Protection Baseball Cap,Baby & Maternity
,2.0k+ sold recently,17.8,8.0,1.0,3pcs Baby Girls' Cute Fruit Printed Snug Fit Homewear Set With Short Sleeve Tops And Long Pants,Baby & Maternity
,3.4k+ sold recently,10.0,7.0,6.0,Baby Girl Floral Print Halter Top & Layer Hem Skirt & Hat,Baby & Maternity
,2.4k+ sold recently,10.7,8.0,1.0,"4pcs/Set Baby Boy's Casual Streetwear Skateboard & Game Machine Pattern T-Shirt, Shorts, Backpack And Cap For Summer",Baby & Maternity
,1.2k+ sold recently,4.4,0.0,1.0,Baby Girl Slogan Printed Short Sleeve Casual Bodysuit,Baby & Maternity
,20+ sold recently,5.0,7.0,1.0,"Infant Newborn Casual Letter Printed Short Sleeve Bodysuit, Summer Daily Comfortable Outfit",Baby & Maternity
,90+ sold recently,8.2,0.0,1.0,"Baby Girl Head Printed T-Shirt, Solid Color Complicated Shorts & Belt 3-Piece Casual Outfit",Baby & Maternity
,1.4k+ sold recently,2.4,0.0,4.0,"1pc Baby Stroller Mosquito Net Cover, Fully Covered Sunshade & Dustproof Awning",Baby & Maternity
,2.3k+ sold recently,5.9,11.0,1.0,"SHEIN Baby Girl Printed Ruffle Romper, Cute & Sweet, Comfortable For Summer",Baby & Maternity
,500+ sold recently,4.0,7.0,4.0,Baby Boy Slogan Graphic Bodysuit,Baby & Maternity
,,31.3,0.0,1.0,New 3rd Generation Simulation Children Toilet 6035 - Children Potty Training Seat With Stool And Ladder For Baby Boys And Girls,Baby & Maternity
,1.7k+ sold recently,3.25,36.0,1.0,Baby Boys' Simple Slogan Pattern Short Sleeve Romper For Summer,Baby & Maternity
,60+ sold recently,8.7,10.0,1.0,"SHEIN Baby Girl Round Neck Color-Block Cat Pattern Sleepwear With Lace Cuffs, Flame Resistant",Baby & Maternity
,2.3k+ sold recently,3.52,20.0,1.0,5pairs Baby Girls Casual Ruffle Frilly Socks For Daily Life,Baby & Maternity
,2.3k+ sold recently,5.7,8.0,1.0,Baby Girls' Striped Sleeveless Shirt Dress For Summer,Baby & Maternity
,1.3k+ sold recently,7.95,44.0,1.0,"3pcs/Set Baby Girls"" Basic And Versatile Spring Floral Polka Dot Print Cute Homey And Elegant Dress",Baby & Maternity
,,15.9,8.0,4.0,Baby Girl Summer Casual Flower Embroidery Short Sleeve Shorts Denim Suit,Baby & Maternity
,3.4k+ sold recently,5.7,28.0,6.0,Baby Boy Coconut Tree & Letter Graphic Tee & Bow Front Shorts,Baby & Maternity
,50+ sold recently,6.6,0.0,1.0,"2pcs Toddler Boys' Casual Rocket Pattern Printed Round Neck Short Sleeve T-Shirt And Shorts Set, Summer",Baby & Maternity
,3.2k+ sold recently,5.6,0.0,1.0,Baby Girl 2pcs Cute Rainbow Striped Knitted Flower Cami Top & Frill Trim Shorts Outfit For Summer,Baby & Maternity
,,1.6,50.0,4.0,"1pc Orange Glitter Kids' Sun Hat With Butterfly Decoration, Summer New Mesh Breathable Children's Baseball Cap, Cute Baseball Cap, Sun Protection Cap, Suitable For Girls",Baby & Maternity
,400+ sold recently,3.2,0.0,1.0,"6pcs Carrot And 1pc Baby Carrot Pulling Tissue Box Toy, Can Be Washed And Torn-resistant, Early Education And Intelligence Building Play Set With Number Game, Suitable For Indoor And Outdoor Use In Daily Life",Baby & Maternity
,,10.5,7.0,1.0,"30 Pairs Unisex Thin Breathable Comfy Deodorant Sweat-Absorbing Low Cut Ankle Socks, Casual Plain Color Socks, Children's Socks & Hosiery For Summer",Baby & Maternity
,3.7k+ sold recently,4.75,9.0,1.0,Baby Girl's Cute Cartoon Animal Printed Sleeveless Dress For Spring,Baby & Maternity
,1.4k+ sold recently,7.6,7.0,8.0,Baby Girls' Hooded Bathrobe With 3d Ear Design And Waist Belt Included,Baby & Maternity
,,4.9,8.0,1.0,"Baby Boys' Fun Letter Printed Short Sleeve Romper, Summer",Baby & Maternity
,3.4k+ sold recently,4.45,33.0,12.0,"2pcs Baby Girls' Cute And Stylish Floral Printed Strappy Dress And Hat Set, Suitable For Summer Vacation",Baby & Maternity
,3.2k+ sold recently,10.7,9.0,1.0,"Baby Boy 3pcs/Set Casual Letter Print Short Sleeve Shirt, Shorts And Hat Outfits For Spring",Baby & Maternity
,2.0k+ sold recently,9.6,9.0,10.0,Baby Girl Satin Elegant And Lovely Fashion Contrast Piping Shirt & Shorts Set,Baby & Maternity
,1.7k+ sold recently,9.9,7.0,1.0,Baby Girl Summer Casual Sleeveless Denim Dress With Button Closure And Matching Bag,Baby & Maternity
,,1.57,51.0,5.0,"1pc Plain Color Towel, Absorbent & Quick-Drying Showering Towel, Super Soft & Skin-Friendly Bathing Towel, For Home Bathroom, Ideal Bathroom Supplies",Baby & Maternity
,7.5k+ sold recently,4.9,9.0,1.0,SHEIN Baby Girl 2pcs/Set Tie-Dye Round Neck Short-Sleeved T-Shirt Elastic Waist Butterfly-Knotted Shorts Casual Summer Outfit,Baby & Maternity
,80+ sold recently,11.5,7.0,1.0,"6pcs Toddler Girls' Colorful Daily Wear, Casual, Cute, Comfortable Sports Shorts Legging Set For Spring And Summer, Suitable For Home And Outdoors",Baby & Maternity
,1.5k+ sold recently,12.1,8.0,5.0,Summer New Arrivals Baby Girls' Cute Strawberry Printed T-Shirt And Denim Shorts With Belt 2pcs Outfits,Baby & Maternity
,,11.3,8.0,4.0,2pcs/Set Baby Girl Summer Short Sleeve Round Neck Floral Embroidered Top & Denim Skirt Outfits,Baby & Maternity
,7.1k+ sold recently,6.37,12.0,1.0,Baby Boys' Casual And Versatile Letter Patterned Comfortable Short Sleeve And Shorts Set For Home,Baby & Maternity
,1.4k+ sold recently,3.15,27.0,1.0,Summer Baby Boy Cute Slogan Printed Short Sleeve Bodysuit,Baby & Maternity
,1.1k+ sold recently,4.11,44.0,1.0,Baby Girl Fashionable Short Sleeve Letter Print Top & Leopard Print Bottom Set For Summer,Baby & Maternity
,100+ sold recently,6.1,6.0,1.0,"Baby Boys' Cute Turtle And Letter Printed Short-Sleeve Outfit Set, Summer",Baby & Maternity
,1.1k+ sold recently,4.5,10.0,11.0,"SHEIN Baby Girl Striped Romper With Spaghetti Straps, Comfortable, Cute And Sweet, Suitable For Summer",Baby & Maternity
,700+ sold recently,3.28,20.0,1.0,"5pcs/10pcs Solid Color Anti-slip Baby Clothes Hangers, Suitable For Daily Use",Baby & Maternity
,700+ sold recently,6.0,10.0,1.0,"SHEIN Baby Girl Summer Vacation Floral Print Tank Top And Elastic Waist Shorts Set, Suitable For Summer",Baby & Maternity
,,6.36,34.0,1.0,"1pc Talking Cactus Toy, Dancing Cactus Baby Toy,Singing Mimicking Cactus Baby Toys Repeat What You Say Cactus, Recording 15 Seconds",Baby & Maternity
,2.4k+ sold recently,6.24,16.0,1.0,"SHEIN Mom's Girl Flower Pattern, Baby Girl Casual Simple Short Sleeve And Shorts Set Suitable For Summer",Baby & Maternity
,200+ sold recently,1.4,0.0,1.0,1pc Kids On Board Cartoon Sticker For Cars,Baby & Maternity
,100+ sold recently,3.8,5.0,1.0,"Toddler Boys' Casual Colorful Letter Slogan Print Short Sleeve T-Shirt, Fashionable",Baby & Maternity
,700+ sold recently,4.86,19.0,11.0,SHEIN Baby Girl Lettuce Trim Tank Top & Tie Front Shorts,Baby & Maternity
,2.9k+ sold recently,7.28,12.0,5.0,SHEIN Baby Girl Geometric Pattern Tank Top And Shorts Set,Baby & Maternity
,400+ sold recently,4.85,1.0,1.0,Baby Boys' Summer Car Printed Top And Shorts Set,Baby & Maternity
,1.8k+ sold recently,7.3,6.0,1.0,SHEIN Baby Girl Summer Casual Solid Color Halter Top And Pleated Skirt Set,Baby & Maternity
,100+ sold recently,1.69,58.0,1.0,"1pc Black Foam Cushion Strip Edge & Corner Protector With Dual Adhesive Tape 2m For L-shaped Desk, Table, Bed, Baby Proof Furniture Guard For Child Safety",Baby & Maternity
,2.3k+ sold recently,4.25,43.0,1.0,"Spring Baby Girls' Pink Butterfly Printed Top And Sports Shorts, Suitable For Leisure And Daily Wear",Baby & Maternity
,,3.67,13.0,4.0,Baby Girl Summer Casual Butterfly Printed Short Sleeve Tee With Bow,Baby & Maternity
,6.3k+ sold recently,9.6,26.0,1.0,Baby Girl Holiday Style Cute Floral Printed Vest And Loose Comfortable Elastic Waist Jeans Set,Baby & Maternity
,,1.8,0.0,1.0,"1pc Baby Fruit Feeder Teether, Fresh Food Feeder Pacifier, Kids Teething Toy Gift-Random Color",Baby & Maternity
,,3.06,15.0,1.0,Baby Boy Slogan Printed Short Sleeve Bodysuit For Summer,Baby & Maternity
,1.9k+ sold recently,5.7,8.0,7.0,Baby Girl Red And White Plaid 3D Toweling Strawberry Embroidery Sleeveless Dress For Spring/Summer Casual Wear,Baby & Maternity
,500+ sold recently,12.5,8.0,1.0,Fashion Print Denim Suspender Skirt Set For Baby Girl,Baby & Maternity
,80+ sold recently,6.1,10.0,1.0,SHEIN Baby Girl Summer Cute Solid Color Tank Top And Geometric Pattern Shorts Set,Baby & Maternity
,,1.8,5.0,11.0,1pair Kids' Glitter Solid Color Floral Lace Short Socks,Baby & Maternity
,60+ sold recently,1.96,30.0,1.0,"10pcs/Pack Baby Safety Table Corner Cushions, Pvc Table Edge Protectors, Thickened Transparent Ball-Shaped Child Corner Guards Christmas Gift",Baby & Maternity
,3.2k+ sold recently,6.8,8.0,1.0,"SHEIN Fashionable Checkered Backless Vest Top And Shorts Set For Baby Girls, Summer",Baby & Maternity
,,19.5,8.0,4.0,"SHEIN 6pcs/Set Baby Boy Casual Vacation Stripe & Leaf Pattern Short Sleeve T-Shirt, Elastic Waist Shorts Outfits",Baby & Maternity
,,5.7,8.0,1.0,Baby Girl Summer Knot Hem Tank Top And Striped Paperbag Waist Belted Shorts Set,Baby & Maternity
,,5.6,0.0,1.0,Baby Girl 2pcs Casual Style Letter Patchwork Printed Dress With Hat Summer Outfit,Baby & Maternity
,100+ sold recently,3.25,50.0,1.0,"Baby Girls' Gradient Color Butterfly Print Short Sleeve Outfit, Summer",Baby & Maternity
,1.5k+ sold recently,5.7,11.0,6.0,"SHEIN Baby Girl Ruffles Strap Romper, Comfortable, Cute, Lovely, Suitable For Summer",Baby & Maternity
,6.3k+ sold recently,7.86,11.0,10.0,"SHEIN 2pcs/set Baby Boys' Casual Fun Lion Pattern Printed Long Sleeve Top And Shorts For Streetwear, Spring/summer",Baby & Maternity
,,4.9,9.0,1.0,Baby Girl Cartoon Graphic Bow Front Ruffle Trim One Piece Swimsuit,Baby & Maternity
,300+ sold recently,1.9,42.0,7.0,Cute Duck Mesh Net Storage Bag - Quick Drying Bathroom Bath Holder With Suction Cups - Perfect Bath Game Bag For Organization,Baby & Maternity
,4.9k+ sold recently,7.4,9.0,1.0,Baby Girl Striped Print Colorblock Flounce Sleeve Shirt Dress With Accessory Bag,Baby & Maternity
,20+ sold recently,8.9,0.0,1.0,"2pcs Baby Girls' Cute Printed Long Sleeve Bodysuit With Hat & Headband And Pants Set, Spring & Autumn",Baby & Maternity
,3.0k+ sold recently,5.7,8.0,1.0,"Baby Girl Vacation Colorblock Tank Top And Shorts Set With Woven Belt, Suitable For Summer",Baby & Maternity
,800+ sold recently,1.32,45.0,8.0,1pair Girls' Middle & Big Kids' Colorful Fashionable Lace Trim Ankle Socks,Baby & Maternity
,,10.99,0.0,6.0,Cozy Cub Baby Girl Casual Crochet Knit Cami Top With Ruffle Hem,Baby & Maternity
,2.8k+ sold recently,9.7,8.0,1.0,Baby Girl Slogan Graphic Ruffle Trim Bodysuit & Plaid Flare Leg Pants & Headband,Baby & Maternity
,2.4k+ sold recently,9.9,8.0,4.0,3pcs/Set Baby Girls' Summer Cute Casual Sleeveless Round Collar Frilled Hem Letter Print Bodysuit With Orange Pattern Shorts And Headband Outfits,Baby & Maternity
,80+ sold recently,3.8,5.0,1.0,"Baby Girl Trendy Letter Printed Short Sleeve T-Shirt, Summer",Baby & Maternity
,,3.5,5.0,12.0,Newborn Baby Boy Letter Graphic Monthly Milestones Photography Prop,Baby & Maternity
,,9.87,29.0,1.0,Cozy Cub Baby Boy Knitted Soft Comfortable Skin-Friendly Round Neck Sleeveless Romper 3 Pieces Set,Baby & Maternity
,1.8k+ sold recently,8.6,8.0,1.0,Baby Girl Letter Graphic Ruffle Trim Bodysuit & Heart Print Bow Front Shorts & Headband,Baby & Maternity
,600+ sold recently,3.63,9.0,1.0,Infant Girls' Tropical Printed Colorful Casual Halter Dress,Baby & Maternity
,400+ sold recently,11.3,8.0,1.0,Baby Girl Slogan Graphic Ruffle Trim Bodysuit & Plaid Bow Front Flare Leg Pants & Headband,Baby & Maternity
,1.2k+ sold recently,3.53,7.0,1.0,SHEIN Baby Boys' Casual Top,Baby & Maternity
,30+ sold recently,10.3,8.0,1.0,"SHEIN 2pcs Baby Girls' Simple & Cute Dog Printed Ruffled Sleeve Sleepwear Dress Set, Home Clothes",Baby & Maternity
,2.0k+ sold recently,7.3,11.0,1.0,SHEIN Baby Girl's Geometric Print Pleated Halterneck Dress,Baby & Maternity
,1.0k+ sold recently,6.56,17.0,1.0,"Summer Outfits, Baby Girl's Casual And Simple Short Sleeve T-Shirt And Shorts Set, White And Black, Suitable For Spring And Summer",Baby & Maternity
,1.1k+ sold recently,6.23,18.0,1.0,Baby Girl Donuts Print Cut Out Ruffle Trim One Piece Swimsuit,Baby & Maternity
,600+ sold recently,5.2,9.0,4.0,"10 Pairs/Set  Children's Candy Colored Solid Color Simple Casual Short Socks, Random Color",Baby & Maternity
,,2.6,28.0,1.0,"5 Pairs/Set Women's Cartoon Embroidery Short Socks With Teddy Bear & Heart Pattern, Versatile Low-Cut Students Socks For Summer, Ins Style",Baby & Maternity
,1.4k+ sold recently,7.6,7.0,6.0,Baby Girl Striped Sleeveless Dress With Ruffled Collar For Summer,Baby & Maternity
,10+ sold recently,2.7,50.0,1.0,"Infant Boys' Fun Letter Printed Short Sleeve Romper, Summer",Baby & Maternity
,2.1k+ sold recently,5.8,8.0,1.0,"Baby Girl Summer Casual Flamingo Printed Top With Ruffle Trim And Shorts, Cute Decorated Outfits",Baby & Maternity
,900+ sold recently,5.6,8.0,1.0,Baby Girl Parrot Print Ruffle Trim One Piece Swimsuit,Baby & Maternity
,1.6k+ sold recently,6.1,0.0,1.0,Vintage Embroidered Lace Trim Baby Girl Summer Tank Top And Simple Triangle Shorts Set,Baby & Maternity
,,9.7,8.0,1.0,Baby Girls' Pink Washed Elastic Waist Comfortable Denim Skort,Baby & Maternity
,500+ sold recently,5.8,9.0,1.0,Baby Girl Cute Floral Print Holiday Style Cami Top And Shorts Set,Baby & Maternity
,,4.35,50.0,1.0,"3pcs Baby Girls' Fashionable Casual Cartoon Girl & Glitter Pattern Print Short Sleeve T-Shirt+Jeans Patterned Pants+Belt Outfits, Summer",Baby & Maternity
,600+ sold recently,11.1,0.0,1.0,Baby Boy Colorblock Patched Pocket Pullover & Drawstring Waist Sweatpants,Baby & Maternity
,70+ sold recently,1.76,48.0,1.0,"Cartoon Stacking Animal Wall Sticker, Kids' Room Self-Adhesive Decoration Sticker",Baby & Maternity
,3.4k+ sold recently,5.5,7.0,6.0,SHEIN Baby Girl Two Tone Tank Top & Shorts,Baby & Maternity
,2.6k+ sold recently,9.0,9.0,6.0,"Baby Girl's Blue Lace Edge Ruffle Edge Bodysuit With Hairband, Suitable For Daily And Casual Wear, Spring/Summer",Baby & Maternity
,700+ sold recently,8.65,18.0,1.0,Baby Girl Ruffle Trim Bow Front 2 In 1 Bodysuit & Headband,Baby & Maternity
,1.2k+ sold recently,6.6,8.0,13.0,Baby Girl Notched Neckline Tank Top & Bow Front Shorts,Baby & Maternity
,30+ sold recently,4.8,8.0,1.0,"Infant Casual Cute Letter Printed Short Sleeve Romper, Daily Wear Comfortable Bodysuit For Summer",Baby & Maternity
,,4.1,15.0,1.0,"Don't Make Me Go Get My Big Sister, Baby Boys Casual Simple Letter Pattern Round Neck Romper For Summer.",Baby & Maternity
,,7.1,8.0,1.0,Baby Girl Floral Print Paperbag Waist Denim Skirt,Baby & Maternity
,800+ sold recently,5.33,18.0,1.0,Baby Girl One-Piece Swimsuit With Watermelon Print,Baby & Maternity
,1.3k+ sold recently,4.5,12.0,1.0,SHEIN Baby Girl Tropical Print Cami Romper,Baby & Maternity
,10+ sold recently,3.25,48.0,1.0,"1pc Children Bath Towel Poncho Beach Towel, Quick-Dry & Absorbent Hooded Bathrobe Cape, Convenient & Lightweight Style Changing Clothes Can Be Worn By Both Boys And Girls, Cute And Colorful Designed Beach Towel, Suitable For Children Under 120cm",Baby & Maternity
,9.8k+ sold recently,2.6,10.0,6.0,"3 Pairs Solid Color Lace Princess Dance Party Socks For Children, Fashionable And Versatile",Baby & Maternity
,40+ sold recently,5.2,4.0,1.0,"Baby Boy's Fun Letter Print Short Sleeve Romper, Summer",Baby & Maternity
,1.4k+ sold recently,6.3,16.0,1.0,Cute And Stylish Tie-Dye Letter T-Shirt And Shorts Set For Baby Girls,Baby & Maternity
,2.5k+ sold recently,7.8,8.0,1.0,"Baby Girl Elegant & Basic Halter Neck Soft Wrinkle Fabric & Denim-Look Casual Romper, Suitable For Home And Outdoors",Baby & Maternity
,800+ sold recently,8.0,7.0,1.0,Baby Girl Cartoon Printed Short Sleeve T-Shirt With Round Collar And Pleated Skirt Casual Outfit For Summer,Baby & Maternity
,,6.4,7.0,6.0,"SHEIN 2pcs Baby Boys' Cute Cartoon Bear Patterned Comfortable Casual Daily Wear Round Neck Short Sleeve T-Shirt And Shorts Set, Suitable For Summer Outings And Vacations",Baby & Maternity
,2.0k+ sold recently,6.2,0.0,4.0,Baby Girls' Fashion Asymmetrical Neckline Pleated Lace Sleeveless Top + Sunflower Print Bow Decor Paper Bag Waist Shorts Set,Baby & Maternity
,1.7k+ sold recently,6.8,8.0,1.0,Baby Boy Tropical Print Patched Pocket Tee & Shorts,Baby & Maternity
,1.5k+ sold recently,8.64,26.0,1.0,Baby Girl Cute Flutter Sleeve Belted Denim Dress,Baby & Maternity
,90+ sold recently,1.25,31.0,1.0,1pc Cartoon Bath Sponge Kids Bathing Washcloth Mud Scrubber Random Design,Baby & Maternity
,,8.3,8.0,1.0,Nick 90s X SHEIN Baby Boy Cartoon Graphic Contrast Neck Tee & Shorts Set,Baby & Maternity
,100+ sold recently,3.4,23.0,6.0,"SHEIN Baby Girl Striped Knitted T-Shirt Dress, Comfortable, Lovely And Sweet, Suitable For Summer",Baby & Maternity
,1.4k+ sold recently,6.0,8.0,1.0,"Baby Girls' Floral Patterned Vacation Style Lace Vest And Shorts Set, Fashionable Spring And Summer",Baby & Maternity
,2.2k+ sold recently,9.7,0.0,4.0,"2pcs/Set Baby Girl Elegant And Comfortable Velour Sportswear With Letter Embroidery And Front-Tie Athletic Shorts, Suitable For Casual, Daily, Vacation And Outing",Baby & Maternity
,700+ sold recently,6.3,9.0,1.0,Baby Girls' Vacation Short Sleeve Ditsy Floral Romper With Ruffle Hem,Baby & Maternity
,,3.32,49.0,1.0,"SHEIN Baby Boy's Casual Simple Slogan Print Sweatshirt, Perfect For Autumn And Winter Outfit",Baby & Maternity
,90+ sold recently,5.6,10.0,1.0,"SHEIN Baby Girl Summer Set, Lovely Knitted Solid Color Top With Elastic Waist Floral Skirt",Baby & Maternity
,1.4k+ sold recently,4.8,9.0,4.0,Baby Girl Striped Printed Contrast Color Ruffle Hem Sleeveless Dress,Baby & Maternity
,,5.0,0.0,5.0,Baby Girl Summer Flutter Sleeve Floral Printed Dress With Bow Decor,Baby & Maternity
,,1.26,40.0,1.0,"1pc Portable Mini  Book Light With Batteries,Adjustable Arm Night Reading Lamp With Clip,Children's Room Story Reading Light In Bed,Suitable For Reading At Night And As Outdoor Travel Lighting,Book Lamp With Clip,Light For Reading",Baby & Maternity
,,6.53,1.0,1.0,Baby Boy Summer Cartoon Print Triangle Pattern Stand Collar Shirt Shorts Set(Random Pattern),Baby & Maternity
,2.3k+ sold recently,10.8,11.0,6.0,SHEIN Baby Girl's 5pcs Knitted Solid Color Short Cami Top Set For Casual Wear,Baby & Maternity
,1.3k+ sold recently,5.9,11.0,1.0,SHEIN Baby Girl Striped Casual Vacation Style Tank Top With Elastic Waist Short Set,Baby & Maternity
,,6.37,17.0,1.0,"Baby Girl Casual Minimalist Letter Printed Short Sleeve T-Shirt And Shorts Set, Suitable For Summer, Sibling Outfits Matching Outfits",Baby & Maternity
,,3.52,10.0,4.0,Baby Boy Slogan & Heart Print Triangle Bodysuit With Short Sleeves,Baby & Maternity
,,4.8,9.0,6.0,SHEIN Baby Girl Floral Print Cami Dress,Baby & Maternity
,600+ sold recently,5.6,0.0,1.0,"Baby Girl 2pcs/Set Daisy Print Casual Style Spaghetti Strap Dress With Hat, Summer Outfit",Baby & Maternity
,200+ sold recently,7.2,9.0,1.0,Baby Girl Color Block Woven Strap Tank Top And Shorts Set For Vacation,Baby & Maternity
,6.0k+ sold recently,10.6,0.0,1.0,Baby Girl Single-Breasted Vest And Cami Romper Set,Baby & Maternity
,50+ sold recently,2.39,23.0,1.0,1pc Baby Stroller Hanging Bag Storage Universal Double Layer Thickened Children's Stroller Hanging Mesh Umbrella Storage Sack,Baby & Maternity
,900+ sold recently,6.9,9.0,5.0,Baby Girl's Color Blocking Stripe Romper,Baby & Maternity
,600+ sold recently,2.3,8.0,1.0,1 Pair Knitted Gloves Solid Color Striped Sleeve Warmers Arm Sleeve,Baby & Maternity
,1.5k+ sold recently,9.4,7.0,1.0,Baby Girl Ripped Denim Shorts,Baby & Maternity
,400+ sold recently,7.84,26.0,1.0,SHEIN Baby Boy Striped Print Shirt & Shorts Without Tee,Baby & Maternity
,1.1k+ sold recently,10.99,0.0,4.0,Cozy Cub Baby Boy Block Striped Polo Tee & Shorts,Baby & Maternity
,400+ sold recently,7.8,6.0,1.0,Baby Boy Spring Summer Cute Letter Printed Bodysuit With Long Pants And Hat,Baby & Maternity
,900+ sold recently,3.8,10.0,1.0,"5pairs/Set Girls' Socks With Purple Hearts, Cool Letters, Pink Colors With White Dots, Spring And Summer, Mesh And Ultra-Thin Design, High Elastic Pressure Sport Socks, Lovely Girls' Students' Socks, Thin Socks For Spring And Autumn And Summer, Newly Arrived Dynamic Trendy Socks For Little Girls With Versatile School Style, Children's Mid-Tube Socks, Short Socks",Baby & Maternity
,300+ sold recently,9.9,7.0,1.0,Baby Boys' Casual Short Sleeve Polo Shirt With Half Placket And Shorts Set,Baby & Maternity
,,13.8,8.0,1.0,"5pcs Baby Boys Shorts Set, Comfortable And Simple For At-Home Leisure, Summer 2024",Baby & Maternity
,,2.25,50.0,1.0,"0-3 Ages Baby Rattle Teething Toy,  Material, Odorless And , Scientific Size Design, Appropriate Hardness, Round And Smooth, Shake To Make Sound, Impact And High-Temperature Resistance, Can Be Sterilized By Boiling, Easy To Grab, Avoid Hand Sucking, For 3 Months Above Infant Music Learning And Entertained, Hand Baby Rattle Toys",Baby & Maternity
,,16.0,8.0,1.0,SHEIN 6pcs/Set Casual Daily Wear Baby Girl's Simple & Fun Sporty Pattern Printed Outfits Suitable For Spring And Summer Outing,Baby & Maternity
,3.3k+ sold recently,6.6,12.0,1.0,"SHEIN Baby Girl Casual Floral Print Short Sleeve Top And Shorts Set, Suitable For Summer",Baby & Maternity
,,4.55,9.0,1.0,Baby Girl Cute Cartoon Curly Hair Girl Pattern Printed Spaghetti Strap Dress For Summer,Baby & Maternity
,1.8k+ sold recently,6.5,6.0,1.0,"Baby Boys"" Trendy Camouflage Print Short Sleeve Sports Outfit For Spring And Summer",Baby & Maternity
,700+ sold recently,5.2,7.0,1.0,Baby Girl Stylish Comfortable Casual Basic Slogan Print Romper For Summer,Baby & Maternity
,300+ sold recently,5.4,0.0,1.0,Baby Girl Cold Shoulder Top With Bow Decoration And Long Pants Set,Baby & Maternity
,1.1k+ sold recently,6.1,0.0,4.0,Baby Boys' Handsome English Printed Short Sleeve Top And Shorts Set For Summer,Baby & Maternity
,2.2k+ sold recently,10.8,10.0,8.0,SHEIN 5pcs Baby Girls' Casual Knitted Solid Color Shorts With Elastic Waistband,Baby & Maternity
,3.4k+ sold recently,6.9,0.0,8.0,Baby Girl's Casual Butterfly Sleeve Top With Bowknot And Floral Printed Shorts Summer Holiday Outfit,Baby & Maternity
,30+ sold recently,1.76,12.0,4.0,"Corner And Edge Guards - Pre-sticked Table Corner Protectors, Child Safety Furniture Bumper, Corner Cushion, 8pcs/pack",Baby & Maternity
,,6.2,9.0,1.0,Baby Girl Shirred Frilled Bow Detail Ruffle Hem Cami Jumpsuit,Baby & Maternity
,2.1k+ sold recently,4.7,8.0,1.0,"3 Pairs Kids' Solid Color Knitted High Knee Socks For Autumn And Winter, Warm Leggings For Everyday Leisure",Baby & Maternity
,,4.1,7.0,1.0,Baby Girl Slogan Print Short Sleeve Top,Baby & Maternity
,1.0k+ sold recently,7.9,0.0,1.0,Baby Girl Cartoon Elephant Floral Print Short Sleeve Bodysuit And Shorts Casual Set,Baby & Maternity
,500+ sold recently,10.0,8.0,1.0,SHEIN Baby Boy Baby Girl Round Neck Solid Color T-Shirt Cartoon Design Shoulder Bag Shorts 3-Piece Set,Baby & Maternity
,900+ sold recently,5.8,8.0,1.0,"Summer Leopard Print Romper For Baby Girls, Comfortable And Casual",Baby & Maternity
,,7.8,7.0,6.0,Baby Girl Floral Print Ruffle Trim Bikini Swimsuit With Kimono,Baby & Maternity
,2.8k+ sold recently,12.9,7.0,4.0,Baby Boys' 2 Sets Of Biscuit Letter Stripe Printed T-shirt And Long Pants,Baby & Maternity
,400+ sold recently,5.94,10.0,4.0,Baby Soft Plush Swaddling Blanket,Baby & Maternity
,80+ sold recently,2.15,17.0,1.0,1pc Baby Bath Toy Hanging Storage Mesh Bag With Cartoon Duck Design And Suction Cup Hook,Baby & Maternity
,,5.0,0.0,1.0,New Arrival Baby Girls' Lovely Casual Cartoon Printed Short Sleeve Top And Floral Shorts Set,Baby & Maternity
,700+ sold recently,3.96,8.0,1.0,Baby Girl Cute Cartoon Butterfly & Colorful Letter Print Triangle Romper With Short Sleeves,Baby & Maternity
,,12.9,8.0,7.0,Newborn Baby Boys' Fashionable Casual Striped And Printed Romper Set Of 3 For Spring And Summer,Baby & Maternity
,2.1k+ sold recently,4.4,10.0,1.0,TEENAGE MUTANT NINJA TURTLES X SHEIN Baby Girl Cartoon Printed Short Sleeve Bodysuit,Baby & Maternity
,,3.29,25.0,5.0,1 Set(7 Pcs) Wooden Baby Closet Size Divider Organizer Hanger Clothing Dividers For Newborn Nursery Decor Infant To 18 Months,Baby & Maternity
,1.1k+ sold recently,7.5,10.0,4.0,Baby Girl Bow Front Ruffle Hem Tank Top & Shorts,Baby & Maternity
,400+ sold recently,8.4,7.0,4.0,"Baby Girls"" Spring And Summer Simple And Comfortable Tops And Suspender Five-Piece Set",Baby & Maternity
,400+ sold recently,7.8,22.0,1.0,Baby Floral Print Ruffle Trim Bow Front Jumpsuit & Headband,Baby & Maternity
,2.5k+ sold recently,5.0,0.0,1.0,Newborn Baby Girls' Cute And Comfortable Strawberry Printed Short Sleeve T-Shirt And Shorts Set,Baby & Maternity
,,5.1,19.0,7.0,"1pc Super Absorbent Childrens Bath Towel Cloak - Ultra-Quick Drying Bathrobe With Hat - Lightweight & Foldable Beach Towel, Fun Cartoon Design For Kids",Baby & Maternity
,,5.9,8.0,8.0,Baby Boy Coconut Tree Print Tank Top & Shorts,Baby & Maternity
,700+ sold recently,9.3,8.0,1.0,Newborn Baby Girl Cotton Padded Ribbed Printed Long Sleeve Hooded Jumpsuit,Baby & Maternity
,300+ sold recently,2.7,10.0,1.0,"3pairs/Set Girls Thin Mesh Socks With Princess Style,  Face & Letter Print In Fresh Pink Color, Cute & Versatile Knee-High Stockings For School Season And Summer",Baby & Maternity
,1.2k+ sold recently,8.7,9.0,7.0,"Baby Girl Simple Heart Pattern Printed Sweet Tank Top And Shorts, Summer Outfit",Baby & Maternity
,3.9k+ sold recently,5.4,8.0,6.0,Baby Boy Cartoon & Letter Graphic Tank Top & Shorts,Baby & Maternity
,500+ sold recently,5.0,0.0,10.0,2pcs Toddler Girls' Casual Knitted Flower Applique Short Sleeve Top And Shorts Set For Summer,Baby & Maternity
,,6.9,8.0,1.0,"Baby Girl Tropical Palm Tree Printed Swimsuit, Summer",Baby & Maternity
,300+ sold recently,5.36,27.0,4.0,SHEIN Baby Girl Heart Print Striped Trim Polo Neck Pleated Dress,Baby & Maternity
,300+ sold recently,7.7,7.0,4.0,"Baby Boy Summer Casual Set: Short Sleeve T-Shirt With Round Neckline And Letter Print, And Shorts",Baby & Maternity
,2.0k+ sold recently,7.3,9.0,1.0,SHEIN Baby Girl Swirl Tie Dye Tee & Biker Shorts,Baby & Maternity
,1.5k+ sold recently,8.0,7.0,4.0,Fashionable And Elegant Baby Girls' Flying Sleeve Top With Deer Applique And Flower Print Shorts Set,Baby & Maternity
,,10.7,8.0,1.0,Baby Boy Cute Lion Printed Short-Sleeved Shorts Two-Piece Set Casual Homewear Snug Fit,Baby & Maternity
,1.2k+ sold recently,3.05,29.0,1.0,Baby Girl Cartoon & Letter Graphic Tee Bodysuit,Baby & Maternity
,1.6k+ sold recently,12.5,8.0,6.0,SHEIN Genkimix Kids Baby Boy Letter Patched Thermal Lined Bomber Jacket & Sweatpants,Baby & Maternity
,,5.7,0.0,1.0,"Independence Day 2pcs/Set Baby Girls"" Printed Strap Dress With Headband, Summer",Baby & Maternity
,2.3k+ sold recently,3.51,16.0,1.0,Baby Girl Summer Casual Slogan Print Short Sleeve T-Shirt,Baby & Maternity
,1.8k+ sold recently,5.01,33.0,4.0,Baby Girl Floral Print Tee & Ruffle Hem Shorts,Baby & Maternity
,2.0k+ sold recently,6.7,7.0,4.0,Summer New Arrival Sleeveless Letter Print Two-Piece Set,Baby & Maternity
,,2.25,49.0,1.0,"1pc Baby Stroller Hooks For Bags - Of Stroller Clips For Diaper Bag, Carry  Per Stroller Carabiner Clip, Adjustable Stroller Straps, Stroller Bag Hook, Universal Stroller Accessories",Baby & Maternity
,800+ sold recently,4.79,16.0,1.0,Baby Girl Crown & Slogan Graphic Cold Shoulder Bodysuit,Baby & Maternity
,100+ sold recently,10.6,7.0,6.0,Baby Girl Mock Neck Tee & Plaid Ruffle Trim Bow Front Overall Jumpsuit,Baby & Maternity
,3.2k+ sold recently,8.7,7.0,1.0,2pcs/Set Baby Girls' Short Sleeve Round Neck Logo Printed Bodysuit And Shorts Summer Outfits,Baby & Maternity
,2.2k+ sold recently,5.7,8.0,5.0,Summer Tropical & Letter Printed Vest And Shorts Set For Baby Boys' Holiday Outfit,Baby & Maternity
,,2.1,0.0,1.0,"1pc 16-Pocket Hanging Bag, Wall-Mounted Storage Pouch For Bedroom, Living Room, Door, Wardrobe, Small Items And Clothes Organization",Baby & Maternity
,1.2k+ sold recently,6.9,9.0,1.0,SHEIN Baby Girl Cute Retro Colorful Striped Short Sleeve Top And Shorts Set For Spring/Summer,Baby & Maternity
,,12.6,7.0,1.0,"Baby Girl Simple Ocean Creature Printed Snug Fit T-Shirt And Shorts Set, 3pcs/Set Combination, For Casual And Home Wear",Baby & Maternity
,,6.2,7.0,6.0,Baby Boy'S Swim Trunks With Plant Prints,Baby & Maternity
,6.5k+ sold recently,5.8,8.0,5.0,Baby Boys' Cartoon Digger Print Short Sleeve T-shirt And Shorts Set,Baby & Maternity
,100+ sold recently,6.0,18.0,4.0,Baby Boy Cartoon & Letter Graphic Hoodie,Baby & Maternity
,,6.2,9.0,1.0,Baby Boys' Cute Cartoon Animal Pattern Printed Vest Top And Shorts Set For Spring/Summer,Baby & Maternity
,1.0k+ sold recently,6.1,0.0,4.0,Baby Girl Cute Figure Printed Short Sleeve Top And Shorts Set For Summer,Baby & Maternity
,2.6k+ sold recently,6.0,6.0,4.0,Baby Boy Mother Day Simple Cute Slogan Print Tank Top And Shorts Set For Summer,Baby & Maternity
,500+ sold recently,6.2,9.0,1.0,Baby Girls' Deer Embroidery Dress With Bow Decoration,Baby & Maternity
,300+ sold recently,8.0,0.0,1.0,Baby Girl Summer Cute Bow Printed Sleeveless Top And Casual Shorts Fashionable And Elegant Two-Piece Outfit With Bow Decor,Baby & Maternity
,1.5k+ sold recently,3.47,31.0,1.0,Baby Girl Vintage Rose Pattern Flare Sleeve Romper With Headband,Baby & Maternity
,,8.5,11.0,1.0,Baby Boy 3D Ear Design Stripe And Cartoon Graphic 1 Jumpsuit With 1 Hat,Baby & Maternity
,100+ sold recently,8.7,0.0,1.0,Baby Girls' Cap Sleeve Flutter 'LIL SIS' Letter Embroidery Bodysuit + Butterfly & Flower Allover Print Shorts With Ruffle Trim And Bowknot Headband 3pcs Outfit,Baby & Maternity
,400+ sold recently,5.8,0.0,1.0,Baby Girl Cute Spaghetti Straps Summer Dress,Baby & Maternity
,100+ sold recently,2.48,20.0,1.0,Kids' Sun Protection Hat For Girls Boys  Child Baseball Cap For Summer,Baby & Maternity
,1.1k+ sold recently,8.1,9.0,1.0,Newborn Baby Girl Heart Print Romper & Accessory Headband & Bib & Gloves,Baby & Maternity
,500+ sold recently,8.0,7.0,5.0,SHEIN Baby Boy's Short Sleeve Round Neck T-Shirt And Bowtie Shorts Casual Comfortable Outfits,Baby & Maternity
,400+ sold recently,3.82,9.0,1.0,Baby Girl Slogan & Heart Print Short Sleeve T-Shirt,Baby & Maternity
,1.5k+ sold recently,4.8,8.0,1.0,SHEIN Baby Girl Watermelon Print Cami Dress,Baby & Maternity
,100+ sold recently,6.2,9.0,1.0,"SHEIN Baby Girl Lightweight, Soft And Comfortable Denim Shorts For Spring And Summer, Washed",Baby & Maternity
,2.7k+ sold recently,7.4,8.0,5.0,SHEIN Baby Boy Letter Graphic Colorblock Tee & Shorts,Baby & Maternity
,400+ sold recently,3.7,50.0,1.0,Baby Girl Casual Simple Letter And Flower Pattern Short Sleeve T-Shirt And Shorts Set Suitable For Summer,Baby & Maternity
,600+ sold recently,7.2,9.0,1.0,SHEIN Baby Girl Casual Knit Colorful Flower Pattern Short Sleeve T-Shirt And Ruffled Shorts Set,Baby & Maternity
,600+ sold recently,6.4,7.0,4.0,SHEIN 2pcs/Set Baby Boys' Casual Simple Letter Print Short Sleeve T-Shirt And Shorts Summer Outfits,Baby & Maternity
,100+ sold recently,9.3,0.0,1.0,Baby Girl Spring Flower Printed Top & Solid Color Pants Set With Suspender,Baby & Maternity
,2.5k+ sold recently,6.12,32.0,1.0,Baby Girl Summer Fashion Letter Printed Ruffle Short Sleeve Romper With Cow Print Patchwork Shorts And Headband Set,Baby & Maternity
,600+ sold recently,7.5,6.0,4.0,Baby Boy Letter Print Hooded Vest And Shorts Set,Baby & Maternity
,,3.2,9.0,1.0,Baby Girl Cute Letter Fist Printed Short Sleeve Top,Baby & Maternity
,,2.7,10.0,1.0,"1pc Kids' Rainbow Unicorn Cartoon Baseball Cap For Boys & Girls, Unisex Classic Baseball Cap",Baby & Maternity
,2.5k+ sold recently,13.7,8.0,6.0,Baby Girls' Summer Cute Printed Flying Sleeve Dress 3pcs Outfit,Baby & Maternity
,800+ sold recently,5.7,8.0,1.0,Baby Boy Cartoon Graphic Contrast Binding Tank Romper,Baby & Maternity
,1.6k+ sold recently,7.5,10.0,1.0,Baby Girl Floral Printed Flare Sleeve Top With Ruffle Hem And Solid Color Shorts Set,Baby & Maternity
,1.3k+ sold recently,6.7,8.0,6.0,Baby Boy Single Button Top & Shorts,Baby & Maternity
,200+ sold recently,6.9,13.0,1.0,"Baby Girl Casual Smiling Face Print Short Sleeve T-Shirt And Shorts Set, Suitable For Summer",Baby & Maternity
,100+ sold recently,2.37,21.0,4.0,1pc Red Knitted Beret Hat For Kids,Baby & Maternity
,90+ sold recently,6.64,18.0,1.0,"Baby Girl 3-Piece Set, Short Sleeve Top, Flower Printed Pants, And Headband, Cute And Elegant, Spring/Summer",Baby & Maternity
,600+ sold recently,6.48,18.0,1.0,Baby Boy Gingham Print Patch Detail Shirt & Shorts Without Tee,Baby & Maternity
,,13.3,15.0,1.0,SHEIN 6pcs Baby Girl Casual Knitted Monochrome Vest & Shorts Pajama Set With Elastic Waistband,Baby & Maternity
,1.7k+ sold recently,13.99,0.0,10.0,Cozy Cub Baby Boy Letter Graphic Kangaroo Pocket Hoodie & Sweatpants,Baby & Maternity
,1.1k+ sold recently,6.8,9.0,4.0,Baby Boy Cartoon Graphic Shirt & Shorts Without Tee,Baby & Maternity
,2.1k+ sold recently,5.9,8.0,1.0,"Baby Boy Separated Swimwear, Shark Design, Cute Summer Swim Suit",Baby & Maternity
,1.2k+ sold recently,3.92,9.0,1.0,Baby Girl Slogan Graphic Tee,Baby & Maternity
,1.0k+ sold recently,10.6,0.0,1.0,Baby Boy Slogan Graphic Pullover & Tie Waist Sweatpants,Baby & Maternity
,100+ sold recently,4.0,9.0,1.0,Baby Girl Casual Jungle Printed Fly Sleeve Dress For Everyday Summer,Baby & Maternity
,,4.35,50.0,1.0,"ABC Talking Flashcards Learning Toy With 252 Common Words For Preschool Montessori Children, Educational Gift For Girls Aged 1-6 Birthday",Baby & Maternity
,1.0k+ sold recently,11.1,8.0,7.0,Baby Boy Summer Casual Color-Block Polo Collar Romper And Shorts Set,Baby & Maternity
,800+ sold recently,4.21,8.0,1.0,Baby Girl's Cute Cartoon Portrait And Letter Print Ruffle Trimmed Dress For Summer,Baby & Maternity
,2.4k+ sold recently,13.0,8.0,1.0,Baby Girl Solid Color Tank Top And Letter Graphic Jeans Set,Baby & Maternity
,1.7k+ sold recently,5.9,8.0,1.0,Baby Girl Letter Graphic Cami Top & Dolphin Shorts,Baby & Maternity
,4.9k+ sold recently,1.6,11.0,1.0,1 Pair Girls Eyelet Lace Flower Socks Ankle Socks For Newborn Kids,Baby & Maternity
,1.6k+ sold recently,7.4,6.0,1.0,Baby Boy Letter Graphic Colorblock Hooded Tee & Shorts,Baby & Maternity
,900+ sold recently,10.2,7.0,1.0,"3pcs/Set Baby Boys' Fashionable Tropical Plant/Flower Pattern Printed Shirt Collared Top And Shorts With Hat, Perfect For Spring/Summer Holiday Style",Baby & Maternity
,400+ sold recently,8.5,10.0,1.0,SHEIN Baby Girl Cute Casual Bird Pattern Vest And Leaf Printed Shorts Set,Baby & Maternity
,700+ sold recently,7.2,9.0,5.0,Baby Boy Summer Vacation Coconut Tree Pattern Shirt And Solid Color Shorts Set,Baby & Maternity
,10+ sold recently,11.25,31.0,1.0,Baby Girl Elephant Embroidery Raglan Sleeve Pullover & Pants & Hooded Vest Jacket,Baby & Maternity
,900+ sold recently,4.8,6.0,1.0,Baby Boys' Letter Printed Bodysuit,Baby & Maternity
,4.8k+ sold recently,6.69,15.0,1.0,Baby Girl Casual Car Pattern Simple White Short-Sleeved Top And Black Shorts Set Suitable For Spring And Summer,Baby & Maternity
,600+ sold recently,10.32,26.0,1.0,SHEIN Baby Boy Slogan Graphic Contrast Striped Trim Hooded Bodysuit & Sweatpants,Baby & Maternity
,,7.7,11.0,1.0,3pcs Baby Boy Holiday Casual Printed Vest Top And Shorts Set With Fisherman Hat,Baby & Maternity
,3.5k+ sold recently,6.4,7.0,8.0,Baby Girl Floral Print Ruffle Trim Dress,Baby & Maternity
,800+ sold recently,2.4,8.0,1.0,"1 Pair Girls' Middle & Big Kids' Gold Silk Dancing Socks With Elegant Floral Lace, Princess Style Short Socks For Party Outfit",Baby & Maternity
,5.9k+ sold recently,7.5,7.0,5.0,Baby Boy Color Block Top And Solid Shorts Set,Baby & Maternity
,900+ sold recently,3.6,8.0,1.0,SHEIN Summer Holiday Baby Girl's Loose Fit Striped Print Spaghetti Strap Dress,Baby & Maternity
,1.1k+ sold recently,7.7,6.0,5.0,SHEIN Baby Boy Letter Patched Detail Hooded Tank Top & Drawstring Waist Shorts,Baby & Maternity
,500+ sold recently,9.15,25.0,4.0,Baby Boy Casual Simple Flap Pocket Shirt And Cargo Pants Set For Summer,Baby & Maternity
,500+ sold recently,5.3,9.0,1.0,SHEIN Baby Girl Casual Summer Cute Watermelon Printed Tankini Swimsuit,Baby & Maternity
,4.0k+ sold recently,7.6,8.0,5.0,100% Cotton Floral Gray Embossed Street Style Fashionable Baby Boy Outfit With Raised Patterns,Baby & Maternity
,,5.6,8.0,1.0,Baby Boy Cartoon Shark Printed Summer Half Zip One-Piece Swimsuit,Baby & Maternity
,,5.3,0.0,1.0,"2pcs/Set Baby Boys' Stylish Summer Coconut Tree Print Leisure Holiday Shorts, With Short Sleeve Knitted T-Shirt For Sports Mix-And-Match Outfits",Baby & Maternity
,8.1k+ sold recently,14.05,5.0,6.0,SHEIN Maternity Adjustable Waist Ripped Roll Up Hem Denim Shorts,Baby & Maternity
,1.2k+ sold recently,10.8,0.0,1.0,Baby Girl 3pcs Set: Headband + Ribbed Bodysuit + Polka Dot Printed Pants,Baby & Maternity
,4.0k+ sold recently,7.6,8.0,5.0,100% Cotton Floral Gray Embossed Street Style Fashionable Baby Boy Outfit With Raised Patterns,Baby & Maternity
,1.8k+ sold recently,9.1,7.0,1.0,SHEIN Baby Boy Summer Casual Letter Patch T-Shirt & Drawstring Shorts Set,Baby & Maternity
,300+ sold recently,1.77,39.0,11.0,"1 Pair Girls' Unicorn Cartoon Patterned Straight High Comfortable Socks For Four Seasons, Fit For Medium And Big Kids",Baby & Maternity
,500+ sold recently,9.15,25.0,4.0,Baby Boy Casual Simple Flap Pocket Shirt And Cargo Pants Set For Summer,Baby & Maternity
,1.9k+ sold recently,7.8,7.0,5.0,SHEIN Baby Boy Letter Patched Detail Tee & Tie Front Shorts,Baby & Maternity
,1.6k+ sold recently,6.15,33.0,6.0,Baby Boy 3pcs Summer Casual Solid Color & Cartoon Striped Pattern Vest Top Clothes Set,Baby & Maternity
,1.0k+ sold recently,8.0,9.0,1.0,SHEIN Genkimix Kids Baby Boy Two Tone Patched Pocket Tee & Shorts,Baby & Maternity
,,4.5,0.0,1.0,"Carseat Toys For Infants 0-6 Months Spiral Stroller Newborn Toys, Plush Hanging Baby Rattle Sensory Toys For  Mobile Bassinet For 0 3 6 9 12 Boys Girls Ideal Gifts(The Color Of Some Positions Is Random)(Some Parts May Be Random)",Baby & Maternity
,2.4k+ sold recently,6.2,0.0,1.0,Baby Boy Summer Tropical Palm Tree Print Short Sleeve Shirt And White Simple Shorts Set,Baby & Maternity
,,5.6,8.0,1.0,Baby Boy Cartoon Shark Printed Summer Half Zip One-Piece Swimsuit,Baby & Maternity
,1.8k+ sold recently,6.77,28.0,1.0,Cute Baby Girls' 2pcs/Set Letter Printed Bodysuit And Printed Pants Outfit,Baby & Maternity
,,14.89,0.0,1.0,SHEIN Maternity Vacation Casual Solid Color Side Split Tank Top And Shorts Set,Baby & Maternity
,100+ sold recently,7.3,8.0,1.0,Mr Men Little Miss X SHEIN Baby Girl Cartoon Graphic Tie Dye Tee & Shorts Set,Baby & Maternity
,100+ sold recently,5.73,33.0,9.0,Baby Girl Mesh Splice Double-Breasted Sleeveless Dress,Baby & Maternity
,2.3k+ sold recently,3.8,7.0,1.0,"SHEIN Baby Girls' Heart Patterned Sleeveless Romper, Comfortable And Cute For Summer",Baby & Maternity
,900+ sold recently,13.89,0.0,7.0,SHEIN Maternity Solid Overall Romper Without Tee,Baby & Maternity
,1.2k+ sold recently,6.58,63.0,7.0,SHEIN Maternity Solid Bodycon Dress With Tee,Baby & Maternity
,800+ sold recently,5.0,0.0,1.0,Baby Boy Summer Car Printed Tank Top And Shorts Casual Outfit,Baby & Maternity
,200+ sold recently,6.9,7.0,1.0,Baby Girl Simple Round Neck Short Sleeve Top And Shorts Tight-Fit 2-Piece Set Home Clothes Snug Fit,Baby & Maternity
,200+ sold recently,8.99,0.0,4.0,Cozy Cub Baby Boy Letter Printed Hooded Sleeveless Pullover Top And Solid Color Shorts Set,Baby & Maternity
,,8.0,7.0,4.0,3pcs Baby Girls Floral Pattern Dopamine Color Shorts Bottoms Set,Baby & Maternity
,500+ sold recently,4.3,12.0,1.0,Baby Boy Casual Simple Cartoon Letter Pattern Short Sleeve Top Suitable For Summer,Baby & Maternity
,700+ sold recently,7.6,20.0,1.0,3pcs Lovely Baby Girl Elegant Comfortable Ice Cream & Letter Pattern T-Shirt And Pure Color Sports Shorts With Belt,Baby & Maternity
,900+ sold recently,4.3,0.0,1.0,"1pc 30-Compartment Hanging Storage Bag For Kids, Double-Sided Wall-Mounted Organizer For Baby Drool Bibs, Underwear, Socks, Jewelry",Baby & Maternity
,300+ sold recently,3.7,16.0,1.0,Baby Girl Bow Print Tee,Baby & Maternity
,2.1k+ sold recently,4.3,7.0,1.0,Baby Girl Jeans Pants With Realistic Jeans Print,Baby & Maternity
,800+ sold recently,7.9,7.0,14.0,SHEIN Baby Boy Letter Patched Detail Hooded Tee & Shorts,Baby & Maternity
,500+ sold recently,8.9,8.0,1.0,Baby Girl Floral Print Ruffle Trim Footed Sleep Jumpsuit,Baby & Maternity
,1.9k+ sold recently,8.7,0.0,1.0,Baby Girl 3pcs Letter Print Ruffle Romper With Flower Shorts And Headband Set,Baby & Maternity
,3.6k+ sold recently,6.7,0.0,6.0,"Baby Boys' Casual Coconut Tree Print Short Sleeve Shirt And Shorts Set, Perfect For Holiday Summer",Baby & Maternity
,1.8k+ sold recently,8.4,8.0,1.0,SHEIN Genkimix Kids Baby Boys' Round Neck Short Sleeve T-Shirt And Shorts Casual Outfit,Baby & Maternity
,700+ sold recently,3.8,5.0,1.0,Infant Baby Letter Printed Bodysuit,Baby & Maternity
,,11.7,0.0,1.0,1pair Girls' Gold Flat Casual Sandals For Toddler Girls In Summer,Baby & Maternity
,,2.26,39.0,1.0,"1pair Cartoon Patterned Anti-Slip Silicone Bottom Toddler Walking Shoes Socks, Suitable For 0-2 Years Old",Baby & Maternity
,300+ sold recently,6.63,24.0,4.0,Newborn Baby Boy Letter Graphic Jumpsuit & Hat,Baby & Maternity
,600+ sold recently,6.5,8.0,1.0,Baby Boys' Casual Striped Overalls Shorts With Fashionable Hat,Baby & Maternity
,1.4k+ sold recently,6.7,8.0,4.0,SHEIN 2pcs Newborn Baby Boy Summer Casual Cute Color Block Round Neck English Letter Print Short Sleeve Romper And Hat,Baby & Maternity
,3.5k+ sold recently,1.86,51.0,1.0,Baby Girl Cute Turtle & Slogan Letter Print Short Sleeve Bodysuit,Baby & Maternity
,,12.7,0.0,1.0,"4pcs Baby Girl Cute Bowknot Decorated Shorts Set, Suitable For Summer Outings",Baby & Maternity
,900+ sold recently,6.5,7.0,1.0,Baby Boy Independence Day Letter Print Short Sleeve T-Shirt & Red White Blue Print Shorts Set Summer Outfits 4th Of July Outfits,Baby & Maternity
,700+ sold recently,7.6,0.0,4.0,Baby Girl Textured Off-Shoulder Adorned Button Detail Romper For Summer,Baby & Maternity
,700+ sold recently,6.97,37.0,1.0,Newborn Baby Girl 3pcs/Set Cute Letter Pattern Comfortable Bodysuit Outfit For Summer,Baby & Maternity
,1.5k+ sold recently,8.0,0.0,1.0,Spring Newborn Baby Girl Letter Printed Ruffle Armhole Romper And Flower Printed Skirt Outfit,Baby & Maternity
,20+ sold recently,1.43,40.0,1.0,"A Pair Of Autumn And Winter Children's Woolen Half-Finger Gloves, Twist Knitted Warm Cycling Outdoor Fingerless Glove Sleeves",Baby & Maternity
,,5.5,2.0,1.0,"5 Pairs Baby Knee Pads Socks, Slip-Resistant Protector For Crawling, Walking, Indoor And Outdoor Activities, Suitable For 0-36 Months Boys And Girls (Baby Crawling Gift)",Baby & Maternity
,2.0k+ sold recently,6.4,7.0,1.0,"SHEIN 2pcs/Set Baby Boy Casual Simple Pattern Short Sleeve T-Shirt And Shorts, Spring/Summer",Baby & Maternity
,2.2k+ sold recently,14.9,7.0,1.0,Summer 3pcs/Set Baby Girl'S Casual Striped Short Sleeve And Shorts With High Elasticity For Comfortable Fit,Baby & Maternity
,200+ sold recently,2.5,50.0,1.0,Baby Boy Casual Cartoon Printed Short Sleeve Round Neck Top Suitable For Summer,Baby & Maternity
,1.0k+ sold recently,6.1,9.0,1.0,"6pairs/set Classic Trendy Sports Style Student Socks, Unisex",Baby & Maternity
,1.7k+ sold recently,8.99,0.0,1.0,Cozy Cub Baby Boys' Color Block Round Neck Short Sleeve Top And Sports Shorts Set,Baby & Maternity
,3.9k+ sold recently,13.14,4.0,5.0,SHEIN Maternity Tie Dye Loose Fit 2pcs Shorts Set For Casual Wear,Baby & Maternity
,,10.79,0.0,6.0,SHEIN Maternity Loose Fit Long Tank Top With Big Round Neck And Ribbed Design,Baby & Maternity
,300+ sold recently,6.8,7.0,1.0,Baby Boy Summer Casual Letter Printed T-Shirt And Shorts Set,Baby & Maternity
,200+ sold recently,6.13,42.0,1.0,"4pairs Children's Solid Color Striped Tights, Suitable For Everyday Wear",Baby & Maternity
,,12.37,4.0,9.0,SHEIN Maternity 2pcs/Set Casual Loose Round Neck T-Shirt With Elastic Waistband Shorts,Baby & Maternity
,200+ sold recently,4.1,0.0,1.0,Baby Boy Newborn Unisex Baby Bodysuit Letter PrintingCute Clothes For Infant Boy Girl,Baby & Maternity
,1.6k+ sold recently,6.5,0.0,1.0,Baby Boy Color Block T-Shirt And Shorts Set For Summer,Baby & Maternity
,400+ sold recently,6.05,44.0,7.0,SHEIN Pregnant Women Striped & Printed Sleeveless Halter Bodycon Dress For Summer,Baby & Maternity
,,12.09,0.0,10.0,SHEIN Maternity Twist Front Rib-knit Tank Dress,Baby & Maternity
,,9.99,0.0,1.0,SHEIN Maternity Allover Print Notched Neck Belted Blouse,Baby & Maternity
,700+ sold recently,5.68,48.0,8.0,SHEIN Maternity Solid Peplum Tee,Baby & Maternity
,,8.26,5.0,1.0,SHEIN Maternity Phone Pocket Side Biker Shorts,Baby & Maternity
,,3.72,17.0,6.0,Baby Boy Casual Cartoon Pattern Short Sleeve Round Neck T-Shirt Suitable For Summer,Baby & Maternity
,100+ sold recently,12.07,31.0,1.0,Newborn Baby Crib Bell Toy 0-1 Year 3-6 Months Hanging Bedside Rattles Stroller Pendant Early Education Toys,Baby & Maternity
,,12.1,10.0,1.0,"SHEIN Baby Girl Snug-Fit Knit Elastic Waist Solid Color Shorts, 6-Pack, Perfect For Summer",Baby & Maternity
,,8.49,0.0,1.0,Maternity Black High Waist Short Leggings,Baby & Maternity
,,12.82,5.0,6.0,SHEIN Maternity Summer Vacation Sleeveless Bodycon Short Dress,Baby & Maternity
,1.5k+ sold recently,8.89,0.0,6.0,SHEIN Maternity Solid Color Side Ruched Slim Fit T-Shirt,Baby & Maternity
,800+ sold recently,11.2,7.0,1.0,Baby Girl Basic Casual Middle Blue Wash Water Belted Denim Romper,Baby & Maternity
,1.6k+ sold recently,9.69,0.0,1.0,SHEIN Maternity Casual Regular Fit Stretchy Round Neck T-Shirt,Baby & Maternity
,,11.39,5.0,1.0,SHEIN Pregnant Women Striped Simple Daily Dress,Baby & Maternity
,3.4k+ sold recently,8.92,5.0,4.0,SHEIN Maternity Color Block Striped Pleated Slim Fit Tank Top,Baby & Maternity
,1.1k+ sold recently,6.5,8.0,5.0,Baby Boys' Striped Tropical Printed Swimwear Set,Baby & Maternity
,30+ sold recently,10.99,0.0,1.0,Cozy Cub Baby Boy Letter Embroidery Raglan Sleeve Sweatshirt & Sweatpants,Baby & Maternity
,800+ sold recently,11.79,0.0,1.0,"SHEIN Maternity Loose Fit Short Sleeve Round Neck T-Shirt, Suitable For Casual Summer Wear",Baby & Maternity
,1.5k+ sold recently,17.5,8.0,1.0,"Baby Girl's 3pcs Lovely Flower & Leopard Print Ruffle Design Bodysuit Set, Casual And Versatile",Baby & Maternity
,400+ sold recently,2.3,8.0,1.0,"1pair Girls' Lace Bowknot Heart Mid-Calf Mesh Socks, Suitable For Daily Wear",Baby & Maternity
,400+ sold recently,9.5,8.0,1.0,"Baby Boys' Fashionable Casual Round Neck Animal Print Long Sleeve Romper With Printed Long Pants And Simple Hat, Spring And Autumn",Baby & Maternity
,200+ sold recently,5.74,36.0,4.0,Baby Girl Two-Piece Set Fashionable And Casual Spring And Autumn New Popular Heart Pattern Long-Sleeved Hoodie And Pants Set,Baby & Maternity
,700+ sold recently,2.79,18.0,1.0,"SHEIN Baby Girls' Printed Sleeveless Cami Romper, Comfortable, Cute And Sweet, Suitable For Summer",Baby & Maternity
,100+ sold recently,9.19,0.0,1.0,SHEIN Summer Casual Round Neck Striped Halter Maternity Dress,Baby & Maternity
,900+ sold recently,8.23,38.0,1.0,SHEIN BASICS Maternity Solid Drop Shoulder Top & Biker Shorts Set,Baby & Maternity
,400+ sold recently,7.8,8.0,1.0,Baby Girl Contrast Tropical Leaf Print One-Piece Swimsuit & Shorts Swimwear Bathing Suit Summer,Baby & Maternity
,,27.9,0.0,1.0,"Graffiti Stool For Bathroom, Toilet Training Footstool, Non-Slip Step Stool For Kids To Reach Sink, Potty, Etc.",Baby & Maternity
,100+ sold recently,12.0,8.0,4.0,"Baby Girl Cap Sleeve T-Shirt And Shorts Set, Comfortable, Cute, Casual And Fun For Spring/Summer",Baby & Maternity
,,6.2,9.0,7.0,Baby Girl Heart Print Bow Shoulder Cami Combo Bodysuit Dress & Headband,Baby & Maternity
,400+ sold recently,2.5,11.0,7.0,"A Girl Solid Color Outdoor Baseball Cap With Ponytail Opening For Summer Suitable For Outdoor Activities, Running, Casual Wear, And Daily Exercise",Baby & Maternity
,600+ sold recently,7.1,11.0,1.0,SHEIN Baby Girl Striped Ruffle Trim Bow Front Romper,Baby & Maternity
,70+ sold recently,5.9,11.0,1.0,SHEIN Baby Girl Summer Cute Knitted Jacquard Geometric Pattern Vest & Elastic Waist Skirt Set For Holiday,Baby & Maternity
,3.4k+ sold recently,4.8,11.0,1.0,SHEIN Baby Girl Sunflower Print Cold Shoulder Romper,Baby & Maternity
,1.0k+ sold recently,7.7,13.0,1.0,"Jesus Loves Me, Baby Boy Casual Simple Letter Print Short Sleeve T-Shirt And Shorts Set For Summer",Baby & Maternity
,100+ sold recently,4.55,27.0,1.0,Baby Boys' Cute Letter Cartoon Patterned Short Sleeve Romper Summer,Baby & Maternity
,1.2k+ sold recently,3.75,42.0,1.0,Baby Girl Cartoon Fashionable Little Girl Pattern Short Sleeve Top And Shorts 2pcs Set For Summer,Baby & Maternity
,60+ sold recently,5.55,13.0,1.0,"Kids' Cartoon Toddler Closed Toe Sandals For Summer, Boys Baby Anti-Slip Soft Bottom Indoor Beach Sandals",Baby & Maternity
,900+ sold recently,6.0,14.0,10.0,Baby Girl Summer Bow Detail Ruffle Trim Top And Butterfly Printed Pants,Baby & Maternity
,200+ sold recently,7.7,9.0,1.0,"Baby Boys' Lemon Pattern Printed Collared Shirt And Shorts Set, Perfect For Summer Vacation",Baby & Maternity
,800+ sold recently,6.93,36.0,1.0,Baby Girl Flounce Sleeve Bow Front Bodysuit & Flare Leg Pants,Baby & Maternity
,4.0k+ sold recently,10.87,2.0,1.0,SHEIN Solid Color Maternity Suspender Jumpsuit,Baby & Maternity
,500+ sold recently,9.0,6.0,1.0,Baby Boy Graphic Print Bodysuit & Striped Sweatpants & Hat,Baby & Maternity
,,1.7,0.0,1.0,"1pc Wall-Mounted Storage Rack For Camera And Other Small Items, Ideal For Kids' Room",Baby & Maternity
,1.2k+ sold recently,13.2,7.0,1.0,Baby Boy Dinosaur Print Zip Up Hoodie & Sweatpants,Baby & Maternity
,900+ sold recently,30.8,9.0,1.0,Newborn Baby Boy Cartoon Graphic 2pcs Bodysuit & 1pc Tee & 2pcs Pants & 1pc Jumpsuit & Hat & Bib & Gloves & Bag Set,Baby & Maternity
,400+ sold recently,5.6,8.0,1.0,Baby Girl Summer Elephant And Zebra Print Casual Cami Sundress,Baby & Maternity
,100+ sold recently,2.89,26.0,6.0,"1pc Spring/Summer New Children's Cartoon Dinosaur Printed Fisherman Hat, Wide Brim Sun Hat For Baby And Kids, Sunscreen Bucket Hat",Baby & Maternity
,,3.0,0.0,8.0,5pcs Baby Bow Decor Hair Band,Baby & Maternity
,2.9k+ sold recently,7.3,9.0,4.0,"Baby Girl Classic Printed Romper With Ruffled Hem And Suspender Straps, Khaki, For Spring/Summer",Baby & Maternity
,900+ sold recently,7.1,8.0,1.0,Baby Girl Plants Print Ruffle Trim Dress,Baby & Maternity
,1.1k+ sold recently,3.55,28.0,1.0,Baby Girl Casual Simple Colorblock Dress,Baby & Maternity
,,4.65,12.0,1.0,"SHEIN Baby Girl Summer Vacation Floral Pattern Halterneck Romper With Ruffle Trimmed Neckline And Shorts, Lightweight",Baby & Maternity
,1.2k+ sold recently,4.76,22.0,1.0,Baby Boy Striped & Cartoon Graphic Romper & Hat,Baby & Maternity
,500+ sold recently,6.4,7.0,1.0,"Colorful Striped Pattern & Lace Hem & Button Detail & Spaghetti Strap Baby Girl Dress For Summer, Stylish And Cute",Baby & Maternity
,500+ sold recently,5.0,0.0,5.0,"2pcs Baby Girls' Sweet Casual Cherry Pattern Printed Short Sleeve T-Shirt And Shorts Outfit, Summer New Arrival",Baby & Maternity
,,12.41,3.0,1.0,SHEIN Maternity Drawstring Waist Slant Pocket Shorts,Baby & Maternity
,600+ sold recently,3.53,28.0,1.0,White Baby Girls Shoes Ruffle Trim Sandals Non-Slip Toddler Shoes Princess Shoes Crib Shoes First Walkers,Baby & Maternity
,900+ sold recently,9.8,8.0,1.0,SHEIN Baby Girl 3pcs Fashionable & Casual Daily Wear T-Shirts With Letter Print On Back. Suitable For Both Home And Outdoor Activities.,Baby & Maternity
,2.5k+ sold recently,7.4,6.0,4.0,SHEIN Genkimix Kids Baby Boy Dinosaur Embroidery Waffle Knit Tee & Shorts Set,Baby & Maternity
,,10.43,10.0,8.0,SHEIN Maternity Ribbed Knit Tank Dress,Baby & Maternity
,,9.39,0.0,1.0,SHEIN Maternity Striped Adjustable Drawstring Waist Shorts,Baby & Maternity
,2.2k+ sold recently,7.5,7.0,1.0,Baby Girl Heart Print Top & Contrast Binding Track Shorts,Baby & Maternity
,,4.14,30.0,1.0,8PCS/SET Wodden Baby Closet Dividers Colorful Nursery Decor Baby Clothes Dividers For Closet Hangers Organizer For Boys Girls Closet From Newborns To 24Month+,Baby & Maternity
,700+ sold recently,7.7,7.0,1.0,SHEIN Baby Boys' Round Neck Letter & Plant Printed Raglan Sleeve Top With Shorts Or Swim Shorts 2pcs/Set,Baby & Maternity
,1.3k+ sold recently,6.0,8.0,5.0,Baby Girl Ruffle Trim Plicated Keyhole Back Dress,Baby & Maternity
,900+ sold recently,8.2,8.0,4.0,SHEIN Baby Boy's Cute Lion Printed Long Sleeve Romper And Pants Home Wear Set,Baby & Maternity
,90+ sold recently,9.9,9.0,1.0,SHEIN Baby Girl Solid Tank Top & Leggings & Coat,Baby & Maternity
,700+ sold recently,4.85,23.0,4.0,"Baby Boys' Summer Cute Bear Patterned T-Shirt & Colorful Plaid Shorts 2pcs Set, College Style",Baby & Maternity
,600+ sold recently,3.7,5.0,1.0,Baby Boy Red Bodysuit With Cute And Fun Letter Printed Design For Spring And Summer,Baby & Maternity
,1.3k+ sold recently,7.9,8.0,7.0,Baby Boy Multicolor Patchwork Casual Short Sleeve T-Shirt And Long Pants Outfits,Baby & Maternity
,2.2k+ sold recently,6.84,19.0,1.0,"SHEIN 4th Of July, Baby Girl Casual Simple Cartoon Printed Short Sleeve Outfit Suit For Spring And Summer",Baby & Maternity
,1.9k+ sold recently,5.37,17.0,1.0,2pcs/set Baby Boys' Tropical Printed Green Vest And Shorts Outfit For Summer Casual Daily Wear,Baby & Maternity
,1.4k+ sold recently,5.9,8.0,1.0,Baby Boy Summer Casual Camouflage Printed Patchwork Sleeveless Hooded Romper,Baby & Maternity
,,7.05,47.0,1.0,SHEIN Maternity Solid Nursing Tee,Baby & Maternity
,100+ sold recently,3.96,64.0,1.0,Cozy Cub Baby Boy Casual 2pcs Short Sleeve T-Shirt And Shorts Set With Letter Detail And Color Block Design,Baby & Maternity
,50+ sold recently,7.4,9.0,1.0,Baby Girl Simple Printed Romper With Narrow Stripes,Baby & Maternity
,,3.3,50.0,1.0,"2pcs Girls' Heart Printed Tights, Sweet Style Spring/Summer Pantyhose For Daily Wear",Baby & Maternity
,,10.78,9.0,4.0,"5pcs Baby Girl's Simple, Cute And Comfortable Shorts With Elastic Waist For Spring/Summer",Baby & Maternity
,1.0k+ sold recently,9.81,10.0,1.0,Baby Girl Fuzzy Trim Hooded Bodysuit & Sweatpants,Baby & Maternity
,400+ sold recently,1.32,70.0,1.0,Baby Boy Dinosaur & Tropical Print Bodysuit,Baby & Maternity
,200+ sold recently,8.6,8.0,1.0,Baby Girl Elephant Print Ruffle Trim Jumpsuit & Headband,Baby & Maternity
,400+ sold recently,5.9,8.0,7.0,"Baby Boys' Cartoon Dinosaur Print Round Neck Short Sleeve T-Shirt And Shorts, Summer Cute Casual Outfits",Baby & Maternity
,500+ sold recently,4.6,10.0,1.0,"SHEIN Baby Girl Casual Knitted Stretch Cute Cartoon Pattern Romper, Suitable For Summer",Baby & Maternity
,6.3k+ sold recently,7.5,9.0,1.0,20 Pairs/pack Unisex Baby Crew Socks Colorful Neutral Style,Baby & Maternity
,500+ sold recently,7.6,10.0,1.0,"Baby Girls' Set, Elegant And Lovely, With Fashionable And Retro French-Style Ruffles, Rustic. A Pleat Skirt And Flying Sleeve Shirred Top With Little Flower Prints For Spring & Summer.",Baby & Maternity
,1.1k+ sold recently,11.0,8.0,1.0,"Baby Girl Casual Street Style Solid Color Asymmetrical Ruffle Top And Denim Shorts Set, Summer",Baby & Maternity
,,2.2,0.0,6.0,"3pcs Solid Color Wide Fabric Headband, Multicolors, Elastic, High Stretch Baby Hair Accessories",Baby & Maternity
,3.5k+ sold recently,4.15,39.0,1.0,Baby Girl Bow Front Asymmetrical Neck Fold Pleated Detail Dress,Baby & Maternity
,900+ sold recently,7.8,7.0,11.0,Baby Boy Bear Embroidery Pocket Patched Tee Romper,Baby & Maternity
,,3.4,0.0,1.0,"8pcs Baby Washcloths Soft Face Towels, Infant Bath Towel  Feeding Saliva Towel Burp Cloth Bib Handkerchief Baby Shower Gift-Random Pattern(Random Color)",Baby & Maternity
,1.8k+ sold recently,15.9,8.0,1.0,"3pcs/Set Cartoon Lion, Giraffe, Zebra Printed Round Neck Short Sleeve Top & Shorts Snug Fit Home Wear For Baby Girls",Baby & Maternity
,400+ sold recently,1.17,10.0,1.0,"Triangle Pacifier Storage Box, Portable Dustproof Case For Pacifiers (Random Color) - Available In 1pc/2pcs/3pcs (Pacifiers Not Included)",Baby & Maternity
,200+ sold recently,2.8,7.0,1.0,"5pairs/Set Teenagers' Unisex Casual Solid Color Ankle Socks, Thin & Breathable & Comfortable & Odor-Resistant & Absorbent, Black White Gray Colors Options Available",Baby & Maternity
,,10.6,11.0,1.0,"SHEIN Baby Girl Casual Lightweight Hooded Mesh Jacket With Letter Print, Sun Protection Shirt",Baby & Maternity
,400+ sold recently,12.0,10.0,1.0,SHEIN Baby Girls' Street Style 3pcs/Set Solid Color Cami Top & Short Sleeve T-Shirt & Camouflage Pants Outfit,Baby & Maternity
,1.3k+ sold recently,23.05,7.0,4.0,SHEIN Maternity Button Front Ruffle Hem Belted Shirt Dress,Baby & Maternity
,200+ sold recently,6.15,50.0,1.0,SHEIN Baby Girl Cute Mermaid Pattern Spaghetti Straps Colorblock Swimsuit 3pcs Set,Baby & Maternity
,5.3k+ sold recently,6.7,6.0,1.0,"Baby Boy Elephant Pattern Glow In Dark Short Sleeve Top And Long Pants Set, Snug Fit Home Clothes",Baby & Maternity
,800+ sold recently,10.5,8.0,1.0,2pcs/Set Baby Boys' Casual Plaid Long Sleeve Jumpsuit With Bowtie And Hat,Baby & Maternity
,1.8k+ sold recently,5.4,8.0,12.0,Baby Girl Allover Print Bodysuit & Accessory Headband,Baby & Maternity
,300+ sold recently,9.79,0.0,1.0,SHEIN Maternity Plaid Adjustable Waist Skinny Pants,Baby & Maternity
,,15.99,0.0,1.0,SHEIN Solid Color Square Neck Sleeveless Nursing Dress,Baby & Maternity
,50+ sold recently,3.57,70.0,1.0,Baby Boy Bear Print Hoodie & Contrast Side Seam Sweatpants,Baby & Maternity
,800+ sold recently,0.67,63.0,1.0,1 Pair Baby Anti-Slip Crawling Animal Knee Pads,Baby & Maternity
,700+ sold recently,4.93,24.0,10.0,SHEIN Baby Girl 3pcs Ribbed Knit Halter Top,Baby & Maternity
,200+ sold recently,5.0,0.0,4.0,"2pcs Fashionable Cool Baby Boys' Summer Outfit, Space Teddy Plush Crossbody Bag & T-Shirt Set With Multicolor Graffiti Print Random Cut-Off Letter Shorts",Baby & Maternity
,,26.32,1.0,4.0,SHEIN Pregnant Women Solid Color Casual Daily Mix And Match Shirt And Shorts Two-Piece Suit,Baby & Maternity
,200+ sold recently,3.8,5.0,1.0,"Baby Girl Fashionable Letter Printed Short Sleeve T-Shirt, Summer",Baby & Maternity
,,10.64,12.0,1.0,Baby Girl Spring/Summer 4-Piece Candy-Colored Daily Casual Cute Sport Shorts,Baby & Maternity
,100+ sold recently,7.5,9.0,1.0,"SHEIN Baby Girl Cute Knitted Cartoon Pattern Loose Short-Sleeved T-Shirt, Elastic Waist Snug Fit Solid Color Shorts Set, Suitable For Summer",Baby & Maternity
,1.8k+ sold recently,7.7,8.0,1.0,Baby Girl Heart Print Ruffle Trim Bow Front Dress With Hat,Baby & Maternity
,,14.59,0.0,1.0,SHEIN Maternity Drawstring Side Tank Top & Ditsy Floral Print Split Thigh Adjustable Waist Skirt,Baby & Maternity
,1.5k+ sold recently,6.4,9.0,1.0,"SHEIN Newborn Baby Boys' Casual Cute Cartoon Elephant Pattern Round Neck Short Sleeve Romper With Shoulder Snaps, Shorts And Hat",Baby & Maternity
,1.6k+ sold recently,6.5,8.0,9.0,Lesmle Baby Girl Butterfly Print Ruffle Trim Dress With Hat,Baby & Maternity
,100+ sold recently,7.8,50.0,1.0,3 Sets Of Baby Girls' Simple Solid Color Round Neck Short Sleeve T-Shirt And Shorts Combination Snug Fit Home Clothes,Baby & Maternity
,50+ sold recently,7.65,38.0,1.0,1pc Cute Cartoon Foldable Laundry Hamper And Toy Storage Basket - Convenient And Space-Saving Solution For Organizing Clothes And Toys,Baby & Maternity
,1.0k+ sold recently,7.3,0.0,1.0,Summer New Arrival Baby Girl Sleeveless Floral Triangle Romper With Open Chest Collar Design And Sun Hat,Baby & Maternity
,600+ sold recently,4.47,39.0,1.0,"10pairs/Set New Style Cartoon Patterned Short Socks For Baby Boys, Including Car, Stripe, Dinosaur, Whale, Bear, Airplane, Dolphin, Etc.",Baby & Maternity
,1.6k+ sold recently,10.5,8.0,6.0,Baby Girl Geo Print Flounce Sleeve Jacket & Bow Front Mesh Overlay Cami Dress,Baby & Maternity
,200+ sold recently,7.8,9.0,1.0,2pc Infant Baby Girls Yellow Ruffle Top And Denim Printed Shorts Summer Outfit,Baby & Maternity
,1.9k+ sold recently,12.73,2.0,1.0,SHEIN Maternity Striped Print Button Front Cami Dress,Baby & Maternity
,70+ sold recently,1.47,65.0,1.0,Baby Girl Casual Printed Short Sleeve T-Shirt With Round Neckline,Baby & Maternity
,400+ sold recently,10.1,10.0,1.0,Baby Girl Cute Embroidered Flower Gingham Sleeveless Top And Shorts Set For SpringSummer,Baby & Maternity
,100+ sold recently,1.9,10.0,14.0,1pc Children 3D Embroidered Heart Fishnet Tights With Lace Footed Pantyhose,Baby & Maternity
,1.6k+ sold recently,6.3,0.0,1.0,Baby Boy Tropical Printed Top Top And Shorts Set For Vacation,Baby & Maternity
,,1.85,50.0,1.0,"2pairs Girls' Hollow Out Flower Patterned White Mesh Socks, Thin & Breathable For Spring And Summer, Versatile Tights For Wearing Underpants Or Skirts",Baby & Maternity
,400+ sold recently,8.55,39.0,8.0,Cozy Cub Baby Boy's Plain Colored Shirt And Shorts Set,Baby & Maternity
,1.2k+ sold recently,7.1,13.0,1.0,"SHEIN Sister Matching Baby Girl Casual Simple Short Sleeve Set, Suitable For Spring And Summer",Baby & Maternity
,1.1k+ sold recently,11.3,10.0,1.0,SHEIN Baby Girl Snug Fit Unicorn Printed Short Sleeve Long Pants Pajamas Set (4pcs),Baby & Maternity
,1.5k+ sold recently,6.2,11.0,7.0,SHEIN Baby Girl Ruffle Trim Cami Top & Shorts,Baby & Maternity
,3.7k+ sold recently,8.4,9.0,14.0,SHEIN Baby Boy Solid Pocket Patched Shirt & Shorts Without Tee,Baby & Maternity
,,6.99,0.0,9.0,SHEIN Maternity Solid Color Irregular Shoulder Fitted T-Shirt,Baby & Maternity
,1.6k+ sold recently,6.5,8.0,1.0,Baby Girl Striped Print Colorblock Bow Shoulder Ruffle Hem Cami Dress,Baby & Maternity
,,5.7,10.0,4.0,Baby Boys' Striped Color Block Romper With Pockets,Baby & Maternity
,300+ sold recently,3.41,45.0,1.0,"8 Pairs Children's Casual Solid Color Socks, Girls' Candy-Colored Cute All-Match Socks For All Seasons",Baby & Maternity
,200+ sold recently,0.78,57.0,1.0,1pc Cute Baby Nylon Elastic Headband With Bow,Baby & Maternity
,1.0k+ sold recently,10.2,8.0,1.0,Lesmle Baby Boy Knit Polo Shirt With Cartoon Elephant Animal Pattern And Plaid Shorts Set,Baby & Maternity
,300+ sold recently,7.3,8.0,1.0,2pcs/Set Baby Boys' Summer Holiday Coconut Tree & Letter Printed Short Sleeve T-Shirt And Shorts Set,Baby & Maternity
,2.9k+ sold recently,5.1,0.0,4.0,3 Pcs Soft Breathable Jacquard Stripe Cute Bow Super Elastic Ear Caps For Baby Girls,Baby & Maternity
,,6.3,9.0,1.0,SHEIN Summer Comfortable Printed Romper For Baby Girls,Baby & Maternity
,1.5k+ sold recently,6.7,8.0,1.0,Baby Boy Vertical Striped Shirt & Shorts,Baby & Maternity
,,7.99,0.0,1.0,Cozy Cub Baby Girl Floral Print Zip Up Hooded Jacket,Baby & Maternity
,600+ sold recently,10.39,0.0,1.0,SHEIN Solid Color Ribbed Maternity Tank Top,Baby & Maternity
,200+ sold recently,3.1,9.0,1.0,"5pairs Kids' Stylish Colorful Novelty Emoticon Crew Socks, Casual Comfortable Breathable All-Match Sporty Round Toe Socks For Daily Wear",Baby & Maternity
,200+ sold recently,2.8,0.0,1.0,"90pcs/6 Rolls Disposable Garbage Bags For Baby Diapers, Convenient For Outdoor Baby Strollers, Living Room And Bathroom, Baby Room Waste Cleaning, Random Color",Baby & Maternity
,40+ sold recently,1.85,26.0,4.0,"1pc Wind-Up Caterpillar & Clownfish Puzzle Toy For Kids, Random Pattern, Color, Size, Packing",Baby & Maternity
,200+ sold recently,1.7,11.0,1.0,"Children's Wedding Dress Gloves, Lace Princess Gloves For Girls, Performance Etiquette, Dance Show, Flower Girl Gloves",Baby & Maternity
,1.5k+ sold recently,6.64,18.0,4.0,Baby Boy Bear Print Bow Front Shirt & Shorts,Baby & Maternity
,100+ sold recently,5.1,11.0,1.0,"SHEIN Cute Baby Girl's Casual Cartoon Pattern Colorful Mesh Splicing Loose Dress With Short Sleeve, Suitable For Summer",Baby & Maternity
,200+ sold recently,5.8,11.0,1.0,"SHEIN Baby Girl Grid Printed Short Sleeve Dress, Comfortable, Lovely And Sweet, Suitable For Summer",Baby & Maternity
,1.3k+ sold recently,8.3,0.0,1.0,Baby Girl Bow Detail Decoration Short Strap Vest And Red Shorts Set,Baby & Maternity
,100+ sold recently,1.8,0.0,6.0,"2pcs Daisy Hair Bows For Girls,Cute Flower Decor Bow Hair Clips,White Embroidery Flowers Barrettes With Full Lined,Kids Baby Hair Accessories",Baby & Maternity
,300+ sold recently,12.3,8.0,1.0,"Baby Girl Fashionable Casual Artsy Design Three-Piece Set - Star Print T-Shirt, Shorts And Pants",Baby & Maternity
,600+ sold recently,3.49,34.0,1.0,6pairs Kids Solid Crew Socks For Daily Life,Baby & Maternity
,600+ sold recently,4.0,26.0,1.0,Baby Boy Casual Unisex Basic Romper With Fun Letter Printed Design Jumpsuit,Baby & Maternity
,400+ sold recently,4.0,20.0,9.0,Baby Boy Cute Fashionable Casual Spring/Summer New Style Cartoon Hip-Hop Teddy Bear Alphabet Pattern Random Cut Printed Short Sleeve Round Neck T-Shirt And Shorts Combination Set,Baby & Maternity
,400+ sold recently,9.0,8.0,4.0,Baby Boys' Casual Street Style Striped 2-Pieces Outfit,Baby & Maternity
,300+ sold recently,9.5,8.0,6.0,"SHEIN Baby Girl Newborn Pure Long Sleeve Ribbed Jumpsuit, Heart Printed Pants And Headband Set",Baby & Maternity
,100+ sold recently,6.9,7.0,1.0,Baby Boys' White Simple Happy Meals Print Short Sleeve Short Sets For Home Wearing,Baby & Maternity
,700+ sold recently,8.1,7.0,1.0,"SHEIN Baby Boy Color Block T-Shirt And Shorts Casual Simple Outfits, Suitable For Summer",Baby & Maternity
,,7.67,33.0,1.0,SHEIN Maternity Solid Wide Waistband Biker Shorts,Baby & Maternity
,700+ sold recently,7.8,7.0,1.0,"Baby Girl Casual Floral Printed Color Block Jumpsuit, Spring/Autumn",Baby & Maternity
,,12.69,0.0,1.0,SHEIN Maternity Dalmatian Print Belted Dress,Baby & Maternity
,10k+ sold recently,5.7,8.0,1.0,"10 pairs/pack random color children's autumn winter summer solid color simple socks, suitable for sports and leisure daily travel the best choice",Baby & Maternity
,1.0k+ sold recently,3.15,28.0,1.0,"Baby Boys' Cute Turtle Letter And Slogan Pattern Printed Short Sleeve Romper For Mother Day, Summer",Baby & Maternity
,10+ sold recently,1.54,36.0,1.0,"1pc Fruit Shaped Baby Teether Baby Molar Stick For Teething Infants, Sensory Interaction",Baby & Maternity
,1.6k+ sold recently,4.55,1.0,1.0,"Baby Girl Summer Butterfly Pattern Bodysuit & Headband Set, Cute And Stylish",Baby & Maternity
,800+ sold recently,3.4,11.0,1.0,Baby Boy Slogan Printed Short Sleeve Bodysuit For Summer,Baby & Maternity
,500+ sold recently,7.0,13.0,1.0,"4th Of July Baby Girls Casual Simple USA Printed Short Sleeve T-Shirt And Shorts Set, Suitable For Summer",Baby & Maternity
,300+ sold recently,5.6,8.0,1.0,"Baby Girl Spring Outfits, Elegant, Gorgeous, , Lovely, Daily, Casual, Festival, Flower Patterned",Baby & Maternity
,100+ sold recently,6.4,7.0,1.0,"2pcs Toddler Boys' Casual All-Match Outfits, Suitable For Spring And Summer Outings",Baby & Maternity
,800+ sold recently,6.4,6.0,5.0,Baby Boy Striped Print Tee & Shorts,Baby & Maternity
,300+ sold recently,7.9,8.0,1.0,SHEIN Newborn Baby Boy Letter Embroidered Round Neck Long Sleeve Sweatshirt And Footed Pants Set,Baby & Maternity
,,5.2,0.0,7.0,"1set Newborn Swaddle Blanket & Hat, Baby Wrapping Cloth, Anti-Kick Sleeping Bag With Cap, For 0-6 Months Babies",Baby & Maternity
,300+ sold recently,8.2,8.0,1.0,"SHEIN Baby Boy's Leisure Coconut Tree Printed Short Sleeve Shirt, Shorts And Swimming Trunks Set For Summer Holiday",Baby & Maternity
,,2.36,52.0,1.0,"1 Pair Cartoon Pattern Silicone Anti-Slip Bottom Walking Shoe Socks For 0-2 Years Old Toddlers, Wearable In All Seasons",Baby & Maternity
,,5.1,9.0,1.0,"Baby Girl Independence Day Bowknot Plaid Romper, 4th Of July Outfit, Suitable For Spring And Summer",Baby & Maternity
,800+ sold recently,5.2,9.0,1.0,"10 Pairs/Packs Of Random Color Children's Autumn And Winter Pure Color Simple Socks, Suitable For Sports And Leisure Daily Travel Socks",Baby & Maternity
,700+ sold recently,10.1,7.0,1.0,"Newborn Baby Girl 3-Piece Set With Letter Patterned Lotus Leaf Body Suit, Polka Dot Printed Shorts With Bowknot And Headband For Summer",Baby & Maternity
,300+ sold recently,3.95,38.0,1.0,Baby Girl 2pcs/Set Cute And Simple Unicorn Pattern Short Sleeve T-Shirt And Shorts Set For Spring/Summer,Baby & Maternity
,,10.09,0.0,1.0,SHEIN Maternity Tie Dye Sun & Letter Graphic Tee,Baby & Maternity
,300+ sold recently,5.1,7.0,1.0,6pairs Girls Solid Anti-slip Socks,Baby & Maternity
,300+ sold recently,1.9,10.0,1.0,"1 Pair Of Rainbow Straight Board Girls' Mid-Calf Socks With Striped Patterns, Autumn Winter Casual Fashion Sweating, Breathable And Comfortable, Princess Style Suitable For Spring And Autumn",Baby & Maternity
,2.8k+ sold recently,5.4,7.0,1.0,New Spring & Summer Baby Girl Chick Print Tank Top And Shorts Set,Baby & Maternity
,1.3k+ sold recently,5.5,8.0,5.0,"SHEIN Baby Boy Apricot & Black Dyed Casual T-Shirt And Shorts Set, Simple And Comfortable Style For Summer Outfits",Baby & Maternity
,,4.32,40.0,1.0,"Baby Girl Romper, Peter Pan Collar Cardigan, Floral Digital Print, Snap Crotch, Stretchy Material, Casual Baby Shirt Bodysuit",Baby & Maternity
,,6.4,9.0,1.0,Nick 90s X SHEIN Baby Boy Cartoon And Letter Graphic Ringer Romper,Baby & Maternity
,100+ sold recently,5.45,53.0,1.0,"4pcs Baby Girls' Cute Ocean Shark Printed Short Sleeve T-Shirt And Shorts Set, Spring/Summer",Baby & Maternity
,600+ sold recently,12.21,26.0,1.0,Baby 3pcs Solid Round Neck Jumpsuit,Baby & Maternity
,900+ sold recently,8.38,17.0,1.0,Baby Girl Floral Print Cut Out One Piece Swimsuit With Kimono,Baby & Maternity
,700+ sold recently,7.24,38.0,1.0,Baby Girl Solid Vest Jacket & Floral Print Belted Jumpsuit,Baby & Maternity
,400+ sold recently,4.4,0.0,1.0,Baby Girl Slogan Graphic Bodysuit,Baby & Maternity
,200+ sold recently,3.26,52.0,6.0,2pcs/Set Baby Boy Striped Number & Letter Print Short Sleeve T-Shirt And Shorts Sportswear,Baby & Maternity
,1.1k+ sold recently,10.2,8.0,1.0,SHEIN 2pcs/Set Baby Boy Cute Plaid Print Sleeveless Outfit For Spring,Baby & Maternity
,,5.4,0.0,1.0,5Pcs/Set Baby Teething Toys Silicone Fruit Shape Safe Teethers Soothe Babies Gums Set For Infant And Toddler Gift (Some Parts May Be Random) Teething Toys,Baby & Maternity
,30+ sold recently,13.1,10.0,4.0,SHEIN Baby Girl Letter Patched Kangaroo Pocket Hoodie & Sweatpants,Baby & Maternity
,50+ sold recently,4.0,9.0,1.0,1pc Embroidered GOOD VIBES ONLY Kids Baseball Cap Outdoor Adjustable Sun Protection Casual Hat For Boys And Girls Suitable For Spring And Autumn Travel Y2K Beach Vacation Sunscreen,Baby & Maternity
,,7.6,7.0,1.0,2pcs Baby Boys' Cute Cartoon Elephant Pattern Embroidery Long Sleeve Romper With Hat,Baby & Maternity
,800+ sold recently,5.65,50.0,1.0,Baby Girl Ruffle Hem Cami Top & Floral Print Flare Leg Pants & Hat,Baby & Maternity
,,10.59,0.0,8.0,SHEIN Maternity Ditsy Floral Spaghetti Strap Dress,Baby & Maternity
,3.3k+ sold recently,6.7,8.0,5.0,Baby Boy Solid Pocket Patched Top & Shorts Set,Baby & Maternity
,1.5k+ sold recently,6.8,9.0,5.0,SHEIN Summer Newborn Baby Girl Heart Printed Camisole Top And Shorts Set With Ribbed Design,Baby & Maternity
,1.9k+ sold recently,8.8,7.0,1.0,Baby Boy Plaid Patched Pocket Shirt & Shorts Without Tee,Baby & Maternity
,200+ sold recently,2.32,60.0,1.0,"3pcs Baby Silicone Bowl Wooden Spoon And Fork Set With Suction Base Plate, Microwave & Dishwasher Safe",Baby & Maternity
,,1.81,65.0,1.0,"Montessori Toys For 3 Year Old Boys Girls-Wooden Sorting & Stacking Toys For Baby Toddlers,Educational Shape Color Sorter Preschool Kids Gifts",Baby & Maternity
,20+ sold recently,1.44,40.0,1.0,"1pc Baby Stroller Mosquito Net, Insect Bug Netting Cover, Infant Carriage Protection Mesh Cover, Stroller Accessory",Baby & Maternity
,100+ sold recently,13.43,44.0,4.0,Cozy Cub Baby Boy Cartoon Bear Pattern Round Neck Top And Shorts Four Piece Suit Matching Set,Baby & Maternity
,1.7k+ sold recently,5.73,27.0,1.0,Baby Boy Bear Print Tee & Plaid Shorts,Baby & Maternity
,,6.7,7.0,1.0,Baby Girl Newborn Photography Floral Swaddling Blanket & Headband,Baby & Maternity
,,2.16,10.0,1.0,"1pc Baby Teething Glove, Chew Toy, Hand Teether, Mitten, Soothing Ring",Baby & Maternity
,3.5k+ sold recently,8.44,10.0,4.0,Nick 90s X SHEIN Baby Boy Cartoon Figure Graphic Tee & Shorts,Baby & Maternity
,400+ sold recently,5.73,40.0,1.0,Baby Boy Letter Graphic Two Tone Hoodie & Sweatpants,Baby & Maternity
,300+ sold recently,6.75,11.0,1.0,"Newborn Baby Boys' Outfits, Short Sleeve Letter Printed T-Shirt + Casual Shorts Two Piece Set",Baby & Maternity
,400+ sold recently,5.5,10.0,1.0,"SHEIN Baby Girl Cute And Casual Tie-Dye Short Sleeve Knit Loose T-Shirt With Elastic Waist Shorts Set, Summer",Baby & Maternity
,,10.0,7.0,4.0,"5pcs/Set Baby Girls' Cute, Comfortable, Multicolor Leggings For Spring/Summer Daily Wear, Sports And Leisure, Perfect For Both Indoor And Outdoor Activities",Baby & Maternity
,200+ sold recently,5.47,23.0,13.0,"1pc Unisex Newborn Plush Swaddling Blanket, Super Soft, Warm, Breathable, Suitable For Baby Strollers",Baby & Maternity
,500+ sold recently,2.9,6.0,13.0,"1pc Unisex Solid Color Baseball Cap For Outdoor Activities, Adjustable Sun Protection Hat For Spring, Autumn, Beach, Vacation, Youth Y2k Style",Baby & Maternity
,200+ sold recently,15.4,9.0,1.0,"SHEIN Baby Girls' Denim Outfit, Washed Denim Top & Shorts, Fashionable, Cute And Lively, With Bow And Ruffle Detail",Baby & Maternity
,1.3k+ sold recently,8.99,0.0,4.0,Cozy Cub Baby Boys' Color Block Round Neck Short Sleeve Top And Solid Color Shorts Set,Baby & Maternity
,600+ sold recently,6.8,9.0,1.0,2pcs Baby Boys' Lovely Whale Printed Casual Short Sleeve Outfit,Baby & Maternity
,800+ sold recently,6.1,6.0,1.0,"Baby Boy's Simple Letter Printed Short Sleeve Outfit, Summer",Baby & Maternity
,2.3k+ sold recently,4.52,22.0,1.0,Baby Girl Summer Fashionable Patchwork Heart Print Tank Dress With Belt Set,Baby & Maternity
,4.5k+ sold recently,3.2,6.0,1.0,4pairs Baby Girls' Breathable Lace Trim Short Socks Ideal For Everyday Use,Baby & Maternity
,100+ sold recently,11.7,8.0,1.0,SHEIN Infant And Toddler Girls Summer Pink Elephant Printed Bib And Gloves Set,Baby & Maternity
,,3.56,9.0,1.0,Baby Boy Summer Slogan Printed Round Neck Casual Short Sleeve T-Shirt,Baby & Maternity
,20+ sold recently,6.3,11.0,6.0,2pcs Kids Letter Embroidered Casual Baseball Cap For Outdoor Travel,Baby & Maternity
,1.1k+ sold recently,10.2,7.0,1.0,1st Birthday Party Baby Girl Cute Lovely Short Sleeve Romper With Colorful Layered Skirt Outfit,Baby & Maternity
,1.4k+ sold recently,3.6,10.0,5.0,"5 Pairs Of Soft Ankle Socks, Cute And Fun Heart Shaped Novelty Socks For Girls",Baby & Maternity
,500+ sold recently,7.0,0.0,1.0,"2pcs Baby Girls' Cute Letter Printed Bodysuit And Shorts Set, Summer",Baby & Maternity
,,8.09,0.0,6.0,SHEIN Maternity Solid Color Round Neck Short Sleeve Drawstring T-Shirt For Summer,Baby & Maternity
,60+ sold recently,11.2,10.0,7.0,"SHEIN 4pcs Baby Girl Casual Knitted Solid Color Top Top, Elastic Waist Shorts Set",Baby & Maternity
,3.0k+ sold recently,5.64,12.0,11.0,"SHEIN Comfortable And Cute Butterfly Sleeve Dress For Baby Girl, Suitable For Summer",Baby & Maternity
,700+ sold recently,4.32,17.0,1.0,Baby Boy's Striped Casual Polo Shirt With Short Sleeves,Baby & Maternity
,200+ sold recently,9.6,10.0,1.0,SHEIN Baby Girl Lovely & Mermaid Scale Patterned Multi Layer Mesh Ombre Dress,Baby & Maternity
,,5.1,11.0,1.0,SHEIN Newborn Baby Girl Woven Soft Solid Colored Tie Satin Robe,Baby & Maternity
,,2.27,37.0,1.0,5pairs Cute Cartoon Dinosaur & Alphabet Summer Super Thin Mesh Breathable No-Sock Children's Socks Soft & Breathable Lightweight Mid-Length Socks,Baby & Maternity
,200+ sold recently,4.18,15.0,1.0,SHEIN Baby Girl Casual Knitted Cartoon Portrait Pattern Short Sleeve Loose Dress Suitable For Summer,Baby & Maternity
,3.7k+ sold recently,6.86,9.0,1.0,14 Pairs/Pack Random Color Kids' Short Socks For Daily & Casual Wear On Spring/Summer,Baby & Maternity
,4.9k+ sold recently,12.1,8.0,1.0,Baby Girl Flap Pocket Denim Jacket & Floral Print Ruffle Hem Cami Dress,Baby & Maternity
,400+ sold recently,10.3,7.0,1.0,Autumn Baby Boy Ribbed Bodysuit Suit Cute Bear Patched Pants Suit With Hat,Baby & Maternity
,1.5k+ sold recently,12.99,0.0,7.0,Cozy Cub Newborn Baby Girl Contrast Binding Button Front Pajama Jumpsuit,Baby & Maternity
,800+ sold recently,11.5,7.0,1.0,Baby Boy Snug Fit Cute & Fun Dinosaur Print Short Sleeve Top And Long Pants 2 Sets Home Clothes,Baby & Maternity
,,6.8,9.0,1.0,"Baby Girl One Piece Swimsuit With Shell Embroidery Decoration, Short Sleeves, Perfect For Beach Vacation",Baby & Maternity
,1.0k+ sold recently,9.9,7.0,1.0,Baby Boy Neutral Casual Daily Black Wash Fully Elastic Waist Ripped Flat Pockets Baggy Jeans,Baby & Maternity
,600+ sold recently,10.5,0.0,5.0,SHEIN Baby Boy Ripped Roll Hem Denim Shorts,Baby & Maternity
,40+ sold recently,8.72,20.0,6.0,"12pairs/Set Children's Anti-Slip Gel Sport Socks, Comfortable Breathable Floor Socks Suitable For Daily Life",Baby & Maternity
,70+ sold recently,6.3,9.0,1.0,"2pcs/Set Outdoor Bag & Straw Hat For 2-7 Year Old Girls, Suitable For Travel, Camping, Beach, Parties And Gatherings",Baby & Maternity
,400+ sold recently,7.39,33.0,5.0,Baby Girl Polka Dot Print Puff Sleeve Blouse & Mesh Overlay Skirt & Headband,Baby & Maternity
,,5.7,5.0,1.0,Baby Boy Summer Night Glowing Dinosaur Print Casual Short Sleeve T-Shirt And Shorts Set,Baby & Maternity
,,6.3,9.0,6.0,Baby Boy Cartoon Fish Printed Drawstring Waist Swim Trunks,Baby & Maternity
,700+ sold recently,13.3,9.0,4.0,SHEIN 2pcs Cute Casual Color-Block Stripe Collared Short Sleeve Romper With Button-Front And Shorts For Baby Boy,Baby & Maternity
,1.0k+ sold recently,10.5,8.0,4.0,Lesmle Baby Boy Car Print Bow Front Polo Neck Bodysuit & Pinafore Shorts,Baby & Maternity
,2.0k+ sold recently,5.5,8.0,1.0,Baby Girl Water-Drop Print Bow Shoulder Combo Bodysuit Dress,Baby & Maternity
,200+ sold recently,9.4,0.0,1.0,"Summer Holiday Style Little Girl Sunflower Printed Cute Cami Dress, Multicolored 3-Piece Set",Baby & Maternity
,,30.6,0.0,1.0,"1pc Gray Diaper Bag Large Capacity Mummy Bag, Portable Travel Baby Bed Bag",Baby & Maternity
,100+ sold recently,9.78,33.0,1.0,Shein Underwear&Sleepwear Maternity Maternity 3pack Solid Wireless Nursing Bra For Mother,Baby & Maternity
,2.0k+ sold recently,4.44,30.0,1.0,Baby Girl Floral Print Cold Shoulder Bodysuit & Headband,Baby & Maternity
,,2.6,0.0,1.0,"1pc Universal Baby Bassinet Mosquito Net With Mesh And Anti-Dust Fabric Cover, Including Storage Bag, Easy Carry, White, Suitable For All Seasons",Baby & Maternity
,600+ sold recently,13.39,0.0,4.0,SHEIN Solid Color Maternity Ribbed Knitted Jumpsuit,Baby & Maternity
,,1.8,0.0,1.0,"2pcs/Set Baby Bottle Cleaning Brushes, Newborn Baby Milk Cup Brush",Baby & Maternity
,1.3k+ sold recently,6.0,8.0,7.0,Baby Girl Ruffle Trim Cut Out Waist One Piece Swimsuit,Baby & Maternity
,600+ sold recently,4.03,40.0,5.0,Baby Boy Tropical Print Tank Top & Shorts,Baby & Maternity
,,5.84,9.0,1.0,SHEIN Baby Boy Snug Fit Cartoon Pattern Short Sleeve Shorts Knit Comfortable Pajamas Set,Baby & Maternity
,400+ sold recently,4.7,10.0,1.0,SHEIN Baby Girl Laser Cut Out Scallop Trim Shorts,Baby & Maternity
,1.4k+ sold recently,3.0,6.0,1.0,"Baby Shoe-Sock-Headband Set, Cute Flower Princess Shoes For Infant, Birthday Party Decorative Shoes, 0-18 Months",Baby & Maternity
,500+ sold recently,2.52,16.0,1.0,"1pc Hollow Out Bowknot Decor Soft Comfortable Girls' Pantyhose Legging Baby Stocking,For Girls Princess Casual Wear",Baby & Maternity
,1.1k+ sold recently,1.2,20.0,1.0,1pc Pink Flower Decor Headband For Girls (small/medium/large),Baby & Maternity
,100+ sold recently,4.5,0.0,1.0,Wrist Rattle Foot Finder Socks Set Arm Hand Bracelet Rattle Feet Leg Ankle Socks Newborn Soft Sensory Toys Baby Socks Newborn Rattles Toys For Babies 0-6 Months Infant Baby Gifts 6-12 Months,Baby & Maternity
,300+ sold recently,6.69,15.0,5.0,"Kids Outfits, Toddler Girl Sets, Kawaii Clothes, Two Piece, Baby Girl Casual Cute Colorful Cartoon Flower & Smile Face Print White Short Sleeve T-Shirt And Light Purple Shorts Set, Suitable For Spring/Summer",Baby & Maternity
,1.8k+ sold recently,6.9,12.0,1.0,SHEIN Baby Girl Floral Print Knotted Shoulder Cami Top & Pants,Baby & Maternity
,1.8k+ sold recently,7.8,8.0,4.0,"Baby Boys' Textured Shirt And Shorts Casual Basic Set, Fresh Style For Spring And Summer",Baby & Maternity
,900+ sold recently,5.3,9.0,1.0,10 pairs of children's middle-aged and older children's summer thin section solid color simple fashion all-match student mid-tube socks,Baby & Maternity
,700+ sold recently,14.45,9.0,1.0,"SHEIN Baby Girl 4pcs/Set Casual And Comfortable Multicolor Bottoms, Suitable For Spring And Summer Outdoor Activities",Baby & Maternity
,1.1k+ sold recently,4.34,41.0,1.0,"10 Pairs Popular Sport Ankle Socks, Mid-Calf Socks, For Toddler Boys, Baby Boys, Spring & Summer",Baby & Maternity
,200+ sold recently,5.66,36.0,5.0,Baby Girl Top With Ruffle Hem And Plaid Shorts Set,Baby & Maternity
,100+ sold recently,3.5,27.0,1.0,"5pcs/10pcs Solid Color Baby Clothes Hangers, Suitable For Daily Use",Baby & Maternity
,,11.7,9.0,1.0,2pcs Baby Girl Plaid & Floral Patterned Flutter Sleeve Button Front Dress - Cute For Summer Vacation,Baby & Maternity
,200+ sold recently,6.7,8.0,1.0,Baby Girl Fish Scales Print Ruffle Trim One Piece Swimsuit With Beach Skirt,Baby & Maternity
,,5.8,8.0,1.0,Baby Girl Letter Graphic Tee & Plaid Print Cami Dress,Baby & Maternity
,100+ sold recently,10.3,0.0,1.0,"Infant Fashionable Outdoor Flat Sandals, Dual-Use As Slippers",Baby & Maternity
,500+ sold recently,18.8,7.0,1.0,"Baby Girls' Autumn/Winter Outfit 2023 New Arrival 3-Piece Set, Stylish Schoolgirl JK Uniform Princess Dress",Baby & Maternity
,1.3k+ sold recently,7.3,9.0,6.0,Baby Boy Striped Collared Single-Breasted Short-Sleeved Shirt And Shorts Set,Baby & Maternity
,600+ sold recently,2.39,34.0,1.0,Baby Boys' Valentine'S Day Letter Printed Short Sleeve Casual Top For Spring/Summer,Baby & Maternity
,1.6k+ sold recently,4.75,17.0,1.0,SHEIN Baby Boy Tropical Print Patched Pocket Tank Top & Shorts,Baby & Maternity
,100+ sold recently,7.9,10.0,1.0,SHEIN Baby Girl Casual Knitted Colorful Striped Hollow Out Pattern Short-Sleeved Top With Elastic Waist And Solid Color Irregular Skirt Set,Baby & Maternity
,80+ sold recently,3.52,20.0,1.0,"3pcs Toddler Safety Locks For Drawers And Cabinets, Multi-functional Baby Anti-pinch Fridge Cupboard Door Lock Buckle",Baby & Maternity
,800+ sold recently,9.88,12.0,1.0,"Baby Girls' 3pcs/Set Summer Fashion Denim Effect Green Outfit With Heart-Shaped Bag, Cool And Cute Daily Casual Clothes",Baby & Maternity
,1.2k+ sold recently,9.4,11.0,1.0,SHEIN Baby Girl Summer Holiday Floral Pattern Short Sleeve Top And Pants Set,Baby & Maternity
,600+ sold recently,10.5,8.0,5.0,Baby Girl Summer Square Collar Fly Sleeve Tiered Ruffle Hem White Cute Overall Dress,Baby & Maternity
,900+ sold recently,3.8,0.0,1.0,3pcs Baby Flower Decor Hair Band,Baby & Maternity
,200+ sold recently,11.5,9.0,1.0,"Baby Girl 2pcs Orange-Pink Ombre Ruffled Tank Top Set, Summer; Stylish, Gorgeous, And Casual Outfit",Baby & Maternity
,,2.4,0.0,1.0,"1pc Infant Soft Rubber Ball Rattle Hand Grip Ball Hand Grip Stick Fitness Ball Sensory Ball, Can Be Boiled, Early Education Toy Accessories, Pattern/Color/Size/Packaging Random",Baby & Maternity
,900+ sold recently,5.4,0.0,1.0,Baby Boy Cartoon Print Vest And Letter Print Shorts Set For Summer Vacation,Baby & Maternity
,200+ sold recently,5.9,0.0,1.0,"Baby Girl Casual Cute Flying Sleeve Patchwork Flower Print Swing Dress, Summer",Baby & Maternity
,,13.3,8.0,1.0,"Baby Boy 5pcs/Set Solid Color Knitted Crew Neck Short Sleeve T-Shirts, Summer",Baby & Maternity
,,2.7,50.0,1.0,"4pcs Infant Hand Grasp Ball Rattle Toy, Newborn Baby Sensory Developmental Toy Colorful Bell Ball Toy, Random Color",Baby & Maternity
,700+ sold recently,10.88,25.0,1.0,Baby Boy Plaid Hooded Jacket And Jeans Set,Baby & Maternity
,200+ sold recently,15.19,0.0,1.0,SHEIN Maternity Vacation Casual High-Waisted Slim-Fit Denim Shorts With Color-Blocked Rolled Hem,Baby & Maternity
,400+ sold recently,6.6,0.0,1.0,Baby Boy Summer Letter Print Short Sleeve T-Shirt And Stripe Shorts 2pcs Casual College Style Outfits,Baby & Maternity
,2.7k+ sold recently,10.8,8.0,4.0,"3pcs/Set Baby Boys' Letter Printed Casual Sports Shirt, Short Sleeve T-Shirt And Shorts Set For Summer",Baby & Maternity
,200+ sold recently,4.9,50.0,1.0,SHEIN Baby Girl Casual And Cute Cartoon Fun Design Color Blocking Long Sleeve Top With Triangle Shorts Swimsuit Set,Baby & Maternity
,,15.29,0.0,7.0,SHEIN Maternity Summer Casual Vacation Small Floral Print Spaghetti Strap Dress,Baby & Maternity
,200+ sold recently,3.02,58.0,1.0,"Baby Girl Snug Fit Leopard Print Shorts Set With Headband Sheep Print Short Sleeve T-Shirt, 2pcs Homewear",Baby & Maternity
,200+ sold recently,6.8,13.0,1.0,"Little Boss, Yellow, King, Baby Boys' Casual Short Sleeve Hooded Top And Shorts Set, Suitable For Spring And Summer",Baby & Maternity
,,12.97,1.0,1.0,1pair Kids' Spring/Autumn New Breathable Mesh Ultralight Anti-Skid Sports Running Shoes For Boys And Girls,Baby & Maternity
,100+ sold recently,5.52,20.0,1.0,"1pc Ultra-Fine Fiber Printed Bath Towel Cape With Hood, Water-Absorbent Unisex Baby Kids Bathrobe For All Seasons, Soft And Comfortable",Baby & Maternity
,700+ sold recently,15.89,0.0,1.0,SHEIN Maternity Casual Loose Round Neck Short Sleeve T-Shirt And Adjustable Elastic Waist Shorts Set,Baby & Maternity
,300+ sold recently,7.12,20.0,1.0,Baby Boys Summer Short Sleeve Sun Protection Swimwear/3pcs Set Dinosaur Print With Free Sunhat,Baby & Maternity
,20+ sold recently,5.3,49.0,1.0,Infant Toddler Girls Cute Fashionable Colorful Stripe Off-Shoulder Blouse With Lace Trimmed Shorts Set For Spring & Summer,Baby & Maternity
,100+ sold recently,10.99,0.0,1.0,Cozy Cub Baby Girl's Fantasy Fairy Pattern Round Neck Ruffled Top And Leggings Set Matching Set,Baby & Maternity
,,10.2,7.0,1.0,Snug Fit Baby Boy Elephant Pattern Clouds Night Glow Fluorescent Short Sleeve And Shorts Two Sets Home Clothes,Baby & Maternity
,400+ sold recently,7.9,7.0,4.0,Baby Girl Summer Infant Sweet Fashion Solid Color Ruffled Strap And Long Pants Set For Vacation Party,Baby & Maternity
,900+ sold recently,7.9,9.0,5.0,Baby Girl Floral Print Puff Sleeve Top & Shorts & Hat,Baby & Maternity
,4.4k+ sold recently,5.8,8.0,6.0,Baby Girl Butterfly Print Shirred Ruffle Hem Cami Dress With Headband,Baby & Maternity
,200+ sold recently,8.4,8.0,1.0,2024 Independence Day Minimalist Printed Casual Hooded Sports Set For Toddler Boys,Baby & Maternity
,30+ sold recently,1.4,30.0,1.0,"Babies Can Chew Soft Rubber Rattles, But Newborns Can Bite. Early Education And Fitness Soft Rubber Players Catch The Ball",Baby & Maternity
,300+ sold recently,6.4,9.0,4.0,"SHEIN Baby Girl 2pcs/Set  Vintage, Elegant, Cute, Fun Daisy Embroidery & Webbing Detail Daisy Pattern Mesh Outfits For Spring/Summer",Baby & Maternity
,100+ sold recently,7.17,26.0,4.0,Baby Girl Casual Sports Three Piece Outfit With Front Printed Design For Summer,Baby & Maternity
,500+ sold recently,9.9,7.0,1.0,Baby Girl Simple Unicorn Printed Short Sleeve Top And Shorts Snug Fit Two-Piece Homewear Set,Baby & Maternity
,800+ sold recently,6.6,4.0,1.0,"Baby Girl Toddling Summer Outfit, Cute Pink French Fry Print Shirt And Shorts",Baby & Maternity
,100+ sold recently,4.8,2.0,1.0,New Style Baby Girls' Pretty Solid Candy Colored Bodysuit With Straps,Baby & Maternity
,900+ sold recently,6.05,28.0,1.0,Spring Blue Alphabet Print Crop Bodysuit And Flower Print Flared Pants Baby Girl Outfit,Baby & Maternity
,500+ sold recently,4.3,9.0,1.0,Newborn Baby Boys' Casual Basic Bodysuit With Fun Letter Print,Baby & Maternity
,300+ sold recently,7.4,13.0,1.0,Baby Girl Casual Black Short Sleeve T-Shirt And Flared Pants Set With Butterfly Print Suitable For Spring And Summer,Baby & Maternity
,700+ sold recently,13.58,10.0,1.0,SHEIN Maternity Striped Print Button Detail Dress,Baby & Maternity
,400+ sold recently,7.65,10.0,1.0,"3pcs/Set Baby Boy Casual Solid Color Tops, Summer",Baby & Maternity
,600+ sold recently,1.76,12.0,1.0,"1pair Girls' Lace Hollow Out Short Gloves With Floral Edge, Suitable For Wedding Party Festival",Baby & Maternity
,,6.54,40.0,1.0,SHEIN Maternity High Waist Solid Skirt,Baby & Maternity
,500+ sold recently,9.7,8.0,1.0,Baby Girl Newborn Heart Embroidery Teddy Pullover & Pants & Bag,Baby & Maternity
,300+ sold recently,10.7,8.0,1.0,"4pcs/Set Baby Boys' Cartoon Airplane & Transportation Pattern Short Sleeve Top And Shorts, Cute Outfit For Spring And Summer",Baby & Maternity
,100+ sold recently,7.49,46.0,7.0,Cozy Cub Baby Girl Borg Collar Flap Detail Belted Corduroy Dress & Hat,Baby & Maternity
,900+ sold recently,6.55,22.0,1.0,"Baby Girl Romper With Flounce And Letter Print, And Gingham Shorts For Summer",Baby & Maternity
,600+ sold recently,4.85,1.0,1.0,"Toddler Boys' Stylish Printed Sleeveless T-Shirt And Shorts Set, Summer Casual",Baby & Maternity
,800+ sold recently,3.42,45.0,1.0,"Baby Boy 2-Piece Set, Letter Print Short Sleeve Top And Camouflage Shorts, Summer Casual Cute Children Clothing",Baby & Maternity
,400+ sold recently,4.26,1.0,1.0,Newborn Baby Boy Independence Day Letter Printing Cute Bodysuit,Baby & Maternity
,100+ sold recently,8.7,8.0,1.0,"Baby Boy Snug Fit Pajama Set With Cartoon Animal Pattern, Long Sleeve Round Neck Top And Pants, 2pcs",Baby & Maternity
,200+ sold recently,4.6,8.0,1.0,"1pc Unisex Kids' Black Band Decorated Simple & Fashionable Sun Hat With Curved Brim, Suitable For Outdoor Activities & Beach Vacation",Baby & Maternity
,1.0k+ sold recently,6.3,6.0,1.0,Baby Girl Rainbow Tape Peter Pan Collar Smock Dress,Baby & Maternity
,2.7k+ sold recently,19.5,8.0,1.0,"5pcs/Set Baby Girl Simple Solid Color Tank Top And Shorts Outfit, Summer",Baby & Maternity
,300+ sold recently,7.6,0.0,1.0,Summer Baby Vest & Grid Shorts Hat 3pc/Set Outdoor Holiday College Style Outfit,Baby & Maternity
,100+ sold recently,3.4,8.0,1.0,SHEIN Baby Girl Summer Vacation Cute Geometric Pattern Loose Fit Cami Dress,Baby & Maternity
,,3.95,56.0,1.0,SHEIN Maternity Houndstooth Leggings,Baby & Maternity
,1.1k+ sold recently,9.8,13.0,1.0,SHEIN Baby Girl Tie Dye Puff Sleeve Organza Dress,Baby & Maternity
,2.4k+ sold recently,10.36,13.0,1.0,"SHEIN Genkimix Kids Baby Boys' Casual Texture T-Shirt, Denim Shorts With Fisherman Hat Set, Street Style Fashion Outfits",Baby & Maternity
,1.6k+ sold recently,6.8,13.0,1.0,Baby Boy Casual & Simple Spaceman Print Short Sleeve T-Shirt And Shorts Set Suitable For Spring And Summer,Baby & Maternity
,,1.4,39.0,1.0,2pcs Child Lock Baby Proofing Cabinet Strap Baby Proofing Child Safety Locks Child Safety Strap Locks Cabinet Drawer Locks Window Lock Refrigerator Furniture Lock Environmental Abs(Pink),Baby & Maternity
,1.0k+ sold recently,8.2,8.0,1.0,Baby Girl Floral Print Ruffle Trim Top & Shorts,Baby & Maternity
,200+ sold recently,5.7,8.0,1.0,SHEIN Newborn Baby Boy Coconut Tree Print Patched Pocket Tank Top & Shorts,Baby & Maternity
,200+ sold recently,6.1,0.0,1.0,Baby Girl Summer Tie-Dye Letter Print Round Neck Short Sleeve T-Shirt And Shorts Set,Baby & Maternity
,300+ sold recently,9.1,7.0,1.0,SHEIN Baby Boy Dinosaur Print Bodysuit & Sweatpants & Hat,Baby & Maternity
,,11.02,5.0,1.0,"Kids Closed-Toe Sandals, Summer New Style Sports Beach Shoes, Fashionable Toddler Walking Shoes, For Boys And Girls",Baby & Maternity
,,11.0,8.0,1.0,"Baby Girl 3pcs Fleece Vest Set With Cute Embroidered Bear, Ideal For Home/Outwear",Baby & Maternity
,700+ sold recently,7.6,10.0,7.0,Baby Girl Fashionable Double-Layer Mesh Dress With Butterfly Applique,Baby & Maternity
,,5.2,0.0,4.0,Baby Boy 2pcs/Set Fashionable Summer Racing Pattern Printed T-Shirt And Shorts Outfit,Baby & Maternity
,1.2k+ sold recently,9.2,0.0,1.0,2pcs/Set Baby Boy Sailboat Printed Short Sleeve Romper And Dungaree Shorts Set For Spring/Summer,Baby & Maternity
,100+ sold recently,7.92,20.0,1.0,"Baby Toys 6 To 12 Months, Tummy Time Toys Musical Doll Crawling Toys With Light, Sound, Infant Toys 0-3 3-6 6-12 12-18 Months Birthday Toys For 1 Year Old Boy Girl Toddler Toys Age 1-2",Baby & Maternity
,,5.8,8.0,1.0,"Baby Girl Holiday Style Printed Long Sleeve Zipper Front One-piece Swimsuit With Hairband, For Summer",Baby & Maternity
,100+ sold recently,9.4,0.0,1.0,Baby Girl Solid Color Fringe Top And Denim Fringe Shorts Set,Baby & Maternity
,1.0k+ sold recently,4.9,9.0,5.0,SHEIN Baby Girl Lettuce Trim Tee & Daisy Floral Print Shorts,Baby & Maternity
,,5.8,9.0,1.0,TEENAGE MUTANT NINJA TURTLES X SHEIN Baby Boy Striped Colorblock Fun Cartoon Graphic Romper,Baby & Maternity
,600+ sold recently,6.9,8.0,1.0,"Baby Boy Infant Solid Color Romper, Cute & Casual Basic For All Occasions",Baby & Maternity
,100+ sold recently,6.0,0.0,1.0,"Baby Boys' Dinosaur Print Short Sleeve T-Shirt And Solid Color Shorts Set, Suitable For Spring And Summer",Baby & Maternity
,300+ sold recently,2.65,40.0,1.0,"1pair Girls' Bow Knot T-Strap Flat Sandals With Pu Material, Cute And Suitable For Summer",Baby & Maternity
,500+ sold recently,8.36,12.0,1.0,Baby Girl Casual Flag Star Printed Sleeveless Top & Skirt Set 4th Of July Outfits,Baby & Maternity
,100+ sold recently,10.96,20.0,1.0,Baby Girl Holiday Casual Cute Raw Hem Ruffle Heart Shaped Strap Elastic Comfort Top & Elastic Waist 2 Pockets Denim Shorts Sets,Baby & Maternity
,70+ sold recently,8.9,7.0,8.0,Baby Boy Snug Fit Pajamas Casual Solid Color Round Neck Top & Belly Protection Long Pants Homewear 2pcs Set,Baby & Maternity
,100+ sold recently,4.21,10.0,1.0,SHEIN Baby Girl Cute Casual Knitted Colorful Pattern Cap Sleeve Dress With Stretchy Fabric For Summer,Baby & Maternity
,500+ sold recently,5.7,8.0,1.0,"SHEIN Streecool Kids Baby Girl Casual Street-Style Cute And Fun Shark Pattern Printed Turn-Down Collar Shirt Dress, Spring/Summer",Baby & Maternity
,,15.39,0.0,1.0,SHEIN Maternity Striped Print Tee & Adjustable Waist Bodycon Skirt,Baby & Maternity
,800+ sold recently,7.4,9.0,1.0,Baby Boy Summer Casual & Cute Style Shirt & Shorts,Baby & Maternity
,,4.6,0.0,1.0,"Summer Newborn Baby Girls' Pu Flower Decoration Anti-Slip Sandals With Soft Sole, 0-1 Year Old",Baby & Maternity
,1.4k+ sold recently,6.69,30.0,1.0,Baby Girl Floral Print Bow Front Ruffle Trim Top & Shorts & Headband,Baby & Maternity
,500+ sold recently,4.75,7.0,1.0,Baby Girl Elegant Floral Printed Bodysuit With Hairband For Spring/Summer,Baby & Maternity
,,3.7,0.0,1.0,Perfect Gift For Adorable Baby Girls - 20PCS Delicate Hair Clips In Assorted Colors,Baby & Maternity
,1.0k+ sold recently,3.4,8.0,1.0,Baby Boys' Casual Short Sleeve Round Neck Top For Summer,Baby & Maternity
,500+ sold recently,5.7,8.0,1.0,Baby Girls' Flower Printed Romper,Baby & Maternity
,800+ sold recently,2.07,29.0,1.0,2pairs Girls' Double Layered Lace Ballet Dance Socks For Baby 0-1y 1-3y,Baby & Maternity
,1.1k+ sold recently,4.04,14.0,1.0,Newborn Baby Boy's Casual Wearable Basic Bodysuit With Fun Letter Pattern,Baby & Maternity
,,1.95,54.0,1.0,Baby Boys' Casual Basic Letter Printed Top,Baby & Maternity
,100+ sold recently,8.59,15.0,1.0,Baby Girl Raglan Sleeve Sweatshirt & Sweatpants,Baby & Maternity
,,12.6,4.0,5.0,"Baby Boy First Year Memory Picture Frame, Infant Milestone Photo Frame For 12 Monthly Pictures",Baby & Maternity
,,19.49,0.0,1.0,SHEIN Maternity Summer Urban Leisure Shoulder Strap Large Round Neck Slim Multi-Colored Tank Top,Baby & Maternity
,200+ sold recently,9.9,7.0,1.0,Baby Girl Ruffle Trim Bodysuit & Bow Front Sweatpants & Headband,Baby & Maternity
,3.0k+ sold recently,2.45,32.0,13.0,"1pair Cartoon Baby Learning Shoes Socks, Indoor Non-slip Socks",Baby & Maternity
,50+ sold recently,4.62,44.0,1.0,"0+ Baby Car Seat Toy With Elephant, Pig, Rabbit, Bear Plush Toys, Spiral Hanging Toy With Crinkle Fit Crib, Stroller, Christmas Birthday Gift For Infant Boy Or Girl",Baby & Maternity
,300+ sold recently,6.85,28.0,4.0,Baby Girl 3pcs Bow Front Lettuce Trim Shorts,Baby & Maternity
,200+ sold recently,9.19,0.0,1.0,SHEIN Romantic Holiday Short Overalls Jumpsuit With Suspender For Maternity,Baby & Maternity
,4.4k+ sold recently,11.6,8.0,5.0,Baby Girl Cold Shoulder Ruffle Trim Top & Bow Embroidery Denim Shorts & Headband,Baby & Maternity
,,11.8,9.0,4.0,Baby Girl 2pcs/Pack Fashionable Leaf Print Button Detail Ruffle Trim Sleeveless Dress & Solid Dress For Summer Holiday,Baby & Maternity
,600+ sold recently,3.33,10.0,1.0,Baby Boys' Casual Simple Astronaut Pattern Printed Sporty Top For Streetwear,Baby & Maternity
,,3.9,0.0,1.0,5pcs Baby Bow Decor Hair Band,Baby & Maternity
,1.2k+ sold recently,8.0,8.0,1.0,"Baby Girl 2pcs/Set Cartoon Printed Top & Camouflage Shorts Street Style Cute Casual Outfit, Spring/Summer",Baby & Maternity
,200+ sold recently,7.55,24.0,4.0,SHEIN Maternity Solid A-line Dress,Baby & Maternity
,700+ sold recently,4.09,13.0,1.0,"Baby Girl Casual Heart & Slogan Pattern Romper, Summer",Baby & Maternity
,50+ sold recently,3.84,20.0,1.0,3pairs Kids' Ultra-Thin Cute Bear Pattern Sheer Pantyhose For Summer,Baby & Maternity
,200+ sold recently,6.9,13.0,1.0,"Baby Girl Casual Simple Imitation Pearl Ice Cream, Rainbow, Summer Printed Short Sleeve Shorts Set, Suitable For Summer",Baby & Maternity
,100+ sold recently,3.5,13.0,1.0,"Summer Outfits, Baby Girl's Casual Simple Cartoon Letter Printed Short Sleeve Round Neck T-Shirt, White, Suitable For Summer",Baby & Maternity
,100+ sold recently,7.73,37.0,6.0,SHEIN Baby Boy Letter Graphic Sweatshirt & Drawstring Waist Pants,Baby & Maternity
,700+ sold recently,4.07,51.0,1.0,Baby Girl Allover Floral Print Shirred Bodice Flare Leg Cami Jumpsuit,Baby & Maternity
,300+ sold recently,4.16,8.0,1.0,"Fashionable And Cute Baby Girls"" Dinosaur Printed Ruffle Sleeve Dress",Baby & Maternity
,3.6k+ sold recently,11.97,28.0,4.0,Baby Girl Knitted Cartoon Printed Short Sleeve Top And Shorts 3pcs/Set,Baby & Maternity
,100+ sold recently,5.8,37.0,1.0,"1Set Bath Toy, Fishing Floating Animals Squirts Toys Games Playing Set With Fishing Net , Fish Net Game In Bathtub Bathroom Pool For Babies Toddlers And Kids (Some Parts May Be Random)",Baby & Maternity
,1.9k+ sold recently,7.6,8.0,4.0,Baby Girl Gingham Print Bow Front Peplum Cami Top & Ruffle Hem Shorts,Baby & Maternity
,300+ sold recently,2.74,38.0,1.0,"5pairs Toddler Anti-slip Socks With Grips, Hollow Out Thin Low-cut Ankle Socks For Baby Girls And Boys",Baby & Maternity
,,1.35,50.0,1.0,Children's Teether Baby Molar Stick Baby Teething Silicone Toy Bite Glue Can Be Boiled To Prevent Eating Hands Teething Toys Baby Teether Baby Teething Baby Teething Toys Teether,Baby & Maternity
,300+ sold recently,6.5,0.0,7.0,1pc Baby Girls' Cute 3d Butterfly Mesh Tulle Pink Dress With Shoulder Straps For Summer,Baby & Maternity
,,1.5,0.0,1.0,1pc Adhesive L Shaped Hook Clothes Storage Rack For Kids Room Without Drilling,Baby & Maternity
,1.8k+ sold recently,9.9,0.0,1.0,Baby Plain Portable Polyester Shopping Cart Mat For Outdoor,Baby & Maternity
,300+ sold recently,9.7,8.0,1.0,"SHEIN Baby Girl Casual And Cute Ruffle Hem Camisole Top, Fish Patterned Panties And Sheer Mesh Maxi Skirt Swimsuit Outfit",Baby & Maternity
,400+ sold recently,4.3,0.0,5.0,Newborn Baby Boy Casual Slogan Graphic Bodysuit,Baby & Maternity
,400+ sold recently,1.17,44.0,1.0,"1pair Infant & Toddler Girls' Dance Socks, Sheer Mesh Lace Flower Trimmed Socks, 0-1y 1-2y 1-3y",Baby & Maternity
,,14.89,0.0,6.0,SHEIN BASICS Maternity Solid Bodycon Dress,Baby & Maternity
,400+ sold recently,12.08,20.0,1.0,SHEIN Newborn Baby Girls' Knitted Soft Round Neck Long Sleeve Sleepwear Set With Lap Shoulder,Baby & Maternity
,300+ sold recently,7.8,20.0,1.0,Baby Boy Planet Print Bodysuit & Patched Pocket Overall Romper,Baby & Maternity
,20+ sold recently,6.98,25.0,1.0,"Baby Boy Snug Fit Pajama Set With Cartoon Animal Patterns, Long Sleeve Round Neck Top And Pants",Baby & Maternity
,2.6k+ sold recently,6.2,7.0,5.0,Baby Girl Asymmetrical Neck Ruffle Trim Top & Floral Print Wide Leg Pants,Baby & Maternity
,1.3k+ sold recently,8.7,8.0,4.0,Baby Boy's Hawaiian Flower Printed Shirt & Shorts Set For Beach Vacation Or Island Tour,Baby & Maternity
,1.5k+ sold recently,5.5,8.0,1.0,Baby Girl Flower Print Bodysuit With Ruffle Straps And Bowknot Detail For Summer,Baby & Maternity
,700+ sold recently,6.5,7.0,1.0,Baby Girl Cartoon Graphic Tee & Shorts Set,Baby & Maternity
,1.0k+ sold recently,5.55,21.0,1.0,"2pcs/Set Independence Day Style Baby Boys' 4th Of July Outfits Short Sleeve Letter Printed T-Shirt & Digital Printed Shorts, Casual And Comfortable For Summer",Baby & Maternity
,400+ sold recently,6.4,7.0,1.0,SHEIN Baby Boy 2pcs Casual Simple All-Match Funny Printed Outfit Set For Spring And Summer,Baby & Maternity
,200+ sold recently,7.5,10.0,1.0,Baby Boys Fruit Print Beach Shirt & Casual Holiday Outfit,Baby & Maternity
,400+ sold recently,6.9,8.0,6.0,"Baby Girl Dress With Flower Embroidery, Lotus Leaf Edge & Textured Decoration",Baby & Maternity
,1.2k+ sold recently,5.6,0.0,1.0,Baby Boy Summer Beach Vacation Palm Tree Printed Tank Top And Casual Sport Shorts Simple 2pcs Outfit,Baby & Maternity
,20+ sold recently,2.6,26.0,1.0,Star And Heart Shaped Teething Toy With Pacifier Clip For Baby 3 Months+,Baby & Maternity
,1.0k+ sold recently,8.8,7.0,5.0,Baby Boys' Athletic College Gentlemen Style Color Block Romper With Polo Collar Short Sleeve And Half Placket For Spring/Summer,Baby & Maternity
,1.6k+ sold recently,12.49,0.0,1.0,Professional Pregnancy Casual Pants With Pockets,Baby & Maternity
,500+ sold recently,9.5,7.0,1.0,Baby Girl Layered Ruffle Bodysuit & Flare Leg Pants & Headband,Baby & Maternity
,,11.09,0.0,1.0,SHEIN Fashionable Striped Color Block Shirt With Asymmetric Neckline And Batwing Sleeves For Pregnant Women On Vacation,Baby & Maternity
,100+ sold recently,3.7,8.0,1.0,5pairs Interesting Personality Cartoon Embroidery Smiling Face Design Mid-Calf Kids Socks For Daily Fashion Matching,Baby & Maternity
,,8.8,7.0,4.0,Baby Girl's Orange Printed Zipper Front One-Piece Swimsuit With Hat,Baby & Maternity
,100+ sold recently,8.9,12.0,1.0,"Baby Girls' Casual Heart Patterned Round Neck Sweatshirt And Trousers Set, Suitable For Autumn And Winter",Baby & Maternity
,200+ sold recently,7.19,20.0,1.0,Cozy Cub Baby Girl Blue & White Floral Print Overall Dress,Baby & Maternity
,,0.45,70.0,1.0,"100pcs Toddler Kids Hair Ties , Infant Baby Hair Pony,Elastic Hair Bands.Tail Holders ,Women Solid Casual Hair Tie For Daily Life",Baby & Maternity
,,1.64,22.0,1.0,"Montessori Toys - Sensory Balls For Baby Sensory Toys 1-3 Textured Hand Catching Balls, Baby Rattle 3-6 9 Months Old Baby Toys For Babies And Toddlers 0-12 Months(Some Parts Are Sent Random )",Baby & Maternity
,600+ sold recently,32.2,0.0,1.0,"1pc Baby Diaper Bag Backpack With Changing Station, Multifunction Portable Waterproof Large Capacity Travel Baby Changing Bags, Baby Stuff Organizer , Baby Registry Search, Baby Diaper Bags For Boys & Girls, Baby Shower Gifts, Newborn Baby Essential Gifts",Baby & Maternity
,4.4k+ sold recently,14.54,15.0,1.0,SHEIN Baby Girl Casual Knitted Solid Color Tank Top Shorts 3-Piece Set,Baby & Maternity
,1.0k+ sold recently,7.4,9.0,6.0,SHEIN Baby Girl Newborn Ruffle Trim Textured Jumpsuit With Accessory Headband,Baby & Maternity
,,5.1,7.0,6.0,Baby Girl Watermelon Print Bodysuit With Headband,Baby & Maternity
,1.8k+ sold recently,1.83,54.0,1.0,"Baby Boy's Short-Sleeved Bodysuit With Slogan, Letter & Triangle Print",Baby & Maternity
,,5.5,0.0,4.0,Summer Baby Boy Short-Sleeved Cute Cartoon Koala Elephant Animal Printed Overalls And Faux 2 In 1 Romper,Baby & Maternity
,,1.6,6.0,4.0,"Baby Food Feeder Silicone Fresh Fruit Feeder Teether Teething Toy For Toddlers & Infants, 2pcs",Baby & Maternity
,,6.8,0.0,1.0,"Mini Handheld Stroller Fan,Personal Portable Car Seat Baby Fan With Flexible Tripod Fix On Stroller,USB Rechargeable Desk Fan Adjustable 3 Speeds For Travel Treadmill Golf Cart(Black)",Baby & Maternity
,,4.46,7.0,1.0,Infant Bodysuit With Slogan Print And Button Closure At Crotch,Baby & Maternity
,,1.3,50.0,1.0,"3pcs Solid Color Handmade Elastic Hair Ties With Bowknot For Kids, Cute Baby Headbands",Baby & Maternity
,6.2k+ sold recently,4.55,9.0,5.0,Baby Girl Elephant Print Bodysuit & Headband,Baby & Maternity
,,2.9,0.0,1.0,"12pcs Silicone Table Corner Protector,Daily Clear Round Anti-Collision Table Corner Protector For Baby",Baby & Maternity
,,4.3,0.0,1.0,1pc Kids Rotating Bowl,Baby & Maternity
,,5.9,0.0,1.0,"Multifunctional Portable USB Rechargeable Octopus Mini Foldable Handheld Fan With Led Light For Baby Strollers, Bending & Twist Free ,3 Adjustable Speeds Desk Fan For Baby's Room, Camping, Travel And Live Streaming ,Can Be Hung,Placed Or Wrapped Around ; Silent Outdoor & Office Cooling Fan, Neck Fan,Stand Fan",Baby & Maternity
,400+ sold recently,4.31,2.0,1.0,Baby Boy Summer Slogan Printed Short Sleeve Casual Bodysuit,Baby & Maternity
,,5.24,1.0,4.0,"1pc Baby Bottle Drying Rack With Tray, Large Capacity Detachable Bottle Drying Stand For Quick Drainage And Drying Of Bottles And Pacifiers",Baby & Maternity
,,2.2,8.0,1.0,"20pcs Usa Standard Socket Protection Cover, Transparent Electric Socket Safety Cover For Baby And Children Protection",Baby & Maternity
,,5.4,0.0,1.0,"USB Charger Bottle Warmer, Travel Camping Outdoor Milk Formula Bottle Warmer, Home Car Electric Portable Stroller Insulated Bag, Nursing Bottle Heater, Bottle Feeding Warmer Sleeve Easter Gift",Baby & Maternity
,,3.3,0.0,1.0,"1set Random Color Suction Cup Toys, Building Blocks Pop Sucker Toy, Fidget Toy Construction Set, Bathroom Toys, For Kids, Bath Toys, Parent-Child Interactive Game, Gift For Boys And Girls, Soft Throw Darts Set(Some Parts Are Sent Random )",Baby & Maternity
,80+ sold recently,9.5,10.0,9.0,Baby Girl 3pcs Solid Elastic Waist Pants,Baby & Maternity
,900+ sold recently,1.58,12.0,1.0,Baby Stroller Mosquito Net,Baby & Maternity
,1.2k+ sold recently,2.86,1.0,1.0,"4 Pacifier Case, Pacifier Holder Case, Travel Pacifier Case, (Pink)",Baby & Maternity
,800+ sold recently,3.8,0.0,1.0,"Bathroom Bathtub Shooting Basketball Hoop With 3 Balls Baby Bath Toy Toddler Boy Water Toys Kids Outdoor Play Set,Boys Or Girls  Gifts, Holiday Stocking Stuffers Present(Orange Dinosaur)",Baby & Maternity
,800+ sold recently,6.57,26.0,4.0,Baby Girl 2 In 1 Leopard Bow Front Bodysuit With Headband,Baby & Maternity
,,1.7,0.0,1.0,10 Pcs Baby Proofing Safety Child Safety Electrical Plug Protector With Hidden Handle Outlet Cover For Electrical Outlets For The Protection Of Children And Toddlers.,Baby & Maternity
,1.0k+ sold recently,7.6,7.0,1.0,Fashionable Knitted Romper With Floral Design For Baby Girls,Baby & Maternity
,,1.42,51.0,1.0,"3 Pairs Black White Grey Mesh Breathable Double Bar Students' Socks, Unisex",Baby & Maternity
,30+ sold recently,11.81,28.0,4.0,"Sweet And Cute Puff Sleeve Fluffy Princess Dress For Girls, Gorgeous Faux Pearl Decoration, Baby Girl Shower Birthday Party Host Piano Performance Dress",Baby & Maternity
,20+ sold recently,4.08,20.0,5.0,3pcs Dinosaur Floral Pattern Baby Diaper Wet/Dry Bag Or Storage Bag,Baby & Maternity
,20+ sold recently,5.28,20.0,1.0,"1PC Baby Stroller Cup Holder, Universal 360Â° Rotatable Large Caliber Designed",Baby & Maternity
,70+ sold recently,4.72,20.0,4.0,"6pcs Spring Style Baby Nylon Decorative Hairbands, Suitable For Daily Use",Baby & Maternity
,100+ sold recently,5.31,24.0,1.0,Shein Underwear&Sleepwear Maternity Maternity Contrast Lace Nursing Bra Lingerie For Mother,Baby & Maternity
,,14.79,0.0,7.0,SHEIN 2pcs/Set Maternity Knitted Short Tight-Fitting Pants,Baby & Maternity
,,17.96,5.0,1.0,12pcs Square Baby Educational Building Blocks Set,Baby & Maternity
,100+ sold recently,1.95,25.0,4.0,3pcs Rose Flower Birthday Pink Baby Headbands,Baby & Maternity
,300+ sold recently,1.02,40.0,1.0,Girls Solid Over The Knee Socks,Baby & Maternity
,,7.99,0.0,1.0,Cozy Cub Baby Girls' Plush Bear Printed Front Zipper Jacket With Decorative Ears,Baby & Maternity
,1.0k+ sold recently,15.59,0.0,7.0,SHEIN Young Maternity 2pcs/Set Loose Fit Casual Short Sleeve V-Neck T-Shirt With Adjustable Elastic Waistband Shorts,Baby & Maternity
,100+ sold recently,4.32,20.0,1.0,"1pair Girls' Solid-Colored Pu Mary Jane Shoes With Magic Tape, Suitable For Baby Walking From 0-1 Year Old, Spring/Autumn",Baby & Maternity
,,12.8,9.0,5.0,"Baby Girl 3pcs/Set Hot Pink Flower Print Top With Crossbody Bag, Fun Print Elegant Everyday Outfit For Spring And Summer",Baby & Maternity
,200+ sold recently,2.4,0.0,1.0,"2PCS/Pack Magic Sticker Baby Stroller Multi-Purpose Hooks, Safe Infant Carriage Accessories",Baby & Maternity
,2.0k+ sold recently,3.9,7.0,8.0,1pc Children Embroidered Daily Casual All-Match Outdoor Sunshade Baseball Cap,Baby & Maternity
,600+ sold recently,4.0,20.0,1.0,"Summer Casual Floral Striped Tank Top And Shorts Set, Vacation Style",Baby & Maternity
,100+ sold recently,2.65,50.0,1.0,Cute Baby Girl Cow Head Letter Printed Spaghetti Strap Cow Print Patchwork Dress,Baby & Maternity
,1.1k+ sold recently,4.4,8.0,1.0,Baby Boy Sushi Print Bodysuit,Baby & Maternity
,3.1k+ sold recently,4.9,9.0,1.0,Baby Boy Cartoon Printed Romper,Baby & Maternity
,800+ sold recently,8.57,26.0,1.0,SHEIN Baby Boy 2pcs Star & Slogan Graphic Romper,Baby & Maternity
,,1.69,58.0,1.0,"1pc Gray Nbr Edge Guard Strip With 2m Length For L-shaped Desk Corner Protection, Designed For Anti-collision, Anti-knock, Baby Child Safety, Anti-bump, Edge Safety Bed, Straight Corner Protection",Baby & Maternity
,,6.6,8.0,1.0,Baby Girl Floral Print Appliques Crisscross Back Cami Romper,Baby & Maternity
,700+ sold recently,3.32,15.0,4.0,1pc Baby Girl Cute Turtle Slogan Letter Printed Triangle Bodysuit Short Sleeve For Summer,Baby & Maternity
,800+ sold recently,4.92,18.0,1.0,SHEIN Baby Girl Floral Print Ruffle Trim Cami Romper,Baby & Maternity
,1.3k+ sold recently,4.92,18.0,1.0,SHEIN Baby Girl Floral Print Ruffle Trim Cami Romper,Baby & Maternity
,300+ sold recently,4.4,0.0,1.0,Baby Girl Slogan Graphic Bodysuit,Baby & Maternity
,800+ sold recently,4.77,31.0,4.0,Baby Girl Plaid Pattern Halterneck Dress,Baby & Maternity
,300+ sold recently,4.86,19.0,11.0,SHEIN Baby Girl Notched Neck Tank Top & Tie Front Shorts,Baby & Maternity
,1.3k+ sold recently,3.97,28.0,10.0,SHEIN Baby Girl One Shoulder Top & Paper Bag Waist Shorts,Baby & Maternity
,400+ sold recently,4.86,19.0,11.0,SHEIN Baby Girl Ribbed Knit Tank Top & Tie Front Shorts,Baby & Maternity
,1.2k+ sold recently,5.27,19.0,1.0,Baby Boy Letter Printed Casual Short Sleeve T-Shirt And Shorts Set For Spring/Summer,Baby & Maternity
,300+ sold recently,4.86,19.0,11.0,"SHEIN Baby Girls' Solid Color Sweetheart Collar Sleeveless Vest Top With Elastic Waist Decorative Knotted Shorts Set, Summer",Baby & Maternity
,2.3k+ sold recently,4.85,10.0,6.0,SHEIN Baby Girl Floral Print Cami Dress,Baby & Maternity
,300+ sold recently,5.4,11.0,11.0,SHEIN Baby Girl Solid Color Knitted Vest And Shorts Casual Outfit,Baby & Maternity
,800+ sold recently,3.97,28.0,10.0,SHEIN Baby Girl One Shoulder Top & Paper Bag Waist Shorts,Baby & Maternity
,400+ sold recently,7.0,0.0,1.0,2pcs Baby Girls' Cute Rainbow Striped Knitted Flower Tank Top With Lace Hem And Shorts Set For Summer,Baby & Maternity
,5.1k+ sold recently,7.6,8.0,1.0,Baby Girl Slogan Graphic Ruffle Trim Bodysuit & Floral Print Belted Shorts,Baby & Maternity
,500+ sold recently,4.86,19.0,11.0,SHEIN Baby Girl Notched Neckline Tank Top & Tie Front Shorts,Baby & Maternity
,7.6k+ sold recently,4.9,8.0,1.0,Baby Boy Tropical Print Tee & Shorts,Baby & Maternity
,6.9k+ sold recently,10.8,8.0,10.0,"Baby Girl Satin Matte Short Sleeve Shirt And Shorts Set, Elegant And Lovely, Fashionable",Baby & Maternity
,1.8k+ sold recently,7.1,7.0,1.0,SHEIN Baby Girl 2pcs Round Neck Long Sleeve Pullover Elastic Waist Shorts Suitable For Summer,Baby & Maternity
,300+ sold recently,4.86,19.0,11.0,SHEIN Baby Girl Notched Neckline Tank Top & Tie Front Shorts,Baby & Maternity
,700+ sold recently,7.0,13.0,4.0,"Floral Baby Girl Casual Simple Flower Pattern Short Sleeve T-Shirt And Shorts Set, Suitable For Summer",Baby & Maternity
,1.3k+ sold recently,9.7,8.0,1.0,Baby Boy Casual Short-Sleeved Polo Half Placket T-Shirt Top Shorts Suit,Baby & Maternity
,2.1k+ sold recently,6.9,0.0,8.0,"Baby Girl Casual Bow Detail Sleeve Top With Bowknot And Floral Print Shorts Set, Suitable For Holiday Summer",Baby & Maternity
,2.2k+ sold recently,6.7,8.0,6.0,SHEIN Genkimix Kids Baby Boy Wrinkled Quarter Button Top & Shorts,Baby & Maternity
,300+ sold recently,4.8,8.0,1.0,SHEIN Baby Girl Colorblock Cami Dress,Baby & Maternity
,1.3k+ sold recently,5.5,7.0,6.0,SHEIN Baby Girl Color-Block Round Neck Vest And Shorts Set,Baby & Maternity
,800+ sold recently,6.7,8.0,6.0,Baby Boy Solid Texture Loose Fit Leisure Suit,Baby & Maternity
,300+ sold recently,8.83,27.0,6.0,SHEIN Baby Girl 5pcs/Set Basic Knitted Solid Summer Cami Top,Baby & Maternity
,800+ sold recently,13.99,0.0,10.0,Cozy Cub Baby Boy Letter Graphic Kangaroo Pocket Hoodie & Sweatpants,Baby & Maternity
,400+ sold recently,1.62,44.0,11.0,1pair Toddler Girls Unicorn Pattern Over The Calf Socks For Daily Life,Baby & Maternity
,,6.04,8.0,12.0,"Baby Girls' Cute Little Daisy Printed Sleeveless Dress, Summer",Baby & Maternity
,2.8k+ sold recently,6.7,0.0,6.0,Baby Boy Casual Coconut Tree Printed Short Sleeve Shirt And Shorts Set For Holiday Summer,Baby & Maternity
,1.2k+ sold recently,7.4,8.0,8.0,SHEIN Casual 2pcs Baby Boys' Letter Printed Color Block T-Shirt And Shorts,Baby & Maternity
,3.7k+ sold recently,7.5,7.0,4.0,Baby Boy Cartoon Graphic Tank Top & Letter Graphic Shorts,Baby & Maternity
,900+ sold recently,12.37,4.0,9.0,"SHEIN Loose Round Neck T-Shirt And Elastic-Waist Shorts Set With Adjustable Belt, For Women Casual Wear Or Maternity",Baby & Maternity
,,13.69,0.0,5.0,SHEIN Women Fashionable Casual Tie-Dye Maternity Shorts Loose Two-Piece Set,Baby & Maternity
,200+ sold recently,5.0,0.0,10.0,"2pcs/Set Baby Girl Casual Knitted Flower Chest Decoration Short Sleeve Top And Shorts Set, Summer",Baby & Maternity
,600+ sold recently,3.7,0.0,1.0,Cartoon Crab Shaped Soft Silicone U-Shaped Manual Toothbrush For Oral Care Cleaning,Baby & Maternity
,1.3k+ sold recently,10.7,17.0,9.0,"SHEIN Women Loose Fit Crew Neck T-Shirt And Elastic Waistband Shorts Set, Adjustable For Maternity",Baby & Maternity
,2.6k+ sold recently,4.61,11.0,1.0,Baby Girl Floral Print Bodysuit With Headband,Baby & Maternity
,100+ sold recently,3.32,49.0,7.0,Baby Girl Sweet Lovely Butterfly Sleeve Dress,Baby & Maternity
,1.7k+ sold recently,8.29,0.0,6.0,SHEIN Maternity Round Neck Short Sleeve T-Shirt With Pleats,Baby & Maternity
,800+ sold recently,2.4,8.0,11.0,1pair Kids' Multicolor Cartoon Printed Animal Summer Thin Love Heart Leggings,Baby & Maternity
,,6.1,6.0,1.0,Baby Girl Cute Cartoon Curly Girl Printed Short Sleeve T-Shirt And Shorts Set For Spring/Summer,Baby & Maternity
,,4.6,8.0,5.0,Baby Girl Butterfly Print Bodysuit & Headband,Baby & Maternity
,600+ sold recently,10.34,10.0,8.0,SHEIN Maternity Ribbed Knit Tank Dress,Baby & Maternity
,1.3k+ sold recently,6.8,9.0,9.0,SHEIN Genkimix Kids Baby Boy's Solid Color Short Sleeve Shirt And Shorts Set,Baby & Maternity
,3.3k+ sold recently,12.0,8.0,4.0,"Baby Girl Short Sleeve T-Shirt And Shorts Set, Comfortable, Cute, Casual And Fun, Spring And Summer",Baby & Maternity
,4.5k+ sold recently,7.0,0.0,10.0,Baby Girls' Summer Short Sleeve Ruffle Hem Round Neck Top With Bow Decoration And Bee Printed Casual Pants Set,Baby & Maternity
,500+ sold recently,5.8,9.0,1.0,Baby Girl Cute Floral Print Vacation Style Cami Top And Shorts Set,Baby & Maternity
,,10.99,0.0,8.0,SHEIN Maternity Ditsy Floral Print Ruched Bust Cami Dress,Baby & Maternity
,2.9k+ sold recently,6.2,9.0,7.0,Baby Girl Heart Print Cami Combo Bodysuit Dress & Headband,Baby & Maternity
,3.0k+ sold recently,2.0,20.0,11.0,"1pair Fashionable Princess Lace Trim Ankle Socks For Kids, Solid Color",Baby & Maternity
,200+ sold recently,6.6,8.0,1.0,SHEIN Baby Boy Round Neck Short Raglan Sleeve Shirt And Shorts Swimsuit Set,Baby & Maternity
,700+ sold recently,3.97,28.0,10.0,SHEIN Baby Girl One Shoulder Top & Paper Bag Waist Shorts,Baby & Maternity
,1.4k+ sold recently,7.6,7.0,5.0,Baby Boy's Alphabet Embossed Street Fashion Outfit Set,Baby & Maternity
,400+ sold recently,5.12,20.0,11.0,SHEIN Baby Girl Casual Sports Vest And Shorts Set,Baby & Maternity
,500+ sold recently,5.6,33.0,4.0,Baby Girl Bow Front Ruffle Hem Tank Top & Ruffle Hem Shorts,Baby & Maternity
,500+ sold recently,5.48,17.0,12.0,"2pcs Baby Girls' Cute Floral Printed Spaghetti Strap Dress And Hat Set, Summer Vacation Outfit",Baby & Maternity
,300+ sold recently,6.46,24.0,6.0,SHEIN Baby Girl Floral Print Ruffle Trim Bikini Swimsuit With Kimono,Baby & Maternity
,300+ sold recently,13.99,0.0,10.0,Cozy Cub Baby Boy Letter Graphic Kangaroo Pocket Hoodie & Sweatpants,Baby & Maternity
,500+ sold recently,6.7,0.0,6.0,Baby Boy Coconut Tree Printed Leisure Suit Suitable For Holiday Summer,Baby & Maternity
,3.8k+ sold recently,7.3,8.0,6.0,Baby Boy Casual Holiday Letter & Palm Tree Print T-Shirt And Drawstring Shorts Set,Baby & Maternity
,800+ sold recently,5.7,0.0,1.0,"Independence Day 2pcs Baby Girls' Printed Ruffle Strap Dress And Headband Set, Summer 4th Of July Outfit",Baby & Maternity
,1.8k+ sold recently,13.19,0.0,6.0,SHEIN Pregnant Women's Sleeveless Bodycon Mini Dress For Vacation & Daily Wear,Baby & Maternity
,1.8k+ sold recently,7.5,9.0,4.0,Baby Girl Bow Front Ruffle Hem Tank Top & Ruffle Hem Shorts,Baby & Maternity
,1.3k+ sold recently,3.7,8.0,5.0,"5 Pairs Expression Print Socks, Comfy & Cute Cartoon Crew Socks, Children's Stockings & Hosiery",Baby & Maternity
,3.7k+ sold recently,6.8,9.0,9.0,Baby Boy Solid Button Front Shirt & Shorts Without Tee,Baby & Maternity
,1.9k+ sold recently,6.7,0.0,6.0,"Baby Boy Casual Coconut Tree Print Short Sleeve Shirt And Shorts Set, Suitable For Holiday Summer",Baby & Maternity
,2.6k+ sold recently,7.0,0.0,1.0,Baby Girl Cute Letter Printed Bodysuit And Shorts Outfits For Summer,Baby & Maternity
,1.1k+ sold recently,11.1,8.0,7.0,"Baby Boy Casual Color Block Collar Romper And Shorts Set, Summer",Baby & Maternity
,1.9k+ sold recently,6.8,9.0,9.0,Baby Boy Solid Button Front Shirt & Shorts Without Tee,Baby & Maternity
,300+ sold recently,5.8,8.0,4.0,Baby Boys' Striped Short Sleeve Casual Romper With Pocketed Shorts For Summer,Baby & Maternity
,300+ sold recently,3.26,49.0,1.0,"Baby Girls' Cute Cartoon Animal Printed Sleeveless Dress, Spring",Baby & Maternity
,900+ sold recently,6.8,12.0,5.0,"Baby Girl Casual Simple Cartoon Flower Pattern Short Sleeve Top And Shorts Set, Suitable For Summer",Baby & Maternity
,200+ sold recently,6.37,21.0,4.0,Baby Boy Bear Print Bow Front Shirt & Shorts,Baby & Maternity
,800+ sold recently,7.98,12.0,1.0,Baby Boy 2024 Independence Day Simple Print Casual Hooded Sportswear Set,Baby & Maternity
,200+ sold recently,6.7,13.0,1.0,"Baby Boys' Casual Astronaut Pattern Round Neck Short Sleeve T-Shirt And Shorts Set, Spring/Summer",Baby & Maternity
,30+ sold recently,6.7,7.0,4.0,Baby Boy Summer New Letter Printed Vest And Striped Shorts Set,Baby & Maternity
,1.8k+ sold recently,4.7,8.0,1.0,"3 Pairs Kids' Christmas Solid Color Knitted High Knee Socks For Autumn And Winter, Warm Leggings For Everyday Leisure",Baby & Maternity
,700+ sold recently,1.47,43.0,8.0,"1pair Girls' Plain Satin Lace Princess Dance Short Socks, Fit For Seasons, Medium And Large Children",Baby & Maternity
,,3.5,5.0,12.0,Newborn Baby Boy Letter Graphic Monthly Milestones Photography Prop,Baby & Maternity
,100+ sold recently,12.6,7.0,1.0,"3pcs Baby Girls' Simple Ocean Life Pattern Full Print Snug-Fit T-Shirt And Shorts Set, Casual Homewear",Baby & Maternity
,,10.89,0.0,7.0,SHEIN Maternity Summer Simple Striped Print Off-Shoulder Dress,Baby & Maternity
,700+ sold recently,4.3,31.0,5.0,Baby Boy Letter Graphic Tank Top & Tropical Print Shorts,Baby & Maternity
,,13.49,0.0,6.0,SHEIN Maternity Sleeveless Tight-Fitting Short Dress For Vacation And Leisure Activities,Baby & Maternity
,,12.29,0.0,1.0,SHEIN Maternity Drawstring Waist Slant Pocket Shorts,Baby & Maternity
,600+ sold recently,7.9,7.0,5.0,Baby Girl Colorful Polka Dot Printed Ribbed,Baby & Maternity
,700+ sold recently,8.8,8.0,8.0,SHEIN Baby Boy's Casual Knit Solid Color Short Sleeve Polo Shirt And Solid Color Shorts Set,Baby & Maternity
,,6.66,2.0,1.0,"Mini Handheld Stroller Fan,Personal Portable Car Seat Baby Fan With Flexible Tripod Fix On Stroller,USB Rechargeable Desk Fan Adjustable 3 Speeds For Travel Treadmill Golf Cart(Pink)",Baby & Maternity
,200+ sold recently,5.07,37.0,5.0,SHEIN Baby Boy Letter Graphic Colorblock Tee & Shorts,Baby & Maternity
,300+ sold recently,1.77,16.0,1.0,6pcs Baby Bow Decor Hair Band,Baby & Maternity
,90+ sold recently,5.78,51.0,1.0,Baby Girl Tartan Print Dress & Bow Front Jacket,Baby & Maternity
,2.5k+ sold recently,17.8,8.0,5.0,Baby Girl Skin-Friendly Soft Cute And Fashionable 3pcs Set Of Camisoles And Shorts,Baby & Maternity
,100+ sold recently,7.5,0.0,1.0,Baby Girl Summer Casual Letter Embroidered T-Shirt + Peach Printed Triangle Shorts + Headband Set,Baby & Maternity
,1.0k+ sold recently,10.7,8.0,4.0,Baby Girls' Letter Printed Jacket And Skirt Matching Set,Baby & Maternity
,300+ sold recently,18.99,0.0,1.0,SHEIN Maternity Wide Waistband Adjustable Waist Solid Pants,Baby & Maternity
,600+ sold recently,12.2,8.0,1.0,Baby Girl Sunflower Print Flounce Sleeve Tee & Patched Jeans & Headband,Baby & Maternity
,100+ sold recently,5.25,44.0,1.0,"Baby Girls' Comfortable Roman Sandals, Fashionable, Light-Weight, Hook And Loop Fastener, Flat Soled, Trendy",Baby & Maternity
,100+ sold recently,4.8,8.0,1.0,Baby Boy Summer Plant Print Cartoon Lion Round Neck Short Sleeve Casual Romper,Baby & Maternity
,,4.7,0.0,1.0,1 Pcs Portable Potty Baby Child Potty Urinal Emergency Toilet For Camping Car Travel And Kid Potty Pee Training,Baby & Maternity
,300+ sold recently,10.19,0.0,1.0,SHEIN Maternity V-Neck Striped Tank Dress,Baby & Maternity
,900+ sold recently,10.9,8.0,1.0,3pcs Baby Boys' Solid Color Patch Pocket T-Shirt With Adhesive Patches,Baby & Maternity
,80+ sold recently,4.4,41.0,1.0,Baby Girl Fruit Orange Printed Ruffle Short Sleeve Bodysuit And Shorts Set For Spring And Summer,Baby & Maternity
,200+ sold recently,11.1,8.0,1.0,SHEIN Baby Boy Snug Fit Knit Pajamas Set With Fun Car Pattern Short Sleeves And Shorts,Baby & Maternity
,300+ sold recently,8.5,0.0,1.0,2pcs Baby Girls' Fashionable Elegant Vest And Skirt Set For Summer,Baby & Maternity
,600+ sold recently,21.29,0.0,4.0,SHEIN Maternity Solid Short Sleeve Shirt Dress,Baby & Maternity
,200+ sold recently,4.3,9.0,1.0,"SHEIN Newborn Baby Girl Cute Knitted Floral Patterned Romper With Stretch And Strap Design For Summer, Snap Crotch",Baby & Maternity
,300+ sold recently,10.6,7.0,1.0,Baby Boy Dinosaur Print Pullover & Sweatpants,Baby & Maternity
,900+ sold recently,5.9,0.0,5.0,3pcs Candy-Colored Baby Bibs And 3pcs Nylon Soft Stretchy Baby Headbands With Butterfly Bowknot,Baby & Maternity
,2.4k+ sold recently,9.0,8.0,8.0,Baby Boy Dinosaur Print Bow Front Shirt Bodysuit & Pinafore Shorts,Baby & Maternity
,2.0k+ sold recently,6.0,8.0,6.0,Baby Girl Floral Print Zipper Front Peplum One Piece Swimsuit,Baby & Maternity
,,11.99,0.0,1.0,SHEIN Maternity Tank Top Jumpsuit With Shorts,Baby & Maternity
,2.9k+ sold recently,14.09,0.0,5.0,SHEIN Maternity Wideband Waist Ripped Roll Hem Denim Shorts,Baby & Maternity
,200+ sold recently,4.9,50.0,1.0,Baby Girl Ruffle Trim Cami Top & Wide Leg Pants & Accessory Bag,Baby & Maternity
,900+ sold recently,5.9,14.0,4.0,"Baby Girl Casual Simple Heart Leopard Print Short Sleeve Tee & Shorts Outfit, Suitable For Spring/Summer",Baby & Maternity
,300+ sold recently,4.4,0.0,1.0,"Baby Boy Slogan Rocket Printed Short Sleeve Romper, Summer",Baby & Maternity
,100+ sold recently,8.1,7.0,1.0,Baby Girl Plaid Printed Round Neck Flutter Sleeve Ruffle Swimsuit With Hat,Baby & Maternity
,,2.39,59.0,1.0,"1pc Children's Inflatable Clap Pad, Pvc Marine Fish Shaped Water Mat Toy For Baby Playing And Sitting",Baby & Maternity
,400+ sold recently,3.49,32.0,1.0,5pairs Girls' Double Layer Lace Edge Ankle Socks,Baby & Maternity
,300+ sold recently,1.46,19.0,1.0,2pcs Black Magic Tape 360 Degree Rotating Baby Stroller Hook For Moms To Hang Bags When Take Babies Out,Baby & Maternity
,,6.13,51.0,7.0,SHEIN Maternity Spring/Summer Solid Color Ruched Split Bodycon Dress,Baby & Maternity
,,11.39,0.0,1.0,SHEIN Maternity Vertical Striped Adjustable Elastic Waist Skinny Pants,Baby & Maternity
,500+ sold recently,3.55,21.0,1.0,Baby Boy Girl Alphabet Print Short Sleeve Triangle Bodysuit For Boys And Girls 0-18 Months Old,Baby & Maternity
,,7.2,0.0,1.0,1pc Baby Walking Protection Bee Shaped Pillow,Baby & Maternity
,400+ sold recently,7.8,7.0,1.0,Baby Girl Beach Holiday Polka Dot & Printed Patchwork Swimsuit With Ruffle & Bowknot Decoration And Hollow Out Design,Baby & Maternity
,,7.7,0.0,1.0,Baby Girls' Contrast Crown & Letter Print Bodysuit With Bowknot Front And Headband,Baby & Maternity
,1.0k+ sold recently,1.9,0.0,1.0,3pcs Baby Floral Decor Hair Band,Baby & Maternity
,1.6k+ sold recently,5.2,9.0,1.0,Baby Girl Butterfly Print Ruffle Trim Square Neck Crisscross Back Bodysuit,Baby & Maternity
,2.2k+ sold recently,6.6,7.0,1.0,Baby Boys' Fresh And Cute Green Plaid Printed Romper Set For Spring And Summer,Baby & Maternity
,800+ sold recently,7.4,0.0,1.0,"3pcs Fashionable Casual Girl's ""DADDY'S GIRL"" Print Short Sleeve T-Shirt, Camouflage Shorts And Belt, Summer Outfits",Baby & Maternity
,60+ sold recently,12.2,0.0,1.0,Baby Sandals Solid Color Soft Bottom Walking Shoes,Baby & Maternity
,300+ sold recently,4.8,0.0,1.0,Infant Baby Boy Cartoon Golf Themed Pattern Romper Cute Short Sleeve Romper,Baby & Maternity
,100+ sold recently,12.89,0.0,1.0,"SHEIN Maternity Solid Color Casual Split Hem Shorts, Summer",Baby & Maternity
,900+ sold recently,13.7,7.0,5.0,5pcs/Set Baby Girls' Spring And Autumn New Casual Comfortable Wide-Legged Flower & Heart Printed Elastic Waist Pants Outfits,Baby & Maternity
,200+ sold recently,10.2,8.0,4.0,Baby Girl Ruffle Trim Tee & Corduroy Belted Skirt,Baby & Maternity
,1.6k+ sold recently,7.9,8.0,7.0,"Baby Boys' Multicolor Patchwork Casual Short Sleeve T-Shirt And Pants Set, All-Match Style",Baby & Maternity
,1.4k+ sold recently,6.7,7.0,1.0,SHEIN Baby Boy Cartoon Graphic Tank Top & Shorts,Baby & Maternity
,1.3k+ sold recently,13.6,8.0,1.0,Baby Girl Ripped Flap Pocket Denim Jacket,Baby & Maternity
,500+ sold recently,5.8,8.0,1.0,"SHEIN Baby Girls' Full Printed Floral Long Sleeve Sleepdress With Hat, Home Wear",Baby & Maternity
,100+ sold recently,9.5,7.0,1.0,"5pcs Baby Girls' Shorts Set, Comfortable And Casual, For Summer 2024",Baby & Maternity
,100+ sold recently,6.0,40.0,8.0,"Baby Girl Summer Flutter Sleeve Sweet Bowknot Dress & Cute Bee Print Dress, Fashionable 2pcs/Set",Baby & Maternity
,1.1k+ sold recently,11.1,8.0,1.0,Baby Boys' Striped Long Sleeve T-Shirt And Cartoon Embroidered Suspender Romper Set,Baby & Maternity
,200+ sold recently,6.7,0.0,1.0,"SHEIN Baby Girl Denim Skirt With Frayed Hem, Spring Summer Cute Boho Ruffled Jeans Skirt",Baby & Maternity
,400+ sold recently,12.5,7.0,1.0,"4pcs Toddler Girls' Casual Colorful Heart-Shaped & Letter Slogan Print Short Sleeve T-Shirt Set, Simple Style",Baby & Maternity
,60+ sold recently,3.1,6.0,1.0,"6pcs BOSONER Kids Rollerblade And Ice Skate Pad Sets: Knee Pads And Elbow Pads For Children/Youth Ages 3-12 Boys/Girls Protective Gear For Roller Skating, Cycling, BMX Bike, Skateboarding, Inline Skating, Scooter Riding",Baby & Maternity
,100+ sold recently,4.9,0.0,1.0,Summer Newborn Baby Boys Girls Letter Printed Short Sleeve Romper,Baby & Maternity
,90+ sold recently,2.9,0.0,1.0,8pcs Baby Bow Decor Hair Band,Baby & Maternity
,3.4k+ sold recently,11.7,9.0,5.0,SHEIN Baby Girl Bow Shoulder Scallop Trim Cami Top & Paperbag Waist Shorts,Baby & Maternity
,100+ sold recently,2.27,27.0,1.0,"1pc Cartoon Hanging Mesh Storage Basket, Kitchen/Bathroom Multi-Purpose Organizer For Toys And Small Objects, Including Suction Cup And 2 Adhesive Hooks As Gift (Random Color)",Baby & Maternity
,,8.49,0.0,1.0,Maternity Solid Color Short Leggings,Baby & Maternity
,300+ sold recently,6.81,18.0,1.0,SHEIN Baby Girl Casual Solid Color Ruffle Belted T-Shirt And Leggings Set,Baby & Maternity
,300+ sold recently,1.35,33.0,6.0,"1pc Portable Baby Wet Wipes Bag, Flip-top Lid, Self-sealing Wet Tissue Dispenser, Hand/face/tissue Storage Box For Outdoor Travel",Baby & Maternity
,200+ sold recently,9.4,7.0,1.0,"Baby Boy's Fun Animal Printed 2-Piece Set, Suitable For Outings And Parties, Daily Casual Sports Clothing, Fall/Winter",Baby & Maternity
,20+ sold recently,7.9,7.0,1.0,Baby Boys' Simple Letter Printed Striped Short Sleeve T-Shirt And Shorts Set,Baby & Maternity
,500+ sold recently,6.0,9.0,6.0,"Baby Girls' One-Piece Swimsuit, Random Striped Pattern, Frill Design Without Lockstitching",Baby & Maternity
,90+ sold recently,10.99,0.0,1.0,Cozy Cub Baby Girl Floral Embroidery Round Neckline Ruffle Trim Top And Shorts Set,Baby & Maternity
,600+ sold recently,6.85,32.0,1.0,Baby Girl Checked Print Skort And Halter Top Set,Baby & Maternity
,1.0k+ sold recently,3.6,8.0,4.0,3pairs Girls Bow Decor Over The Calf Long Socks,Baby & Maternity
,1.7k+ sold recently,11.9,8.0,1.0,Baby Girl Street Hot Outfit For Summer,Baby & Maternity
,600+ sold recently,4.9,11.0,1.0,SHEIN Baby Girl Tie Dye Cami Romper,Baby & Maternity
,4.0k+ sold recently,14.73,20.0,5.0,Baby Girl 6pcs Solid Elastic Waist Pants,Baby & Maternity
,700+ sold recently,6.9,0.0,1.0,Baby Boy 2pcs Casual Cartoon Car Graphic Print Tank Top And Shorts Comfortable Summer Clothing,Baby & Maternity
,500+ sold recently,8.6,8.0,1.0,SHEIN Baby Boy Tropical & Letter Graphic Tee & Shorts,Baby & Maternity
,100+ sold recently,7.3,0.0,1.0,"Baby Girl Soft, Comfortable And Cute Ruffled Bodysuit With Headband Set, Perfect For Summer Casual, Vacation And Party",Baby & Maternity
,300+ sold recently,8.9,8.0,1.0,Baby Girl Summer Sunscreen Kimono Cardigan And Fruit Print One-Piece Swimsuit Are Suitable For Beach Vacation,Baby & Maternity
,100+ sold recently,3.29,53.0,1.0,"Cozy Cub Baby Girl Snug Fit Pajama Set With Cartoon Unicorn Pattern, Short Sleeve Top And Full Length Pants",Baby & Maternity
,,1.7,0.0,1.0,American Standard Safe Socket Cover With Hidden Pull Handle To Prevent Baby From Touching And Protect Power Plug,Baby & Maternity
,,2.62,43.0,1.0,"Cute Bear-Shaped Baby Portable Milk Powder Box, Multicolor Stackable Food Storage Container With Separate Layers, Large-Capacity Snack Box For Outdoor Feeding, Newborn Gift",Baby & Maternity
,1.5k+ sold recently,8.3,7.0,1.0,SHEIN Baby Boy Letter Graphic Tee & Shorts,Baby & Maternity
,60+ sold recently,3.73,59.0,1.0,SHEIN Baby Boy Snug Fit Cartoon Letter Dinosaur Pattern Long Sleeve Top And Pants Knit Pajama Set,Baby & Maternity
,200+ sold recently,8.4,25.0,1.0,SHEIN Baby Girl Summer Holiday Colorblock Ruffle Hem Flare Sleeve Dress,Baby & Maternity
,300+ sold recently,6.6,8.0,1.0,Baby Girl Summer Cartoon Bee & Letter Print Ruffle Hem Sleeveless Top And Plaid Shorts Casual Outfits,Baby & Maternity
,,11.09,0.0,5.0,SHEIN Maternity Solid Batwing Sleeve Tee,Baby & Maternity
,,8.0,0.0,1.0,Baby Girls' Strawberry Embroidered Color Block Bodysuit With Ruffled Hem And Hair Accessories,Baby & Maternity
,100+ sold recently,1.99,38.0,1.0,"5pairs/Set Boys Dinosaur Cartoon Patterned Socks, Thin And Fashionable, For Spring And Summer",Baby & Maternity
,,7.5,6.0,1.0,SHEIN Baby Girl's Cute Furry One-Piece Hooded Beach Cover-Up With Cartoon Pattern,Baby & Maternity
,500+ sold recently,3.1,9.0,6.0,1pair Toddler Girls' Solid Color Lace Breathable Sheer Stockings For Daily Wear In Summer,Baby & Maternity
,500+ sold recently,2.7,10.0,5.0,3pairs Children's Glass Silk Breathable Soft Short Socks With Lace Trim For Baby 0-1y 2-3y,Baby & Maternity
,400+ sold recently,3.6,12.0,1.0,"Casual Gradient Hand-Drawn Heart Printed Simple Jumpsuit With Suspender Straps For Baby Girls, Summer",Baby & Maternity
,100+ sold recently,5.61,22.0,13.0,Baby Girl Solid Color Tank Top With Notched Neckline And Bowknot Decorated Casual Shorts Set,Baby & Maternity
,20+ sold recently,6.1,0.0,1.0,"2pcs Baby Girls' Sweet Butterfly Allover Print Spaghetti Strap Dress With Belt And Hat, Summer New Arrival",Baby & Maternity
,2.4k+ sold recently,6.3,9.0,13.0,SHEIN Baby Girl Contrast Collar Fold Pleated Detail Polo Neck Dress,Baby & Maternity
,1.5k+ sold recently,4.9,9.0,4.0,Baby Girls' Flower Decorated 3d Applique Strap Bodysuit,Baby & Maternity
,900+ sold recently,10.2,9.0,5.0,SHEIN Baby Girl Newborn Baby Ruffle Trim Button Front Footed Sleep Jumpsuit With Headband,Baby & Maternity
,100+ sold recently,14.71,22.0,4.0,SHEIN Baby Boy Baby Girl Simple Seagull Pattern Round Neck Short-Sleeved Top Casual Shorts Six-Piece Set,Baby & Maternity
,1.1k+ sold recently,11.1,8.0,6.0,Baby Girl Vest And Floral Dress Set With Single Breasted Closure,Baby & Maternity
,300+ sold recently,5.6,8.0,1.0,Baby Girl Summer Unicorn Heart Print Tie-Dye One-Piece Swimsuit With Solid Color Mesh Cover-Up Skirt,Baby & Maternity
,900+ sold recently,7.9,0.0,1.0,2pcs/Set Cute Baby Boy Summer Dinosaur Printed Shirt And Shorts Casual Outfits,Baby & Maternity
,1.0k+ sold recently,11.0,8.0,1.0,SHEIN 3pcs Set Baby Boys' Casual Athletic Simple Basic Cute And Fun Print Tag Shorts For Spring And Summer Outdoor Outfit,Baby & Maternity
,600+ sold recently,27.22,1.0,1.0,SHEIN Maternity Print Two Piece Set,Baby & Maternity
,,6.7,8.0,8.0,Baby Girl Sunflower Print Ruffle Trim Bodysuit,Baby & Maternity
,500+ sold recently,7.6,7.0,7.0,Baby Boys' Spring Summer Fashionable Cartoon Lion Slogan Print Short Sleeve T-Shirt And Long Pants Outfits,Baby & Maternity
,,4.4,4.0,1.0,"3pcs Silicone Adjustable Baby Stroller Toy Safety Strap, Teether Toy And Cup Holder, Suitable For Strollers, High Chairs And Car Seats",Baby & Maternity
,300+ sold recently,4.0,7.0,1.0,SHEIN Baby Girl Ditsy Floral & Geo Print Cami Dress,Baby & Maternity
,100+ sold recently,5.0,9.0,1.0,"Baby Boy Cute Cartoon Car Printed Round Neck Short Sleeve T-Shirt And Shorts Snug Fit Homewear Set, Summer",Baby & Maternity
,200+ sold recently,12.4,7.0,1.0,5pcs/Set Baby Girl Casual Round Neck Short Sleeve T-Shirts For Summer,Baby & Maternity
,1.8k+ sold recently,5.5,7.0,1.0,Baby Girl Water-Drop Print Tie Shoulder Combo Bodysuit Dress,Baby & Maternity
,200+ sold recently,6.55,33.0,6.0,Baby Girl Frill Trim Stand Collar Short Sleeve Shirt And Skirt Set,Baby & Maternity
,30+ sold recently,11.4,9.0,1.0,"SHEIN Streecool Kids Baby Girl's Elegant Sweet And Lovely Ruffle Top And Skirt, Summer",Baby & Maternity
,,11.1,0.0,6.0,Baby Girls Braided Detail Hook-and-loop Fastener Anti-slip Vacation Ankle Strap Sandals For Summer,Baby & Maternity
,300+ sold recently,6.9,0.0,1.0,Summer Dinosaur Allover Print Toddler Boys' Shirt And Shorts Set With Stand Collar,Baby & Maternity
,3.0k+ sold recently,6.9,9.0,1.0,SHEIN Newborn Baby Boy Bear Print Contrast Binding Bodysuit & Shorts,Baby & Maternity
,,8.99,0.0,6.0,"Cozy Cub 1pair Girls' Fun Cartoon Strawberry Printed Baby Hole Shoes, Cute Slippers, Garden Shoes, Home Shoes, Suitable For Daily Leisure Four Seasons",Baby & Maternity
,800+ sold recently,3.2,9.0,1.0,SHEIN Baby Girl Letter Graphic Cami Romper,Baby & Maternity
,1.3k+ sold recently,5.8,8.0,1.0,Baby Girl Cold Shoulder Mexican  Sundress For Summer,Baby & Maternity
,500+ sold recently,11.21,12.0,1.0,"Baby Girl Multi-Piece Cute Printed Comfortable Short Sleeve T-Shirt And Shorts Home Wear Set, 2 Sets",Baby & Maternity
,,2.68,55.0,1.0,"1pc Premium Ultra-Soft Baby Hooded Towel - Organic Baby Bath Towel With Unique Design - From Bamboo Hooded Baby Towels For Newborn To Toddler - Perfect As Baby Gifts Bath Towel For Newborn, Babie, Toddler, Infant - Absorbent Large Baby Towel",Baby & Maternity
,100+ sold recently,3.6,55.0,1.0,Cozy Cub Baby Boy Snug Fit Dinosaur Pattern Short Sleeve T-Shirt And Pants Homewear Set,Baby & Maternity
,1.7k+ sold recently,2.1,9.0,14.0,"1pc Girls' Black Heart Pattern Jacquard Ultra-Thin And High Elasticity Pantyhose, Suitable For Daily Wear, Campus Cute Style",Baby & Maternity
,500+ sold recently,3.5,8.0,8.0,"1pc 2k Child Printing Daddy.S Baseball Cap, Outdoor Sun Protection Adjustable Casual Hat For Boys And Girls, Suitable For Spring, Autumn, Travel, Vacation, Beach",Baby & Maternity
,4.9k+ sold recently,15.58,12.0,6.0,SHEIN Genkimix Kids Baby Boy Fashionable Summer Casual Short Sleeve Tee And Shorts Outfit,Baby & Maternity
,2.4k+ sold recently,5.84,20.0,1.0,12pairs Baby Solid Casual Anti-slip Socks For Daily Life,Baby & Maternity
,,12.09,0.0,7.0,SHEIN Maternity Summer Casual Adjustable Waist Shorts,Baby & Maternity
,100+ sold recently,5.85,27.0,1.0,"Baby Girl Denim-Like Fabric Basic Casual Dress With Adjustable Straps, Waistband, Bow And Soft Material",Baby & Maternity
,500+ sold recently,6.9,13.0,1.0,"Baby Girl Casual Simple Letter & Smiling Face Pattern Short Sleeve Outfit, Suitable For Spring/Summer",Baby & Maternity
,600+ sold recently,9.6,8.0,1.0,"SHEIN Baby Boys' Spring Summer Boho Casual Stonewashed Ripped Baggy Denim Jeans Shorts With Patched Pocket,Baby Boy Summer Clothes Outfits",Baby & Maternity
,1.4k+ sold recently,11.6,7.0,6.0,Baby Ruffle Trim Flounce Sleeve Half Button Blouse & Pants,Baby & Maternity
,,3.9,7.0,1.0,"Baby Girls' Fashionable And Cute Bowknot Letter Print Casual Comfortable Top, All-Match Round Neck Short Sleeve T-Shirt For Daily Wear In Summer",Baby & Maternity
,200+ sold recently,3.5,13.0,1.0,"In My Little Sister Era, Baby Girls' Casual Short Sleeve Round Neck Top For Summer, Big Sister Little Sister Outfit, Big Sister Little Sister Gift, Little Sister Outfit, Little Sister Shirt",Baby & Maternity
,300+ sold recently,5.7,8.0,1.0,Baby Girl Heart Print Ruffle Trim Dress,Baby & Maternity
,700+ sold recently,2.69,37.0,1.0,Baby Slogan Graphic Tee Bodysuit,Baby & Maternity
,200+ sold recently,8.1,8.0,5.0,Baby Girl Summer Letter Embossed Short Sleeve Tee & Shorts Set,Baby & Maternity
,300+ sold recently,14.69,0.0,1.0,SHEIN Maternity Summer Round Neck Sleeveless Twist Slim Breastfeeding Clothing Dress,Baby & Maternity
,200+ sold recently,6.25,35.0,1.0,Baby Girl Letter Graphic Ruffle Trim Jumpsuit & Headband,Baby & Maternity
,1.9k+ sold recently,6.2,7.0,1.0,Baby Girl Cute And Fun Baseball Printed Bodysuit With Headband For Spring And Summer,Baby & Maternity
,1.0k+ sold recently,10.94,26.0,1.0,"Baby Boy Printed Short Sleeve Shirt And Shorts Set, Multiple Pieces",Baby & Maternity
,100+ sold recently,5.7,8.0,1.0,SHEIN Baby Girl Summer Casual Tropical Plant Pattern Ruffled Top And Triangle Shorts Swimsuit Set,Baby & Maternity
,3.0k+ sold recently,5.8,0.0,1.0,Baby Girl Animal & Letter Printed Bodysuit With Shorts Set,Baby & Maternity
,1.8k+ sold recently,10.0,8.0,1.0,"SHEIN Baby Boy Unisex Round Neck Pure Color T-Shirt, Cartoon Pattern Backpack And Shorts 3pcs/Set",Baby & Maternity
,,3.9,0.0,4.0,"A Pair Of Men Beach Shoes, Cloth Shoes With Double  Design, Flat Casual Sandals Suitable For Summer",Baby & Maternity
,300+ sold recently,5.8,8.0,1.0,Baby Girl Cartoon Printed Mesh Patchwork Cap Sleeve Swimsuit With Flyaway Sleeves For Beach Vacation,Baby & Maternity
,200+ sold recently,2.96,10.0,1.0,"1pc Dinosaur, Digit & English Alphabet Pattern Wall Sticker, Cartoon Style Decoration For Kids' Room And Bedroom",Baby & Maternity
,100+ sold recently,9.8,7.0,1.0,Baby Boy Plane Print Sweatshirt & Sweatpants,Baby & Maternity
,,9.39,0.0,1.0,SHEIN Maternity Striped Adjustable Drawstring Waist Curved Hem Skirt,Baby & Maternity
,1.2k+ sold recently,5.6,10.0,1.0,SHEIN Baby Girl Summer Vacation Knitted Monochrome Vest & Flower Pattern Shorts Mommy And Me Matching Outfits( 2 Pieces Are Sold Separately),Baby & Maternity
,900+ sold recently,8.5,8.0,4.0,"Baby Boys' Full Printed Long Sleeve Jumpsuit With Diagonal Zipper, Food And Beverage Theme",Baby & Maternity
,600+ sold recently,3.2,0.0,1.0,"2pcs Stainless Steel Kids Cutlery Set (Spoon & Fork) With Box Packaging, Baby Utensils, Maternity & Baby Gift Set",Baby & Maternity
,50+ sold recently,9.2,0.0,1.0,"2pcs, 'DADDY'S BOY' Fashionable Casual Letter Printed Long Sleeve Hooded Bodysuit + Camo Pants, Summer, Comfortable",Baby & Maternity
,,9.21,9.0,1.0,SHEIN Baby Girl Fashionable Star Pattern Waterwashed Denim Shorts For Casual Wear,Baby & Maternity
,600+ sold recently,5.86,33.0,1.0,Baby Boy Cartoon Graphic Bodysuit & Shorts & Hat,Baby & Maternity
,100+ sold recently,3.6,5.0,1.0,Baby Girl Summer Casual Slogan Printed Short Sleeve T-Shirt,Baby & Maternity
,300+ sold recently,5.4,14.0,1.0,"Baby Girl Casual Minimalist Number 32 Pattern Black Vest And Shorts 2pcs Set Suitable For Summer, Sports",Baby & Maternity
,1.0k+ sold recently,8.5,0.0,1.0,Baby Girl Letter Print Short Sleeve Romper And Bow Detail Decorated Flower Printed Shorts With Hair Tie 3pcs Set,Baby & Maternity
,400+ sold recently,5.1,9.0,1.0,SHEIN Baby Girl Leopard Print Swimsuit With Ruffled Hem,Baby & Maternity
,,11.1,8.0,1.0,"SHEIN Baby Boys' Glow-In-The-Dark Elephant Patterned Footed Pajamas 2-Pack, Home Clothing",Baby & Maternity
,300+ sold recently,6.6,8.0,1.0,"SHEIN Baby Boys' Casual All-Match Basic American Flag Print Turn-Down Collar Short Sleeve Romper, Suitable For Independence Day, Spring And Summer",Baby & Maternity
,90+ sold recently,11.9,25.0,4.0,SHEIN Baby Girl Casual Short Sleeve Color-Block Dress With Bowknot And Pleats,Baby & Maternity
,1.1k+ sold recently,6.6,8.0,4.0,"Summer Newborn Baby Girl's Butterfly Printed Sleeveless Dress With Butterfly Applique Top, 2pcs/Set",Baby & Maternity
,3.6k+ sold recently,6.9,13.0,4.0,Baby Girl Casual Simple Heart Pattern Short Sleeve T-Shirt And Shorts Set Suitable For Spring And Summer,Baby & Maternity
,1.6k+ sold recently,8.5,8.0,9.0,Baby Girl Newborn Ruffle Trim Layer Hem Dress With Accessory Headband,Baby & Maternity
,600+ sold recently,8.9,8.0,8.0,SHEIN Baby Boy's Casual Solid Color Short Sleeve V-Collar Polo Shirt And Solid Color Shorts Set,Baby & Maternity
,300+ sold recently,8.45,10.0,1.0,"New Arrival Classic Three-Color Fashionable Cute 3D Six-Petal Flower Pattern Girls' Roman Sandals, Soft Anti-Skid Sole With Easy Magic Sticker, Pre-School Leather Surface Breathable Sandals, Note: The Pattern On The Outside Of The Sole May Vary Slightly Between Sizes [21-25, 26-29]",Baby & Maternity
,1.3k+ sold recently,3.0,6.0,1.0,"Baby Shoes Socks Headband Set, Cute Floral Princess Shoes Decorative Shoes For Infant Birthday Party Outfit, 0-18 Months",Baby & Maternity
,200+ sold recently,5.4,17.0,7.0,"Baby Girl Solid Color One Piece Swimsuit With Ruffle Trim, Hollow Out Design, Beachwear",Baby & Maternity
,600+ sold recently,8.4,9.0,7.0,Baby Girl Bow Detail Decorated Ruffle Trim Tank Top And Shorts Set With Hat,Baby & Maternity
,1.7k+ sold recently,5.9,9.0,11.0,Baby Boy Summer Casual Bear Printed Vest And Romper Set,Baby & Maternity
,2.4k+ sold recently,6.4,7.0,1.0,"SHEIN 2pcs Baby Boy Casual Everyday Basic Outfit Set, Spring/Summer Suitable For Outdoor Activities",Baby & Maternity
,2.0k+ sold recently,6.7,8.0,5.0,SHEIN Genkimix Kids Baby Boy Summer Casual Patch Pocket T-Shirt And Shorts Set,Baby & Maternity
,2.3k+ sold recently,11.2,9.0,9.0,"Baby Girl Elegant Mesh Dress With Bowknot, Ruffles And Jacquard Patterns",Baby & Maternity
,100+ sold recently,6.1,0.0,1.0,"Boys' Summer Cartoon Casual Home Slippers For Infants And Toddlers, Sandals & Slippers For Infants And Toddlers",Baby & Maternity
,1.7k+ sold recently,7.4,8.0,6.0,SHEIN Baby Boy Coconut Tree Print Tee & Drawstring Waist Shorts,Baby & Maternity
,,3.7,8.0,1.0,"4th Of July Outfit Independence Day Printed Casual Short Sleeve Bodysuit With Round Neckline For Baby Boys, Summer",Baby & Maternity
,20+ sold recently,5.2,50.0,1.0,Baby Girl Casual Heart & Flower Embroidered Jeans,Baby & Maternity
,20+ sold recently,2.28,40.0,8.0,"1pc Kids Printed 'DADDY.S' Baseball Cap, 2K Design, Adjustable, Sunscreen Casual Cap For Boys And Girls, Suitable For Spring/Autumn, Travel, Beach And Vacation",Baby & Maternity
,30+ sold recently,7.3,0.0,1.0,"Baby Girl Dress Set, White Floral Printed Casual Top And Pink Bowknot Designed Faux Two-Piece Set, Summer",Baby & Maternity
,500+ sold recently,3.63,7.0,4.0,Baby Boy 1pc Cute Letter Print Triangular Bodysuit Short Sleeve For Summer,Baby & Maternity
,700+ sold recently,13.0,0.0,1.0,Baby Boy's Cute Animal Printed Long Sleeve Bodysuit With Hat And Long Pants Set,Baby & Maternity
,200+ sold recently,17.89,0.0,1.0,SHEIN Maternity Solid Color Waffle Grid Casual Suit,Baby & Maternity
,4.1k+ sold recently,15.6,10.0,5.0,SHEIN 8pcs/Set Baby Girl's Casual Solid Color Knitted Tank Top And Shorts Outfits,Baby & Maternity
,100+ sold recently,6.6,8.0,1.0,SHEIN Baby Boy Snug Fit Dinosaur Pattern Short Sleeve Round Neck T-Shirt And Shorts Summer Knit Comfortable Pajamas Set,Baby & Maternity
,700+ sold recently,6.3,9.0,1.0,"Baby Girl Pink Striped Romper With Ruffle Hem For Casual Daily Wear, Spring/Summer",Baby & Maternity
,,3.9,11.0,1.0,"Baby Boy Casual Simple Cartoon Printed Short Sleeve Round Neck Top, Suitable For Summer",Baby & Maternity
,100+ sold recently,8.8,9.0,1.0,SHEIN Baby Boy Casual Contrast Color Turn-Down Collar Short Sleeve Button-Up Top And Short Set For Summer,Baby & Maternity
,100+ sold recently,7.9,8.0,1.0,"SHEIN Baby Girl Spring And Summer Lightweight Soft Comfortable Jeans, Casual And Fashionable",Baby & Maternity
,,3.0,6.0,1.0,"5pairs Spring/Summer Children's Socks For Boys, Basketball Style, Bright Colors, Cartoon, Breathable",Baby & Maternity
,,5.9,8.0,6.0,"4pcs Girls' Safety Shorts, Thin Anti-Chafing Underwear, Assorted Colors",Baby & Maternity
,800+ sold recently,5.0,0.0,1.0,Baby Boy Letter Graphic Tee Bodysuit,Baby & Maternity
,900+ sold recently,4.1,13.0,1.0,Baby Girls' Casual Basic Letter Print Short Sleeve T-Shirt With Round Neckline Suitable For Summer,Baby & Maternity
,,1.49,1.0,1.0,"1 Pacifier Case, Holds 2 Pacifiers, Travel Pacifier Case, Pacifier Not Included, Clear Brown",Baby & Maternity
,50+ sold recently,4.5,8.0,1.0,"SHEIN Cute Knitted Cartoon Pattern Striped Sleeveless Hooded Dress For Baby Girl, Summer",Baby & Maternity
,700+ sold recently,6.9,13.0,1.0,"2pcs/Set Summer Baby Girl Casual Simple Cartoon Letter Print Short Sleeve Outfits, Suitable For Spring And Summer",Baby & Maternity
,400+ sold recently,7.1,7.0,1.0,Baby Boy Summer Casual Color Block Short Sleeve Top And Shorts Set,Baby & Maternity
,100+ sold recently,5.92,63.0,4.0,"Cozy Cub Baby Boy Solid Color Round Neck Sleeveless Top With Woven Belt Casual Shorts Set, 4pcs",Baby & Maternity
,400+ sold recently,3.03,24.0,1.0,Baby Boys' Slogan & Telephone Print Short Sleeve Top For Summer,Baby & Maternity
,,6.0,8.0,1.0,SHEIN Baby Girl Ditsy Floral Print Crisscross Backless Cami Jumpsuit,Baby & Maternity
,200+ sold recently,6.4,9.0,6.0,Baby Girl Solid Woven Top With Ruffle Straps And Pants Set For Summer,Baby & Maternity
,500+ sold recently,7.5,9.0,1.0,SHEIN Newborn Baby Boy Soft And Comfortable Short Sleeve Romper And Drawstring Shorts Casual Outfit,Baby & Maternity
,800+ sold recently,4.16,44.0,5.0,Baby Boy Summer Casual Color Block Letter Printed T-Shirt And Shorts Set,Baby & Maternity
,1.7k+ sold recently,4.0,0.0,4.0,"3pcs Baby & Kids' Soft, Breathable, Jacquard Striped, Cute Bow-knot, Stretchy Beanie Hat",Baby & Maternity
,200+ sold recently,12.19,10.0,1.0,"5pcs Baby Girls' Casual Cute Heart Printed Bottoms Comfortable All-Match Leggings For Daily Wear, Spring And Summer",Baby & Maternity
,500+ sold recently,7.6,7.0,1.0,SHEIN Baby Boy Casual Comfortable Coral Fleece Cartoon Lion & Stripes Pattern Hooded Towel Cover-Up,Baby & Maternity
,400+ sold recently,8.1,25.0,1.0,Baby Girl Flounce Sleeve Bow Front Bodysuit & Flare Leg Pants,Baby & Maternity
,,6.6,6.0,1.0,Newborn Baby Boy Star & Moon Print Blanket & Hat Photo Set,Baby & Maternity
,1.0k+ sold recently,7.9,9.0,7.0,"Baby Girl Sweet Butterfly Applique Mesh Cami Dress, Summer",Baby & Maternity
,800+ sold recently,4.5,8.0,8.0,"5 Pairs Children's Colorful Double-Bar Design Sports & Casual Mid-Calf Socks, Suitable For Student's Back-To-School Outfits",Baby & Maternity
,1.5k+ sold recently,5.7,8.0,8.0,"10pairs Kids' Black & White Letter Stripe Pattern Simple, Comfortable & Versatile Mid-calf Socks",Baby & Maternity
,1.5k+ sold recently,7.1,8.0,6.0,SHEIN Streecool Kids 2pcs Baby Girl Fashionable Printed Sleeveless Black And White Top Round Neck Top Pocket Detail Pleated Skirt Set,Baby & Maternity
,300+ sold recently,8.5,0.0,1.0,"3pcs Baby Girls' Elegant Sweet Letter, Rainbow & Floral Print Ruffle Bodysuit, Shorts And Headband Set For Casual, Daily Wear, Vacation And Party",Baby & Maternity
,300+ sold recently,12.9,8.0,1.0,Baby Girl Casual Cute Embroidered Daisy Distressed Roll Up Hem Denim Overalls,Baby & Maternity
,1.5k+ sold recently,9.0,8.0,7.0,Baby Girl Cat Print Ruffle Trim Tee & Heart Print Bow Front Shorts,Baby & Maternity
,300+ sold recently,7.39,36.0,1.0,Baby Boy Plaid Print Hooded Shirt & Pants,Baby & Maternity
,1.3k+ sold recently,10.79,0.0,7.0,SHEIN Color Blocking Striped Maternity Slim Fit Sleeveless Dress,Baby & Maternity
,300+ sold recently,6.56,26.0,1.0,Baby Boy Trendy Starry Slogan Print T-Shirt And Denim Look Shorts,Baby & Maternity
,,9.76,33.0,1.0,3pcs/set Baby Boys' Letter Print Pants,Baby & Maternity
,,21.39,0.0,7.0,SHEIN Maternity High Waist Skinny Jeans,Baby & Maternity
,300+ sold recently,13.6,0.0,1.0,3pcs Toddler Girls' Leopard Cat Pattern Solid Short Sleeve T-Shirt And Shorts Set,Baby & Maternity
,2.5k+ sold recently,11.33,42.0,7.0,5pcs Baby Boys' Dinosaur And Coconut Tree Printed Short Sleeve Bodysuit For Summer,Baby & Maternity
,300+ sold recently,7.0,9.0,1.0,SHEIN Baby Girl Pink Panda Print Short Sleeve Cardigan With Shorts Casual 2pcs Home Outfit,Baby & Maternity
,,13.85,1.0,7.0,SHEIN Maternity Solid Overall Romper Without Tee,Baby & Maternity
,1.2k+ sold recently,4.44,45.0,10.0,"SHEIN Baby Boy's Casual And Simple Short-Sleeved Letter Printed T-Shirt And Shorts Outfit, Ideal For Summer Wear",Baby & Maternity
,,5.6,0.0,1.0,"Baby Boy Summer Fashionable Casual Sport Short Sleeve Romper With Pockets & Checkered Polo Collared Short Sleeve Romper, Summer Kids' Outfit",Baby & Maternity
,,5.0,0.0,1.0,"Infant Summer Colorful Lace Patterned Jumpsuit With Shoulder Straps, Fashionable And Lovely, Single Piece",Baby & Maternity
,1.6k+ sold recently,10.4,8.0,4.0,Baby Boy Solid Tee & Allover Print Shorts & Hat & Bag,Baby & Maternity
,200+ sold recently,12.06,15.0,1.0,SHEIN Maternity Casual Floral Print Sleeveless Strap Halter Dress,Baby & Maternity
,1.9k+ sold recently,12.6,8.0,8.0,Baby Girl Watermelon Print Contrast Binding Coat & Bow Front Cami Top & Shorts & Hat,Baby & Maternity
,700+ sold recently,4.75,12.0,1.0,"Baby Boy Street Style Letter Print Tank Top And Striped Shorts Set, Spring/Summer",Baby & Maternity
,200+ sold recently,6.0,9.0,1.0,Baby Girl Cute Unicorn Print One-Piece Swimsuit For Summer Beach,Baby & Maternity
,,13.36,1.0,4.0,SHEIN Maternity Fashionable Loose Solid Color Overalls For Summer,Baby & Maternity
,80+ sold recently,1.77,70.0,1.0,Baby Boy's Bodysuit With Slogan And Heart Print Short Sleeves,Baby & Maternity
,100+ sold recently,6.9,14.0,1.0,"Baby Boy Casual Simple Cartoon Spider Pattern Round Neck Short Sleeve T-Shirt And Shorts Two-Piece Set, Suitable For Summer",Baby & Maternity
,1.0k+ sold recently,14.99,0.0,7.0,SHEIN Maternity Floral Print Spaghetti Strap Dress,Baby & Maternity
,400+ sold recently,7.4,0.0,1.0,"Summer Baby Girls' Alphabet Print Cap Sleeve Bodysuit & Skirt Headband 3pcs Set, Ladybug Pattern, Casual Wear",Baby & Maternity
,300+ sold recently,4.85,8.0,4.0,"Infant Boys' Mother's Day Simple And Cute Letter Slogan Printed Tank Top And Shorts Set, Summer",Baby & Maternity
,800+ sold recently,5.9,8.0,1.0,"SHEIN Baby Girls' Elegant Retro Casual Simple 3d Bow Knot Decor Bottoms, Suitable For Spring And Summer Outing",Baby & Maternity
,500+ sold recently,10.5,0.0,1.0,Classic Brown Slip-On Sandals For Infants And Toddlers,Baby & Maternity
,3.0k+ sold recently,7.9,9.0,4.0,Baby Girl Elegant Basic Denim-Like Crinkled Soft Romper With Off-Shoulder Bubble Sleeves And Folded Cuffs,Baby & Maternity
,100+ sold recently,4.25,33.0,1.0,"Baby Boys Cute Letter Print Casual Short Sleeve Romper, Summer",Baby & Maternity
,1.4k+ sold recently,6.3,0.0,7.0,1pc Baby Girls' Cute 3d Butterfly Mesh Multicolor Tank Dress For Summer,Baby & Maternity
,,13.62,4.0,1.0,SHEIN Maternity Solid Tank Top & Ditsy Floral Print Split Thigh Adjustable Waist Skirt,Baby & Maternity
,100+ sold recently,7.49,0.0,4.0,SHEIN Maternity Summer Casual Solid Color Slim Fit Jumpsuit With Straps,Baby & Maternity
,,10.3,15.0,1.0,"SHEIN Baby Girl Casual Minimalist Letter & Coconut Tree Scenery Printed Short Sleeve T-Shirt, Suitable For Summer",Baby & Maternity
,300+ sold recently,4.0,7.0,4.0,SHEIN Baby Boy Letter Patched Mock Neck Tee,Baby & Maternity
,400+ sold recently,5.5,8.0,1.0,Baby Girl Ruffle Trim Cami Top & Ruffle Hem Skirt,Baby & Maternity
,900+ sold recently,13.99,0.0,1.0,Cozy Cub Baby Boy's Coconut Tree Pattern Round Neck Half-Placket Top And Casual Shorts Set Matching Set,Baby & Maternity
,200+ sold recently,9.9,8.0,4.0,"SHEIN Baby Girls' Casual, Vacation, Elegant, Vintage, Daily Wear Jumpsuit With Long Pants, Suitable For Spring And Summer Outings",Baby & Maternity
,200+ sold recently,7.0,14.0,1.0,"Baby Girl Casual Cartoon Flower Printed Short Sleeve T-Shirt And Shorts Set, Suitable For Summer",Baby & Maternity
,,11.19,0.0,8.0,SHEIN Maternity Ribbed Knit Tank Dress,Baby & Maternity
,4.0k+ sold recently,2.7,10.0,1.0,"5pairs Children's Solid Color Round Neck Socks, Breathable Mesh Design For Daily Wear",Baby & Maternity
,300+ sold recently,8.09,0.0,8.0,SHEIN Maternity Solid Short Sleeve Tee,Baby & Maternity
,200+ sold recently,6.39,20.0,1.0,"Cozy Cub Baby Girl Snug Fit Pajamas, 2pcs/Set Strawberry Print Short Sleeve Round Neck Top And Footed Pants, Homewear",Baby & Maternity
,,10.2,0.0,1.0,4pcs Neutral Baby Swaddle Blankets,Baby & Maternity
,1.1k+ sold recently,11.0,0.0,1.0,Baby Girls' Letter Printed Vest & Distressed Denim Shorts With Waist Pack Set For Summer,Baby & Maternity
,300+ sold recently,2.93,55.0,1.0,SHEIN Baby Boy Slogan Graphic Bodysuit,Baby & Maternity
,1.8k+ sold recently,16.3,8.0,1.0,"Baby Girl 5pcs Casual Letter, Flower And Strawberry Printed Rompers, Summer",Baby & Maternity
,300+ sold recently,8.07,18.0,5.0,Baby Girl Heart Print Peplum Top & Pants,Baby & Maternity
,1.0k+ sold recently,12.9,8.0,7.0,Baby Boy Fashion Casual Striped Printed Romper Three-Piece Combination Spring And Summer,Baby & Maternity
,1.0k+ sold recently,9.0,8.0,1.0,Baby Girl Letter Graphic Ruffle Trim Bodysuit & Leopard Print Skirt & Headband,Baby & Maternity
,,9.39,0.0,7.0,SHEIN Maternity Striped Tank Dress,Baby & Maternity
,,3.97,39.0,5.0,Baby Solid Swaddling Blanket,Baby & Maternity
,300+ sold recently,4.45,46.0,1.0,"SHEIN 2pcs/Set Baby Boy Leisure & Sports Cute Dinosaur Pattern Outfit, Suitable For Outdoor Activities",Baby & Maternity
,1.1k+ sold recently,9.9,8.0,1.0,SHEIN Baby Boy's Gentleman Style Bow Tie Suspender Pants And Shirt Jumpsuit,Baby & Maternity
,1.2k+ sold recently,4.1,9.0,1.0,6 pairs of baby non-slip socks toddler solid color socks for boys and girls,Baby & Maternity
,200+ sold recently,6.8,11.0,1.0,SHEIN 2pcs Baby Girl's Snug Fit Casual Knit Cartoon Ballet Shorts With Elastic Waistband,Baby & Maternity
,,2.8,13.0,1.0,4pcs Double-Sided Floral Pacifier Clip Baby Teething Toy And Teether Holder With Anti-Drop Leather,Baby & Maternity
,300+ sold recently,3.3,13.0,1.0,"Mother And Daughter Matching, Baby Girls' Casual Letter Printed Short Sleeve Round Neck Top Suitable For Summer",Baby & Maternity
,,3.9,0.0,7.0,Cute Duck Mesh Net Storage Bag - Quick Drying Bathroom Bath Holder With Suction Cups - Perfect Bath Game Bag For Organization,Baby & Maternity
,300+ sold recently,2.39,58.0,1.0,Baby Girl Letter Graphic Tee Bodysuit,Baby & Maternity
,20+ sold recently,5.4,0.0,1.0,Baby Girls' Summer Cap Sleeve Cute Flower Printed Dress With Delicate Bow,Baby & Maternity
,900+ sold recently,4.35,19.0,4.0,"Baby Girls' Casual Letter Printed Short Sleeve Romper, Comfortable Daily Wear, Summer",Baby & Maternity
,600+ sold recently,7.51,12.0,1.0,"Baby Girl American Flag Print Ruffle Design Halter Dress, Perfect For Independence Day",Baby & Maternity
,,10.4,0.0,1.0,4pcs Neutral Infant Swaddle Blankets,Baby & Maternity
,300+ sold recently,11.9,0.0,1.0,Cute Woven Elastic Strap Flat Sandals For Baby Girls,Baby & Maternity
,200+ sold recently,7.5,0.0,5.0,"Newborn Baby Striped Hat, Bib, Gloves, Hair Accessories Set",Baby & Maternity
,400+ sold recently,7.6,25.0,1.0,Baby Girl Letter Graphic Ruffle Trim Bodysuit & Tie Dye Pants With Headband,Baby & Maternity
,400+ sold recently,8.2,50.0,4.0,SHEIN Maternity High Waist Denim Shorts,Baby & Maternity
,200+ sold recently,9.2,9.0,1.0,SHEIN 4pcs/Set Baby Girl's Casual Knit Elastic Waist Solid Color Shorts,Baby & Maternity
,900+ sold recently,8.5,8.0,1.0,"Baby Girls' Fashionable Round Neck Printed Jumpsuit With Contrast Color, Long Sleeves,cute Bow-knot Headband, For Spring And Autumn",Baby & Maternity
,,14.89,0.0,1.0,SHEIN Summer Maternity Solid Color Round Neck Pocket Sleeveless Tank Top & Adjustable Waist Casual Shorts 2Pcs/Set,Baby & Maternity
,400+ sold recently,6.0,0.0,1.0,Fashionable Baby/Toddler Casual Summer Vest T-Shirt And Shorts Set In Textured Fabric With Pockets,Baby & Maternity
,200+ sold recently,12.89,0.0,1.0,SHEIN Women's Casual Spaghetti Strap Mid-Length Maternity Dress,Baby & Maternity
,500+ sold recently,10.77,21.0,1.0,Baby Girl Summer Cool Asymmetrical Shoulder Tank Top & Ripped Jeans Outfit Set,Baby & Maternity
,600+ sold recently,5.7,11.0,6.0,SHEIN Baby Girl Ruffle Hem Cami Romper,Baby & Maternity
,600+ sold recently,2.7,7.0,1.0,Toddler Kids Drawstring Detail Straw Hat,Baby & Maternity
,400+ sold recently,5.4,17.0,7.0,Baby Girl Summer Beach Asymmetric Ruffle Neck Neon One-Piece Swimsuit Bathing Suit,Baby & Maternity
,300+ sold recently,11.9,8.0,6.0,"Baby Boy Plaid Panel Short Sleeve Shirt And Shorts Set, Gentleman Outfit",Baby & Maternity
,30+ sold recently,5.4,50.0,1.0,Baby Girl Cute Cartoon Character Printed Ruffle Armhole Top And Mesh Skirt Set For Summer,Baby & Maternity
,800+ sold recently,1.5,6.0,1.0,1 pair of children's letter vertical parallel bars sports socks for back to school,Baby & Maternity
,1.2k+ sold recently,14.5,8.0,5.0,"Baby Girls' Snug Fit Cute Unicorn, Rainbow, Cloud & Star Printed Jumpsuit Pajamas Set",Baby & Maternity
,500+ sold recently,9.1,7.0,1.0,Baby Boy Color Block Shark Patterned Long Sleeve Rashguard Top And Shorts Swimwear Set With Swimming Cap,Baby & Maternity
,,36.99,63.0,1.0,"Baby Potty Training Toilet With Realistic Flushing Sound & Feel Like An Adult Toilet, Removable Pot, Toddler Potty Seat With Storage Tank And Toilet Paper Holder For Aged 1-3",Baby & Maternity
,3.0k+ sold recently,6.4,7.0,4.0,SHEIN Baby Boy Casual Basic Letter Print T-Shirt And Solid Color Shorts Set For Spring/Summer,Baby & Maternity
,,0.85,55.0,1.0,1pc Children's Bath Toy: Wind-Up Swimming Turtle (3 Colors Available),Baby & Maternity
,200+ sold recently,6.36,5.0,1.0,"1pc Thickened Baby Nursing Pillow, Comfortable Arm Pillow, Feeding Pillow, Infant Breastfeeding Cushion, Random Color",Baby & Maternity
,500+ sold recently,5.0,7.0,5.0,Baby Boy Newborn Waffle Knit Footed  Jumpsuit & Hat Photography Prop,Baby & Maternity
,,5.7,8.0,1.0,Baby Boys' Short Sleeve Zipper Closure Car Pattern Jumpsuit,Baby & Maternity
,,7.36,20.0,9.0,2023 Popular Handmade Butterfly & Floral Decor Elastic Band Outdoor Flat Shoes For Infants,Baby & Maternity
,1.2k+ sold recently,3.5,8.0,1.0,Baby Girl Leopard Print Letter Printed Short Sleeve Bodysuit,Baby & Maternity
,1.0k+ sold recently,9.4,0.0,1.0,"Baby Girl Spring Sort Sleeved T-Shirt And Plants Printed Casual Pants, Light Green",Baby & Maternity
,1.7k+ sold recently,3.0,6.0,1.0,"Baby Shoes, Socks And Headband Set, Cute Flower Decorated Princess Shoes, Birthday Party Outfit, 0-18 Months",Baby & Maternity
,6.8k+ sold recently,3.3,8.0,7.0,5 Pairs Baby Socks Low Cut Stretch Ankle Socks Unisex  Infant Socks for Newborn Toddler Boys Girls Baby Socks,Baby & Maternity
,800+ sold recently,1.69,23.0,4.0,1pair Girls Solid Casual Fishnet Tights For Daily Life,Baby & Maternity
,1.4k+ sold recently,5.2,0.0,1.0,1pair Summer Baby Girls' Sweet And Fashionable Sandals For Toddler Girls,Baby & Maternity
,2.0k+ sold recently,6.5,0.0,1.0,"Baby Girl's Lovely Casual Strawberry Print Bodysuit With Ruffle & Bowknot Decoration And Hat, Summer",Baby & Maternity
,,12.29,0.0,8.0,SHEIN Maternity Solid Peplum Tee,Baby & Maternity
,500+ sold recently,4.95,12.0,1.0,"TEENAGE MUTANT NINJA TURTLES X SHEIN Baby Girl Cartoon And Checkerboard Print Contrast Binding Slip Romper For Summer,New Arrivals",Baby & Maternity
,900+ sold recently,3.05,34.0,1.0,Baby Boy Cute Letter Print Casual Short Sleeve T-Shirt For Summer,Baby & Maternity
,,6.6,8.0,1.0,Baby Girl Summer Beach Cute Polka Dot Print Mesh Patchwork Swimsuit,Baby & Maternity
,,1.72,31.0,1.0,"1pc Storage Container + 3 Rolls Diaper Bags, 45pcs (30x22cm Per Bag), Easy-to-carry And Clean",Baby & Maternity
,300+ sold recently,3.9,7.0,1.0,"Sunhat For 3-8 Years Old Kids, Fashionable Spring/Autumn Sunscreen Baseball Cap, Outdoor Travel Hat For Kids Aged 2-3, Adjustable Uv-Protected Baseball Cap For Boys & Girls",Baby & Maternity
,700+ sold recently,4.85,10.0,1.0,"Baby Boy Fun Birthday Letter Print Short Sleeve Romper, Spring/Summer Cute Style",Baby & Maternity
,70+ sold recently,6.2,0.0,1.0,"Newborn Baby Girl Printed Short Sleeve Romper With Headband, Casual And Cute",Baby & Maternity
,1.1k+ sold recently,5.9,8.0,7.0,Baby Boys' Adorable Dinosaur Printed Shorts Set,Baby & Maternity
,100+ sold recently,7.9,50.0,1.0,"SHEIN Maternity 2pcs Casual Round Neck Short Sleeve Loose T-Shirt And Adjustable Elastic Waist Pants Outfit, Young",Baby & Maternity
,500+ sold recently,13.3,0.0,1.0,1pair Children's Mesh Lightweight Running Shoes Chunky Sneakers Soft Non-Slip Casual Cute For Spring And Autumn,Baby & Maternity
,1.1k+ sold recently,20.8,8.0,1.0,Baby Girl Flannel Comfortable Cartoon Printed Long Sleeve Sweatshirt And Pants Snug Fit Homewear Set,Baby & Maternity
,50+ sold recently,5.2,13.0,1.0,"2pcs Baby Girls' Sunflower Printed Spaghetti Strap Dress And Hat Set, Summer",Baby & Maternity
,200+ sold recently,9.0,7.0,1.0,Baby Girl Flamingo Print Ruffle Trim Swimsuit With Hat,Baby & Maternity
,300+ sold recently,5.07,39.0,5.0,SHEIN Baby Boy Infant Boys' Casual Comfortable Letter Printed Colorblock T-Shirt And Shorts Set,Baby & Maternity
,40+ sold recently,5.2,0.0,1.0,Baby Girl Casual Letter Printed Tie-Dye Short Sleeve T-Shirt And Shorts Set,Baby & Maternity
,1.0k+ sold recently,3.57,21.0,8.0,Baby Girl Solid Elastic Waist Pleated Skirt,Baby & Maternity
,500+ sold recently,1.6,6.0,1.0,"20pcs Waterproof Ear Stickers With Upgraded Pu Film, For Baby & Kids' Bathing, Protecting Ears From Water & Preventing Water Entering Ear Canal. Rondom Pattern. Can Be Used As Shower Cap, Swimmers Ear Plugs As Well.",Baby & Maternity
,100+ sold recently,7.8,7.0,1.0,Baby Boys' Dinosaur Printed Raglan Sleeve Long Sleeve Swimsuit And Swim Trunks,Baby & Maternity
,,19.88,2.0,4.0,SHEIN Maternity High Waist Ripped Skinny Jeans,Baby & Maternity
,1.0k+ sold recently,2.3,8.0,11.0,1pair Toddler Girls Ruffle Trim Fashion Style Socks,Baby & Maternity
,400+ sold recently,13.29,0.0,1.0,SHEIN Maternity Casual Adjustable Elastic Waist Belly Support Drawstring Shorts For Summer,Baby & Maternity
,300+ sold recently,10.4,8.0,10.0,Baby Girl Contrast Lace Halter Top & Bow Front Ruffle Hem Skirt,Baby & Maternity
,80+ sold recently,9.3,8.0,1.0,"SHEIN Baby Girl 2pcs Washed Shorts Set With Ruffled Hem, Casual And Lovely",Baby & Maternity
,,8.99,0.0,1.0,"Cozy Cub Kids Cute And Fun Dinosaur Print Cartoon Baby Clogs, Fashionable And Casual Outdoor Slippers",Baby & Maternity
,200+ sold recently,6.9,14.0,1.0,Baby Boy Casual Cartoon Bear Pattern Round Neck Short Sleeve T-Shirt And Shorts 2pcs/Set Suitable For Summer,Baby & Maternity
,60+ sold recently,7.73,34.0,6.0,SHEIN Baby Boy Letter Graphic Sweatshirt & Drawstring Waist Sweatpants,Baby & Maternity
,200+ sold recently,6.15,21.0,1.0,"2pcs Infant Boys' Cute Plaid Shirt With Collar And Open-Front T-Shirt & Elastic Waist Shorts Casual Outfit Set, Spring/Summer",Baby & Maternity
,2.8k+ sold recently,10.44,5.0,8.0,Cozy Cub Solid Color Set For Spring/Summer Baby Boy Pocket Patchwork Shirt & Shorts,Baby & Maternity
,1.0k+ sold recently,3.2,0.0,1.0,2pcs Baby Random Color Letter Embroidered Bib,Baby & Maternity
,,11.8,8.0,1.0,"Lovely And Casual Ruffle Edge, Jacquard Baby Girls' Romper",Baby & Maternity
,700+ sold recently,7.15,31.0,1.0,"Baby Girl Fashionable And Casual Bubble Sleeve Short Sleeve Striped Romper With Printed Flare Pants, Cute Hair Accessory, Simple Set For Spring And Summer",Baby & Maternity
,300+ sold recently,7.6,25.0,1.0,Baby Girl Slogan Graphic Ruffle Trim Bodysuit & Camo Print Belted Sweatpants With Headband,Baby & Maternity
,1.6k+ sold recently,14.1,8.0,1.0,Baby Boy Fashionable Street Style Jacket And Cargo Pants Outfits,Baby & Maternity
,400+ sold recently,13.89,0.0,4.0,SHEIN Maternity Printed Patchwork Sleeveless Dress,Baby & Maternity
,600+ sold recently,8.7,7.0,8.0,Baby Boy Letter Graphic Bodysuit & Pants & Hat,Baby & Maternity
,200+ sold recently,6.8,9.0,5.0,SHEIN Newborn Baby Girls' Summer Pit Stripe Heart Print Triangle Hat Set,Baby & Maternity
,80+ sold recently,4.85,1.0,1.0,"1pair Girls' New Summer Fashion Princess Shoes, EVA Anti-Slip Soft Sole Sandals For Little Girls, With Flower Design For Indoor/Outdoor Use",Baby & Maternity
,600+ sold recently,12.4,8.0,1.0,"SHEIN Baby Girl Spring Summer Casual Lightweight Denim Shorts, Dark & Light Wash, 2pcs/Set",Baby & Maternity
,400+ sold recently,7.5,7.0,1.0,SHEIN Baby Boys' Casual Fun Letter Printed Jumpsuit For Daily Wear,Baby & Maternity
,2.8k+ sold recently,7.0,8.0,1.0,Baby Boy Paisley Scarf Print Shirt & Shorts Without Tee,Baby & Maternity
,200+ sold recently,9.8,9.0,1.0,SHEIN 4pcs Baby Girl Casual Solid Knit Short Sleeve Shirt With Ruffled Detail,Baby & Maternity
,300+ sold recently,18.1,9.0,1.0,SHEIN Baby Girl Floral Printed Footie Zip-Up Romper 3-Piece Set,Baby & Maternity
,1.0k+ sold recently,6.6,7.0,5.0,SHEIN Baby Boy Solid Color T-Shirt And Shorts Casual Simple Outfits Suitable For Summer,Baby & Maternity
,500+ sold recently,10.1,8.0,1.0,SHEIN Newborn Baby Boys' Cute & Trendy Bear Print Bodysuit + Long Pants + Hat + Bibs + Gloves 5pcs Outfit Set,Baby & Maternity
,1.2k+ sold recently,4.1,9.0,1.0,Nick 90s X SHEIN Baby Girl Cartoon & Letter Print Cami Bodysuit,Baby & Maternity
,,4.1,0.0,1.0,Baby Boy Letter Printed Short Sleeve Casual Bodysuit For Summer,Baby & Maternity
,1.1k+ sold recently,5.2,0.0,1.0,Baby Girls Ruffle Trim Decor Ankle Strap Flat Sandals For Summer,Baby & Maternity
,,2.0,0.0,1.0,2pcs Single-Layer (Thin) Material Clothing Extension Piece For Baby Clothes And Bodysuits,Baby & Maternity
,200+ sold recently,4.7,2.0,1.0,"Casual Girls' White Printed Giraffe Bodysuit, Summer",Baby & Maternity
,300+ sold recently,6.3,11.0,1.0,SHEIN Baby Girl Cute Casual Loose Sleeveless Dress With Floral Pattern Patchwork And Lace Decoration For Summer,Baby & Maternity
,200+ sold recently,18.1,8.0,1.0,"Baby Girls' Solid Color Simple Daily Wear Set, Multiple Pieces",Baby & Maternity
,200+ sold recently,5.4,17.0,1.0,Baby Girls Strawberry Pattern One Piece Swimwear,Baby & Maternity
,30+ sold recently,6.2,6.0,1.0,"2pcs Baby Girls' Fashionable And Cute Bowknot Letter Printed Casual Comfortable Round Neck Short Sleeve T-Shirt And Shorts Set, Ideal For Summer Outing And Vacation",Baby & Maternity
,300+ sold recently,7.67,50.0,1.0,SHEIN Maternity Striped Print Tee & Adjustable Waist Bodycon Skirt,Baby & Maternity
,500+ sold recently,4.7,6.0,1.0,"SHEIN 1pc Baby Girls' Letter Printed Long Sleeve Bodysuit, Cotton, Snap Closure, Simple Casual Daily Outfit, Fall",Baby & Maternity
,800+ sold recently,5.86,19.0,1.0,Baby Girl Strawberry Printed Swimsuit With Ruffle Hem,Baby & Maternity
,,3.75,33.0,8.0,Baby Girl Leopard Print Bodysuit With Headband,Baby & Maternity
,,6.27,43.0,1.0,SHEIN Maternity Striped Nursing Tank Top,Baby & Maternity
,10+ sold recently,8.3,0.0,1.0,Baby Girl Short Sleeve Shoulder Ruffle Sunflower Embroidered Romper With Floral Printed Shorts And Headband 3pcs/Set,Baby & Maternity
,100+ sold recently,9.1,8.0,8.0,SHEIN Baby Boy Casual Knitted Solid Color Short Sleeve V-Neck Polo Shirt And Solid Color Shorts Set,Baby & Maternity
,40+ sold recently,3.9,40.0,6.0,SHEIN Newborn Baby Girl's Unicorn & Star Printed Short Sleeve Romper With Round Collar And Shorts,Baby & Maternity
,800+ sold recently,3.9,7.0,1.0,Baby Girl's Bear Printed Short Sleeve Top,Baby & Maternity
,1.0k+ sold recently,3.26,46.0,1.0,SHEIN Baby Boy Dinosaur Print Tank Top & Shorts,Baby & Maternity
,400+ sold recently,4.47,28.0,1.0,"10pairs/Set Boys' Comfortable Crew Socks, Space Star Dinosaur & Letter Pattern, Suitable For Daily Wear In Autumn And Winter",Baby & Maternity
,,6.1,0.0,1.0,Children's Gradient Gear Design Breathable Sandals With Non-Slip Sole And Thick Soft Half Pack Toe Slippers,Baby & Maternity
,600+ sold recently,11.79,0.0,1.0,SHEIN Maternity Ditsy Floral Print Batwing Sleeve Belted Dress,Baby & Maternity
,,4.82,14.0,1.0,"1pc Portable Heating Constant Temperature Baby Bottle Warmer  Flask, Universal Baby Bottle Insulation Cover For Outdoors",Baby & Maternity
,200+ sold recently,9.89,0.0,1.0,SHEIN Maternity Striped Quarter Zip Tank Dress,Baby & Maternity
,100+ sold recently,3.74,52.0,1.0,Baby Plaid Bear Printed Round Neck Short Sleeve T-Shirt And Plaid Shorts Set For Summer,Baby & Maternity
,200+ sold recently,6.1,0.0,1.0,Baby Girl Summer Vintage Embroidered Lace Camisole Top With Simple Triangle Panties Set,Baby & Maternity
,2.5k+ sold recently,9.9,9.0,1.0,Baby Boy Contrast Plaid Tape Tee & Shorts & Bag,Baby & Maternity
,100+ sold recently,4.0,7.0,5.0,1pc Children's Heart Embroidery Solid Color Casual Fashionable Ponytail Sun Visor Baseball Cap,Baby & Maternity
,700+ sold recently,6.6,8.0,13.0,Baby Girl Solid Color Vest And Shorts Set,Baby & Maternity
,,6.69,8.0,4.0,Shein Underwear&Sleepwear Maternity Maternity Solid Nursing Bra For Mother,Baby & Maternity
,300+ sold recently,6.0,8.0,1.0,SHEIN Sensorimotor Kids Infant/Toddler Girls' Colorblock Ruffle Edge Swimsuit Set,Baby & Maternity
,300+ sold recently,6.18,30.0,4.0,SHEIN Baby Boy Basketball & Letter Graphic Tee & Shorts,Baby & Maternity
,1.3k+ sold recently,12.3,8.0,6.0,SHEIN Genkimix Kids Baby Boy Letter Patched Varsity Jacket & Sweatpants Without Tee,Baby & Maternity
,,3.83,13.0,1.0,Modern Minimalist Baby Milestone Pendant Wooden Card Closet Size Divider 7-Piece Baby Month Home Listing,Baby & Maternity
,100+ sold recently,9.2,8.0,1.0,Baby Girl Newborn Ruffle Trim Jumpsuit & Headband,Baby & Maternity
,,19.19,0.0,1.0,SHEIN Maternity Batwing Sleeve Button Front Shirt Romper,Baby & Maternity
,200+ sold recently,7.65,10.0,5.0,Baby Boy Embroidery Bear Pattern Sweatshirt & Sweatpants & Hat,Baby & Maternity
,,8.29,0.0,1.0,SHEIN Maternity Simple Daily Wear Stretchy Solid Color T-Shirt With Pleated Design,Baby & Maternity
,300+ sold recently,12.5,11.0,1.0,"SHEIN Baby Girl Summer Floral Patched Contrast Mesh Long Sleeve Top Elastic Waist Solid Jumpsuit Set, Suitable For Summer",Baby & Maternity
,300+ sold recently,3.6,55.0,1.0,"Cozy Cub Baby Boy Snug Fit Pajama Set With Cartoon Pattern, Round Neck Top And Long Pants",Baby & Maternity
,500+ sold recently,2.97,42.0,1.0,"5 Pairs Anti-Slip Socks For Infants With 3D Heel And Point Glued Sole, Low-Cut Floor Socks And Bounce Socks",Baby & Maternity
,200+ sold recently,6.24,19.0,1.0,Baby Girl 4th Of July Outfit Casual Striped Printed Independence Day Sleeveless Dress For Summer,Baby & Maternity
,200+ sold recently,7.6,10.0,1.0,Baby Girl Striped One Piece Swimsuit With Cute Bow Decorated Shoulder Strap For Summer Beach,Baby & Maternity
,,14.99,0.0,4.0,SHEIN Maternity Solid Rib-knit Tee & Adjustable Waist Shorts,Baby & Maternity
,300+ sold recently,3.2,50.0,1.0,"Infant Boys' Fun Basketball Letter Print Vest And Shorts Set, Summer",Baby & Maternity
,40+ sold recently,4.86,40.0,1.0,"Fashionable 3pcs Baby Girls' Headband, Strap Top, And Long Pants Set",Baby & Maternity
,500+ sold recently,2.94,51.0,1.0,Baby Girl Flamingo Print Ruffle Trim Dress,Baby & Maternity
,300+ sold recently,11.09,0.0,1.0,SHEIN Maternity Vacation Casual Solid Color Dungarees Jumpsuit With Double Pockets,Baby & Maternity
,500+ sold recently,4.19,16.0,5.0,Baby Boy Waffle Knit Jumpsuit & Hat Photography Prop,Baby & Maternity
,700+ sold recently,5.8,11.0,1.0,"Baby Boys' Fun Number Printed Short Sleeve Set, Summer",Baby & Maternity
,60+ sold recently,7.8,40.0,1.0,Baby Girl Summer Butterfly Printed Flutter Sleeve Dress And Cute Solid Color Printed Dress Combo,Baby & Maternity
,800+ sold recently,9.99,0.0,1.0,"SHEIN Maternity Casual Regular Fit Short Sleeve T-Shirt With Round Neckline, Suitable For Summer",Baby & Maternity
,,3.7,0.0,1.0,"1pair Girls' Cute Bowknot Design Knitted Cloth Strap Flats, Suitable For Spring And Autumn",Baby & Maternity
,500+ sold recently,8.15,36.0,1.0,"Maternity Solid Color And Striped Printed Shorts With Diagonal Pockets, 2 Pieces/Set Short Sets Summer",Baby & Maternity
,400+ sold recently,2.89,15.0,5.0,Baby Girl Round Neck Solid Tee,Baby & Maternity
,4.5k+ sold recently,8.6,8.0,4.0,"Baby Boys' Vacation Style Outfits - Lightning Printed Short Sleeve T-Shirt With Round Neckline, Cool Fishing Hat, And Beach Shorts 3pcs Set For Casual & Cute Look In Spring And Summer",Baby & Maternity
,,5.68,51.0,8.0,SHEIN Maternity Solid Peplum Tee,Baby & Maternity
,800+ sold recently,8.9,7.0,1.0,Baby Boy Summer Tropical Plant Printed Short Sleeve Polo Shirt And Shorts 2pcs Outfits,Baby & Maternity
,300+ sold recently,6.4,0.0,1.0,"1pc Non-Contact Infrared Thermometer With Large LED Display Screen (Battery Not Included), High Precision Digital IR Temperature Gun For Measuring Body Temperature",Baby & Maternity
,1.5k+ sold recently,6.8,9.0,1.0,Baby Girl Butterfly Appliques Contrast Mesh Cami Dress,Baby & Maternity
,1.7k+ sold recently,4.31,8.0,1.0,SHEIN Baby Girl Floral Print Cami Dress,Baby & Maternity
,500+ sold recently,4.15,55.0,1.0,SHEIN Maternity Tropical Holiday Oblique Shoulder Short Sleeve Top With Heart Pattern,Baby & Maternity
,400+ sold recently,12.6,8.0,1.0,"Baby Girls' Full-Floral Print Jumpsuit Set, Autumn/Winter, 2pcs",Baby & Maternity
,400+ sold recently,1.84,20.0,1.0,"1pair Kids' Girls' Over Knee High Socks, Black Color For School Uniform, Football Sports",Baby & Maternity
,500+ sold recently,4.09,44.0,4.0,2pcs/Set Baby Girl Easter Rabbit Flutter Sleeve Top And Floral Pants Set For Summer,Baby & Maternity
,900+ sold recently,12.29,0.0,4.0,SHEIN Maternity Solid Color Sleeveless Slim Fit Dress With Side Drawstring,Baby & Maternity
,100+ sold recently,7.0,14.0,1.0,"Summer Sets, Two Piece Outfits, Baby Girls' Casual Smile Face & English Letter Printed Round Neck Short Sleeve T-Shirt And Shorts Set, Suitable For Summer",Baby & Maternity
,200+ sold recently,2.65,50.0,1.0,SHEIN Baby Girl Floral Print Belted Cami Romper,Baby & Maternity
,200+ sold recently,5.8,8.0,1.0,Baby Girl Random Flower Print Cami One-Piece Swimsuit,Baby & Maternity
,300+ sold recently,6.0,9.0,5.0,10 Pairs Funny Expression High Elasticity Over Knee Athletic Socks For Children,Baby & Maternity
,2.9k+ sold recently,10.0,8.0,1.0,"Baby Boy 3pcs Lovely Bear Pattern Shirt, Overalls And Hat Outfit",Baby & Maternity
,500+ sold recently,3.61,16.0,1.0,Newborn Baby Girl Summer Casual Heart & Slogan Print Bodysuit,Baby & Maternity
,900+ sold recently,9.8,10.0,1.0,SHEIN Baby Girls' 4pcs Leisure Basic Knit Frill Edge Short Sleeve Top Clothing Sets,Baby & Maternity
,300+ sold recently,3.8,0.0,1.0,"1pc Remote Teether For Baby, Dental Gum Simulation Remote Control Teether Bite, Baby Silicone Tooth Grinder, Baby Dental Gum Teething Toys For Babies 0-6 Months, Soft Silicone Baby Teething Toys Teether For Babies 6-12 Months Teething Toys",Baby & Maternity
,200+ sold recently,11.1,8.0,1.0,"Baby Girls' Knit Ribbed Plush Comfortable Warm  Crawling Suit With Stylish Turban Cap, Autumn & Winter",Baby & Maternity
,600+ sold recently,11.3,0.0,4.0,"Infant/toddler Unisex Slip-on Solid Color Athletic Shoes, Comfortable Flat Bottom Pu Leather Shoes For Walking",Baby & Maternity
,80+ sold recently,5.5,0.0,1.0,"6pcs/set Early Childhood Smart Eggs With Numbers & Graphics For Children's Puzzle Educational Toys, Simulated Eggs For Cognitive & Indoor Parent-child Interaction",Baby & Maternity
,10+ sold recently,4.0,7.0,1.0,"Baby Girls' Fun Letter Printed Short Sleeve Romper, Summer",Baby & Maternity
,400+ sold recently,11.59,0.0,1.0,SHEIN Maternity Tie Dye Split Thigh Dress,Baby & Maternity
,100+ sold recently,6.75,34.0,1.0,Baby Girl Letter & Firework Graphic Ruffle Trim Bodysuit & Flare Leg Pants & Headband,Baby & Maternity
,100+ sold recently,4.15,50.0,1.0,Baby Girl Cute Star Stripe Design Spaghetti Strap Top And Flare Pants Set 4th Of July Outfits,Baby & Maternity
,700+ sold recently,7.0,9.0,7.0,Baby Boy Solid Button Front Shirt & Shorts Without Tee,Baby & Maternity
,200+ sold recently,2.35,38.0,1.0,Baby Girl 1pc Casual Cute Slogan Letter Printed Triangle Bodysuit With Short Sleeves For Summer,Baby & Maternity
,200+ sold recently,9.8,9.0,1.0,SHEIN Baby Boy Embroidery Bear Pattern Doll Collar Short Sleeve Top And Gingham Shorts Casual 2pcs/Set With Woven Belt,Baby & Maternity
,200+ sold recently,8.2,8.0,7.0,"20 Pairs/Lot Teenagers' Trendy Colorful Polka Dot Hearts Bowknot Design Breathable Short Socks, Suitable For Daily Wear, School Outfits, And Sports, Random Color",Baby & Maternity
,,11.2,8.0,1.0,"Baby Boy's Summer New Arrival Breathable Outdoor Sports Shorts Set With Color-Blocked Design And Letter Print, 3pcs",Baby & Maternity
,300+ sold recently,18.89,0.0,1.0,SHEIN Maternity Vintage Style Sleeveless Dress,Baby & Maternity
,600+ sold recently,8.3,7.0,1.0,"Baby Girls' Casual Grid Pattern Printed Zipper Jumpsuit For Spring, Autumn And Winter",Baby & Maternity
,400+ sold recently,7.6,10.0,1.0,Baby Girls' Casual Camouflage Hooded Zipper Short Sleeve Elastic Waisted Camouflage Romper For Outdoor Camping,Baby & Maternity
,900+ sold recently,3.74,11.0,1.0,SHEIN Baby Boys' Casual Cartoon Bear Printed Top,Baby & Maternity
,30+ sold recently,5.4,0.0,1.0,Baby Girls' Summer Cap Sleeve Dress With Cute Flower Pattern And Exquisite Bow,Baby & Maternity
,100+ sold recently,7.7,9.0,1.0,SHEIN Baby Girl Colorful Floral Pattern Fringe Tank Top And Elastic Waist Long Pants Suit For Summer Vacation,Baby & Maternity
,1.0k+ sold recently,6.4,0.0,1.0,"2pcs Summer Short Sleeve Simple Round Neck T-Shirt With Letter Pattern For Baby Boys, Casual And Breathable Smiling Face Knitted Top, Trendy Elastic Shorts For Infants And Toddlers, Sport Outfit",Baby & Maternity
,,3.7,0.0,1.0,Baby Girl Heart Print Sweatshirt,Baby & Maternity
,600+ sold recently,8.29,48.0,1.0,"Cozy Cub Baby Boys' Adorable Bear Pattern Sweatshirt, Pants And Hat Set",Baby & Maternity
,,1.6,0.0,1.0,"1pc Football Pattern Headband For Baby,Soft Nylon Elastic Wide Hairband,Sports Style Party Headwear,Toddler Girls Turban,Kids Baby Hair Accessories.",Baby & Maternity
,200+ sold recently,4.6,43.0,1.0,Baby Boy Giraffe And Leaf Printed Short Sleeve Outfit,Baby & Maternity
,,6.9,0.0,6.0,"1pc Nursing Cover For Breastfeeding Outdoors In Coffee/Milky Blue/Green Color, With Breathable Gauze And Anti-Peep Shoulder Wrap For Breastfeeding Mothers",Baby & Maternity
,200+ sold recently,3.52,23.0,1.0,"6pcs Baby Bottle Cleaning Brush Set Including 1 Straw Brush, 1 Nylon Nipple Brush, 1 Sponge Nipple Brush, 1 Sponge Bottle Brush, And 1 Nylon Bottle Brush",Baby & Maternity
,1.0k+ sold recently,4.8,0.0,1.0,Infant & Toddler Sandals And Slippers Suitable For Daily Wear,Baby & Maternity
,2.9k+ sold recently,11.8,8.0,1.0,"Baby Girl Multiple Set Combination, 2 Sets Of Comfortable Short-Sleeved Shorts Printed With Cute Biscuits",Baby & Maternity
,500+ sold recently,11.3,11.0,1.0,SHEIN Baby Girl Summer Casual Short Sleeve Frill Tiered Hem Princess Dress,Baby & Maternity
,1.1k+ sold recently,1.44,10.0,1.0,"Baby On Board Signs With Suction Cups, Essential For Cars",Baby & Maternity
,600+ sold recently,5.55,28.0,1.0,Baby Girl Rainbow Tape Peter Pan Collar Smock Dress,Baby & Maternity
,100+ sold recently,9.7,11.0,1.0,SHEIN Baby Girl's Orange Vacation Style One-Shoulder Ruffle Top And Elastic Waistband Pants Set For Summer,Baby & Maternity
,1.0k+ sold recently,20.7,5.0,1.0,SHEIN Maternity Summer City Casual Round Neck Short Sleeve Solid Color Slim Fit Multicolor T-Shirt,Baby & Maternity
,600+ sold recently,5.8,9.0,1.0,Baby Girls' Simple Flag Butterfly Print Cami Dress 4th Of July Outfit,Baby & Maternity
,200+ sold recently,10.7,8.0,1.0,"4pcs Baby Boys' Casual Street Skating Game Machine Print Short Sleeve Top, Shorts, Backpack And Hat Summer Outfit",Baby & Maternity
,400+ sold recently,5.3,0.0,1.0,"Baby Girl Short Sleeve Personality Letter Printed & Ditsy Floral Shorts 2pcs Set, Summer",Baby & Maternity
,1.0k+ sold recently,4.3,7.0,1.0,Baby Girl Cartoon Dinosaur Print One Piece Swimsuit,Baby & Maternity
,300+ sold recently,12.3,8.0,1.0,5pcs/Set Baby Girl Casual Round Neck Short Sleeve T-Shirts For Summer,Baby & Maternity
,400+ sold recently,9.8,10.0,4.0,SHEIN Baby Girl Casual Knitted Solid Color Bodysuit Camisole  3pcs/Set With Snaps,Baby & Maternity
,,8.0,8.0,1.0,SHEIN Baby Boy Cute Cartoon Shark Pattern Hooded Fleece Towel Sweatshirt,Baby & Maternity
,,6.82,45.0,1.0,SHEIN Maternity Belly Support Split Hem Sweatpants,Baby & Maternity
,40+ sold recently,6.3,0.0,1.0,2pcs New Summer Baby Girls' Bowknot Tie Daisy Printed Strap Dress And Hat Set,Baby & Maternity
,700+ sold recently,11.49,0.0,1.0,SHEIN Tie-Dyed Slim-Fit Sleeveless Maternity Jumpsuit,Baby & Maternity
,,9.9,7.0,1.0,Baby Boy Colorblock Zip Up Hooded Coat Without Tee,Baby & Maternity
,1.2k+ sold recently,8.0,9.0,1.0,SHEIN Baby Girls' Letter & Arrow Printed Ruffle Armhole Top And Bowknot Decorated Shorts Set,Baby & Maternity
,300+ sold recently,7.6,0.0,1.0,"2pcs Baby Boys' American Flag Simple Short Sleeve Tee And Shorts Lightweight Outfits For Summer, 4th Of July",Baby & Maternity
,4.7k+ sold recently,5.8,8.0,1.0,Baby Girl Floral Print Ruffle Trim Cami Dress,Baby & Maternity
,,8.69,0.0,1.0,SHEIN Maternity Adjustable Waist Ditsy Floral Print Split Thigh Skirt,Baby & Maternity
,200+ sold recently,4.0,0.0,1.0,Baby Girl Watermelon Print Shoulder-Tie Sleeveless Romper For Summer,Baby & Maternity
,200+ sold recently,5.5,0.0,1.0,Multifunctional Baby Bottle & Cup Drying Rack,Baby & Maternity
,1.0k+ sold recently,8.5,9.0,1.0,Baby Girl Leopard Print Ruffle Trim Cami Dress,Baby & Maternity
,,18.99,0.0,1.0,SHEIN Maternity Batwing Sleeve Button Front Romper,Baby & Maternity
,300+ sold recently,5.74,59.0,1.0,Cozy Cub Baby Boys' Cartoon Pattern Round Neck Pullover Sweatshirt And Shorts Casual Outfits,Baby & Maternity
,100+ sold recently,8.4,16.0,1.0,"A Pair Of Simple And Comfortable Unisex Baby Sports Shoes, Black",Baby & Maternity
,50+ sold recently,6.0,0.0,1.0,"Baby Girl Americana And Letter Graphic Ruffle Hem Bodysuit & Headband, 4th Of July Outfit",Baby & Maternity
,,6.64,20.0,1.0,"Baby Girl Summer Leisure Leopard Print Cap Sleeve Romper With Letter Printed Batwing Sleeves And Leopard Print Shorts, With Decorative Hairband",Baby & Maternity
,600+ sold recently,8.0,0.0,1.0,"2pcs Baby Girls' Cute Letter Embossed Bodysuit And Ruffle Shorts, Summer",Baby & Maternity
,80+ sold recently,7.7,7.0,1.0,"SHEIN Baby Boy Ripped Frayed White Denim Shorts , For Spring And Summer",Baby & Maternity
,700+ sold recently,7.82,21.0,1.0,SHEIN Baby Boy Letter Graphic Bodysuit & Animal Print Sweatpants & Hat,Baby & Maternity
,1.2k+ sold recently,15.99,0.0,8.0,SHEIN Maternity Wideband Waist Ripped Raw Hem Denim Shorts,Baby & Maternity
,,7.8,0.0,1.0,Baby Girl Pink Plaid Zipper Long Sleeve Jumpsuit,Baby & Maternity
,1.6k+ sold recently,5.8,8.0,1.0,Nick 90s X SHEIN Baby Boy Cartoon Graphic Contrast Raglan Sleeve Bodysuit With Dinosaur Print,Baby & Maternity
,100+ sold recently,4.2,5.0,1.0,"Colorful Fun Alphabet Printed Short Sleeve Romper For Baby Girls, Summer",Baby & Maternity
,200+ sold recently,7.85,48.0,1.0,Baby Girl Daily Casual Sweet Denim Shorts With Ruffled Hem,Baby & Maternity
,1.9k+ sold recently,6.2,0.0,1.0,2pcs Random Color Baby Waterproof Silicone Bib,Baby & Maternity
,300+ sold recently,3.4,8.0,1.0,3pcs Baby Solid Ruched Hat,Baby & Maternity
,400+ sold recently,9.0,9.0,4.0,Baby Boys' Color Block Striped Button-Front Bodysuit With Pockets,Baby & Maternity
,800+ sold recently,5.74,18.0,4.0,Baby Girl Summer Beach Ruffle Hem Textured Neon Bikini Swimsuit Bathing Suit,Baby & Maternity
,70+ sold recently,10.29,53.0,4.0,"SHEIN 6pcs/Set Baby Boy/Girl Casual Striped & Leaf Pattern Short Sleeve T-Shirt With Elastic Waist Shorts, Vacation Outfits",Baby & Maternity
,1.0k+ sold recently,10.0,7.0,1.0,Baby Boys' Crocodile Printed Floating Swimsuit,Baby & Maternity
,1.1k+ sold recently,12.8,7.0,1.0,Baby Boy Letter Graphic Colorblock Bomber Jacket & Sweatpants Without Tee,Baby & Maternity
,3.3k+ sold recently,7.4,9.0,1.0,SHEIN Baby Girl Cold Shoulder Ruffle Trim Top & Floral Print Shorts,Baby & Maternity
,100+ sold recently,4.12,51.0,1.0,SHEIN Baby Boy Washed Casual Fashion Denim Shorts,Baby & Maternity
,300+ sold recently,11.8,9.0,1.0,"Cute And Fun Little Lion Spring/Summer Casual Three-Piece Set For Kids, Stylish Outfit",Baby & Maternity
,,3.9,0.0,5.0,"2pcs Baby Silicone Pacifier Clips, Baby Teething Toys Chain Chew Dummy Holder Infant Nipple Holder Baby Accessories",Baby & Maternity
,1.0k+ sold recently,5.5,0.0,1.0,Baby Girl Summer Overalls Romper With Bow Detail Decoration And Strawberry Patchwork Gingham Shorts,Baby & Maternity
,,7.45,33.0,4.0,SHEIN Maternity Striped Print Bodycon Dress,Baby & Maternity
,70+ sold recently,7.2,13.0,1.0,"SHEIN Baby Girl Casual Simple Style Short Sleeve Top And Solid Bell-Bottom Pants Set, Suitable For Spring And Summer",Baby & Maternity
,800+ sold recently,11.2,8.0,1.0,SHEIN Newborn Baby Boy 3pcs Bear & Letter Graphic Bodysuit,Baby & Maternity
,1.3k+ sold recently,7.0,9.0,1.0,Baby Girl Floral Print Combo Bodysuit Dress,Baby & Maternity
,1.3k+ sold recently,12.3,8.0,4.0,"3pcs/Set Baby Boys' Casual Pocket Shorts, Summer",Baby & Maternity
,,11.59,0.0,1.0,SHEIN Maternity Tropical Plant Printed Waist Tie Jogger Pants For Vacation Beach,Baby & Maternity
,300+ sold recently,4.99,38.0,4.0,Baby Boy Patch Detail Hooded Tank Top & Shorts,Baby & Maternity
,200+ sold recently,10.39,0.0,1.0,SHEIN Maternity Summer City Casual Tie Dye Slim Fit Tank Top,Baby & Maternity
,3.4k+ sold recently,11.1,8.0,19.0,"30 Pairs Children's Solid Color Classic Casual Sports Socks, Comfortable & Breathable & Suitable For Daily Wear And Back To School Season",Baby & Maternity
,40+ sold recently,4.82,62.0,1.0,SHEIN Solid Color Maternity Ruffled Hem Minimalist Style Holiday Cami Dress,Baby & Maternity
,,11.95,2.0,7.0,SHEIN Maternity Solid Color Adjustable Waist Shorts,Baby & Maternity
,20+ sold recently,4.17,57.0,1.0,SHEIN Baby Boy/Girl Color-Block Collar Short Sleeve Pullover T-Shirt With Decorative Badges And Casual Shorts Set,Baby & Maternity
,500+ sold recently,9.1,0.0,1.0,"Newborn Baby Girls Combed Cotton Short Sleeve Bodysuit With Headband And Shorts, Set Of 3 Pieces",Baby & Maternity
,100+ sold recently,2.6,7.0,6.0,"1pc ""Cool Little Dude"" Mesh Baseball Cap For Boys And Girls, Children's Hats",Baby & Maternity
,40+ sold recently,5.1,34.0,1.0,Infant & Toddler Boys Comfortable Striped Leisure Sports Suit,Baby & Maternity
,100+ sold recently,6.6,7.0,1.0,"Infant Boys' Fresh And Lovely Green Plaid Printed Romper Set, Spring/Summer",Baby & Maternity
,1.4k+ sold recently,7.7,7.0,1.0,Baby Girl Striped Bow Front Ruffle Hem Dress,Baby & Maternity
,300+ sold recently,20.9,9.0,1.0,Newborn Baby Boy 4pcs/Set Cute Cartoon Printed Jumpsuit,Baby & Maternity
,100+ sold recently,9.3,7.0,4.0,"Baby Girls' Lovely And Casual Double-Sided Pink Coral Fleece Hooded Embroidered Bathrobe With Long Ears And Pockets, Belted Home Clothes",Baby & Maternity
,500+ sold recently,9.6,0.0,1.0,Baby Girl Star Print Ombre Mesh Cami Dress,Baby & Maternity
,200+ sold recently,6.3,0.0,1.0,"2pcs/Set Cute Baby Boy Elephant Digital Printed Long Sleeve Romper With Hat, Comfortable And Casual",Baby & Maternity
,,6.0,8.0,7.0,Baby Girls' Red Double Ruffle One Piece Swimsuit With Adjustable Straps For Beach Vacation In Summer,Baby & Maternity
,300+ sold recently,2.3,0.0,1.0,"Car Window Shades For Baby 2pcs, Sun Shade Blocker,Mesh Car Sun Shade For Baby Kids Pet UV Rays/Sunlight Protection - Side Window Screens For SUV- Mesh Window Shades For Car Baby , Universal Car Sun Shades With Suction Cups",Baby & Maternity
,300+ sold recently,13.59,0.0,4.0,SHEIN Pregnant Women Round Neck Striped Wide Strap Sleeveless Dress,Baby & Maternity
,200+ sold recently,4.03,40.0,5.0,Baby Boy Coconut Tree Print Tank Top & Shorts,Baby & Maternity
,1.8k+ sold recently,5.7,8.0,6.0,Baby Girls' New Summer Solid Color Cami Ruffle Dress,Baby & Maternity
,600+ sold recently,4.3,9.0,1.0,Baby Boy Slogan Graphic Bodysuit,Baby & Maternity
,200+ sold recently,17.69,0.0,1.0,SHEIN Maternity Summer City Casual Sleeveless Spaghetti Strap Romper With Large Round Neckline,Baby & Maternity
,100+ sold recently,11.58,36.0,1.0,SHEIN Maternity Wide Waistband Flap Pocket Cargo Pants,Baby & Maternity
,1.2k+ sold recently,8.1,10.0,9.0,SHEIN Baby Boy Button Detail Tee & Dinosaur Print Overall Romper Set,Baby & Maternity
,300+ sold recently,9.0,8.0,1.0,Baby Girl Printed Swimsuit With Ruffled Swim Shorts And Tie-Front Lace Cover-Up (Random Print),Baby & Maternity
,100+ sold recently,4.7,8.0,1.0,"Baby Girls'/Girls' Cute Cartoon Donut Random Print Swimsuit With Adjustable Buckle, Perfect For Holidays And Playing In Water",Baby & Maternity
,600+ sold recently,11.65,20.0,10.0,SHEIN Maternity Solid Ribbed Knit Cross Wrap Tie Back Split Thigh Dress,Baby & Maternity
,100+ sold recently,3.5,13.0,1.0,Baby Girl Casual Short Sleeve Round Neck T-Shirt With Giraffe Print For Summer,Baby & Maternity
,2.2k+ sold recently,3.3,8.0,10.0,"1pc Kids' Wide Brim Sun Hat With Printed Pattern, Breathable Beach Fisherman Hat, Summer",Baby & Maternity
,,6.73,9.0,1.0,2pcs/Set Fashionable And Cute Striped Off-Shoulder Jumpsuit With Bowknot And Headband For Baby Girls' Summer Party,Baby & Maternity
,2.1k+ sold recently,8.2,9.0,4.0,Baby Boys' Olive Green/Black/Sky Blue Striped Short Sleeve Shirt And Shorts Set For Spring/Summer,Baby & Maternity
,700+ sold recently,7.5,9.0,1.0,"SHEIN Baby Boy Color Block Short Sleeve Polo Shirt With Fine Stripes Decoration And Patch Pocket, Front Button Placket, Shorts Two Piece Set",Baby & Maternity
,80+ sold recently,3.54,40.0,1.0,"Infant Girls' New Summer Irregular Asymmetrical Neck One-Piece Bodysuit With Bowknot & Flower Print, And Headband Set",Baby & Maternity
,100+ sold recently,6.8,8.0,1.0,SHEIN Baby Girl Knitted Tropical Printed Asymmetrical Shoulder Layered Ruffle Trim Swimsuit Set,Baby & Maternity
,300+ sold recently,3.07,55.0,4.0,"3pcs/Set 100% Silicone Baby Feeding Set With Suction Bottom Plate, Wooden Spoons & Forks",Baby & Maternity
,,11.55,13.0,1.0,"Shein Underwear&Sleepwear Maternity Maternity Home Clothes With Contrasting Colors, Skinny Hem, Letter Pattern, Short Sleeve, Shorts And Pockets For Mother",Baby & Maternity
,2.1k+ sold recently,15.59,20.0,1.0,"SHEIN Maternity Summer Casual Tight Fitting Tank Top With Large Round Neckline, Multicolor",Baby & Maternity
,,13.89,0.0,7.0,SHEIN Maternity Patched Pocket Overall Romper Without Tee,Baby & Maternity
,200+ sold recently,7.0,13.0,1.0,"Baby Girl Casual Simple Letter Printed Short Sleeve T-Shirt And Shorts Set, Suitable For Summer",Baby & Maternity
,200+ sold recently,10.7,0.0,1.0,A Pair Of Cute Water Diamond Bowknot Pure Color Patent Leather Anti-Slip Flat Baby Outdoor Walking Shoes Suitable For Spring And Autumn,Baby & Maternity
,,12.69,7.0,1.0,Shein Underwear&Sleepwear Maternity Maternity Letter Graphic Lounge Dress For Mother,Baby & Maternity
,2.4k+ sold recently,5.0,0.0,1.0,Baby Boy Letter Graphic Bodysuit,Baby & Maternity
,200+ sold recently,6.4,6.0,1.0,Baby Boy Spring/Summer Simple Casual Letter Graphic Tee & Shorts 2pcs/Set Outfit,Baby & Maternity
,400+ sold recently,1.72,31.0,5.0,1pc Portable Baby Stroller Trash Bag Storage Box And 3pcs Portable Plastic Bags,Baby & Maternity
,1.4k+ sold recently,8.99,0.0,1.0,Cozy Cub Baby Boy Floral Pattern Sleeveless Round Neck Vest And Shorts Casual Outfit Set,Baby & Maternity
,,5.7,0.0,1.0,Pink Baby Girl Shoes Cute Cartoon Smiling Face Slip Toddler Shoes Comfortable Non Slipper Soft Bottom Walking Shoes For Indoor Spring Autumn,Baby & Maternity
,200+ sold recently,9.0,0.0,1.0,Baby Girl Pink Polka Dot Ruffle Trimmed Short Sleeve Romper With Headband And Floral Printed Pants,Baby & Maternity
,100+ sold recently,10.7,9.0,4.0,Baby Girl Ruffle Trim Flounce Sleeve Layer Hem Dress & Headband,Baby & Maternity
,200+ sold recently,5.2,0.0,1.0,Baby Boys' Summer Short Sleeve Letter Printed Top And Athletic Shorts Casual Outfit,Baby & Maternity
,,27.19,0.0,1.0,3pcs/Pack Maternity Short Sleeve T-Shirts For Summer,Baby & Maternity
,,10.97,10.0,5.0,SHEIN Maternity Heart Print Batwing Sleeve Nursing Nightdress For Mother,Baby & Maternity
,600+ sold recently,8.6,9.0,1.0,SCOOBY-DOO X SHEIN Baby Girl Cartoon Graphic Ruffle Trim Set,Baby & Maternity
,200+ sold recently,7.3,8.0,1.0,"SHEIN Baby Girl Casual And Cute Knitted Love Heart Pattern Striped Ruffle Short-Sleeved Top And Elastic-Waist Long Pants Suit, Suitable For Summer",Baby & Maternity
,400+ sold recently,13.2,8.0,1.0,"Baby Boys' Spring/Summer Fun, Cute And Simple Comfortable Printed Romper Three-Piece Set",Baby & Maternity
,100+ sold recently,10.2,8.0,1.0,SHEIN Newborn Baby Boy 5pcs/Set Summer Cute Elephant Printed Knitted Short Sleeve Bodysuit And Pants & Hat & Bibs & Gloves,Baby & Maternity
,50+ sold recently,6.2,6.0,1.0,Baby Girl Snug Fit Strawberry Printed Full-Sleeve Tee And Shorts Two-Piece Homewear Set,Baby & Maternity
,2.2k+ sold recently,7.4,8.0,1.0,"Baby Boys'/Toddler Boys' Cute Turtle Printed Swimwear, Random Printed, Short Sleeve Top With Shorts Set, Summer",Baby & Maternity
,100+ sold recently,5.84,30.0,1.0,SHEIN Baby Girl Summer Vacation Casual Ruffle Strap Top And Elastic Waist Floral Print Loose Fit Long Pants Set,Baby & Maternity
,,5.5,7.0,5.0,Baby Boy Colorblock Short Sleeve Romper,Baby & Maternity
,50+ sold recently,1.74,40.0,1.0,"2pairs Kids Unisex Sports Mesh Socks, Breathable Casual School Style All Seasons Daily Wear",Baby & Maternity
,600+ sold recently,4.3,7.0,1.0,Baby Boy Cute Cow Logo Letter Printed Short Sleeve Bodysuit For Summer,Baby & Maternity
,1.0k+ sold recently,8.99,0.0,5.0,Cozy Cub Baby Girl Color-Block Ruffle-Trimmed Sundress With Shoulder Straps,Baby & Maternity
,4.5k+ sold recently,5.7,8.0,7.0,"Baby Girl Casual Cute Red And White Plaid Strawberry AppliquÃ© Towel 3d Bowknot Sleeveless Dress, Spring/Summer",Baby & Maternity
,1.1k+ sold recently,3.33,45.0,1.0,Baby Girls' Butterfly & Flower Print Comfortable Dress With Flutter Sleeves And Flared Skirt,Baby & Maternity
,,12.53,5.0,7.0,SHEIN Maternity City Vacation Round Neck Shoulder Strap Mid-Length One-Piece Dress,Baby & Maternity
,4.2k+ sold recently,5.6,0.0,1.0,Baby Girl Floral Printed Knit Short Sleeve Top And Shorts Set For Casual Outing,Baby & Maternity
,1.1k+ sold recently,11.0,7.0,1.0,"2pcs Baby Boys' French Fries Print Short Sleeve T-Shirt And Long Pants Set, Spring And Summer",Baby & Maternity
,700+ sold recently,5.85,10.0,1.0,"Summer Baby Boys' Bear Pattern Top & Plaid Shorts 2pcs/Set, Cute College Style",Baby & Maternity
,100+ sold recently,10.99,0.0,1.0,Cozy Cub Baby Boy Cartoon Animal Pattern Hooded Color Block Short Sleeve Romper,Baby & Maternity
,800+ sold recently,8.0,0.0,1.0,Baby Girl's Spring Sleeveless Romper 2pcs Outfit,Baby & Maternity
,400+ sold recently,7.79,0.0,1.0,SHEIN Maternity Summer Casual Simple Footprint Pattern Tank Top,Baby & Maternity
,200+ sold recently,13.2,0.0,1.0,"6pcs/Set (3pcs Swaddling Blanket + 3pcs Hat) Newborn Baby Receiving Blanket And Hat Set, Baby Sleeping Bag Suitable For Infants 0-6 Months, Boys And Girls, Spring And Autumn",Baby & Maternity
,1.4k+ sold recently,5.0,0.0,1.0,Baby Boy Dinosaur Print Sleeveless Top & Plaid Shorts Casual 2pcs Set For Summer,Baby & Maternity
,300+ sold recently,3.24,40.0,1.0,Baby Boy Slogan Graphic Bodysuit,Baby & Maternity
,300+ sold recently,7.0,9.0,1.0,SHEIN Genkimix Kids Baby Boy Letter Patched Detail Half Button Tee & Shorts,Baby & Maternity
,1.5k+ sold recently,3.49,17.0,12.0,"SHEIN Baby Girl Solid Color Suspender Jumpsuit, Comfortable, Cute And Sweet, Suitable For Summer",Baby & Maternity
,300+ sold recently,7.73,34.0,6.0,SHEIN Baby Boy Letter Graphic Pullover & Drawstring Waist Pants,Baby & Maternity
,100+ sold recently,11.1,10.0,1.0,SHEIN Baby Girl Summer Casual Comfortable Frilled Round Neck Short Sleeve Shorts Cartoon Pattern Fireproof Homewear Pajama Set (4pcs),Baby & Maternity
,,6.69,0.0,1.0,SHEIN Maternity Paisley Pattern Shirred Wide-Waist Shorts,Baby & Maternity
,3.7k+ sold recently,11.19,0.0,1.0,SHEIN Maternity Seamless Yoga Athletic Leggings,Baby & Maternity
,40+ sold recently,9.69,24.0,1.0,SHEIN Baby Girl Lovely Summer Knitted Solid Color Bodysuit With Open Crotch 3pcs/Set,Baby & Maternity
,400+ sold recently,10.5,7.0,1.0,"Baby Boy 4pcs Cartoon Dinosaur Pattern Striped Short Sleeve Top And Shorts Set, Cute For Spring And Summer",Baby & Maternity
,90+ sold recently,10.9,0.0,5.0,"Girls' New Comfortable Flower Patterned Princess Sandals, Toddler Baby Casual Fashionable Walking Shoes For Spring/Summer",Baby & Maternity
,1.0k+ sold recently,12.5,8.0,6.0,Baby Boy Letter Graphic Colorblock Bomber Jacket & Sweatpants,Baby & Maternity
,600+ sold recently,10.79,0.0,6.0,"SHEIN Women's Casual Spaghetti Strap Maternity Tank Top With Large Round Neckline, Long Length",Baby & Maternity
,100+ sold recently,11.89,0.0,1.0,SHEIN Maternity Striped Loose Jumpsuit Featuring Bow Decoration,Baby & Maternity
,400+ sold recently,2.89,41.0,13.0,"1pair Cartoon Design Baby Learning Walking Shoes Socks, Indoor Anti-Slip Socks",Baby & Maternity
,40+ sold recently,6.4,0.0,1.0,Baby Girl Colorful Strap Mesh Swimsuit With Bowknot Swim Cap 2pcs/Set Summer Swimwear,Baby & Maternity
,600+ sold recently,4.2,0.0,1.0,Baby Boy Fashionable Casual Summer Slogan Printed Short Sleeve Bodysuit,Baby & Maternity
,200+ sold recently,10.4,9.0,1.0,Baby Boy Short Sleeve Casual Top And Shorts Set With Baseball Collar,Baby & Maternity
,,20.89,0.0,1.0,SHEIN Pregnant Women's Plus Size Loose Fit 2pcs/Set Short Sleeve Single-Breasted T-Shirt And High-Waisted Shorts Set,Baby & Maternity
,70+ sold recently,3.3,46.0,1.0,3Pcs/Set Suction Cups Spinning Top Toy Baby Game Infant Relief Stress Educational Rotating Rattle Bath Shower  Toys Children Gift(some parts are sent random),Baby & Maternity
,200+ sold recently,6.76,2.0,1.0,"Summer Toddler Boys' Letter Print Round Neck Short Sleeve T-Shirt & Shorts Set, Handsome Style For Daily And Campus",Baby & Maternity
,1.8k+ sold recently,4.9,8.0,4.0,6pairs Kids Minimalist Anti-slip Socks,Baby & Maternity
,700+ sold recently,12.79,0.0,1.0,SHEIN Maternity Striped Round Neck Crop Top And Split Skirt Summer Casual Two-Piece Set,Baby & Maternity
,2.0k+ sold recently,3.2,9.0,1.0,"THE POWERPUFF GIRLS X SHEIN Kids' Short Socks, 3 Pairs",Baby & Maternity
,50+ sold recently,5.1,7.0,1.0,Boys' Infant/Toddler Simple And Fashionable All-Over Allover Print Construction Truck Short-Sleeve Tight-Fit 2pcs Homewear Set,Baby & Maternity
,60+ sold recently,8.99,0.0,1.0,Cozy Cub Baby Girl Colorful Striped Decor Lace Trimmed Romper With Crossed Shoulder Straps,Baby & Maternity
,3.2k+ sold recently,15.58,12.0,6.0,Summer Fashionable Casual Short Sleeve T-Shirt And Shorts Set For Baby Boys,Baby & Maternity
,,5.7,10.0,5.0,Baby Girl Newborn Contrast Lace Bow Back Bodysuit & Headband Photography Prop,Baby & Maternity
,700+ sold recently,9.85,20.0,1.0,Baby Boy Colorblock Flap Pocket Hooded Coat Without Tee,Baby & Maternity
,800+ sold recently,10.6,9.0,5.0,Baby Girl Ruffle Trim Tee & Floral Print Overall Romper With Headband,Baby & Maternity
,,2.9,3.0,1.0,16PC Montessori sensory toys visual stimulus learning activity card for baby(3-6months),Baby & Maternity
,200+ sold recently,15.39,0.0,1.0,"SHEIN Summer Solid Color Maternity Jumpsuit With Tie Waist, Workwear Pockets, Casual Tapered Legs",Baby & Maternity
,600+ sold recently,3.37,16.0,1.0,"SHEIN Baby Girl Casual Cartoon Short Sleeve Round Neck Top With Summer Scenery Pattern, Suitable For Summer",Baby & Maternity
,2.9k+ sold recently,7.9,7.0,1.0,SHEIN Baby Boy Checker Print Tee & Shorts,Baby & Maternity
,200+ sold recently,8.8,7.0,1.0,SHEIN Baby Boy And Girl Cute Long Sleeve Rash Guard Swimwear And Swim Shorts With Shark Print And Patchwork,Baby & Maternity
,400+ sold recently,2.47,33.0,1.0,"1pc Children's Summer Sun Hat With Seahorse Pattern, Windproof Chin Strap",Baby & Maternity
,100+ sold recently,8.59,0.0,1.0,"SHEIN Pregnant Women's Summer Solid Color Pleated Round Neck Tank Top, Casual",Baby & Maternity
,300+ sold recently,7.1,9.0,8.0,Baby Girl Contrast Lace Ruffle Trim Bow Front Romper,Baby & Maternity
,200+ sold recently,7.5,6.0,7.0,Baby Girl Butterfly Printed Short Sleeve Top And Bowknot Wide Leg Pants Set For Spring/Summer,Baby & Maternity
,100+ sold recently,5.5,7.0,1.0,Baby Girl Floral Printed Sleeveless Romper For Summer,Baby & Maternity
,200+ sold recently,11.3,0.0,1.0,Baby Boy Slogan Graphic Sweatshirt & Sweatpants,Baby & Maternity
,10+ sold recently,6.4,9.0,1.0,Baby Girls' Long Sleeve Pink Floral Romper,Baby & Maternity
,700+ sold recently,8.5,9.0,1.0,Baby Boy Short Sleeve Plaid Shirt And Casual Shorts Set For Summer,Baby & Maternity
,,1.97,2.0,1.0,"2pcs Clear Child Safety Locks For Drawers, Fridge, Cabinet Doors",Baby & Maternity
,1.2k+ sold recently,9.8,8.0,1.0,"Baby Boy Independence Day Fun Slogan Print Short Sleeve Bodysuit And Stars Stripes Printed Suspenders Shorts Outfit, Including A Cap, Summer 4th Of July Outfits",Baby & Maternity
,400+ sold recently,7.8,7.0,1.0,Baby Boy Spring And Summer Simple Casual Comfortable Apricot-Colored Letter Printed Short Sleeve And Shorts Set,Baby & Maternity
,600+ sold recently,3.5,8.0,1.0,Baby Girls' Slogan Letter Printed Triangle Bodysuit With Short Sleeves,Baby & Maternity
,90+ sold recently,2.96,60.0,1.0,"Baby Boys' Casual Letter Printed Round Neck Short Sleeve T-Shirt And Shorts Set, Spring/Summer",Baby & Maternity
,500+ sold recently,8.4,8.0,1.0,Baby Girl Allover Floral Print Raglan Sleeve One Piece Swimsuit & Headband,Baby & Maternity
,100+ sold recently,10.89,0.0,7.0,SHEIN Maternity Summer Simple Striped Off-Shoulder Printed Dress,Baby & Maternity
,200+ sold recently,9.9,7.0,1.0,"Baby Boy Autumn/Winter Set, Long Sleeve Smile Face Patterned Suit, Baby Casual Outfit",Baby & Maternity
,,2.44,55.0,1.0,"1 Set ABS Hedgehog Styling Training Matching Toy, Fine Motor Skills Training Montessori Hedgehog Nail Board Game Puzzle Toy, Hand Eye Coordination (Random Accessory Color)",Baby & Maternity
,400+ sold recently,15.99,0.0,1.0,Cozy Cub Baby Boy's Cartoon Sea Animal Pattern Short Sleeve Pullover Tops And Casual Shorts 4pcs/Set,Baby & Maternity
,90+ sold recently,8.24,25.0,1.0,Cozy Cub Baby Boy Gingham Print Shirt & Shorts,Baby & Maternity
,50+ sold recently,6.4,7.0,1.0,SHEIN Newborn Baby Boy/Girl Casual Striped Short-Sleeved Romper With Lapel Collar And Shorts,Baby & Maternity
,1.0k+ sold recently,8.19,22.0,1.0,Baby Girls' Bowknot Decorated Ruffle Trimmed Romper With Pants And Headband 3pcs Outfit,Baby & Maternity
,900+ sold recently,5.23,35.0,6.0,Baby Boy Vertical Striped Shirt & Shorts,Baby & Maternity
,400+ sold recently,9.9,8.0,1.0,SHEIN Newborn Baby Boy's Plain Knitted Soft Casual Round Neck Sleeveless Overlap Top 4pcs Set,Baby & Maternity
,1.2k+ sold recently,13.29,0.0,4.0,SHEIN Maternity Striped Drawstring Waist Sleeveless Dress,Baby & Maternity
,100+ sold recently,7.7,7.0,1.0,"SHEIN Baby Boy Snug Fit Football & Rugby Pattern Color Block Neckline & Cuffs Short Sleeve Top And Long Pants Knit Moisture-Wicking Breathable Homewear Pajama Set, 2pcs",Baby & Maternity
,200+ sold recently,1.17,49.0,1.0,"1 Pair Girls' Toddler Dance Socks Baby Mesh Lace Socks With Big Flower Edge For Age 0-1y, 1-2y, 1-3y",Baby & Maternity
,,11.89,0.0,10.0,SHEIN Maternity Twist Front Ribbed Knit Bodycon Dress,Baby & Maternity
,1.0k+ sold recently,5.35,33.0,1.0,Baby Boy Dinosaur Print Colorblock Tee & Shorts,Baby & Maternity
,200+ sold recently,5.3,0.0,1.0,0-3 Years 2pcs Baby Girls' Summer Heart Print Sleeveless Dress With Bowknot Headband Princess Dress,Baby & Maternity
,,6.0,9.0,1.0,Baby Girl Bowknot Decor Watermelon Pattern Printed Swimsuit,Baby & Maternity
,100+ sold recently,6.7,8.0,1.0,"Baby Girl Independence Day Bowknot Tank Top Striped Star Pattern Print Flared Pants Outfit, Spring/Summer Fashion",Baby & Maternity
,2.7k+ sold recently,8.93,12.0,1.0,"SHEIN 2pcs Baby Girls' Casual Solid Color & Ditsy Floral Strap Dress, Perfect For Spring & Summer",Baby & Maternity
,600+ sold recently,5.19,33.0,5.0,SHEIN Baby Boy's Casual Comfy Solid Color Short Sleeve T-Shirt And Shorts Sports Set,Baby & Maternity
,70+ sold recently,11.9,8.0,9.0,Baby Girl Solid Color Stand Collar Cap Sleeve Top And Cute Elegant Skirt Set For Summer,Baby & Maternity
,100+ sold recently,8.79,20.0,1.0,Cozy Cub Baby Girl Cartoon Design Strawberry Print Ruffled Top And Footed Pants Set,Baby & Maternity
,900+ sold recently,6.5,12.0,1.0,"Baby Girl Casual Landscape & Sun Pattern Short Sleeve T-Shirt And Shorts Set, Suitable For Summer",Baby & Maternity
,300+ sold recently,7.9,8.0,1.0,"SHEIN 2pcs/Set Baby Boys' Striped Fabric Round Neck T-Shirt And Shorts, Suitable For Outing",Baby & Maternity
,800+ sold recently,4.65,1.0,1.0,Summer Cute Short Sleeve Round Neck Puppy Printed T-Shirt And Matching Solid Color Shorts 2pcs Casual Outfit Set For Baby Boys,Baby & Maternity
,900+ sold recently,7.9,7.0,4.0,Baby Girl Sweet & Fashionable Solid Colored Halter Neck Top And Bell Bottom Pants Set For Vacation And Party,Baby & Maternity
,800+ sold recently,2.9,9.0,6.0,One Children Sun Protection Solid Color Bucket Cap Fishing Cap Beach Cap,Baby & Maternity
,4.0k+ sold recently,6.6,7.0,5.0,SHEIN Genkimix Kids Baby Boy Letter Patched Detail Waffle Knit Tank Top & Shorts,Baby & Maternity
,,11.78,13.0,1.0,5pcs/Set Baby Boys' Everyday Casual Sports Breathable Quick-Drying All-Match Athletic Shorts,Baby & Maternity
,900+ sold recently,10.8,0.0,1.0,SHEIN Baby Boys' Elastic Waist Water Wash Jeans,Baby & Maternity
,200+ sold recently,12.92,12.0,1.0,"Baby Girl 6pcs/Set Cute, Interesting, Elegant Flower Patterned Short Sleeve T-Shirt And Shorts Outfits For Spring And Summer",Baby & Maternity
,200+ sold recently,4.98,17.0,1.0,Baby Girl Mesh Skirt With Headband Photography Prop,Baby & Maternity
,,11.99,0.0,1.0,SHEIN Maternity V-Neck Lace Detail Long T-Shirt,Baby & Maternity
,600+ sold recently,7.09,0.0,1.0,SHEIN Maternity Button Front Rib-knit Tank Top,Baby & Maternity
,,3.97,39.0,5.0,Baby Solid Swaddling Blanket,Baby & Maternity
,200+ sold recently,4.4,8.0,1.0,SHEIN Baby Girls Shiny Star Printed One Piece Swimsuit With Glitter Decoration,Baby & Maternity
,1.9k+ sold recently,9.2,8.0,1.0,"Baby Boy Textured Short Sleeve Shirt And Shorts Set, Streetwear Style",Baby & Maternity
,500+ sold recently,6.64,60.0,7.0,SHEIN Maternity Solid Color Simple Style 2pcs/Set,Baby & Maternity
,1.5k+ sold recently,4.79,20.0,1.0,Cozy Cub Baby Boy Colorblock Patched Pocket Contrast Binding Romper,Baby & Maternity
,100+ sold recently,2.64,40.0,5.0,"Baby Girl Heart Slogan Printed Short Sleeve Bodysuit, Summer",Baby & Maternity
,200+ sold recently,10.1,8.0,1.0,Baby Girl Ruffle Hem Flounce Sleeve Blouse & Flare Leg Pants,Baby & Maternity
,700+ sold recently,10.3,7.0,1.0,Baby Girl 3D Ear Design Hooded Zipper Teddy Jumpsuit,Baby & Maternity
,800+ sold recently,9.8,8.0,1.0,SHEIN Baby Boy Printed Turn-Down Collar Leisure Cardigan And Shorts Set,Baby & Maternity
,200+ sold recently,8.0,10.0,1.0,SHEIN Baby Girl Casual Summer Solid Color Ruffled Strap Tank Top With Elastic Waist Snug Fit Long Pants Suit Is Suitable For Summer.,Baby & Maternity
,,11.59,0.0,4.0,SHEIN Maternity Summer Beach Hollow Out Slit Side Cover Up Dress,Baby & Maternity
,10+ sold recently,5.0,0.0,1.0,"Cute 'My Tie Loves Me' Printed Short Sleeve Romper For Infants, Summer Indoor/Outdoor Leisure Clothing, Comfortable Sweat-Absorbing Material",Baby & Maternity
,300+ sold recently,0.72,49.0,1.0,"5pcs Long Handle Bottle & Cup & Straw & Feeding Cup Cleaning Brushes, Portable & Easy To Clean",Baby & Maternity
,60+ sold recently,5.9,9.0,1.0,"LOONEY TUNES X SHEIN Baby Boy Cartoon Printed Striped Athletic Style Color Block Short Sleeve Romper Set, Summer",Baby & Maternity
,200+ sold recently,7.47,37.0,1.0,SHEIN Maternity Ruffle Hem Belted Dress,Baby & Maternity
,300+ sold recently,3.5,13.0,1.0,Baby Girl Casual Simple Letter Graphic Cami Romper Suitable For Summer,Baby & Maternity
,1.0k+ sold recently,9.0,8.0,1.0,Baby Boy Dinosaur Print Contrast Binding Hooded Belted Robe,Baby & Maternity
,600+ sold recently,7.1,9.0,1.0,2pcs/Set Baby Girls' Independence Day Heart Print Asymmetrical Neck Ruffle Trim Top & Shorts Cool And Cute Daily Casual 4th Of July Outfit,Baby & Maternity
,700+ sold recently,16.59,0.0,7.0,SHEIN Maternity Solid-Colored Cropped Top And Dress Set,Baby & Maternity
,100+ sold recently,1.02,43.0,1.0,Toddler Girls Solid Over The Knee Socks,Baby & Maternity
,800+ sold recently,9.99,0.0,1.0,Cozy Cub Newborn Baby Girls' & Boys' Thickened Hooded Romper With Antlers Design,Baby & Maternity
,,9.3,8.0,1.0,Baby Girl Flower Printed Ruffle One-Piece Swimsuit With Hat,Baby & Maternity
,100+ sold recently,9.0,7.0,1.0,SHEIN Baby Girl Cloud Cartoon Pattern Footed Romper Pajamas,Baby & Maternity
,100+ sold recently,12.1,10.0,1.0,"SHEIN Baby Girl Casual Simple Solid Color Tiered Frill Texture Fabric Short Sleeve Dress Set, 2pcs",Baby & Maternity
,200+ sold recently,2.32,60.0,1.0,"3pcs Baby Silicone Bowl, Spoon, Fork Set With Suction Cup Base, Microwave & Dishwasher Safe, Ideal For Self-Feeding Or As Training Tableware",Baby & Maternity
,,9.99,0.0,1.0,Cozy Cub Baby Girl 3D Ear Design Hooded Zipper Up Thermal Lined Jacket,Baby & Maternity
,500+ sold recently,3.4,0.0,1.0,"Baby Plush Slippers, Cute Flower Pattern Baby Sandals, Comfortable For All Seasons",Baby & Maternity
,900+ sold recently,8.8,7.0,1.0,Baby Girl Floral Print Bow Front Frill Trim Dress & Headband,Baby & Maternity
,100+ sold recently,1.7,0.0,1.0,"1pc Wooden Baby Announcement Sign, ""Hello World"" Newborn Welcome Sign, Newborn Photography Prop",Baby & Maternity
,900+ sold recently,16.4,0.0,6.0,"Baby Girls' Satin, Mesh Puffy Dress With Bow Knot Back Decoration, Elegant & Birthday Party Dress",Baby & Maternity
,400+ sold recently,11.49,0.0,4.0,SHEIN Maternity Notched Collar Short Sleeve Dress With Slit,Baby & Maternity
,,5.9,0.0,1.0,"1pc 80*80cm Pink Coral Fleece Children's Bath Towel With Hooded Cape, Newborn Bath Wrap Blanket, Kids Swaddle Blanket",Baby & Maternity
,,14.79,0.0,4.0,SHEIN Pregnant Women's Random Printed Simple Style Daily Maternity Tube Dress,Baby & Maternity
,,36.99,63.0,1.0,"Baby Potty Training Toilet With Realistic Flushing Sound & Feel Like An Adult Toilet, Removable Pot, Toddler Potty Seat With Storage Tank And Toilet Paper Holder For Aged 1-3",Baby & Maternity
,,10.7,10.0,1.0,Maternity Heart Printed High Waist Vacation Casual Dress,Baby & Maternity
,90+ sold recently,7.0,0.0,1.0,"Baby Boy Colorful Stripe Collar Short Sleeve Shirt And Shorts Set, Summer",Baby & Maternity
,100+ sold recently,10.59,0.0,1.0,Maternity Plus Size High Waist Belly Support Shorts,Baby & Maternity
,100+ sold recently,5.4,0.0,1.0,Baby Girl Summer Cap Sleeve Cute Flower Pattern Dress With Exquisite Bow,Baby & Maternity
,,15.09,0.0,4.0,SHEIN Printed Maternity Tube Dress For Summer,Baby & Maternity
,,11.0,15.0,1.0,"SHEIN Baby Girl Casual Simple Short Sleeve Round Neck Tops With Cute Animal Graphics, 3pcs/Pack For Summer",Baby & Maternity
,1.4k+ sold recently,10.2,0.0,1.0,"2pcs/Set Cute And Soft Baby Girl Dress With Letter Slogan And Floral Print Design, Solid Color Bodysuit And Hairband, Perfect For Casual, Daily, Vacation And Outdoor Activities",Baby & Maternity
,,8.39,0.0,6.0,SHEIN Maternity Solid Color Arc Hem Tank Top,Baby & Maternity
,,7.03,1.0,4.0,"Baby Minimalist Breathable Hollow Out Shoes, Fashionable & Cute & Versatile",Baby & Maternity
,200+ sold recently,6.1,0.0,1.0,"Infant Boys' Simple Letter Printed Short Sleeve T-Shirt And Shorts Set, Summer",Baby & Maternity
,1.1k+ sold recently,5.9,9.0,11.0,Baby Boy Lion Print Half Button Tank Romper,Baby & Maternity
,80+ sold recently,8.5,9.0,5.0,Fashionable One-Piece Swimsuit With Random Print And Hat Set For Baby Girls,Baby & Maternity
,,9.8,13.0,1.0,SHEIN Cute Baby Girls' Summer Fun Cartoon Printed Plaid Long Sleeve Hooded Jacket,Baby & Maternity
,,1.72,54.0,1.0,"1 Pc Silicone Remote Control Model, Soft Silicone Teething Toy Suitablefor Toddler Boys And Girls Easter Gift Teething Toys",Baby & Maternity
,900+ sold recently,13.8,9.0,1.0,"SHEIN Streecool Kids Baby Girl Trendy Street Style Denim Outfit, Summer",Baby & Maternity
,100+ sold recently,9.7,8.0,1.0,SHEIN Baby Boy Half Button Bodysuit & Knot Front Sweatpants,Baby & Maternity
,2.7k+ sold recently,7.5,7.0,6.0,Baby Girl Knitted Top And Ruffle Strap Set,Baby & Maternity
,,12.99,0.0,9.0,"SHEIN Women's Casual Loose Fit Round Neck T-Shirt With Adjustable Elastic Waist Shorts, Maternity Outfit",Baby & Maternity
,1.0k+ sold recently,12.9,9.0,1.0,"SHEIN Newborn Baby Boys' Casual, Comfortable, Fashionable, Simple, Practical, Versatile, Cute Summer 3pcs Set: Striped Overall, White Knitted Peter Pan Collar Top, Striped Buttoned Hat",Baby & Maternity
,600+ sold recently,12.3,0.0,1.0,"Baby Summer Sports Sandals, Brown Neutral Woven Straps Flat Sandals",Baby & Maternity
,60+ sold recently,7.6,8.0,1.0,Summer New Leisure Dress + Hat For Baby Girls',Baby & Maternity
,,7.5,12.0,1.0,Baby Girl Cartoon & Slogan Graphic Thermal Lined Hoodie,Baby & Maternity
,200+ sold recently,4.2,7.0,1.0,THE POWERPUFF GIRLS X SHEIN Baby Girl Cartoon Graphic Slip Dress,Baby & Maternity
,,5.76,7.0,4.0,SHEIN BASICS Maternity Solid Biker Shorts,Baby & Maternity
,800+ sold recently,8.0,9.0,4.0,Baby Girl Summer Holiday Style Floral Print Square-Neck Short Puff Sleeve Dress With Ruffled Hem,Baby & Maternity
,300+ sold recently,5.5,8.0,1.0,SHEIN Vintaside Kids Baby Girl Heart Print Ruffle Trim Bodysuit,Baby & Maternity
,100+ sold recently,9.95,50.0,1.0,5pcs/Set Toddler Boys Cute Cartoon Letter Print Casual Short Sleeve Romper  For Summer,Baby & Maternity
,100+ sold recently,3.3,3.0,1.0,"1pc Carrot-Shaped Baby Mobile Toy, Suitable For 0-3 Years Old Boys And Girls, Sensory Learning Toy, 12 Functions, Multiple Sound Effects And Lights, Teething Toy, Ideal Baby Gift",Baby & Maternity
,500+ sold recently,10.29,0.0,1.0,SHEIN Maternity Adjustable Waist Color Block Shorts,Baby & Maternity
,10+ sold recently,6.6,8.0,1.0,"10 Pairs Solid Color Candy-Colored Low Cut Socks, Cute Summer Breathable Loose Elastic Hosiery, No-Slip And Non-Squeezing Feeling",Baby & Maternity
,2.2k+ sold recently,11.96,5.0,1.0,SHEIN Maternity Daisy & Plaid Print Ruffle Armhole Blouse,Baby & Maternity
,1.5k+ sold recently,9.9,0.0,1.0,Spring Style Baby Girl's Bee Print Top And Pants With Bow Decoration,Baby & Maternity
,100+ sold recently,6.6,12.0,1.0,"Baby Girl Casual Cartoon Printed Short Sleeve And Shorts Set, Suitable For Summer",Baby & Maternity
,300+ sold recently,9.6,9.0,1.0,TOM & JERRY X SHEIN Baby Boy Colorblock Cartoon & Letter Graphic Set,Baby & Maternity
,400+ sold recently,7.4,0.0,1.0,Summer Fashionable White Romper With Starry Print Shorts Set For Baby Girl (With Headband),Baby & Maternity
,700+ sold recently,5.37,37.0,7.0,"2pcs Parent-Child Matching Leopard Embroidery Baseball Cap, Outdoor Fashion Visor Cap",Baby & Maternity
,800+ sold recently,7.2,6.0,4.0,2pcs Baby Boys' Fashionable Buttoned Pocketed Vest And Shorts Set For Summer Holiday,Baby & Maternity
,500+ sold recently,5.8,8.0,1.0,"3pairs Girls Solid Casual Slouchy Socks, For Daily Life",Baby & Maternity
,2.5k+ sold recently,11.79,0.0,7.0,SHEIN MaterniWear Maternity Knot Elastic Waist Slant Pocket Shorts,Baby & Maternity
,,7.74,47.0,5.0,"SHEIN Maternity Summer Beach Solid Color Drawstring Ruched One-Piece Swimsuit, Maternity Bathing Suit",Baby & Maternity
,100+ sold recently,6.5,8.0,1.0,Baby Girl Stylish Printed Mesh Spliced Flutter Sleeve Swimsuit,Baby & Maternity
,,2.86,1.0,1.0,"4 Pacifier Case, Pacifier Holder Case, Travel Pacifier Case,",Baby & Maternity
,60+ sold recently,7.3,12.0,1.0,SHEIN Summer Baby Girl Cute Floral Patchwork Bowknot Sleeveless Dress,Baby & Maternity
,400+ sold recently,12.4,8.0,1.0,Baby Girl Newborn Belted Robe & Towel & Headband Photo Outfit,Baby & Maternity
,200+ sold recently,14.09,0.0,6.0,"SHEIN Maternity Frayed Edge Denim Shorts, Casual And Versatile For Spring/Summer",Baby & Maternity
,200+ sold recently,16.49,0.0,1.0,SHEIN Maternity Simple Solid Color Casual Jumpsuit With Shoulder Straps,Baby & Maternity
,200+ sold recently,4.1,7.0,4.0,SHEIN Baby Boy Casual Knit Half Turtleneck Sweater With Letter Patchwork Design,Baby & Maternity
,200+ sold recently,11.7,9.0,1.0,SHEIN Baby Girl Solid Tank Top & Pants & Open Front Teddy Coat,Baby & Maternity
,400+ sold recently,2.9,9.0,6.0,1pc Kids Solid Color Sun Protection Bucket Hat Fishing Hat Beach Hat,Baby & Maternity
,,2.78,59.0,1.0,"1pair Spring And Summer New Arrival Breathable Unisex Baby Walking Shoes, Indoor Anti-Slip One Step Ahead Infant Shoes, Casual Shoes",Baby & Maternity
,100+ sold recently,8.6,0.0,1.0,"2pcs Cute Baby Boys' 4th Of July Outfit, Soft, Comfortable, Breathable Printed Letters Slogan Print T-Shirt & Star Striped Print Drawstring Sports Shorts Suitable For Casual Wear",Baby & Maternity
,300+ sold recently,5.1,7.0,1.0,6pairs Girls Solid Anti-slip Socks,Baby & Maternity
,1.0k+ sold recently,8.5,0.0,5.0,Baby Boy Spring And Autumn Cartoon Bear Pattern Long Sleeve Round Neck Sweatshirt And Trousers Set,Baby & Maternity
,1.0k+ sold recently,5.1,9.0,1.0,"Baby Boy Watermelon Print Woven Fabric Swim Trunks Beach Shorts, Summer",Baby & Maternity
,400+ sold recently,7.0,9.0,1.0,Baby Girl Floral Print Ruffle Trim One Piece Swimsuit,Baby & Maternity
,100+ sold recently,10.1,6.0,4.0,Baby Girl Solid Hooded Teddy Jumpsuit,Baby & Maternity
,300+ sold recently,4.5,8.0,11.0,SHEIN Baby Girl Solid Cami Romper,Baby & Maternity
,,11.59,0.0,1.0,SHEIN Solid Color Elastic Maternity Casual Everyday Shorts,Baby & Maternity
,900+ sold recently,3.6,8.0,4.0,3pairs Toddler Girls Bow Decor Socks,Baby & Maternity
,2.4k+ sold recently,3.5,8.0,6.0,SHEIN Baby Girl Butterfly Print Tie Dye Cami Romper,Baby & Maternity
,100+ sold recently,5.57,54.0,7.0,Baby Boy Color Block Short Sleeve Bodysuit And Shorts Set,Baby & Maternity
,,13.64,22.0,4.0,SHEIN Maternity Floral Lace Trim Robe & Slip Dress For Mother,Baby & Maternity
,400+ sold recently,25.0,7.0,1.0,Baby Boy Soft And Comfortable Bodysuit With Long Pants,Baby & Maternity
,200+ sold recently,21.01,4.0,1.0,SHEIN Maternity Summer City Leisure Round Neck Short Sleeve Solid Color Slim Multi-Color Pregnancy T-Shirt,Baby & Maternity
,3.5k+ sold recently,9.3,0.0,1.0,Baby Girl Spring Floral Printed Tank Top And Solid Colored Shorts,Baby & Maternity
,20+ sold recently,7.1,13.0,1.0,"Matching Sisters, Baby Girl Casual Simple Letter Printed Short Sleeve Outfit, Suitable For Spring And Summer",Baby & Maternity
,600+ sold recently,8.1,9.0,1.0,"SHEIN Baby Girl USA Independence Day July 4th Star Stripe Pattern Knitted Solid Color Ruffle Trimmed Tank Top Striped Flared Pants Outfit, Summer",Baby & Maternity
,3.1k+ sold recently,7.0,7.0,4.0,Baby Boy's Casual Round Neck Short Sleeve T-Shirt + Shorts 2pcs/Set Outfit,Baby & Maternity
,,3.55,28.0,1.0,Baby Girls' Multicolor Patchwork Casual Simple Dress,Baby & Maternity
,300+ sold recently,11.3,7.0,1.0,Newborn Baby Boy Photography Number And Letter Graphic Blanket With 2pcs Accessory,Baby & Maternity
,,3.51,10.0,1.0,"Organic Bamboo Reusable Breast Pads For Breastfeeding - 6pcs/8pcs + Wash Bag, Super Absorbent Breast Pads Nipple Pads For Breastfeeding Nursing Pads For Breastfeeding(Random Color Shipping)",Baby & Maternity
,1.1k+ sold recently,4.5,8.0,4.0,"Baby Boy Cute And Fun Slogan Graphic Bodysuit, Spring/Summer",Baby & Maternity
,200+ sold recently,9.3,7.0,1.0,Baby Girl Newborn Ruffle Trim Jumpsuit & Headband,Baby & Maternity
,200+ sold recently,10.19,0.0,1.0,SHEIN Maternity Striped Print Tee,Baby & Maternity
,,10.79,0.0,6.0,SHEIN Women's Casual Spaghetti Strap Maternity Tank Top With Round Neckline,Baby & Maternity
,400+ sold recently,3.9,7.0,1.0,Baby Girl Round Neck Letter Printed Summer Casual Top,Baby & Maternity
,,18.49,0.0,4.0,SHEIN Maternity Pocket Front Knot Shoulder Strap Jumpsuit,Baby & Maternity
,800+ sold recently,8.3,9.0,5.0,2pcs Baby Boy Summer Casual Cute 3D Bear Shirt & Shorts Outfit,Baby & Maternity
,90+ sold recently,7.39,68.0,10.0,SHEIN Maternity Mock Neck Split Hem Tee & Adjustable Waist Flare Leg Pants,Baby & Maternity
,40+ sold recently,5.73,53.0,1.0,2pcs Baby Boy Fashionable Plaid Button Short Sleeve Bodysuit And Casual Letter Printed Long Pants For Spring/Summer,Baby & Maternity
,300+ sold recently,11.2,11.0,1.0,SHEIN Baby Girl Square Bag Flutter Sleeve Lace Dress,Baby & Maternity
,400+ sold recently,6.9,8.0,4.0,"SHEIN Party Style Newborn Baby Girls' Romper With Ruffle Collar, Puff Sleeves And Shorts, Sweet, Cute, Casual, Loose, Fashionable Item For Spring And Summer",Baby & Maternity
,100+ sold recently,7.4,8.0,1.0,"SHEIN Baby Boy Casual College Style Comfortable Simple Practical All-Match Soft And Cool Spider Element Printed Short Sleeve T-Shirt And Spider Printed Shorts , Breathable And Comfortable, Suitable For Spring And Summer",Baby & Maternity
,100+ sold recently,2.43,19.0,1.0,"5 Pairs Of Children's Funny Expression Patterned Mid-Calf Socks, Casual, Comfortable, Versatile Sports Socks For Daily Wear And Back-To-School Outfits",Baby & Maternity
,600+ sold recently,7.1,9.0,1.0,Baby Girl Plaid Cami Bodysuit Dress,Baby & Maternity
,400+ sold recently,5.0,7.0,1.0,Newborn Baby Girl Moon & Star Photography Jumpsuit & Hat,Baby & Maternity
,40+ sold recently,4.35,21.0,1.0,"1 Pair Of Girls' Rubber Sole Anti Slip Water Park Cute Water Shoes, Cartoon Shark Pattern Underwater, Beach Breathable Swimming Soft Soled Children's Diving Socks, Drifting And Snorkeling Yoga Shoes, And Baby Walking Shoes",Baby & Maternity
,200+ sold recently,3.4,15.0,1.0,"Baby Boy/Girl July 4th Independence Day Flag Slogan Casual Sleeveless Vest, Suitable For Summer",Baby & Maternity
,600+ sold recently,9.2,8.0,1.0,Baby Girl Newborn Ruffle Trim Jumpsuit & Headband,Baby & Maternity
,6.4k+ sold recently,6.83,9.0,1.0,12 Pairs Non Slip Toddler Socks  Infant Baby Kids Grip Socks For Boy Girls Anti Skid Ankle Socks For 0-5 Year Children,Baby & Maternity
,,3.4,8.0,5.0,5pairs Kids' Novelty Expression Design High Elasticity High Tube Sports Socks,Baby & Maternity
,,16.23,15.0,1.0,SHEIN Maternity 3pcs Solid Ruched Side Tee,Baby & Maternity
,100+ sold recently,10.5,11.0,1.0,SHEIN Baby Girl Summer Casual Color Block Loose Bubble Short Sleeve Dress With Turndown Collar,Baby & Maternity
,,10.58,12.0,1.0,SHEIN Baby Girl Snug Fit 4pcs Cute Cow Pattern Short Sleeve Shorts Knitted Home Pajama Set For Summer,Baby & Maternity
,100+ sold recently,6.7,9.0,1.0,SHEIN Baby Girl Cute Cartoon Printed Short Sleeve One Piece Swimsuit,Baby & Maternity
,300+ sold recently,12.54,13.0,1.0,"3pcs/Set Baby Girls' Summer Outfits, Red Bowknot & Star Patterned Sleeveless Top With Hat And Multi-Layered Skirt, Cute And Chic Daily Casual Wear 4th Of July Outfit",Baby & Maternity
,400+ sold recently,7.7,7.0,1.0,"SHEIN Baby Boy And Girl Casual Cute Knitted Striped Short Sleeve Romper With Snap Closure Shorts, Suitable For Summer",Baby & Maternity
,100+ sold recently,5.6,11.0,1.0,SHEIN Baby Girl Watermelon Pattern Ruffled Tank Top And Triangle Bikini Bottom Swimsuit Set For Summer,Baby & Maternity
,700+ sold recently,4.5,0.0,1.0,White Baby Girls Shoes Soft Sole Ruffle Sandals For Newborn Girls - Anti-Slip Baby Shoes First Walkers Summer,Baby & Maternity
,20+ sold recently,11.3,0.0,1.0,"Music Breathing Simulation Otter Plush Toy, Comfortable Soft Otter Stuffed Animal With Light & Rhythm Features, Fun Companion Toy For Family And Friends, Ideal Easter Gift, Batteries Not Included",Baby & Maternity
,900+ sold recently,12.9,0.0,1.0,Baby Girl Cute Sleeveless Square Neck Casual Dress 3pcs/Set,Baby & Maternity
,,13.49,0.0,8.0,SHEIN Maternity Stretchable Slit Thigh Skirt,Baby & Maternity
,300+ sold recently,10.99,0.0,1.0,"Cozy Cub Baby Girl Spring Summer Boho Beach Washed Ruffle Trim Waist Baggy Casual Comfortable Denim Jeans Shorts, Summer Clothes Outfits",Baby & Maternity
,100+ sold recently,4.32,52.0,1.0,Baby Boy Casual Plaid Patchwork Romper And Plaid Shorts Set For Summer,Baby & Maternity
,800+ sold recently,10.29,0.0,7.0,SHEIN Maternity Striped Tank Dress,Baby & Maternity
,,13.79,0.0,1.0,SHEIN Maternity Elastic Knitted Fabric Comfortable Adjustable Waist Black Denim Shorts,Baby & Maternity
,500+ sold recently,8.4,0.0,1.0,Baby Boy 2pcs/Set Summer Embroidered Letter Polo Shirt And Shorts Gentleman Outfits Casual Clothes,Baby & Maternity
,400+ sold recently,5.5,8.0,1.0,10pairs/Set Children's Random Solid Color Spring/Summer Casual Short Socks,Baby & Maternity
,3.1k+ sold recently,6.08,12.0,1.0,SHEIN Baby Boys' Casual And Versatile Tiger Printed Outfit For Spring And Summer,Baby & Maternity
,,4.7,6.0,5.0,Newborn Baby Boy Waffle Knit Jumpsuit & Hat Photography Prop,Baby & Maternity
,400+ sold recently,7.5,50.0,1.0,SHEIN Baby Girl's Casual Knitted Solid Color Sleeveless Dress Three Pieces Set,Baby & Maternity
,700+ sold recently,6.81,17.0,1.0,Baby Girls' Cow Head & Floral Printed Romper With Suspender And Shorts,Baby & Maternity
,60+ sold recently,2.34,67.0,4.0,SHEIN Maternity Pure Color Simple Style Daily Strapless Top,Baby & Maternity
,20+ sold recently,3.9,0.0,1.0,"Fishing Light Up Bath Toy Set, Glowing Animal Tub Toy No Hole Light Up Bathtub Toy ,Luminous Ocean Animal Floating Toy With Fishing Net,Bathroom Fishing Game Bath Toy",Baby & Maternity
,50+ sold recently,4.9,65.0,1.0,Baby Girl Striped And Polka Dot Printed Solid Color Pants 3pcs Set,Baby & Maternity
,500+ sold recently,5.7,40.0,1.0,Baby Girl Ruffle Trim Jacket & Cartoon Print Dress,Baby & Maternity
,400+ sold recently,11.42,16.0,1.0,Baby Boy 4-Piece Long-Sleeved Bodysuit,Baby & Maternity
,,14.89,2.0,8.0,"SHEIN Summer Beach Maternity Solid Color Hollow Out Ruffle Trim One-Piece Swimsuit, Maternity Bathing Suit",Baby & Maternity
,20+ sold recently,3.4,0.0,1.0,"1pc Fresh Food Feeder Pacifiers, Baby Teether, Fruit Vegetable Silicone Feeder, Silicone Food Feeder, Teething Toys",Baby & Maternity
,,5.6,0.0,4.0,Infant Baby Girl 4th Of July Outfit American Flag Print Romper Jumpsuits 1-18 Months Bodysuit With Headband,Baby & Maternity
,400+ sold recently,3.3,8.0,1.0,"1pc Children's Sun Protection Cap With Cartoon Excavator Pattern, Suitable For Boys And Girls, Ideal For Daily Outdoor Activities, Vacation, Traveling, And Beach",Baby & Maternity
,,4.1,0.0,1.0,"Wooden Rain Tube Musical Instrument, Children's Sound Toy, Simulation Rainbow Hourglass & Rain Stick",Baby & Maternity
,100+ sold recently,4.26,18.0,1.0,Baby Girls' Cute Letter Print Casual Short Sleeve Round Neck T-Shirt For Summer,Baby & Maternity
,300+ sold recently,3.72,39.0,9.0,"5pairs/set Boys' Cute Monster Design Heel Protectors Sports Socks, Comfortable & Versatile Crew Socks For Back To School Outfits",Baby & Maternity
,70+ sold recently,4.2,7.0,1.0,Summer Heart Pearl Mesh Cap Cute Bowknot Baseball Cap Sun Hat For Little Girls,Baby & Maternity
,500+ sold recently,4.45,32.0,1.0,Baby Girl Cute Cartoon Printed Short Sleeve Top And Shorts Set For Summer,Baby & Maternity
,400+ sold recently,11.3,14.0,1.0,Baby Boy Casual Simple 4pcs Printed Short Sleeve Round Neck Tops Set For Summer,Baby & Maternity
,60+ sold recently,3.8,7.0,1.0,1pc Unisex Kids' Cat Ear Baseball Cap For Spring And Autumn,Baby & Maternity
,300+ sold recently,7.1,0.0,1.0,2pcs/Set Baby Boy Casual And Comfortable American Flag Sunglasses Pattern Short Sleeve T-Shirt And Star Striped Patchwork Shorts Summer Outfits 4th Of July Outfits,Baby & Maternity
,,23.1,8.0,1.0,Baby Girl Distressed Individuality Frayed Lovely Denim Outfit,Baby & Maternity
,,4.0,7.0,1.0,Infant Boys' Casual Fist Bump Print Triangle Romper With Slogan Letter Print Short Sleeve,Baby & Maternity
,400+ sold recently,7.89,0.0,1.0,SHEIN Maternity Adjustable Waist Floral Printed Shorts,Baby & Maternity
,,14.79,0.0,6.0,SHEIN Maternity Distressed Denim Shorts,Baby & Maternity
,400+ sold recently,12.56,20.0,8.0,SHEIN Baby Girl Casual Knitted Solid Color Jumpsuit With Spaghetti Strap Shorts 5pcs/Set,Baby & Maternity
,100+ sold recently,6.3,9.0,1.0,SHEIN Baby Girl Casual Floral Pink Elastic Waist Pants 2pcs/Set,Baby & Maternity
,80+ sold recently,5.4,10.0,1.0,"SHEIN Baby Girl Street Style Casual Solid Color Grid Pattern Suspenders Tank Top With Elastic Waist Skirt, Suitable For Summer",Baby & Maternity
,,12.99,0.0,1.0,SHEIN Maternity Holiday Casual Floral Printed Spaghetti Strap Dress,Baby & Maternity
,700+ sold recently,3.9,0.0,1.0,"Baby Girls' Floral Bodysuit, Summer, Cute And Casual",Baby & Maternity
,400+ sold recently,10.41,23.0,6.0,Baby Boy Letter Patched Striped Trim Varsity Jacket & Sweatpants Without Tee,Baby & Maternity
,400+ sold recently,5.8,9.0,1.0,Spring/Summer Baby Boy's Simple Comfortable Solid Colored Button-Down Romper,Baby & Maternity
,400+ sold recently,8.16,20.0,1.0,Baby Girl Slogan Graphic Ruffle Trim Bodysuit & Camo Print Belted Sweatpants With Headband,Baby & Maternity
,,8.62,25.0,8.0,SHEIN Maternity Solid Peplum Tee,Baby & Maternity
,2.6k+ sold recently,6.0,0.0,1.0,Summer Baby Girl Cute Cherry Pattern Sleeveless Top And Casual Shorts Sweet Toddler Girl Outfit,Baby & Maternity
,800+ sold recently,9.99,0.0,1.0,SHEIN Pregnant Young Casual Vest Round Neck Striped Tight Dress,Baby & Maternity
,1.6k+ sold recently,16.69,0.0,1.0,SHEIN Maternity Casual Sleeveless Bodycon Dress With Large Round Neckline,Baby & Maternity
,50+ sold recently,1.6,0.0,1.0,"Wooden Half Circle Handheld Bell, Children's Musical Instrument, Infant Early Educational Toy, Baby Rattle",Baby & Maternity
,1.8k+ sold recently,2.5,11.0,1.0,"Girls' Ruffle Socks With Frilly Cuff, Double-layered Fluffy Lace Dress Socks With Turn-down Cuff Perfect For Toddlers, Little Girls, Flower Girls, Pageant, Wedding, Party, Costume, Easter, Dance Or Other Formal Occasions.",Baby & Maternity
,300+ sold recently,19.5,8.0,1.0,5pcs Baby Girls' Simple Solid Color Tank Top And Shorts Set Summer Outfits,Baby & Maternity
,,9.11,9.0,1.0,Baby Boys Simple Printed Cute Style Swimwear,Baby & Maternity
,200+ sold recently,10.2,9.0,4.0,Baby Girl Hot Denim Shorts With White Casual Cotton Shorts,Baby & Maternity
,300+ sold recently,8.8,7.0,1.0,Baby Boys' Striped Long Sleeve Top And Pants Pajama Set With Hat,Baby & Maternity
,200+ sold recently,30.29,0.0,5.0,Solid Color Nursing Clothes For Women,Baby & Maternity
,200+ sold recently,5.1,0.0,1.0,Star Print Breastfeeding Pillow,Baby & Maternity
,300+ sold recently,4.0,7.0,5.0,"1pc Children's Casual Fashionable Solid Color Cap With Love Embroidery, Adjustable Ponytail Slot, Sun Protection",Baby & Maternity
,1.0k+ sold recently,7.6,10.0,1.0,"SHEIN Baby Girl 4th Of July Casual Knitted Striped Colorblock Cartoon Pattern Ruffle Hem Sleeveless Romper With Stretch, Suitable For Summer Festival Celebration",Baby & Maternity
,,14.29,4.0,1.0,SHEIN Maternity Solid Split Hem Tee & Biker Shorts,Baby & Maternity
,200+ sold recently,3.4,8.0,1.0,Baby's Solid Color Beret Hat For All Seasons,Baby & Maternity
,200+ sold recently,7.6,10.0,1.0,Baby Girl Ruffle Trim Tee & Gingham Print Paperbag Waist Bow Front Shorts,Baby & Maternity
,300+ sold recently,6.5,11.0,1.0,Nick 90s X SHEIN Baby Girl Cartoon Graphic Contrast Mesh Bodysuit,Baby & Maternity
,500+ sold recently,9.6,9.0,1.0,Baby Girls' White Floral Lace Mesh Bodysuit With Ruffle Hem,Baby & Maternity
,100+ sold recently,2.6,7.0,12.0,Kids' Colorful Dance Tights/Leggings,Baby & Maternity
,100+ sold recently,3.3,11.0,1.0,SHEIN Baby Girl Cute And Simple Striped Knit Color Block  Mid-Length Camisole Dress For Summer,Baby & Maternity
,1.7k+ sold recently,13.69,0.0,1.0,SHEIN Pregnant Women's Backless Cropped Top And Shorts With Ruffled Hem Two-Piece Set,Baby & Maternity
,100+ sold recently,5.19,25.0,1.0,SHEIN Cute And Casual Baby Girl Sun-Proof Hooded Jacket With Floral Pattern,Baby & Maternity
,,7.7,4.0,1.0,"Toddler Girls' Ladybug Printed Short Sleeve T-Shirt And Shorts Set, Black & Red Polka Dots Cartoon Princess Outfits",Baby & Maternity
,50+ sold recently,7.7,0.0,1.0,Baby Boy Heart & Slogan Graphic Jumpsuit,Baby & Maternity
,200+ sold recently,15.4,11.0,1.0,SHEIN Baby Girl Cute Knitted Solid Color Bow Cami Dress Crossbody Bag Hairband Three-Piece Set,Baby & Maternity
,60+ sold recently,4.4,6.0,1.0,SHEIN Baby Girl Leopard Print Knitted One Shoulder Swimsuit With Elasticity,Baby & Maternity
,50+ sold recently,4.2,0.0,1.0,"Baby Boy Triangle Printed With Fun Text, Bodysuit",Baby & Maternity
,300+ sold recently,4.55,13.0,1.0,Baby Girls' Summer Butterfly Patterned Dress With Beautiful Bowknot Details On Flared Sleeves,Baby & Maternity
,300+ sold recently,13.49,0.0,1.0,SHEIN Maternity Mock Neck Ruffle Trim Mesh Insert Dress,Baby & Maternity
,400+ sold recently,8.99,0.0,6.0,SHEIN Maternity Solid Ruched Side Tee,Baby & Maternity
,,6.0,0.0,1.0,"Multifunctional Portable USB Rechargeable Octopus Mini Foldable Handheld Fan With Led Light For Baby Strollers, Bending & Twist Free ,3 Adjustable Speeds Desk Fan For Baby's Room, Camping, Travel And Live Streaming ,Can Be Hung,Placed Or Wrapped Around ; Silent Outdoor & Office Cooling Fan, Neck Fan,Stand Fan",Baby & Maternity
,,1.54,36.0,1.0,"Random Colored Fruit Shaped Baby Teether, Rattle, And Educational Toy Set For Teething And Encouraging Development",Baby & Maternity
,100+ sold recently,8.1,0.0,1.0,"Infant Summer/Fall Letter Printed Short Sleeve Romper & Cow Pattern Flare Pants Headband Set, Cute Casual 3pcs Outfit",Baby & Maternity
,200+ sold recently,26.39,0.0,1.0,SHEIN Maternity Nursing Round Neck Sleeveless Vest With Pleats - Slim Fit,Baby & Maternity
,400+ sold recently,6.68,30.0,1.0,Baby Boy Bear Print Jumpsuit & Hat,Baby & Maternity
,100+ sold recently,1.56,22.0,1.0,1pc Universal Baby Stroller Mosquito Net Full Cover Dustproof Insect Shield,Baby & Maternity
,200+ sold recently,4.62,32.0,1.0,Baby Girl Flamingo Print Frilled High Neck One Piece Swimsuit With Headband,Baby & Maternity
,70+ sold recently,1.6,0.0,1.0,"1pc Baby Rattle Teether Toy, Cute Deer Shaped For Teething, Newborn Gift, Color Random",Baby & Maternity
,,13.5,8.0,1.0,Baby Girls' Snug Fit Floral Print Round Neck Long Sleeve Jumpsuit Pajamas,Baby & Maternity
,100+ sold recently,12.3,8.0,1.0,Baby Boy's Color Block Letter Print College Style Jacket And Long Pants Set,Baby & Maternity
,300+ sold recently,6.5,7.0,1.0,Baby Boys' 4th Of July Outfits Independence Day Minimalist Letter Print Short Sleeve T-Shirt & Star Striped Shorts Set For Summer,Baby & Maternity
,800+ sold recently,8.6,9.0,1.0,"Baby Girl Swimwear Set, Shell Shaped Ruffle Swimsuit & Swimwear, Beach Dress",Baby & Maternity
,1.0k+ sold recently,3.5,8.0,6.0,4pairs Solid Color Children's Lace Dance & Princess Party Socks With Floral Edge,Baby & Maternity
,1.5k+ sold recently,1.6,0.0,1.0,12pcs Baby Bow Decor Headband,Baby & Maternity
,,12.39,0.0,1.0,SHEIN Solid Color Maternity Pants With Adjustable Waist,Baby & Maternity
,40+ sold recently,8.8,10.0,1.0,"TEENAGE MUTANT NINJA TURTLES X SHEIN Baby Girl 2pcs Cartoon Printed Contrast Binding Bodysuit,Summer",Baby & Maternity
,200+ sold recently,20.3,0.0,1.0,8pcs Baby Boy Comfortable And Fashionable Tie-Dye Round Neck T-Shirt And Casual Shorts Set,Baby & Maternity
,,3.9,0.0,1.0,Summer New Style Breathable Soft Bottom Casual Sandals For 0-1 Year Old Baby,Baby & Maternity
,60+ sold recently,3.43,48.0,4.0,"Infants"" Letter Print Colorblock Sleeveless Vest And Shorts Set",Baby & Maternity
,400+ sold recently,13.1,15.0,1.0,"4pcs/Set Casual And Simple Family Matching Short Sleeve Round Neck Bodysuit With Letter Print For Baby Girl, Summer",Baby & Maternity
,1.0k+ sold recently,13.72,4.0,1.0,"SHEIN Maternity Round Neck Split Hem T-Shirt And Elastic Waist Shorts Two Piece Set, Casual",Baby & Maternity
,600+ sold recently,6.96,44.0,1.0,SHEIN Maternity Button Detail Dress,Baby & Maternity
,,5.0,9.0,1.0,Baby Boy Casual Camouflage Cargo Shorts,Baby & Maternity
,,8.1,0.0,1.0,"4pcs Colorful Patterned Baby Swaddles, Unisex Thin Square Swaddle Blankets Suitable For Newborns And Infants",Baby & Maternity
,300+ sold recently,10.2,0.0,8.0,Baby Girl's Summer Cap Sleeve Sweet Bow Knot And Cute Animal Print Two-Piece Dress,Baby & Maternity
,300+ sold recently,5.38,16.0,7.0,Baby Boy Cartoon Bear Pattern Short Sleeve T-Shirt And Plaid Shorts Set,Baby & Maternity
,200+ sold recently,5.2,0.0,1.0,Infant Summer Slip-On Fringed Soft Bottom Sandals With Rubber Sole For Boys And Girls,Baby & Maternity
,,12.0,0.0,1.0,"Baby Girl's Pink Princess Dress With Printed Mesh Skirt,  Cute Flower Girl Dress",Baby & Maternity
,1.0k+ sold recently,0.87,49.0,1.0,1pc Infant Cute Floral Headband With Bowknot,Baby & Maternity
,,4.17,44.0,1.0,"7PCS Baby Bath Toys, Floating Fishing Toy With Fishing Nets, Sea Animal Bath Toys,Color Changing Toddler Bathtub Toys, Bath Toys For Toddlers 1-3",Baby & Maternity
,30+ sold recently,4.0,0.0,1.0,"Baby Boys' Animal Printed Vest And Shorts Set, Summer Casual Outfit",Baby & Maternity
,300+ sold recently,3.48,49.0,4.0,3pcs Baby Letter Graphic Knit Hat,Baby & Maternity
,1.1k+ sold recently,13.69,0.0,4.0,SHEIN Maternity Striped Print Drawstring Dress,Baby & Maternity
,2.6k+ sold recently,5.2,9.0,5.0,Baby Girl Cute Slogan Pattern Casual Short Sleeve Bodysuit For Summer,Baby & Maternity
,200+ sold recently,5.3,10.0,1.0,Mr Men Little Miss X SHEIN Baby Girl Cartoon Graphic Ruffle Armhole Bodysuit,Baby & Maternity
,100+ sold recently,8.7,0.0,1.0,"Independence Day Baby Girls' Short Sleeve T-Shirt With Letter, Number And Bow Embroidery, With Double-Layer Polka Dot & Stripe Tiered Skirt And Headband 3pcs Outfit Set",Baby & Maternity
,100+ sold recently,6.0,0.0,6.0,"1pc Children Bath Towel Hooded Cloak Beach Towel, 2 Sizes Available, Quick Drying Water Absorption Bathrobe Cape With Hood, Convenient Changing Clothes Unisex Cute And Colorful Flower Patterned Towel",Baby & Maternity
,,1.02,65.0,1.0,"6-In-1 Montessori Sensory Activity Cube For Kids - Boost Brain Development & Fine Motor Skills, Perfect For Travel",Baby & Maternity
,100+ sold recently,12.99,0.0,1.0,"SHEIN Maternity V-Neck Sleeveless Jumpsuit With Belt, Solid Color, Summer",Baby & Maternity
,500+ sold recently,4.37,38.0,1.0,Summer 3pcs/Set Baby Boy Casual Dinosaur Printed Sports Shorts,Baby & Maternity
,900+ sold recently,13.7,8.0,10.0,Baby Girl Solid Zip Up Hoodie & Sweatpants & Tank Top,Baby & Maternity
,300+ sold recently,7.9,9.0,1.0,SHEIN Summer Baby Boy Positioning Embroidery Short Sleeve  Shorts,Baby & Maternity
,,3.7,0.0,7.0,"1pc Infant Safety Helmet Toddler Anti-Collision Protection Cap For Walking, Children's Anti-Drop Protective Headgear",Baby & Maternity
,300+ sold recently,1.15,50.0,1.0,"Girls' Over Knee Animal Striped Long Socks For Fox, Black Cat Etc.",Baby & Maternity
,,9.7,8.0,4.0,Baby Girl Cool Street Distressed Ripped Casual Comfortable Light Blue Washed Straight Leg Jeans,Baby & Maternity
,,8.99,0.0,1.0,SHEIN Black Maternity Shorts Elastic Yoga Sport High Waist Comfortable Butt Lifting Shorts,Baby & Maternity
,800+ sold recently,18.3,12.0,1.0,SHEIN Baby Girls' Casual Floral & Stripe Pattern Cap Sleeve Cami Romper With Ruffle 3pcs Outfits,Baby & Maternity
,1.0k+ sold recently,12.49,0.0,1.0,SHEIN Maternity Adjustable Waist Split Hem Pants,Baby & Maternity
,500+ sold recently,8.4,10.0,1.0,Baby Girl Floral Print Mesh Overlay Dress,Baby & Maternity
,,10.4,0.0,1.0,"4pcs Infant Swaddle Blanket 76x76cm Newborn Baby Wrap Cloth Printed Soft Receiving Blanket, Baby Accessories",Baby & Maternity
,100+ sold recently,4.88,26.0,1.0,SHEIN Baby Boy Casual Feather Pattern Polo Collar Half-Button Short Sleeve Top,Baby & Maternity
,,9.51,21.0,10.0,SHEIN Maternity Twist Front Ribbed Knit Bodycon Dress,Baby & Maternity
,300+ sold recently,13.99,0.0,1.0,Cozy Cub Baby Girl Cartoon Animal Patterned Round-Neckruffle Short Sleeve Top And Casual Shorts Outfit Set,Baby & Maternity
,900+ sold recently,6.8,8.0,1.0,Fashionable Baby Girl Colorful Plaid Tank Top And Shorts Set For Summer,Baby & Maternity
,200+ sold recently,10.79,0.0,1.0,SHEIN Maternity Polka Dot Printed Dress With Twisted Knot Detailing On The Bust,Baby & Maternity
,600+ sold recently,6.2,9.0,1.0,Baby Girls' Beach Holiday Style Floral Printed Shirred Cami Tank Top And Triangle Briefs Set For Summer,Baby & Maternity
,500+ sold recently,3.6,12.0,1.0,Baby Girl's Casual Love Heart & Mommy Loves Me Pattern Short Sleeve Top Suitable For Summer,Baby & Maternity
,100+ sold recently,2.3,8.0,7.0,1pc Kid Flat Cap Casual Color Block Half-Mesh Breathable Sunscreen Outdoor Simple Fashionable Baseball Cap For Spring/Summer,Baby & Maternity
,,23.59,0.0,1.0,SHEIN Maternity Summer Urban Leisure Belly Support Shorts,Baby & Maternity
,,21.4,0.0,1.0,Fashionable Multi-functional Diaper Bag With Large Capacity & Shoulder Straps; Foldable Portable Bed For Infants & Diaper Bag For Outdoor Use; Foldable Bed Inside The Bag For Mother And Baby,Baby & Maternity
,1.1k+ sold recently,2.5,11.0,4.0,5pairs Kids Solid Casual Ankle Socks For Daily Life,Baby & Maternity
,,1.6,0.0,1.0,"Men Keep Out, Girls Only, Self-Adhesive Bedroom Door Wall Sticker For Decoration",Baby & Maternity
,500+ sold recently,6.0,9.0,1.0,"Baby Girl Simple Ruffle & Hollow Out Detailed Halter Swimsuit With Beachy Trimmings, Summer",Baby & Maternity
,60+ sold recently,4.49,58.0,1.0,"SHEIN Baby Boy Casual Distressed Ripped Frayed Light Blue Denim Jeans,For Spring/Summer",Baby & Maternity
,300+ sold recently,4.4,0.0,1.0,Baby Girl Letter Printed Bread Pattern Short Sleeve Romper,Baby & Maternity
,40+ sold recently,11.8,9.0,1.0,"Lesmle Baby Boys' 2pcs/Set Elegant French Retro Navy Collar Embroidery Printed Top & Shorts, Spring/Summer",Baby & Maternity
,200+ sold recently,10.03,15.0,1.0,New Arrival Spring Korean Style Unisex Fashionable Sandals For Boys With Cute Cross Strap Design And Soft Soles,Baby & Maternity
,600+ sold recently,11.99,0.0,1.0,"Cozy Cub Summer Fashionable All-Match Princess Style Flower Crystal Sandals For Cute Babies, Beach Jelly Shoes",Baby & Maternity
,500+ sold recently,3.2,9.0,10.0,1pc Unisex Baby 1-2yrs Outdoor Sun Protection Breathable Simple Style Gauze Fisherman Hat,Baby & Maternity
,300+ sold recently,16.5,8.0,6.0,"5pcs/Set Baby Boy Bodysuits Featuring Minimalist Style, Solid Colors And Triangular Pattern, Short Sleeves, Suitable For Casual Wear In Spring And Summer",Baby & Maternity
,900+ sold recently,3.0,6.0,10.0,Toddler Boys Baby Girls Baseball Hats Kids Boy Caps Toddler Sun Hats For Summer Adjustable Size,Baby & Maternity
,,5.15,56.0,1.0,"Interactive Pop Up Animal Toys, Montessori Cause And Effect Toys For 2 Year Old Boy Girl Early Learning Musical Baby Toys 18+ Months STEM Toddler Toys Age 2-3 Gift For Infant",Baby & Maternity
,100+ sold recently,4.9,9.0,8.0,"Pack Of 10 Kids Short Socks, Candy Color With Polka Dots Pattern, Soft, Comfortable, Casual And Versatile Ankle Socks. Suitable For Daily Life Or Wear Matching, Random Colors",Baby & Maternity
,10+ sold recently,11.0,0.0,10.0,"New Design Baby Flat Shoes, Fashionable & Versatile Girls' Flat Shoes",Baby & Maternity
,500+ sold recently,6.7,0.0,1.0,"Newborn Baby Girls' Sleeveless Sleeveless Top & Star Printed Bow Decor Shorts Set, Independence Day 2pcs 4th Of July Outfits",Baby & Maternity
,,34.6,0.0,1.0,"SHEIN Baby Boy High Stretch Jeans, , Water Washed, Casual And Fashionable Four-Piece Set",Baby & Maternity
,1.4k+ sold recently,6.6,0.0,1.0,Baby Boy 2pcs Pocket Short Sleeve Top And Black & White Plaid Shorts Simple Fashionable Outfit Spring & Summer,Baby & Maternity
,200+ sold recently,8.1,0.0,1.0,"3pcs Toddler Sunglasses & Letter Printed Sleeveless Vest, Summer Beach Vacation Style, Cool Daily Wear",Baby & Maternity
,1.4k+ sold recently,26.59,0.0,7.0,SHEIN Maternity Wideband Waist Raw Hem Jeans,Baby & Maternity
,800+ sold recently,6.8,9.0,1.0,"Baby Girl Floral Print Romper With Headband, Summer",Baby & Maternity
,500+ sold recently,7.95,34.0,1.0,SHEIN Baby Boy 1pc Cookie & Milk Print Bodysuit & 2pcs Solid Bodysuit,Baby & Maternity
,300+ sold recently,11.2,9.0,1.0,Baby Boy Contrast Trim Jumpsuit & Hat Photo Outfit,Baby & Maternity
,,12.29,0.0,1.0,SHEIN Maternity Shirred Wide Waistband Shorts,Baby & Maternity
,90+ sold recently,4.1,50.0,1.0,Baby Girl Cartoon Printed Raglan Sleeve Top And Triangle Pant Swimsuit Set With Headband,Baby & Maternity
,600+ sold recently,5.0,9.0,1.0,Baby Girl Ditsy Floral Print Ruffle Trim One Piece Swimsuit,Baby & Maternity
,200+ sold recently,10.8,10.0,1.0,SHEIN Baby Girl Casual Simple Solid Color Bubble Short Sleeves Irregular Belted Shirt Elastic Waist Long Pants Set For Summer,Baby & Maternity
,,11.29,0.0,1.0,SHEIN Maternity Summer Holiday Nursing Clothing Floral Waist Tie Wrap Short Sleeve T-Shirt,Baby & Maternity
,800+ sold recently,9.8,8.0,1.0,"SHEIN Baby Boy Ripped Rolled Hem Vintage Washed Denim Jeans Shorts,Spring And Summer Outfits,Baby Boy Summer Clothes",Baby & Maternity
,800+ sold recently,1.3,0.0,1.0,2pcs Baby Flower Decor Fabric Hair Clip,Baby & Maternity
,3.4k+ sold recently,2.97,46.0,1.0,"5pairs Cute Three-Horned Dinosaur Socks For Boys, Elastic, Autumn And Winter Kids' Socks, Moisture-Wicking, Breathable, Comfortable And Fashionable",Baby & Maternity
,500+ sold recently,14.19,0.0,1.0,SHEIN Maternity Plain Color V-Neck Short Sleeve T-Shirt For Daily Spring And Summer Outfits,Baby & Maternity
,500+ sold recently,6.05,45.0,10.0,SHEIN Maternity Ribbed Knit Dress,Baby & Maternity
,300+ sold recently,37.29,0.0,1.0,SHEIN Maternity Summer City Casual Twist Front Sleeveless Bodycon Dress With Large Round Neck,Baby & Maternity
,200+ sold recently,1.77,45.0,5.0,1pc Kid's Knitted Cat Face Embroidery Elastic Beanie Hat,Baby & Maternity
,,10.79,10.0,5.0,SHEIN Maternity Heart Print Batwing Sleeve Nursing Nightdress For Mother,Baby & Maternity
,100+ sold recently,2.07,37.0,1.0,"Universal Portable Baby High Chair Safety Harness, Travel Highchair Safety Seat Belts, Outdoor Feeding Chair Guard Strap",Baby & Maternity
,500+ sold recently,2.6,7.0,4.0,1pc Toddler Kids Gamepad Pattern Fashion Trucker Hat,Baby & Maternity
,,10.09,0.0,1.0,High Waisted Maternity Belly Support Shorts With Expandable Belly Panel Pregnancy Underwear,Baby & Maternity
,100+ sold recently,7.6,0.0,1.0,Baby Boys' Baseball Printed Zipper Long Sleeve Jumpsuit,Baby & Maternity
,80+ sold recently,5.62,52.0,1.0,"Baby Girl Cute Printed Animal Pattern Round Neck Short-Sleeve T-Shirt With Shorts, Casual Snug Fit 2pcs/Set Home Wear",Baby & Maternity
,100+ sold recently,5.7,8.0,4.0,"Baby Girl Solid Color Bowknot Strap Party Dress, Spring And Summer",Baby & Maternity
,800+ sold recently,8.4,9.0,1.0,Lesmle Baby Boy's Plaid Patchwork Romper With Doll Collar And Car Embroidery,Baby & Maternity
,900+ sold recently,2.7,18.0,1.0,Baby Boy Loose Casual Solid Color Round Neck T-Shirt Suitable For Summer,Baby & Maternity
,100+ sold recently,7.9,8.0,1.0,"Baby Girl Striped Trimmed Collar Sleeveless Top And Skirt Set, Summer",Baby & Maternity
,100+ sold recently,6.9,13.0,1.0,"Baby Girl Mother Day Casual Simple Cartoon Rainbow Pattern Short Sleeve Outfit, Suitable For Spring And Summer",Baby & Maternity
,500+ sold recently,9.89,0.0,1.0,SHEIN Maternity Wideband Waist Biker Shorts With Phone Pocket,Baby & Maternity
,,13.99,0.0,1.0,Cozy Cub Fashion Unisex Rainbow Color Comfortable Flat Sandals For Baby Girls In Summer,Baby & Maternity
,100+ sold recently,7.4,11.0,1.0,SHEIN Baby Girl Lovely Floral Patterned Strap Top And Elastic Waist Loose Pants Set For Summer Vacation,Baby & Maternity
,,19.99,0.0,1.0,Cozy Cub 6pcs/Set Newborn Baby Girls' Gift Box Round Neck Long Sleeve Bodysuit Romper Hat & Pants Set Matching Set,Baby & Maternity
,,11.39,5.0,7.0,SHEIN Maternity Scoop Neck Ribbed Knit Dress,Baby & Maternity
,200+ sold recently,3.82,22.0,1.0,1pair Baby Anti-Slip Soft Sole Shoes Socks Indoor Outdoor Breathable Silicone Bottom Sports Shoes,Baby & Maternity
,70+ sold recently,15.7,8.0,1.0,"Set Of 3 Toddler Boys' Simple And Stylish Construction Car Printed Short Sleeve T-Shirts And Shorts, Snug Fit, For Home Wear",Baby & Maternity
,300+ sold recently,2.5,7.0,1.0,"1pc Children Printed Baseball Cap With Bigfoot & Off-Road Vehicle Design, Cute Sunshade Hat For Daily Use",Baby & Maternity
,400+ sold recently,12.1,8.0,8.0,Newborn Baby Boy Elephant Printed Short Sleeve Romper,Baby & Maternity
,400+ sold recently,10.77,22.0,1.0,Baby Boy 3pcs Casual Round Neck Short Sleeve Romper,Baby & Maternity
,800+ sold recently,3.07,17.0,12.0,SHEIN Baby Girl Solid Cami Romper,Baby & Maternity
,500+ sold recently,4.5,0.0,1.0,Baby Boy Newborn Unisex Baby  Letter Printing Cute Bodysuit Clothes For Infant Boy Girl,Baby & Maternity
,300+ sold recently,1.5,0.0,1.0,"1pc Random Color 1st Stage Baby Silicone Spoon,soft Tip Safe Baby Feeding Spoon,self-feeding Training Spoon,utensils For Kids Toddlers",Baby & Maternity
,500+ sold recently,5.7,8.0,1.0,SHEIN Baby Girl Floral And Botanical Printed Swimsuit Set,Baby & Maternity
,,11.7,0.0,1.0,"SHEIN Baby Boy Casual Vintage Washed Flap Pocket Overalls Denim Overalls Romper,Baby Boys Spring And Summer Outfits",Baby & Maternity
,300+ sold recently,8.3,7.0,1.0,Baby Boy European And American Style Street Fashion Trendy And Cool Spider-Man Knitted Jumpsuit With Pants And Hat Three-Piece Set For Little Boys In Summer,Baby & Maternity
,600+ sold recently,8.99,0.0,5.0,Cozy Cub Baby Girl Ruffle Trim Contrast Color Spaghetti Strap Dress For Summer,Baby & Maternity
,200+ sold recently,3.5,8.0,12.0,1pc Kid's Solid Color Adjustable Size Sun Protection Fisherman Hat For Outdoor Activities,Baby & Maternity
,900+ sold recently,7.4,9.0,1.0,SHEIN Baby Girl Strawberry Print Ruffle Trim Top & Ruffle Trim Shorts,Baby & Maternity
,,13.99,0.0,1.0,SHEIN Maternity Summer Beach Fashionable Solid Chain Detail Bikini Set,Baby & Maternity
,900+ sold recently,12.1,8.0,1.0,3pcs Baby Boys' Solid Color Front Bow Tie Bloomers,Baby & Maternity
,100+ sold recently,6.4,0.0,1.0,"Baby Girl Sweet Soft Comfortable Breathable Solid Color Hollow Out Lace Edge Romper With Headband Suitable For Casual Parties, Holidays And Outings",Baby & Maternity
,,3.1,0.0,1.0,"6pcs Blue Newborn Baby Nail & Hair Daily Care Kit, Including Beauty Brush, Comb, And Manicure Set For Home Use",Baby & Maternity
,90+ sold recently,17.2,8.0,1.0,3pcs Toddler Girls' Casual Cute Cartoon Leopard Print Letter Slogan Pattern Short Sleeve T-Shirt And Shorts Sets,Baby & Maternity
,,8.99,0.0,1.0,SHEIN Maternity High Waist Solid Biker Shorts,Baby & Maternity
,400+ sold recently,3.48,36.0,1.0,Baby Boy Slogan Graphic Bodysuit,Baby & Maternity
,,16.69,0.0,1.0,SHEIN Maternity Striped Short Sleeve T-Shirt And Skirt Set,Baby & Maternity
,600+ sold recently,13.89,0.0,7.0,SHEIN Maternity Solid Pocket Patched Overall Romper Without Tee,Baby & Maternity
,500+ sold recently,2.7,7.0,5.0,Toddler Kids Rope Decor Straw Hat,Baby & Maternity
,300+ sold recently,15.99,0.0,1.0,"Cozy Cub 4pcs Baby Boy's Sleeveless Tops Set, Decorative Applique, Knitted, Round Neck",Baby & Maternity
,900+ sold recently,8.39,0.0,6.0,SHEIN Maternity Ribbed Knit Unitard Romper,Baby & Maternity
,,7.45,32.0,1.0,SHEIN Maternity Colorblock High Waist Leggings,Baby & Maternity
,50+ sold recently,2.7,16.0,4.0,5 Pairs Of Spring And Autumn Anti-Skid Mesh Solid Color Baby Boat Socks,Baby & Maternity
,600+ sold recently,5.59,20.0,1.0,Cozy Cub Baby Girl Snug Fit Pajama 2pcs Short Sleeve Top & Long Pants Set With Fun Fruit Pattern,Baby & Maternity
,800+ sold recently,5.0,0.0,1.0,"1 Pair Summer Children's Anti-Slip Sandals, Newborn Baby Girls' Flower Decor Rubber Anti-Slip Walking Shoes",Baby & Maternity
,200+ sold recently,6.4,9.0,1.0,SHEIN Baby Boy's Casual Lightweight Spider Pattern Hooded Jacket,Baby & Maternity
,300+ sold recently,9.39,0.0,1.0,SHEIN Maternity Casual Sleeveless Striped Deep V Neck Tight Short Dress,Baby & Maternity
,1.1k+ sold recently,6.9,0.0,1.0,"Baby Girl Soft And Comfortable Adorable Ruffle Trimmed Romper With Headband Set Suitable For Summer Casual, Holiday, And Party",Baby & Maternity
,100+ sold recently,19.8,9.0,1.0,SHEIN Baby Boy's Casual & Cute Cartoon Animal Stripe Pattern Sleeveless Jumpsuit With Open Crotch Shorts 3pcs/Set For Summer Holiday,Baby & Maternity
,90+ sold recently,3.15,10.0,1.0,"1pc Child Safety Refrigerator Door Lock, Ensuring Your Child Safety, Suitable For Cabinet, Drawer And Dishwasher Refrigerator Lock",Baby & Maternity
,50+ sold recently,2.64,40.0,1.0,6 Pairs/Set Cartoon Anti-Slip Baby Socks For Spring And Summer,Baby & Maternity
,,31.41,10.0,1.0,"1pc Upgraded Gray Folding Baby Bath Tub With Thermometer And Bath Mat, Supports Both Sitting And Lying Down, Suitable For New-Borns And Infants",Baby & Maternity
,400+ sold recently,9.99,0.0,1.0,Cozy Cub Cute Bear Pattern Breathable Soft Comfortable Anti-Slip Durable All-Match Baby Sandals With Holes,Baby & Maternity
,500+ sold recently,11.2,9.0,9.0,Baby Girl And Elegant Butterfly Decorated Mesh Ruffle Hem Embroidery Dress,Baby & Maternity
,,8.59,0.0,4.0,SHEIN Summer Maternity Casual Striped Ruched Slim Fit Vest,Baby & Maternity
,,14.79,0.0,1.0,SHEIN Maternity Vibrant Holiday Shirt With Frill Trim,Baby & Maternity
,500+ sold recently,8.9,0.0,1.0,"Baby Boy 3pcs/Set Fashionable Casual Solid Color Short Sleeve Bodysuit, Spring & Autumn",Baby & Maternity
,,11.5,0.0,1.0,"A Pair Of  Strap Designed Sporty Sandals For Daily & Travel Wear, Baby Sandals",Baby & Maternity
,100+ sold recently,6.2,9.0,1.0,SHEIN Baby Girl Solid Color Halter Top And Tropical Print Swimsuit Set,Baby & Maternity
,500+ sold recently,7.99,0.0,12.0,"Cozy Cub Baby Boy Snug Fit Pajamas, Round Neck Solid Color Top Long Pants 2pcs/Set",Baby & Maternity
,40+ sold recently,8.0,0.0,1.0,"Baby Girl Short Sleeve Heart Print Round Neck T-Shirt & Star Layered Skirt 2pcs 4th Of July Outfits, For Independence Day Or Daily Wear",Baby & Maternity
,10+ sold recently,6.3,9.0,1.0,SHEIN Baby Boy Snug Fit 4th Of July Theme Short Sleeve Top And Shorts Knit Comfortable Skin-Friendly Pajama Set,Baby & Maternity
,200+ sold recently,1.5,12.0,4.0,1pair Kids Cartoon Printed Anti-Slip Floor Socks For Learning To Walk,Baby & Maternity
,2.4k+ sold recently,7.7,0.0,1.0,Baby Girl Spring Letter Printed Sleeveless Bodysuit And Daisy Printed Bloomers Cute Outfit,Baby & Maternity
,100+ sold recently,3.2,11.0,1.0,SHEIN Cute And Versatile Knitted Elastic Cartoon Pattern Snug Fit Pants With Elastic Waist For Baby Girl,Baby & Maternity
,,12.99,0.0,1.0,SHEIN Maternity Nursing Drawstring Waist Button Front Waffle Knit Tank Romper,Baby & Maternity
,200+ sold recently,8.99,0.0,1.0,Cozy Cub Baby Boy Letter Print Tank Top And Casual Shorts Set,Baby & Maternity
,800+ sold recently,12.56,20.0,1.0,Baby Boy 4pcs Baseball Printed Bodysuit Set,Baby & Maternity
,100+ sold recently,7.9,7.0,1.0,Baby Boy Cartoon Print Contrast Binding Jumpsuit & Hat,Baby & Maternity
,700+ sold recently,6.25,19.0,7.0,Baby Boy Patched Pocket Shirt & Shorts Without Tee,Baby & Maternity
,200+ sold recently,8.99,0.0,1.0,Cozy Cub Baby Boy Color Block Round Neck Short Sleeve Top And Sports Shorts 2pcs/Set,Baby & Maternity
,40+ sold recently,6.1,9.0,1.0,"LOONEY TUNES X SHEIN Baby Boy Cartoon Rabbit Printed Contrast Color Casual Comfortable Cute Romper, Summer",Baby & Maternity
,100+ sold recently,7.69,0.0,1.0,SHEIN Maternity Coconut Tree & Cherry Blossoms Printed Round Neck Sleeveless Tank Top,Baby & Maternity
,200+ sold recently,7.9,7.0,1.0,SHEIN Baby Boy Letter Pattern Crew Neck Regular Sleeve Pullover With Decoration Badge + Casual Shorts Outfit Set,Baby & Maternity
,500+ sold recently,10.99,0.0,1.0,SHEIN Maternity Striped Cami Top & Knot Front Shorts,Baby & Maternity
,3.4k+ sold recently,7.4,9.0,1.0,"Baby Girl Striped Bodysuit With Bee & Insect Print, Back Cross Straps & Ruffled Hem, With Headband For Spring & Summer",Baby & Maternity
,100+ sold recently,10.99,0.0,1.0,"Cozy Cub Baby Girl Summer Boho Causal Ripped Baggy Denim Jeans Shorts, Summer Shorts Outfits",Baby & Maternity
,,5.8,0.0,1.0,"Fashionable Summer Outfits For Girls, Cute Bee & Floral Printed Spaghetti Strap Top With Exquisite Bowknot, Matched With Ruffled Shorts, 2pcs/Set For Little Girls",Baby & Maternity
,20+ sold recently,14.3,8.0,1.0,BABY BOY Casual Streetwear Light Wash Ripped Denim Jacket With Slogan Print,Baby & Maternity
,200+ sold recently,10.1,0.0,1.0,5pcs/Set Newborn Photography Props Bean Pillows Crescent Auxiliary Photo Props Baby Basket Fillings Posing Pillow Photo Props,Baby & Maternity
,200+ sold recently,5.6,0.0,1.0,"Children's Clothing Summer Set For Baby Girls, Featuring Cute Bowknot Cap Sleeve Top And Matching Flower Printed Shorts, 2pcs",Baby & Maternity
,100+ sold recently,3.5,8.0,12.0,1pc Children's Solid Color Adjustable Sun Protection Bucket Hat For Outdoor Activities,Baby & Maternity
,80+ sold recently,2.5,7.0,4.0,"1pc Unicorn & Flower Pattern Adjustable Pink Sun Protection Baseball Cap For Boys And Girls, Suitable For Daily Wear, Outdoor Activities, Holidays, Children's Day Gifts, Dopamine Outfits",Baby & Maternity
,400+ sold recently,4.61,8.0,5.0,Baby Boy Bear & Letter Graphic Tee,Baby & Maternity
,100+ sold recently,9.2,8.0,1.0,"SHEIN Baby Boy's Summer Causal Washed Grey Jeans Shorts,Baby Boy Spring Summer Clothes Outfits",Baby & Maternity
,1.1k+ sold recently,12.09,0.0,1.0,"SHEIN Maternity Drawstring Side Halter One Piece Swimsuit, Maternity Bathing Suit",Baby & Maternity
,1.3k+ sold recently,13.89,0.0,1.0,SHEIN Maternity Rolled Up Sleeve Tee & Striped Print Skirt Set,Baby & Maternity
,400+ sold recently,7.03,12.0,1.0,TEENAGE MUTANT NINJA TURTLES X SHEIN Baby Boy Tie Dye Cool Cartoon Graphic Tank Top And Shorts 2pcs/Set,Baby & Maternity
,,7.2,0.0,1.0,Baby Boy Cute 4th Of July Outfit American Print Tank Top And Shorts Independence Day Clothes Set,Baby & Maternity
,,7.29,0.0,1.0,SHEIN Maternity Summer Island Vacation Bandeau Bowknot Neck Maternity Tank Top,Baby & Maternity
,,3.4,8.0,1.0,SHEIN Baby Boy Dinosaur Print Notched Neckline Romper,Baby & Maternity
,400+ sold recently,18.19,0.0,1.0,SHEIN Maternity Pleated Hem Belted Dress,Baby & Maternity
,100+ sold recently,10.4,0.0,1.0,"New Summer Style Unisex TPR Soft Sole Sandals For 6 Months-3 Years Old Infant, Anti-Slip With Magic Sticker Design",Baby & Maternity
,50+ sold recently,3.32,49.0,1.0,Baby Girls' Spring Summer Cute And Fun Pastoral Cow Sunflower Printed Romper,Baby & Maternity
,5.5k+ sold recently,11.22,4.0,1.0,SHEIN BASICS Maternity High Waist Tank Jumpsuit,Baby & Maternity
,700+ sold recently,12.6,0.0,1.0,Baby Car Rear View Mirror,Baby & Maternity
,,12.3,8.0,1.0,SHEIN Baby Boy Snug Fit Dinosaur Pattern Long Sleeve Long Pants Knit Comfortable Sleepwear Four-Piece Set,Baby & Maternity
,,16.89,0.0,1.0,SHEIN Maternity Loose Striped Nursing Dress,Baby & Maternity
,100+ sold recently,4.85,51.0,1.0,Baby Girl Contrast Star Mesh Bow Front Dress,Baby & Maternity
,1.1k+ sold recently,12.6,7.0,1.0,Baby Girls' Heart-shaped Applique Embroidered Denim Overalls,Baby & Maternity
,,11.19,0.0,4.0,SHEIN Maternity Geometric Pattern Adjustable Waistband & Cuffed Pants,Baby & Maternity
,,10.0,7.0,1.0,Baby Boy Simple Retro Casual Overall Sweater Jumpsuit,Baby & Maternity
,200+ sold recently,14.3,9.0,1.0,SHEIN Baby Girls' Casual Loose Fit Long Sleeve Sweater Jumpsuit With Hat,Baby & Maternity
,10+ sold recently,9.8,8.0,1.0,"Infant & Toddler Girls' Ballet Dance Inspired Printed Short Sleeve T-Shirt And Shorts Set, Snug Fit Home Wear",Baby & Maternity
,200+ sold recently,23.49,0.0,6.0,SHEIN Maternity Surplice Neck Belted Dress,Baby & Maternity
,70+ sold recently,11.2,8.0,1.0,"Lesmle Baby Boys' Lapel Double-Breasted Shirt And Shorts Set For Summer, Casual And Elegant",Baby & Maternity
,200+ sold recently,4.7,8.0,1.0,SHEIN Baby Girl 1pc Mesh Yoke Round Neck Dress,Baby & Maternity
,1.1k+ sold recently,17.09,0.0,1.0,SHEIN Maternity Front Tie Cami Dress,Baby & Maternity
,100+ sold recently,6.8,0.0,1.0,"Summer Infant Spider Pattern Round Neck Short Sleeve T-Shirt And Shorts Set, Cool Looking",Baby & Maternity
,400+ sold recently,9.6,0.0,1.0,Baby Girl 3pcs Floral Romper With Pants And Headband Set,Baby & Maternity
,60+ sold recently,12.89,0.0,1.0,SHEIN Maternity Women's Solid Color Simple Daily Pants,Baby & Maternity
,500+ sold recently,6.6,8.0,1.0,"SHEIN Newborn Baby Girl's Lovely Pink Lace Mesh Elegant Gorgeous Photo Photography Outfit Suitable For Birthday, Holiday, Party Events",Baby & Maternity
,400+ sold recently,3.7,0.0,7.0,"1pc Baby Anti-Collision Safety Helmet, Toddler Protective Headgear To Learn To Walk, Fall Prevention Cap",Baby & Maternity
,100+ sold recently,9.6,9.0,1.0,SHEIN Baby Girl Cute ASlouchylouchy Cartoon Bear Pattern Knitted Night Dress With Bubble Neckline And Ruffle Trim Hemline,Baby & Maternity
,100+ sold recently,11.6,8.0,1.0,"SHEIN Baby Boy Spring Summer Boho Causal Patched Pockets Ripped White Denim Jeans Jacket With Short Sleeves,Baby Boy Summer Clothes Outfits",Baby & Maternity
,,11.79,0.0,1.0,SHEIN Maternity Allover Print Puff Sleeve Knot Side Wrap Blouse,Baby & Maternity
,60+ sold recently,10.6,8.0,4.0,"Baby Girl Sweet Embroidered Mesh Dress With Bowknot Decoration And Bubble Sleeves, Summer",Baby & Maternity
,3.0k+ sold recently,4.3,9.0,10.0,10 Pairs Baby Infant Solid Color Short Socks,Baby & Maternity
,400+ sold recently,18.59,0.0,4.0,SHEIN Elegant Maternity Solid Cold Shoulder Tight Midi Dress For Party,Baby & Maternity
,100+ sold recently,10.59,0.0,1.0,SHEIN Pregnant Women's Leopard Print Back Tie Dress,Baby & Maternity
,500+ sold recently,7.8,9.0,4.0,SHEIN Baby Boy Decorative Badge Half-Placket Hooded Sweatshirt And Solid Color Shorts 2pc Set,Baby & Maternity
,,9.09,0.0,1.0,SHEIN Maternity Solid Color High Waisted Pleated Summer Casual Shorts,Baby & Maternity
,,15.79,0.0,1.0,SHEIN Maternity Letter Graphic Tee & Striped Print Skirt Set,Baby & Maternity
,500+ sold recently,6.5,8.0,1.0,SHEIN Baby Boy Snug Fit Fun Fruit Pattern Short Sleeve Summer Casual Comfortable Pajamas Set,Baby & Maternity
,300+ sold recently,5.2,0.0,1.0,Toddler Boys' Summer Shark&Letter Print Sleeveless Vest And Shorts Casual Outfit,Baby & Maternity
,500+ sold recently,9.2,8.0,1.0,"2023 Casual Style Comfy Knitted Texture Solid Color Front Button Opening Jumpsuit With Hat, For Baby Boys",Baby & Maternity
,,15.39,0.0,1.0,SHEIN Maternity Tropical Island Vacation Printed Shirred Shirred-Over Long-Sleeve Jumpsuit,Baby & Maternity
,100+ sold recently,8.0,7.0,1.0,Baby Girl Simple Style Heart Print Full Sleeve Top & Long Pants Casual Two-Piece Home Wear Set,Baby & Maternity
,900+ sold recently,10.99,0.0,8.0,Cozy Cub Baby Boy Solid Button Front Shirt & Shorts Without Glasses And Shoes,Baby & Maternity
,1.2k+ sold recently,6.6,8.0,1.0,"15 pairs Unisex Thin Breathable Comfy Deodorant Sweat-absorbing Low Cut Ankle Socks, Casual Plain Color Socks, Children's Socks & Hosiery For Summer",Baby & Maternity
,400+ sold recently,7.6,7.0,1.0,"Baby Girls' Round Neck Floral Printed Jumpsuit With Flutter Sleeves, Vacation Style, Spring And Summer",Baby & Maternity
,500+ sold recently,6.68,26.0,1.0,Baby Boy Cactus Print Shirt & Shorts Without Tee,Baby & Maternity
,1.1k+ sold recently,23.22,2.0,4.0,SHEIN Maternity High Waist Flare Leg Jeans,Baby & Maternity
,,4.4,0.0,1.0,Baby Boy's Fun Slogan & Letter Print Short Sleeve Bodysuit,Baby & Maternity
,500+ sold recently,12.59,0.0,1.0,SHEIN Maternity Batwing Sleeve Belted Dress,Baby & Maternity
,100+ sold recently,6.25,50.0,1.0,SHEIN Baby Girl Cute Simple Summer Knitted Solid Color Ruffle Sleeveless Tank Top Top 3pcs/Set,Baby & Maternity
,100+ sold recently,3.5,13.0,1.0,"Baby Girl Casual Simple Letter Printed Cami Romper, Suitable For Summer",Baby & Maternity
,,3.5,8.0,8.0,Baby Girl Newborn Photography 1pc Letter Graphic Monthly Milestones Prop,Baby & Maternity
,800+ sold recently,10.2,7.0,1.0,SHEIN Baby Boy Patched Pocket Tee & Flap Pocket Pants,Baby & Maternity
,,17.19,0.0,1.0,SHEIN Maternity Button Front Belted Cami Dress,Baby & Maternity
,100+ sold recently,10.0,0.0,1.0,"Baby Girls' Cute Butterfly & Floral Print Short Sleeve Dress With Ruffled Collar, 2pcs/Set, Summer",Baby & Maternity
,500+ sold recently,9.69,0.0,1.0,SHEIN Casual Striped Spliced Romper Maternity Romper With Spaghetti Strap,Baby & Maternity
,,23.6,9.0,1.0,"Baby Girls' Dress, Perfect For Birthdays, Parties, Performances, Weddings, Christenings, Or Celebrating First Year",Baby & Maternity
,,6.4,0.0,1.0,"1box Remote Control Key Toy Car With Light & Music & Sound Effects, Early Educational & Entertainment, Baby Grasp Training, Simulation Sound & Light Toys, Parent-Child Interaction, Birthday Gifts For Boys & Girls, Batteries Not Included",Baby & Maternity
,100+ sold recently,2.8,0.0,1.0,"2pcs White Child Safety Door Handle Lock Made Of Durable Abs Material, Easy Installation Without Tools, Prevent Children And Pets From Opening Doors",Baby & Maternity
,200+ sold recently,2.8,20.0,1.0,SHEIN Solid Color Sleeveless Knit Top With Round Neckline For Baby Girl,Baby & Maternity
,100+ sold recently,6.6,8.0,1.0,SHEIN Baby Girl Cute Bow Decorated Pocke Washed Denim Shorts For Spring/Summer Boho,Baby & Maternity
,300+ sold recently,6.8,0.0,1.0,"1pc Multifunctional Portable USB Rechargeable Octopus  Baby Strollers Fan , Foldable Handheld Fan With Led Light , Cute Mini Cartoon  Fan With Ears ,Bending & Twist Free ,3 Adjustable Speeds Desk Fan For Baby's Room & Crib ,Can Be Hung,Placed Or Wrapped Around ; Silent Outdoor & Office Cooling Fan, Neck Fan,Stand Fan",Baby & Maternity
,400+ sold recently,6.8,0.0,1.0,Infant/Toddler Summer Short Sleeve Letter Printed Top & Fish Printed Shorts Set For Daily Wear,Baby & Maternity
,400+ sold recently,9.1,9.0,4.0,Solid Color Casual Baby Girls' Strap Dress,Baby & Maternity
,900+ sold recently,1.7,6.0,5.0,"1pair Girls' Solid Color Knee High Socks With Bow, College Style",Baby & Maternity
,,9.19,0.0,1.0,SHEIN Pregnant Women Summer Casual Solid Color Pleated Adjustable Waist Slim Fit Shorts,Baby & Maternity
,,15.49,0.0,8.0,"SHEIN Summer Beach Maternity Twist Detail Swimwear With Ruffled Hemline And Decorative Cutouts, One Piece",Baby & Maternity
,300+ sold recently,3.51,18.0,1.0,SHEIN Baby Girl Casual Striped Knit Sleeveless Dress,Baby & Maternity
,700+ sold recently,5.36,11.0,1.0,Wooden Baby Clothes Divider 8-Piece Wardrobe Divider Closet Sorting Baby Hanger Divider,Baby & Maternity
,600+ sold recently,4.8,6.0,4.0,Baby Boy Slogan Graphic Bodysuit,Baby & Maternity
,100+ sold recently,4.95,50.0,1.0,SHEIN Maternity Nursing Buttoned Half Placket T-Shirt,Baby & Maternity
,200+ sold recently,2.3,8.0,7.0,"1pc Kids Color-Blocked Breathable Sun-Shading Baseball Cap With Mesh Back, Simple And Fashionable, Spring/Summer",Baby & Maternity
,400+ sold recently,3.05,27.0,1.0,Baby Boy Football Letter Print Short Sleeve Bodysuit,Baby & Maternity
,200+ sold recently,11.2,7.0,1.0,SHEIN Baby Boy Casual Simple Knit Colorblock Raglan Sleeve Tee Set Of 4 Suitable For Summer,Baby & Maternity
,30+ sold recently,8.7,0.0,1.0,"Infant Toddler Fish Print Long Sleeve Bodysuit & Waffle-Knit Solid Color Long Pants Hat 3pcs Set, Daily Cute Outfit For Autumn/Winter",Baby & Maternity
,200+ sold recently,7.98,15.0,1.0,"SHEIN Maternity Slouchy Style Round Neck Short Sleeve Striped Regular Fit T-Shirt, Spring And Summer Collection",Baby & Maternity
,1.4k+ sold recently,4.6,8.0,1.0,"1pc Toddler/Big Boys' Fishing Hat Baby Sun Hat Quick Dry, Spring/Summer Outdoor Sport Cap, Climbing/Bushwalking/Camping Hat, Adjustable Head Circumference, Portable, Reversible With Random Color Anti-Lost Chin Cord",Baby & Maternity
,1.6k+ sold recently,11.29,0.0,4.0,SHEIN Young And Casual Loose Maternity Blouse With Ruffled Neckline,Baby & Maternity
,300+ sold recently,8.64,10.0,1.0,"Cute Stainless Steel Lunch Box With Compartments For Children, Insulated, Portable, Bento Box",Baby & Maternity
,,10.5,8.0,1.0,Baby Girl Short Puff Sleeve Ruffle Hem Dress And Single Breasted Strap Vest Set,Baby & Maternity
,100+ sold recently,4.1,0.0,1.0,"Spring/Autumn 0-1 Years Old Baby Princess Shoes With Bow Decoration, Hook And Loop Soft Sole Walking Shoes",Baby & Maternity
,400+ sold recently,1.62,38.0,1.0,"1pair Girls' Pink Fashionable, Versatile, Comfortable, Cute Mid-Calf Socks With Heart & Cartoon Unicorn Pattern",Baby & Maternity
,200+ sold recently,5.59,20.0,1.0,Cozy Cub Baby Girl Snug Fit Pajama Set With Floral Print Round Neck Long Sleeve Top And Footed Pants,Baby & Maternity
,,11.3,9.0,1.0,Summer Daisy Patterned Knitted Camisole Top And Knitted Shorts Set For Baby Girl,Baby & Maternity
,1.3k+ sold recently,3.6,5.0,1.0,Baby Girl Slogan Graphic Bodysuit,Baby & Maternity
,,5.3,0.0,1.0,5pcs/Set Gauze Handkerchief Square Towels For Feeding,Baby & Maternity
,90+ sold recently,6.4,7.0,1.0,"2pcs Baby Boy Casual Daily All-Match Outfit Set, Spring Summer Outfits",Baby & Maternity
,500+ sold recently,7.1,9.0,1.0,Baby Boy 2pcs Plain Color Casual Shirt And Shorts Set,Baby & Maternity
,200+ sold recently,12.4,9.0,1.0,"Toddler Boys' Fashionable Embroidered Tropical Short Sleeve Shirt And Shorts Set, Spring/Summer",Baby & Maternity
,100+ sold recently,4.9,0.0,1.0,7pcs Wooden Baby Wardrobe Divider Size Separator Cutting Clothes Storage Hangers Tag With Olive Branch Pattern,Baby & Maternity
,900+ sold recently,7.3,9.0,1.0,Fashionable Baby Girl Summer Color-Block Watermelon Printed Romper With Ruffle Detail,Baby & Maternity
,200+ sold recently,25.99,0.0,1.0,"SHEIN Maternity Summer Solid Color Casual Sleeveless Top With Wide Straps, Round Neckline And Flared Hem",Baby & Maternity
,700+ sold recently,5.8,9.0,1.0,Baby Girl Lovely Floral Print Tank Top And Shorts Set For Summer Holiday,Baby & Maternity
,,7.7,0.0,5.0,Small Size Thick Multi-functional Baby Carrier With Dual Shoulder Strap; Easy & Convenient Front And Back Facing Baby Carrier; Baby Sling Bag,Baby & Maternity
,1.6k+ sold recently,5.5,8.0,5.0,"10 Pairs Kids' Stripe & Solid Color Casual Comfortable Short Socks, For Medium And Large Size Children",Baby & Maternity
,600+ sold recently,7.2,9.0,1.0,"SHEIN Baby Girl Casual Adorable Cow & Floral Pattern Printed Romper With Flare Sleeves & Bell Bottom Pant Leg For Spring, Summer",Baby & Maternity
,400+ sold recently,19.37,5.0,1.0,SHEIN Maternity Striped Print Drawstring Waist Shirt Dress,Baby & Maternity
,400+ sold recently,8.6,8.0,1.0,Newborn Baby Boy Waffle Knit Jumpsuit,Baby & Maternity
,300+ sold recently,10.99,0.0,1.0,Cozy Cub Baby Girl Floral Pattern Round Neck Ruffled Short Sleeve Top And Casual Shorts Set,Baby & Maternity
,500+ sold recently,18.7,8.0,1.0,Baby Boy's Eagle Printed Round Neck Short Sleeve T-Shirt And Shorts Set,Baby & Maternity
,20+ sold recently,10.6,8.0,1.0,"4pcs Baby Girls' Cute Comfortable Simple Strappy Romper Set, Spring/Summer",Baby & Maternity
,1.6k+ sold recently,5.3,10.0,1.0,"SHEIN Mommy And Me Vacation Floral Print Tank Top & Shorts Set For Baby Girls, Casual And Comfortable",Baby & Maternity
,100+ sold recently,10.3,8.0,1.0,SHEIN Knitted Baby Girl Watermelon Swimsuit Set For Summer With Headband,Baby & Maternity
,700+ sold recently,7.2,0.0,4.0,"Baby Girl Summer Contrast Ribbed Bodysuit With Double-Layered Skirt Hem And Bee Pattern, Comes With A Hair Accessory",Baby & Maternity
,100+ sold recently,2.6,7.0,1.0,One Boys Dinosaur T-Rex Baseball Cap Black Green Mesh Trucker Hat Sun Protection Cartoon Cool Daily Wear For Spring Summer And Travelling,Baby & Maternity
,1.8k+ sold recently,12.09,0.0,6.0,"SHEIN Striped Maternity Bikini Swimwear Set, Ruffle Trim High Waisted Swimsuit Bathing Suit Beach Outfit CLEAN FIT Summer Vacation,Summer Beach",Baby & Maternity
,,9.99,0.0,1.0,Cozy Cub Summer Style Cute And Durable EVA Hollow Out Shoes For Baby Girls With Fun Delicate Bowknot Decoration And Versatile Design,Baby & Maternity
,400+ sold recently,7.7,0.0,1.0,"1pc Baby Bath Toy With Light & Sprinkler Function, Bathtub/Shower Toy, Whale Shaped Water Spray Toy For Boys/Girls",Baby & Maternity
,500+ sold recently,14.4,27.0,1.0,Baby Girl 5pcs Heart & Slogan Graphic Bodysuit,Baby & Maternity
,500+ sold recently,10.1,8.0,1.0,"SHEIN Baby Boy Casual Home Wear Set With Short-Sleeve Open-Front Shirt And Shorts, Featuring Bear And Cloud Print",Baby & Maternity
,600+ sold recently,2.8,0.0,1.0,3pcs Nylon Leopard Print Bowknot Baby Headbands,Baby & Maternity
,30+ sold recently,7.9,7.0,1.0,"Casual Fashion Baby Boy Long Sleeve Romper Jumpsuit, Cartoon Hamburg Pattern Print, Round Neck, Long Sleeves With Covered Feet And Slanted Buttons",Baby & Maternity
,1.3k+ sold recently,15.99,0.0,1.0,Cozy Cub Baby Boy Striped/Solid Color Round Neck Sleeveless Romper 2pcs Set,Baby & Maternity
,300+ sold recently,12.0,8.0,1.0,Baby Boy Kangaroo Pocket Hoodie & Sweatpants,Baby & Maternity
,1.9k+ sold recently,7.1,0.0,1.0,"1pc Baby White Ribbon Three-layer Detachable Wall Mounted Hair Accessories Organizer With 30 Plastic Hooks, Suitable For Baby Room, Living Room Decoration",Baby & Maternity
,300+ sold recently,8.15,50.0,1.0,"SHEIN 3pcs Baby Girl Casual & Daily Basic Cute Heart Pattern Printed Flutter Sleeve Dress Set, Suitable For Spring & Summer Outdoors",Baby & Maternity
,100+ sold recently,5.7,10.0,1.0,"SHEIN Baby Girl Cute Casual Knitted Elasticity Solid Color Patchwork Mesh Open Crotch Camisole Bodysuit, Suitable For Summer",Baby & Maternity
,,17.39,0.0,1.0,SHEIN Maternity Plus Size Knitted Adjustable Waist Slim Fit Leggings,Baby & Maternity
,,23.69,7.0,9.0,SHEIN Maternity 5pack Solid Ruched Nursing Bra For Mother,Baby & Maternity
,700+ sold recently,4.44,47.0,10.0,SHEIN Baby Boy Casual Comfortable T-Shirt And Shorts Sports Set,Baby & Maternity
,100+ sold recently,9.5,8.0,1.0,"Independence Day Sweet Baby Girl Dress, Summer 4th Of July Outfit",Baby & Maternity
,80+ sold recently,5.2,9.0,1.0,2pcs/Set Baby Boys' Cute Bear Printed Short Sleeve Bodysuit With Hat For Summer,Baby & Maternity
,800+ sold recently,3.4,8.0,12.0,Kids Sun Protection Solid Bucket Hat,Baby & Maternity
,80+ sold recently,7.4,11.0,1.0,"SHEIN Cute Baby Girl Striped Colorblock Loose Fit Ruffled Collar Casual Dress, Suitable For Summer",Baby & Maternity
,3.0k+ sold recently,7.8,8.0,1.0,Baby Boys' Cactus Front Buttoned T-Shirt And Shorts Set,Baby & Maternity
,400+ sold recently,3.69,33.0,1.0,"1pc Wooden Baby Tooth Box For Boys, Baby Tooth Organizer For Saving Kids' Teeth, Tooth Collection Box For Infants, Baby Tooth Keepsake Box, Random Design",Baby & Maternity
,200+ sold recently,3.8,0.0,1.0,Wooden Baby Closet Dividers For Baby Cloth Organizer 7PCS/SET Baby Closet Size Dividers One Side Size Hanger Nursery Decor Netural For Boys Girls From Newborn To 24Month,Baby & Maternity
,3.2k+ sold recently,6.1,6.0,1.0,Baby Boy K Letter Printed Casual T-Shirt & Shorts With Round Neckline For Spring/Summer,Baby & Maternity
,1.7k+ sold recently,3.4,0.0,6.0,Baby Bow Decor Hair Band & Socks,Baby & Maternity
,1.1k+ sold recently,3.57,17.0,1.0,Baby Girl Slogan Graphic Tee Bodysuit,Baby & Maternity
,,8.5,8.0,1.0,SHEIN Baby Girl Flower Printed Round Neck Short Sleeve One-Piece Swimsuit For Summer Beach,Baby & Maternity
,500+ sold recently,2.55,41.0,1.0,"Cartoon Letter Print Casual Bodysuit For Baby Boys, Summer",Baby & Maternity
,100+ sold recently,16.6,8.0,1.0,"8pcs Baby Girls' Comfortable And Versatile Floral Print Tank Top And Shorts Set For Spring/Summer, Suitable For Indoor And Outdoor",Baby & Maternity
,100+ sold recently,18.79,0.0,1.0,"SHEIN Women Vacation Leisure Geometric Printed Dress With Ruffled Short Sleeves, Adjustable Waist And Side Slit",Baby & Maternity
,100+ sold recently,3.96,10.0,1.0,Newborn Baby Boy Clothing Round Neck Mother's Day Letter Printed Jumpsuit,Baby & Maternity
,300+ sold recently,2.89,41.0,13.0,"1pair Cartoon Infant Walking Shoes Socks, Indoor Anti-Slip Socks",Baby & Maternity
,300+ sold recently,11.62,17.0,7.0,Baby Boy's Stylish Casual Striped Print Romper Set Of 3 For Spring/Summer,Baby & Maternity
,100+ sold recently,6.99,0.0,1.0,"Cozy Cub Baby Boy's Snug Fit Pajama Set With Cartoon Car Print, Including A Round Neck Short Sleeve Top And Shorts Matching Set",Baby & Maternity
,200+ sold recently,15.9,3.0,1.0,SHEIN Maternity Solid Color Ribbed Tank Top And Shorts Casual 2pcs/Set,Baby & Maternity
,800+ sold recently,7.6,10.0,1.0,"SHEIN Newborn 3pcs/Set Baby Girl'S Summer Casual Floral & Lace & English Letter Print Jumpsuit With Bell-Bottom Trousers And Headband, Holiday Outfit",Baby & Maternity
,300+ sold recently,33.1,8.0,1.0,"5pcs Baby Boy Rompers, 5pcs Pants, 5pcs Hats, 5pairs Gloves, Summer",Baby & Maternity
,500+ sold recently,6.27,28.0,1.0,SHEIN Baby Boy Cartoon Graphic Bodysuit & Pants & Hat,Baby & Maternity
,,6.5,6.0,1.0,Baby Boys' Cute Rooster Printed Short Sleeve Tight-Fitting T-Shirt And Shorts 2pcs Homewear Set,Baby & Maternity
,1.3k+ sold recently,10.4,0.0,11.0,Baby Boys Knit Detail Breathable Sporty Slip On Sneakers Outdoor,Baby & Maternity
,200+ sold recently,7.1,13.0,1.0,"Baby Girl Casual Letter & Floral Printed Simple Short Sleeve Outfit, Suitable For Spring/Summer",Baby & Maternity
,200+ sold recently,10.99,0.0,1.0,Cozy Cub Baby Boy Coconut Tree Patterned Round Neck Short Sleeve Top And Casual Shorts Set For Vacation,Baby & Maternity
,1.7k+ sold recently,9.0,8.0,1.0,Baby Girl Elegant And Sweet Mesh Splicing Dress For Summer,Baby & Maternity
,1.1k+ sold recently,10.69,0.0,1.0,SHEIN Maternity Surplice Neck Unitard Romper,Baby & Maternity
,200+ sold recently,5.61,22.0,13.0,Baby Girl Solid Color Vest Top & Paper Bag Waist Shorts Set,Baby & Maternity
,2.1k+ sold recently,4.41,10.0,1.0,Baby Girl Ditsy Floral Flutter Sleeve Bodysuit & Headband,Baby & Maternity
,200+ sold recently,9.9,7.0,1.0,Infant Girls' Shirt Collar Ruffle Edge Single-Breasted Spring Summer Dress And Top Set,Baby & Maternity
,100+ sold recently,3.96,12.0,1.0,"1pair Fashionable, Comfortable And Cute Soft-Soled Anti-Skid Toddler Flat Shoes",Baby & Maternity
,100+ sold recently,1.76,12.0,1.0,"1pc Wall-Mounted Camera Stand Shelf For Children Room, Universal Bracket For Surveillance Cameras",Baby & Maternity
,600+ sold recently,5.03,44.0,4.0,Cozy Cub Baby Girls' Round Neck Short Sleeve Leopard Print Top And Shorts Set Matching Set,Baby & Maternity
,700+ sold recently,12.1,8.0,1.0,Baby Boys' Cute Dinosaur Round Neck Sweatshirt + Denim Pants Two Pieces Set,Baby & Maternity
,300+ sold recently,7.99,21.0,1.0,"Baby Boys' Comfortable, Handsome, Fashionable English Printed Black Sweatshirt Set",Baby & Maternity
,1.2k+ sold recently,7.84,20.0,1.0,Baby Girl Floral Print Ruffle Trim Bow Front Combo Bodysuit Dress With Hair Tie,Baby & Maternity
,400+ sold recently,2.2,0.0,1.0,"1 Piece Silicone Teether Baby Chew Teething Toys,For 6 To 12 Months And For Babies 12-18 Months Baby Boy And Girl",Baby & Maternity
,100+ sold recently,10.6,8.0,1.0,Baby Boy Bear Embroidery Teddy Sweatshirt & Pants,Baby & Maternity
,100+ sold recently,8.79,20.0,1.0,Cozy Cub Baby Girl Butterfly Print Sweatshirt & Sweatpants,Baby & Maternity
,70+ sold recently,9.9,3.0,1.0,100 Ball Pit Balls For Kids 7 Candy Color Toy Balls For Baby Or Toddler Ball Pit Play Tent Baby Pool Water Toys Kiddie Pool Party Decoration Photo Props 100 Balls,Baby & Maternity
,200+ sold recently,3.65,47.0,1.0,"Infant Boys' Summer Dinosaur Pattern Short Sleeve Top & Camo Shorts Set, Cool College Style",Baby & Maternity
,20+ sold recently,15.59,0.0,1.0,SHEIN Solid Color Simple Maternity Daily Tank Top & Camisole,Baby & Maternity
,,3.1,6.0,1.0,"1pc Breathable Kids' Wide Brim Sun Hat With Adjustable Chin Strap, Suitable For Summer And Beach",Baby & Maternity
,200+ sold recently,8.7,0.0,1.0,Infant Girls Golden Strappy Sandals With Butterfly Detail,Baby & Maternity
,400+ sold recently,10.9,7.0,1.0,Baby Boy Spring & Autumn Casual Plaid Jacket And Solid Color Pants Set,Baby & Maternity
,100+ sold recently,1.39,74.0,1.0,"1pc Olive Green Silicone Baby Feeding Plate, Heat Resistant, Suitable For Daily Use",Baby & Maternity
,50+ sold recently,8.3,8.0,1.0,"SHEIN Baby Boy Casual Soft Cute Ripped Frayed Rough Edges Denim Short,For Summer",Baby & Maternity
,2.0k+ sold recently,8.0,8.0,5.0,"Baby Girl Cute Small Floral Print Zipper Skirted One Piece Swimsuit With Fly Edge Design For Vacation And Sun Protection, Comes With Headband For Summer Beach",Baby & Maternity
,800+ sold recently,9.9,7.0,1.0,Baby Girl 3pcs/Set Round Neck Bubble Long Sleeve Jumpsuit + Flared Pants + Bow Headband,Baby & Maternity
,600+ sold recently,12.6,15.0,1.0,"Baby Girl's Casual Simple Letter Print Short Sleeve Round Neck Romper, 4pcs/Set For Summer",Baby & Maternity
,,7.57,13.0,1.0,"Newborn Photography Prop Baby Knitted Outfit Costume, Cute Puppy Photo Shoot Prop Clothes",Baby & Maternity
,100+ sold recently,9.4,0.0,1.0,Baby Girl Sisters Matching 2pcs Pink And White Striped Sleeveless T-Shirt Dress For Summer,Baby & Maternity
,100+ sold recently,8.4,0.0,1.0,"Summer Baby Girls' Leopard Print Romper & Headband Set, Cute And Fashionable Daily Wear",Baby & Maternity
,200+ sold recently,8.3,0.0,1.0,"Baby Girl Summer Outfit, Embroidered Bodysuit And Peach Printed Pants, Cute",Baby & Maternity
,1.4k+ sold recently,10.4,8.0,1.0,Newborn Baby Girl Solid Color Short Sleeve Romper & Striped Overall Dress With Cartoon Embroidery Set,Baby & Maternity
,,13.8,8.0,5.0,5pcs Baby Boy Basic Solid Color Striped Shorts,Baby & Maternity
,400+ sold recently,12.5,0.0,1.0,Baby Girl Slogan Graphic Bodysuit & Fluffy Overall Jumpsuit,Baby & Maternity
,800+ sold recently,5.9,9.0,11.0,Baby Boy Fashionable Deer Printed Sleeveless Romper,Baby & Maternity
,80+ sold recently,5.37,59.0,1.0,SHEIN SHEIN Baby Girls' Spring New Arrival Lovely  Washed Denim Jacket,Baby & Maternity
,4.3k+ sold recently,3.8,10.0,4.0,"SHEIN Cute Baby Girl, Mommy And Me Knitted Sleeveless Bodycon Dress With Flower Pattern, Casual",Baby & Maternity
,200+ sold recently,10.5,8.0,1.0,Newborn Baby Boy Elephant Print Jumpsuit & Accessory Hat & Bib & Gloves,Baby & Maternity
,300+ sold recently,17.09,0.0,1.0,SHEIN Maternity Drop Shoulder Slit Hem Tee,Baby & Maternity
,,13.19,0.0,1.0,SHEIN Maternity Round Neck Short Sleeve Lace Patchwork Above Knee Bodycon Dress For Romantic Holiday,Baby & Maternity
,,14.3,8.0,1.0,"SHEIN Genkimix Kids Set Of 5 Adorable And Colorful Warm-Toned Bodysuits For Baby Boys, Suitable For Outdoor Activities, Vacation And Holidays In Spring And Summer",Baby & Maternity
,80+ sold recently,13.19,0.0,1.0,SHEIN Pregnant Women Vacation Casual Striped Bodycon Sleeveless Dress With Side Slit,Baby & Maternity
,100+ sold recently,7.3,8.0,1.0,"Baby Boys Simple Overall Short Sleeved Romper Suitable For Home Wear, Full Body Printed With Cars, Snug Fit",Baby & Maternity
,80+ sold recently,2.1,9.0,1.0,"Kids' Sponge Mesh Cap Baseball Cap Mesh Visor Cap, Suitable For Outdoor Activities For Sun Protection And Breathability",Baby & Maternity
,,3.6,0.0,1.0,"4pcs Baby Rattle Toys, Rattle Set, Baby Sensory Toys, Foot-Finder Socks Wrist Rattle Bracelet, Gift Halloween Thanksgiving Christmas Gifts Easter Gift",Baby & Maternity
,300+ sold recently,13.49,0.0,1.0,SHEIN Maternity Floral Print Lace Trim Bubble Sleeve Fashion Vacation Matching Dress,Baby & Maternity
,200+ sold recently,20.48,15.0,1.0,SHEIN Maternity Summer Urban Casual Multicolor Tight-Fitting Spaghetti Strap Dress With Large Round Neckline,Baby & Maternity
,,6.4,9.0,4.0,Baby Boy Unisex Half Button Jumpsuit,Baby & Maternity
,500+ sold recently,7.71,24.0,7.0,Baby Girl 3pcs Floral Print Cami Bodysuit,Baby & Maternity
,,9.34,29.0,1.0,SHEIN Maternity Letter Embroidery Contrast Binding Belted Robe For Mother,Baby & Maternity
,700+ sold recently,4.3,0.0,1.0,I Solemnly Swear That I Am Up To No Good Birth Announcement Baby Boy Bodysuit,Baby & Maternity
,100+ sold recently,8.1,8.0,10.0,"SHEIN Baby Boy 2pcs Casual Street Style Lion Printed Long Sleeve Top And Pants Set, Suitable For Autumn And Winter",Baby & Maternity
,90+ sold recently,7.51,20.0,1.0,SHEIN Solid Color Simple Style Casual Nursing Tank Top,Baby & Maternity
,600+ sold recently,7.2,9.0,1.0,"3pcs/Set Baby Girls New Spring/Summer Red Bowknot American Independence Day Printed Outfit With Headband, Elegant & Cool, Lovely For Daily & Casual",Baby & Maternity
,800+ sold recently,12.1,8.0,1.0,Baby Girls' Cherry Print Embroidered Denim Shorts Set,Baby & Maternity
,100+ sold recently,18.0,0.0,6.0,3pcs Tote Shoulder Bag With Separate Waterproof Compartment For Milk Bottles Travel Mommy Bag,Baby & Maternity
,80+ sold recently,7.9,34.0,5.0,Baby Girl Cloud Pattern 3D Ear Design Hooded Zipper Front Jumpsuit,Baby & Maternity
,200+ sold recently,4.45,46.0,1.0,SHEIN Maternity Striped Spaghetti Strap Nursing Dress,Baby & Maternity
,1.5k+ sold recently,13.2,9.0,6.0,Baby Boy Cute Solid Color Strappy Bodysuit With Wrinkled Fabric Design,Baby & Maternity
,900+ sold recently,4.8,0.0,1.0,Infant's And Toddler's Sandals And Slippers,Baby & Maternity
,80+ sold recently,15.99,0.0,1.0,Cozy Cub Baby Boy's Gentleman Style Doll Collar Short Sleeve Top & Shorts Set,Baby & Maternity
,400+ sold recently,12.8,0.0,1.0,SHEIN Baby Boy Casual Mid-Waist Cat Whisker Fitted Jeans,Baby & Maternity
,70+ sold recently,23.89,0.0,1.0,SHEIN Maternity  Printed Adjustable Spaghetti Strap Cropped Jumpsuit,Baby & Maternity
,30+ sold recently,6.3,9.0,1.0,"10 Pairs Of Kids Socks For Boys And Girls, New Multicolor Striped Fashionable And Versatile Mid-Calf Length Sweat-Absorbing And Wear-Resistant Socks Suitable For All Seasons",Baby & Maternity
,90+ sold recently,21.29,0.0,1.0,SHEIN Maternity Random Print Split Hem Sleeveless Dress,Baby & Maternity
,100+ sold recently,8.09,0.0,8.0,SHEIN Maternity Solid Short Sleeve Tee,Baby & Maternity
,400+ sold recently,18.9,9.0,1.0,SHEIN Baby Boys' 3-Piece Dinosaur Print Footed Zip-Up Sleep & Play,Baby & Maternity
,100+ sold recently,10.59,0.0,1.0,SHEIN Maternity Floral Print V-Neck Romper,Baby & Maternity
,1.1k+ sold recently,11.4,8.0,1.0,"Baby Boys 4-Pack Fun Print Sleeveless Romper, Shark Pattern And Stripes, For Spring/Summer Vacation",Baby & Maternity
,800+ sold recently,7.7,9.0,1.0,Nick 90s X SHEIN Baby Girl Cartoon Little Girl Big Letters Heart Graphic Set,Baby & Maternity
,600+ sold recently,6.4,9.0,1.0,"Baby Boy Positioning Printed Swimwear 2pcs/Set For Summer, Short Sleeve Bathing Suit Beach Outfit Rash Guard Vacation",Baby & Maternity
,,12.29,8.0,1.0,Color Block Thin Border Pocket Letter Print Short Sleeve Shorts Maternity Homewear,Baby & Maternity
,100+ sold recently,17.8,8.0,1.0,Baby Girl Cute Fruit Allover Print 3-Piece Snug-Fit Pajama Set Including Long Pants And Short Sleeve Tops,Baby & Maternity
,100+ sold recently,2.04,45.0,1.0,"6pcs Bath Play Water Little Yellow Duck, Squeeze Sounding Little Duck, Baby Swimming Bathroom Bathing Playmate Duck, Dessert Shop Milk Tea Shop Small Gift",Baby & Maternity
,100+ sold recently,18.69,0.0,1.0,SHEIN Maternity Elastic Knitted Fabric Patchwork & Adjustable Waist Capri Skinny Jeans,Baby & Maternity
,70+ sold recently,21.49,0.0,1.0,SHEIN Maternity Solid Color Stretchy Waist A-Line Skirt For Casual Wear,Baby & Maternity
,80+ sold recently,13.89,0.0,1.0,SHEIN Maternity Garment Eyelet Tie Waist Pants,Baby & Maternity
,100+ sold recently,3.96,40.0,1.0,"Boys' Infant Clothing Set Cartoon Printed Sleeveless Top And Sports Shorts, 2pcs/Set",Baby & Maternity
,30+ sold recently,5.75,50.0,1.0,New Arrival Baby Boys' Striped Cardigan For Fall And Winter,Baby & Maternity
,10+ sold recently,3.8,0.0,1.0,"3pcs Suction Cup Spinning Gyroscope Bath Toy For Baby, Educational Toy For Children",Baby & Maternity
,80+ sold recently,6.39,20.0,1.0,Cozy Cub Baby Boy Snug Fit Pajamas Cartoon Animal Pattern Knitted Soft Round Neck Long Sleeve Top And Long Pants Two-Piece Set,Baby & Maternity
,400+ sold recently,7.1,9.0,1.0,Baby Boy Long Sleeve Sleep Jumpsuit With Ball Design And Zipper,Baby & Maternity
,400+ sold recently,15.3,23.0,1.0,SHEIN Baby Boy Snug Fit Casual Star And Stripe Pattern Short-Sleeved Home Clothes Six-Piece Set,Baby & Maternity
,700+ sold recently,11.29,0.0,1.0,SHEIN Maternity Casual Back Cross Hollow Out Short Sleeve T-Shirt With Curved Hem,Baby & Maternity
,100+ sold recently,5.15,24.0,1.0,"1pair Cute Bear Design Flat Sneakers For Boys And Girls, Suitable For Spring And Summer",Baby & Maternity
,10k+ sold recently,10.0,7.0,8.0,24pairs Kids' Summer Plain Neutral Daily Casual Breathable No-show Socks Set,Baby & Maternity
,,15.43,1.0,1.0,SHEIN Maternity Vacation Casual Striped High Waist Cami Dress,Baby & Maternity
,,9.6,0.0,1.0,"Portable Diaper Changing Pad with Built-in Head Pad, Newborn Diaper Changing Pad with Smart Wipes Pocket, Waterproof Travel Changing Pad Station Kit, Baby Diaper Bag Shower Gift for Boys and Girls",Baby & Maternity
,500+ sold recently,13.2,0.0,4.0,1pc Baby Petal-shaped Sponge Nordic Style Waterproof Bath Mat For Bath Time Use,Baby & Maternity
,900+ sold recently,8.1,7.0,1.0,"Baby Boy Summer Swimwear Short Sleeve Sun Protection Two-Piece Swimsuit Printed With Tropical Plants & Coconut Trees, Suitable For Beach Vacations",Baby & Maternity
,,9.44,10.0,1.0,SHEIN Maternity Rainbow & Cartoon Graphic Nursing Lounge Dress,Baby & Maternity
,400+ sold recently,10.8,8.0,1.0,SHEIN Baby Boy And Girl Sporty And Casual Color-Blocked Short-Sleeve Jacket With Stand Collar And Elastic Waist Shorts Set Suitable For Summer,Baby & Maternity
,300+ sold recently,8.77,22.0,1.0,SHEIN Maternity Striped Overall Dress,Baby & Maternity
,1.6k+ sold recently,4.4,0.0,1.0,Baby Boy Slogan Graphic Bodysuit,Baby & Maternity
,100+ sold recently,1.76,63.0,1.0,"2pcs Black Car Window Shade, Blocking 92% UVR & UVB, All-Season",Baby & Maternity
,100+ sold recently,9.1,8.0,1.0,"TEENAGE MUTANT NINJA TURTLES X SHEIN Baby Boy Cartoon & Checkered Printed Short Sleeve T-Shirt And Shorts Set, Summer",Baby & Maternity
,200+ sold recently,8.7,7.0,1.0,SHEIN Baby Girl Leopard Print & Floral Patchwork Beach Holiday One-Piece Swimsuit With Cover-Up Dress Two-Piece Set,Baby & Maternity
,500+ sold recently,3.98,35.0,4.0,"SHEIN Baby Girl Plain Ruffled Cami Dress Is Comfortable, Cute And Sweet, Suitable For Summer",Baby & Maternity
,70+ sold recently,13.29,0.0,1.0,SHEIN Materinty Vacation Casual Slim Fit Ruched Floral Dress,Baby & Maternity
,,4.3,0.0,1.0,Newborn Male Baby Clothing Round Neck Letter Printed Bodysuit,Baby & Maternity
,900+ sold recently,16.29,0.0,6.0,SHEIN Maternity Vibrant Leisure V-Neck Loose Jumpsuit For Vacation,Baby & Maternity
,300+ sold recently,15.2,8.0,1.0,Baby Boy 6pcs Cute Cartoon Printed Colorful Bodysuit & Shorts Set,Baby & Maternity
,,7.8,0.0,5.0,"Baby Boxes With Letters For Baby Shower, Baby Shower Decorations For Boys Or Girls, Transparent Balloon Boxes Clear Blocks For Birthday Party, Bridal Shower, Gender Reveal(White)",Baby & Maternity
,100+ sold recently,10.99,0.0,1.0,Cozy Cub Baby Girls' Cartoon Pattern & Solid Color Small Foot Pants 3pcs/set,Baby & Maternity
,400+ sold recently,6.1,6.0,1.0,"Baby Boy Cute Transportation Digger Letter Printed Short Sleeve Top And Shorts Set, Summer Casual Fun",Baby & Maternity
,300+ sold recently,18.2,0.0,6.0,"3pcs/set Tote Handbag With Single Shoulder Strap, Separated Wet And Dry Bottle Compartment Travel Mommy Bag",Baby & Maternity
,200+ sold recently,12.3,8.0,1.0,"New Casual Fashion Workwear Style Denim Shorts For Girls, Straight Washed Jeans",Baby & Maternity
,,16.99,0.0,1.0,SHEIN Maternity Summer Urban Leisure Sleeveless Tight Fitting Multicolor Tank Top With Large Round Neckline,Baby & Maternity
,1.1k+ sold recently,3.99,0.0,5.0,Cozy Cub Baby Boy Casual Color Block Letter Print Round Neck T-Shirt,Baby & Maternity
,100+ sold recently,2.9,6.0,7.0,"1pc Solid Color Baseball Cap For Kids With Adjustable Head Circumference, Suitable For Daily Sports And Leisure Activities",Baby & Maternity
,70+ sold recently,3.7,52.0,1.0,SHEIN Newborn Baby Boy Tie-Dye Pattern Short Sleeve Romper With Round Neck,Baby & Maternity
,900+ sold recently,16.59,0.0,1.0,SHEIN Maternity Floral Printed Spaghetti Strap Dress,Baby & Maternity
,300+ sold recently,16.89,0.0,1.0,SHEIN Women Solid Color Simple Style Nursing Camisole Top Clothing,Baby & Maternity
,50+ sold recently,4.1,40.0,1.0,Baby Boy Fun Cute Dinosaur Illustration Short Romper For Spring/Summer,Baby & Maternity
,400+ sold recently,6.65,33.0,11.0,Baby Boy Long Sleeve Jumpsuit With Printed Alphabet Pattern,Baby & Maternity
,100+ sold recently,3.9,7.0,1.0,Fashionable Baby Girl Colorful Printed Short Sleeve T-Shirt,Baby & Maternity
,400+ sold recently,5.2,0.0,1.0,10pcs Cartoon Soft Bristles Toothbrush Set,Baby & Maternity
,300+ sold recently,8.0,0.0,1.0,"Baby Girl Avocado Embroidered Color Block Romper With Ruffle Trim And Headband, Summer",Baby & Maternity
,20+ sold recently,3.2,0.0,1.0,"3pcs/Set Suction Cup Spin Decompression Toys For Bath, Showering, With Music And Puzzle Spinning Gyroscope Toys, Rotating Wave Drum Toys, Suitable For Bathroom Wall, Tub, Glass, Car Window, Etc. Perfect Kids Gift, Birthday Gift, Toys For Boys And Girls (Some Parts' Color Random)",Baby & Maternity
,100+ sold recently,9.2,12.0,1.0,Baby Boys And Children's Casual Letter Pattern Hooded Sweatshirt Suit Suitable For Autumn And Winter,Baby & Maternity
,100+ sold recently,9.1,11.0,1.0,SHEIN Baby Girl Casual Summer Holiday Checkered & Printed Frill Trim Sleeveless Dress,Baby & Maternity
,100+ sold recently,2.3,0.0,4.0,2pcs Newborn Photography Set Baby Angel Feather Wings Photo Shoot Outfits With Leaf Headband,Baby & Maternity
,100+ sold recently,11.54,25.0,4.0,SHEIN Maternity Summer Casual Denim Shorts With Pockets And Button Closure,Baby & Maternity
,100+ sold recently,6.1,0.0,1.0,Fashionable Baby Girl Sunflower Cross Strap Romper With Bowknot And Cap,Baby & Maternity
,50+ sold recently,6.83,57.0,1.0,SHEIN Maternity Fashionable Distressed Frayed Denim Shorts,Baby & Maternity
,,18.79,0.0,4.0,SHEIN Maternity Wide Waistband Slant Pocket Pants,Baby & Maternity
,700+ sold recently,3.61,43.0,11.0,SHEIN Baby Girl Solid Ruffle Trim Shirred Bodice Dress,Baby & Maternity
,1.0k+ sold recently,13.59,0.0,1.0,SHEIN Pregnant Women Striped V-Neck Batwing Sleeve Dress,Baby & Maternity
,500+ sold recently,5.37,37.0,7.0,"2pcs Mother And Baby Matching Hats Embroidered With Letter 'MAMA MINI', Parent-Child Baseball Caps For Mother's Day And Children's Day",Baby & Maternity
,200+ sold recently,8.8,7.0,1.0,Baby Boy Swimwear With Printed Top And Random Printed Bottoms + Swim Cap,Baby & Maternity
,300+ sold recently,6.4,7.0,1.0,"2pcs/Set Baby Boys' Summer Casual Outfit, Featuring Cute Monster Pattern",Baby & Maternity
,,1.8,10.0,4.0,"1pc Toddler Girls' Super Stretch Dance Socks, Breathable Leggings For Spring And Autumn",Baby & Maternity
,400+ sold recently,5.2,0.0,1.0,1pair Comfortable And Versatile Fashionable Gold Flat Shoes For Infants,Baby & Maternity
,500+ sold recently,10.96,17.0,1.0,SHEIN Baby Boy 3pcs Slogan Patched Detail Bow Front Shorts,Baby & Maternity
,600+ sold recently,13.1,8.0,1.0,SHEIN Baby Boy 2pcs Cartoon Graphic Jumpsuit & 2pcs Hat,Baby & Maternity
,400+ sold recently,4.8,6.0,1.0,SHEIN Baby Boy's Letter & Palm Tree Patterned Vacation-Style Swim Trunks,Baby & Maternity
,100+ sold recently,8.1,9.0,1.0,Summer Fashionable 2pcs Baby Boys' Printed Short Sleeve Shirt And Shorts Outfit Set,Baby & Maternity
,800+ sold recently,15.39,0.0,5.0,SHEIN Maternity Tie Backless Ruffle Trim Dress,Baby & Maternity
,,2.07,14.0,1.0,"5pcs/Pack Coral Fleece Small Square Towel, Baby Washcloth, Portable Handkerchief, Random Color",Baby & Maternity
,200+ sold recently,15.79,0.0,1.0,SHEIN Maternity Summer City Casual Round Neck Short Sleeve Slim Fit T-Shirt,Baby & Maternity
,100+ sold recently,10.4,0.0,1.0,4pcs Neutral Baby Simple Swaddle Blanket,Baby & Maternity
,200+ sold recently,6.7,13.0,1.0,"'Birthday Girl' Baby Girl Casual Simple Letter Print Short Sleeve T-Shirt And Shorts Set, Suitable For Summer",Baby & Maternity
,70+ sold recently,2.14,35.0,1.0,"1pair Cute Animal Print Baby Anti-Slip Socks For Infants Toddlers, Warm And Comfortable For All Seasons, Ideal For Home And Daily Wear",Baby & Maternity
,100+ sold recently,5.4,0.0,1.0,"Baby Girl Digital Printed Dress With Bow Decoration And Ruffle Sleeves, Casual",Baby & Maternity
,10+ sold recently,1.7,6.0,1.0,"1pc Newborn Baby Floor Socks Indoor Walking Socks For Autumn & Winter With Breathable Non-Slip Sole, Anti-Cold Children's Trampoline Socks",Baby & Maternity
,1.0k+ sold recently,5.3,7.0,4.0,SHEIN Baby Girl Casual &  Daily Wear Basic & Cute Butterfly Pattern Printed Dress With Belt For Daily Wear,Baby & Maternity
,100+ sold recently,3.33,15.0,1.0,"Baby Boy Casual Simple Dinosaur Printed Short Sleeve Round Neck T-Shirt, Perfect For Summer",Baby & Maternity
,400+ sold recently,6.55,21.0,1.0,SHEIN Baby Boy Casual Knitted Short Sleeve T-Shirt With Letter Pattern And Plaid Shorts Set,Baby & Maternity
,100+ sold recently,18.89,0.0,4.0,SHEIN Maternity Solid Color Shoulder Tie Knot Backless Irregular Ruffle Hem Dress,Baby & Maternity
,900+ sold recently,9.2,8.0,5.0,"SHEIN Baby Boys' Letter Print Knitted Soft Round Neck Short Sleeve Top And Casual Shorts Set, Summer",Baby & Maternity
,400+ sold recently,6.2,9.0,1.0,Baby Girls' Giraffe Embroidered Dress With Bow Decor And Ruffle Hem,Baby & Maternity
,10+ sold recently,3.48,48.0,1.0,"SHEIN Boys' Novelty Knitting Digitally Allover Print Short Sleeve Romper With Game Console & Dinosaur Design, Footed And Button Front, With Bib, For Home Wear",Baby & Maternity
,600+ sold recently,7.9,7.0,4.0,Baby Girl Stylish Floral Printed Zip-Up Jumpsuit For Spring And Autumn,Baby & Maternity
,100+ sold recently,13.89,0.0,6.0,SHEIN Maternity Solid Color Spaghetti Strap Sleeveless Casual Summer Dress,Baby & Maternity
,800+ sold recently,5.05,28.0,6.0,"1pc Breathable Nursing Cover For Breastfeeding Moms, In Coffee, Beige, Blue And Green Color Options",Baby & Maternity
,600+ sold recently,7.0,7.0,1.0,Baby Girl Newborn Photography Floral Print Wrap Blanket & Hat,Baby & Maternity
,1.2k+ sold recently,10.2,8.0,1.0,SHEIN Baby Girl Cold Shoulder Frill Trim Ruffle Hem Dress,Baby & Maternity
,900+ sold recently,16.79,0.0,1.0,SHEIN Maternity Wideband Waist Roll Up Hem Denim Shorts,Baby & Maternity
,50+ sold recently,9.3,10.0,5.0,SHEIN Baby Girl Knitted Casual Solid Color Elastic Waist Triangle Briefs,Baby & Maternity
,1.5k+ sold recently,21.29,0.0,6.0,SHEIN Maternity Adjustable Elastic Waist Ripped Skinny Jeans,Baby & Maternity
,300+ sold recently,12.65,31.0,1.0,3pcs Baby Boys' Casual Solid Color Athletic Pants For Spring And Autumn,Baby & Maternity
,900+ sold recently,4.2,0.0,1.0,4pcs Silicone Toys Straps For Teether Cartoon Dinosaurs Shape Anti-Lost Adjustable Pacifier Chain Baby Silicon Nipple Holder Stroller Accessories,Baby & Maternity
,60+ sold recently,12.4,0.0,1.0,"Girls' Summer New Braided Soft-Sole Anti-Slip Sandals, Cute & Versatile Open Toe Walking Shoes For Toddlers",Baby & Maternity
,200+ sold recently,9.89,0.0,1.0,"SHEIN Maternity Street Style, Adjustable, Loose Fit, Solid Color Spaghetti Strap Romper For Casual Wear",Baby & Maternity
,400+ sold recently,1.77,16.0,1.0,6pcs Baby Bow Decor Hair Band,Baby & Maternity
,,11.59,0.0,1.0,SHEIN Maternity Flare Leggings,Baby & Maternity
,,18.29,0.0,1.0,SHEIN Maternity Fashion Solid Color Pleated Strapless Jumpsuit,Baby & Maternity
,300+ sold recently,11.99,0.0,5.0,Cozy Cub 1pair Toddler Boys' Multicolor Animal & Dinosaur Design Cool & Comfortable Sporty Sneakers With Closure For Daily Wear And Outdoor Activities(Random Pattern),Baby & Maternity
,80+ sold recently,2.0,0.0,1.0,"1pc Newborn Photo Prop ""Hello World"" Wooden Baby Name Sign Birth Announcement Round Disc For Hospital",Baby & Maternity
,800+ sold recently,8.79,20.0,8.0,Cozy Cub 2pcs/Set Baby Boys' Solid Color Button-Front Shirt And Shorts,Baby & Maternity
,500+ sold recently,3.7,0.0,1.0,Cute Mary Jane Infant Ballet Shoes With Bowknot Decoration,Baby & Maternity
,,19.69,2.0,5.0,SHEIN Maternity Front Tie Cami Jumpsuit,Baby & Maternity
,,12.29,0.0,1.0,SHEIN Maternity Solid Color Comfortable And Casual Side Slit Skirt,Baby & Maternity
,200+ sold recently,2.9,9.0,10.0,Toddler Boys Baby Girls Baseball Hats Kids Boy Caps Toddler Sun Hats For Summer Adjustable Size,Baby & Maternity
,300+ sold recently,1.7,0.0,1.0,"Silicone Diaper Cream Spatula With Suction Cup, Baby Bottom Cream Applicator, Silicone Face Mask Spatula",Baby & Maternity
,200+ sold recently,8.4,8.0,1.0,SHEIN Baby Boy's Knitted Plush Hooded One-Piece Swimsuit Cover-Up,Baby & Maternity
,400+ sold recently,20.99,0.0,1.0,Cozy Cub Baby Boy Color Block Flat Knitted Collar Short Sleeve Romper Set,Baby & Maternity
,400+ sold recently,13.64,22.0,4.0,SHEIN Maternity Floral Lace Trim Robe & Slip Dress For Mother,Baby & Maternity
,300+ sold recently,10.9,7.0,1.0,Baby Boy 3D Ear Design Hooded Zipper Front Teddy Lined Jumpsuit,Baby & Maternity
,2.8k+ sold recently,4.88,20.0,1.0,8pairs Baby Girl Bow Decor Fabric Ankle Socks,Baby & Maternity
,200+ sold recently,8.24,15.0,1.0,SHEIN Maternity Young Casual High-Waist Loose Shorts,Baby & Maternity
,500+ sold recently,10.9,8.0,1.0,Baby Boy Letter Graphic Colorblock Hooded Jumpsuit,Baby & Maternity
,300+ sold recently,7.57,21.0,1.0,"SHEIN Baby Boys' Spring Summer Boho Casual Trendy Red Washed Ripped Denim Jeans Shorts,Baby Boy Summer Clothes Outfits",Baby & Maternity
,1.9k+ sold recently,10.5,9.0,4.0,"SHEIN Baby Boy's Casual Striped Short Sleeve T-Shirt And Plush Bear Suspender Shorts Set, Summer",Baby & Maternity
,100+ sold recently,14.2,8.0,1.0,"Baby Boy Snug Fit Cute Elephant & Star Printed Long Sleeve Top And Pants Pajama Set, 2pcs Leisure Combo",Baby & Maternity
,200+ sold recently,9.5,8.0,1.0,Baby Girl American Flag Independence Day Vintage Print Flounce Sleeve Bodysuit And Skirt Set 4th Of July Outfit,Baby & Maternity
,300+ sold recently,16.99,0.0,1.0,SHEIN Maternity Round Neckline Flare Sleeve Tied Front Romper,Baby & Maternity
,200+ sold recently,8.4,7.0,1.0,"Baby Boys' Solid Color Zipper Polo Shirt + Shorts Summer Outfits, 2pcs/Set",Baby & Maternity
,,3.0,0.0,1.0,"Breast Shells, 2 Pack Nursing Cups, Milk Saver, Protect Sore Nipples For Breastfeeding, Collect Breastmilk Leaks For Nursing Moms, Soft And Flexible Silicone Material, Reusable",Baby & Maternity
,10+ sold recently,3.6,65.0,1.0,SHEIN Pregnant Women's Simple Solid Color Compression Athletic Wear,Baby & Maternity
,50+ sold recently,12.2,8.0,1.0,"3pcs Baby Boys' Short Sleeve Shorts Snug Fit Homewear Set, Allover Print With Fish Pattern",Baby & Maternity
,600+ sold recently,10.5,8.0,1.0,SHEIN Baby Girl Leopard Pattern 3D Ears Design Hooded Flannel Sleep Jumpsuit,Baby & Maternity
,400+ sold recently,3.5,8.0,5.0,"1pc Cartoon Dinosaur Embroidery Sun Protection Baseball Cap For Toddler And Kids, Spring/Summer/Fall",Baby & Maternity
,100+ sold recently,7.49,0.0,1.0,SHEIN Maternity Tie Front Bowknot Shirt,Baby & Maternity
,300+ sold recently,5.55,50.0,1.0,Baby Girl Strawberry Print Ruffle Trim Float One Piece Swimsuit,Baby & Maternity
,100+ sold recently,18.4,0.0,6.0,"3pcs Tot Shoulder Diaper Bag With Separated Storage For Dry And Wet Items & Bottle Holder, Perfect For Traveling Moms",Baby & Maternity
,100+ sold recently,9.29,0.0,1.0,SHEIN Maternity Tropical Holiday Plant Printed Chiffon Flutter Sleeve Dress,Baby & Maternity
,900+ sold recently,4.3,0.0,5.0,Newborn Baby Boy Letter Printing Cute Bodysuit,Baby & Maternity
,400+ sold recently,8.0,8.0,5.0,Baby Girl Floral Print Ruffle Trim One Piece Swimsuit With Headband,Baby & Maternity
,,10.0,7.0,1.0,Baby Boy Slogan Graphic Striped Trim Varsity Jacket Without Tee,Baby & Maternity
,10+ sold recently,6.95,50.0,1.0,1pc Summer New Maternity Short Sleeve Breastfeeding T-Shirt Nursing Top,Baby & Maternity
,100+ sold recently,8.24,15.0,1.0,SHEIN Maternity V-Neck Ribbed Pleated Short Sleeve T-Shirt,Baby & Maternity
,700+ sold recently,1.1,45.0,1.0,"Wet Wipes Separation Bag For Baby, Portable Flip Top Packaging, Self-sealing Bag (1 Random Bag)",Baby & Maternity
,200+ sold recently,14.88,40.0,1.0,SHEIN Baby Girl High Elasticity Slim Washed Denim Shorts Set Of 3 In Different Shades,Baby & Maternity
,900+ sold recently,4.3,0.0,1.0,"1pc 30-Compartment Hanging Storage Bag For Kids, Double-Sided Wall-Mounted Organizer For Baby Drool Bibs, Underwear, Socks, Jewelry",Baby & Maternity
,200+ sold recently,4.1,50.0,1.0,Baby Boys' Dinosaur Cartoon Pattern Street Style Fashion Short Sleeve T-Shirt And Shorts Set,Baby & Maternity
,700+ sold recently,13.5,0.0,1.0,"SHEIN Baby Girls High Elasticity Water Washed Cute Flounce  Denim Skort With Comfortable Softness, Spring And Summer",Baby & Maternity
,600+ sold recently,10.8,0.0,1.0,"1pair Baby Summer Breathable Anti-Slip Soft Bottom Sandals, Fashionable And Minimalist",Baby & Maternity
,400+ sold recently,12.47,12.0,1.0,"SHEIN 5pcs/Set Cute Simple Knitted Solid Color Bodysuit For Baby Girls, Summer",Baby & Maternity
,,3.0,9.0,5.0,"1pc Children's Dinosaur Printed Bucket Hat, Suitable For Boys' Outdoor Activities, Vacation, Back To School, And As Birthday Gift",Baby & Maternity
,400+ sold recently,11.99,20.0,1.0,Cozy Cub Baby Boy 2pcs Solid Zip Up Jumpsuit,Baby & Maternity
,1.6k+ sold recently,5.2,7.0,1.0,Newborn Baby Boy Cute Bear Printed Bodysuit With Hat,Baby & Maternity
,1.7k+ sold recently,8.09,0.0,6.0,SHEIN Women's Casual Striped Maternity T-Shirt With Round Neck And Long Length,Baby & Maternity
,400+ sold recently,9.7,8.0,4.0,Newborn Baby Boy Cartoon Embroidery Flannel Hoodie & Striped Pants,Baby & Maternity
,200+ sold recently,12.99,0.0,4.0,Cozy Cub Newborn Baby Girl Solid Color Round Neck Long Sleeve Footed Jumpsuit 3pcs/Set,Baby & Maternity
,300+ sold recently,4.16,8.0,1.0,Baby Girl Cute Cartoon Smiling Face Print Letter Slogan Triangle Romper Short Sleeve Bodysuit,Baby & Maternity
,,4.8,0.0,1.0,"A Pair Of Cute And Soft Creative Baby Seat Belt Shoulder Pads With Teddy Bear Cartoon To Prevent Rubbing, Suitable For Baby Strollers, Panda, Dog And Frog Cartoon Design",Baby & Maternity
,100+ sold recently,7.2,6.0,1.0,Baby Boy Striped Bat Sleeve Short Sleeve Hooded Swimsuit For Holiday,Baby & Maternity
,700+ sold recently,1.83,62.0,1.0,"1pair Infant Baby Walking Shoes, Soft Sole And Slip-Resistant, For Boys And Girls, Suitable For Spring, Summer, And Indoor Wear",Baby & Maternity
,100+ sold recently,5.3,0.0,1.0,"Baby 4 Buckles T-Shaped Starfish Bath Tub Net, 0-18 Months",Baby & Maternity
,,6.4,0.0,1.0,"7pcs/Set Baby Electric Nail File & Clipper Set To Avoid Scratching Harm, Grinding And Polishing Tools",Baby & Maternity
,200+ sold recently,5.2,0.0,1.0,Baby Boys Summer Clothes Short Sleeve Letter Printed T-Shirt + Sports Shorts Casual Two-Piece Outfit,Baby & Maternity
,70+ sold recently,10.6,7.0,1.0,"Summer Girls' Baby Sandals With Bowknot, Pearl Chain, Hook And Loop Fastener Design, Korean Style, Simple And Fashionable, Princess Style, Suitable For Birthday Party, Daily Wear",Baby & Maternity
,100+ sold recently,2.6,50.0,1.0,SHEIN Baby Girl Summer Holiday Style Off-Shoulder Short Sleeve Top With Floral Pattern And Ruffle Edge,Baby & Maternity
,1.7k+ sold recently,4.4,8.0,9.0,"1pc Baby Sun Hat With Sunglasses Set, Quick Dry & Breathable Children Cap For Sun Protection On Beach Or Fishing",Baby & Maternity
,200+ sold recently,13.99,0.0,1.0,"Cozy Cub Baby Girl Spring Summer Boho Trendy Beach Washed Flare Sleeve Patched Pocket Denim Summer Dress, Summer Clothes Outfits",Baby & Maternity
,800+ sold recently,10.0,0.0,4.0,Girls Slip On Breathable Sporty Chunky Sneakers For Outdoor,Baby & Maternity
,1.1k+ sold recently,13.79,0.0,1.0,SHEIN Maternity Solid Tee & Striped Print Skirt Set,Baby & Maternity
,300+ sold recently,11.65,28.0,1.0,SHEIN Maternity Notched Neckline Tank Top & Drawstring Waist Pants,Baby & Maternity
,,15.19,0.0,5.0,SHEIN Maternity Small Ditsy Floral Wrapped Waist Skirt,Baby & Maternity
,2.3k+ sold recently,6.3,0.0,4.0,1 Pair Unisex Kids' Soft Bottom Anti-slip Breathable Mesh Walking Shoes,Baby & Maternity
,100+ sold recently,6.2,0.0,1.0,"Baby Lunch Box - Pp Material - Used For 1-8 Years Old, Children's Lunch Box, Household Anti-Fall Eating Lunch Box, Baby Food Bowl, Independent Eating Tableware",Baby & Maternity
,200+ sold recently,9.5,9.0,1.0,SHEIN Baby Girl Casual Strawberry Pattern Swimwear With Ruffle Hem Strap Halter Top And Bikini Bottom,Baby & Maternity
,200+ sold recently,9.54,10.0,1.0,"2pcs Baby Animal Swaddle Blanket, Bath Towel, Bathrobe, Polyester Fiber Material, Strong Water Absorption, Quick-Drying, Infant Bath Supplies",Baby & Maternity
,1.5k+ sold recently,6.0,8.0,6.0,Baby Girl Floral Print Raglan Sleeve Peplum One Piece Swimsuit,Baby & Maternity
,100+ sold recently,4.67,18.0,5.0,3pcs Baby Soft India Cap Bowknot Newborn Hat Set,Baby & Maternity
,1.3k+ sold recently,12.6,8.0,1.0,Baby Boy 3pc Summer Casual Short Sleeve Romper Set,Baby & Maternity
,200+ sold recently,13.99,0.0,1.0,Cozy Cub Baby Boy Half Zip Raglan Sleeve Flap Pocket Sweatshirt & Sweatpants,Baby & Maternity
,,6.85,38.0,1.0,SHEIN Maternity Wide Waistband Leggings,Baby & Maternity
,100+ sold recently,14.0,8.0,1.0,Baby Girl Ruffle Trim Raglan Sleeve Button Front Knit Jumpsuit & Hat,Baby & Maternity
,500+ sold recently,5.8,0.0,1.0,"Fashionable Baby Girls' Cute Ombre Flower & Butterfly Printed Sleeveless Dress, Summer",Baby & Maternity
,80+ sold recently,11.19,20.0,1.0,Cozy Cub Baby Girl Casual Colorful Striped Layered Spaghetti Strap Dress,Baby & Maternity
,600+ sold recently,5.1,0.0,4.0,"10sheets/box + 1pc Baby Tissue Box & Rattling Paper Toy; Tear-resistant, Soft, Suitable For Indoor And Outdoor Use, Educational & Early Learning, Daily Use",Baby & Maternity
,100+ sold recently,5.9,11.0,1.0,SHEIN Baby Girl's Summer Casual Black Knitted Daisy Pattern Mesh Patchwork Open Crotch Bodysuit,Baby & Maternity
,300+ sold recently,9.9,7.0,1.0,"SHEIN Baby Boys Summer Trendy High-Elasticity Stonewashed Distressed Ripped Soft Casual Denim Jeans Shorts,Baby Boys Summer Clothes Outfits",Baby & Maternity
,,3.9,0.0,6.0,"1pair Girls' Bow Knot Canvas Shoes With Strap Design, Flat Cute Sandals, Suitable For Summer",Baby & Maternity
,900+ sold recently,15.5,8.0,1.0,Baby Boy's Summer Tropical Printed Sleeveless Bodysuit,Baby & Maternity
,100+ sold recently,9.0,7.0,1.0,"SHEIN Vintaside Kids Baby Girl 3pcs Tropical Plant Printed Bodysuit With Cami Straps, Summer Vacation Outfits",Baby & Maternity
,500+ sold recently,15.79,0.0,1.0,SHEIN Maternity Casual Floral Print Waistline Patchwork Dress,Baby & Maternity
,600+ sold recently,11.29,0.0,1.0,SHEIN Maternity Solid Tank Unitard Romper,Baby & Maternity
,300+ sold recently,7.8,7.0,6.0,Baby Boys' Random Cartoon Printed Contrast Sleeve Rash Guard Swimsuit Set,Baby & Maternity
,,10.2,8.0,1.0,"Baby Boys' Solid Color Sporty Hooded Zip-Up Jacket And Shorts Set, Daily Outwear",Baby & Maternity
,100+ sold recently,8.79,20.0,1.0,Cozy Cub Baby Girl 3pcs Cartoon Graphic Leggings,Baby & Maternity
,200+ sold recently,5.5,8.0,1.0,Baby Girl Stylish 4th Of July Outfit One-Piece Swimsuit With American Flag Elements For Summer Beach,Baby & Maternity
,200+ sold recently,3.6,14.0,1.0,Baby Girl Casual Simple MINI Logo Solid Color Strap Romper Suitable For Summer,Baby & Maternity
,100+ sold recently,5.2,0.0,1.0,"New Arrival Breathable Baby Boys' Sandals And Slippers With Anti-Slip Tpr Sole And Convenient Hook & Loop Closure For Infants' And Toddlers' Walking Practice, Spring/Summer",Baby & Maternity
,80+ sold recently,9.2,8.0,1.0,Baby Girl Mock Neck Raglan Sleeve Sweater,Baby & Maternity
,,3.4,0.0,1.0,"Baby Plush Slippers, Lovely Flower Pattern Infant Sandals, Comfortable In All Seasons",Baby & Maternity
,400+ sold recently,15.89,0.0,5.0,"SHEIN Pregnant Women Summer Stand Collar, Split Hem, Solid Color Vest And Adjustable Waist Casual Shorts Two-Piece Set",Baby & Maternity
,1.1k+ sold recently,3.4,8.0,12.0,Kids Sun Protection Solid Bucket Hat,Baby & Maternity
,900+ sold recently,11.2,0.0,1.0,"1set Crab Bath Toy For Bubble Bath For The Bathtub,1000+ Bubbles Per Minute,Plays Music â Baby Kids Toys Makes Great Gifts For Toddlers Ages 18 Months+ Years Girl Boy ,2xAA'' Power Supply,Birthday X-Mas(ORANGE Without Battery)",Baby & Maternity
,,1.8,40.0,1.0,"Bath Toys Bathtub Basketball Hoop For Baby, Toddlers, Boys And Girls, 3 Balls No Holes, Mold Free Bath Toys And Strong Suction Cup, Fun Bathtub Toys & Shower Bath Toys",Baby & Maternity
,10+ sold recently,7.1,13.0,1.0,"Sister Matching Set, Baby Girl Casual Simple Letter Printed Short Sleeve Outfit For Spring And Summer",Baby & Maternity
,600+ sold recently,3.9,0.0,1.0,Summer Baby Toddler Sandals 0-1 Year Old Soft Bottom Breathable Princess Style Anti-Slip Shoes For Learning Walking And Not Easily Fall Off,Baby & Maternity
,300+ sold recently,6.8,45.0,1.0,SHEIN Baby Boy Letter Graphic Two Tone Sweatshirt & Sweatpants,Baby & Maternity
,300+ sold recently,3.8,14.0,1.0,Baby Boys' Casual Simple Cute Cartoon Space Print White Short Sleeve Round Neck T Shirt Suitable For Summer,Baby & Maternity
,400+ sold recently,3.82,17.0,1.0,"1pair Fashionable And Comfortable Basic Athletic Shoes For Children, Autumn & Winter",Baby & Maternity
,300+ sold recently,11.99,0.0,5.0,Cozy Cub 1pair Girls' Colorful Love Heart Patterned Hook Loop Closure Fashionable Comfortable Sneakers For Daily Wear & Sports(Plush Random),Baby & Maternity
,10+ sold recently,1.68,40.0,1.0,3pairs/Set Summer Thin Breathable Mesh Floor Socks,Baby & Maternity
,300+ sold recently,6.0,9.0,1.0,Baby Boy Pocket Front Overall Romper,Baby & Maternity
,,10.99,0.0,1.0,SHEIN Maternity Fashionable Mesh Cutout Tube Top,Baby & Maternity
,1.0k+ sold recently,12.1,9.0,1.0,Baby Girl Ruffle Trim Top & Roll Up Hem Overall Romper Set,Baby & Maternity
,200+ sold recently,14.2,0.0,1.0,"Baby Boys' Gentleman Suit 2pcs Set With Short Sleeve Shirt, Bowtie And White Suspenders Pants Trousers, Stylish And Handsome, Suitable For Birthday Parties, Weddings, Performances, And Banquets",Baby & Maternity
,200+ sold recently,7.1,9.0,1.0,"SHEIN Cute Knitted Cartoon Flower Pattern Loose Short Sleeve T-Shirt And Elastic Waist Shorts Set For Baby Girls, Summer",Baby & Maternity
,200+ sold recently,18.49,0.0,1.0,SHEIN Maternity Houndstooth Print Button Front Dress,Baby & Maternity
,100+ sold recently,8.78,55.0,7.0,"5pcs Baby Boys' Dinosaur Printed Short Sleeve Bodysuits, Summer",Baby & Maternity
,400+ sold recently,8.5,9.0,4.0,Newborn Baby Boy Letter Graphic Jumpsuit & Accessory Hat,Baby & Maternity
,,5.0,0.0,1.0,"Baby Girl Walking Shoes, Anti-Slip Infant Sports Shoes, Newborn Baby Walking Shoes",Baby & Maternity
,1.7k+ sold recently,7.9,0.0,1.0,Baby Girl Bubble-Sleeve Mesh Bodysuit With Flower Applique Skirt And Headband,Baby & Maternity
,400+ sold recently,8.99,0.0,5.0,SHEIN x Deborah Maternity Solid Color Ribbed Knitted Split Nursing Dress,Baby & Maternity
,,5.49,0.0,1.0,SHEIN Maternity Casual Loose Floral Pattern Blouse,Baby & Maternity
,300+ sold recently,16.19,0.0,4.0,SHEIN Maternity Notched Collar Sleeveless Dress With Slit,Baby & Maternity
,2.3k+ sold recently,16.0,8.0,1.0,SHEIN 6pcs/pack Baby Girls' Casual & Comfortable Strawberry & Flower Printed Short Sleeve T-shirt And Shorts Set For Daily Wear And Home,Baby & Maternity
,100+ sold recently,5.74,59.0,1.0,Cozy Cub 3pcs/Set Infant Boys' Solid Short Sleeve Pullover Tops,Baby & Maternity
,,1.5,0.0,1.0,"Children's Bathroom Play Water Swimming Baby Bath Play Water Toys Christmas Halloween Gift(Crab Eyes Are Random)Cute Cartoon Duck,Turtle Winding Water Toy - Various,Bathtub Animals Toy For Kids,Floating Wind Up Toys For Boy Girls Thanksgiving Gift Easter Gift, Preschool Toddler Pool Toys,Bath Supplies",Baby & Maternity
,600+ sold recently,5.0,0.0,1.0,Baby Boy Slogan Graphic Bodysuit,Baby & Maternity
,400+ sold recently,25.0,8.0,1.0,8pcs/Set Baby Girl Comfortable And Adorable Printed Bodysuits,Baby & Maternity
,300+ sold recently,4.88,56.0,6.0,"SHEIN Fashionable Ripped Jeans For Baby Boys, Casual And Simple Style, Suitable For Autumn/Winter Wear",Baby & Maternity
,1.7k+ sold recently,7.9,9.0,4.0,"Baby Boy Tropical Plant Printed Short Sleeve Shirt And Shorts Set, Vacation Leisure Outfit",Baby & Maternity
,,12.63,5.0,1.0,SHEIN Double-Layer Solid Color Sleeveless Maternity Romper With Slim Shoulder Strap For Summer,Baby & Maternity
,800+ sold recently,6.9,0.0,1.0,Summer Baby Girls' Designer Sleeveless Hollow Out Lace Back Button-Snap Shoulder Strap Adjustable Lovely Bee Printed Dress And Striped Sun Hat 2pcs/Set,Baby & Maternity
,200+ sold recently,6.0,8.0,4.0,Baby Button Half Placket Ribbed Knit Jumpsuit,Baby & Maternity
,200+ sold recently,13.17,15.0,1.0,SHEIN Maternity Hollow Out Embroidery Detail Side Drawstring Dress,Baby & Maternity
,600+ sold recently,18.59,0.0,1.0,SHEIN Maternity Batwing Sleeve Knot Hem Tee & Ruched Adjustable Waist Bodycon Skirt,Baby & Maternity
,200+ sold recently,8.07,15.0,1.0,SHEIN Maternity Romantic Holiday Sleeveless V-Neck Button Detail Patch Pocket Tank Top,Baby & Maternity
,400+ sold recently,10.1,7.0,1.0,"Baby Girl Orange Halter Top With Headband And Dark Blue Denim Shorts, Cute And Refreshing Summer Vacation Style",Baby & Maternity
,1.2k+ sold recently,4.75,7.0,1.0,Nick 90s X SHEIN Baby Boy Cartoon Graphic Tee Bodysuit,Baby & Maternity
,1.7k+ sold recently,1.99,38.0,1.0,"5pairs Children's Thickened Cartoon Socks For Autumn And Winter, Suitable For Big Boys And Girls",Baby & Maternity
,700+ sold recently,23.69,0.0,1.0,SHEIN Maternity Surplice Neck Butterfly Sleeve Pleated Hem Belted Dress,Baby & Maternity
,50+ sold recently,11.6,8.0,1.0,Baby Boys' Denim Bear Embroidery Overalls And Striped Short Sleeve Set,Baby & Maternity
,500+ sold recently,7.9,0.0,1.0,2pcs Baby Girls' Cute Mesh Rose Flower Spaghetti Strap Vest Top Princess Skirt Set For Summer,Baby & Maternity
,100+ sold recently,3.05,50.0,1.0,SHEIN 2pcs Baby Girls Summer Sleeveless Cute Watercolor Floral Print Dress With Headband,Baby & Maternity
,200+ sold recently,11.2,10.0,1.0,SHEIN Baby Girl 3pcs Simple And Casual Solid Color Knitted Short-Sleeved Shirt With Ruffle Hem For Summer,Baby & Maternity
,100+ sold recently,0.89,80.0,1.0,"1pc Baby Bottle Drying Rack With Multiple Functions For Baby Bottle Pacifier Storage, Milk Cup Drainage And Drying",Baby & Maternity
,300+ sold recently,17.09,0.0,1.0,SHEIN Maternity Drop Shoulder Slit Hem Tee,Baby & Maternity
,100+ sold recently,4.7,0.0,1.0,Baby Boys Girls Short Sleeve  Baby  Outfit Jumpsuit,Baby & Maternity
,100+ sold recently,6.3,50.0,1.0,"2pcs/Set Baby Boys' British Style Partial Buttoned Collar Top And Pants, Perfect For Parties",Baby & Maternity
,80+ sold recently,11.7,8.0,1.0,SHEIN Baby Boy 2pcs Casual Basic Zipper Collar Simple Fun Print Label Short Sleeve Shirt & Shorts Set Is Suitable For Spring And Summer.,Baby & Maternity
,300+ sold recently,2.8,0.0,1.0,3pcs/Set Printed Silicone Pacifier Set For Newborn Babies With Cover,Baby & Maternity
,2.4k+ sold recently,11.78,12.0,1.0,Baby Girl Spring/Summer Floral Patterned 3-Piece Set Including A Camisole Dress,Baby & Maternity
,,10.2,0.0,1.0,1pc Baby's First Month Celebration Family Commemorative Photo Frame,Baby & Maternity
,,8.92,15.0,4.0,SHEIN Maternity Summer V-Neckline Wide Cut T-Shirt With Lotus Leaf Sleeve,Baby & Maternity
,60+ sold recently,5.29,9.0,1.0,Maternity Solid Color Simple Daily Wear Detachable Bra,Baby & Maternity
,80+ sold recently,6.9,8.0,1.0,SHEIN Baby Girl Summer Cute Solid Color Sleeveless Top With Elastic Waist And Loose Pants Set,Baby & Maternity
,200+ sold recently,16.4,0.0,4.0,"Baby Girl Purple Sequin Decorated Tiered Cake Dress,  Gorgeous Formal Dress Suitable For Birthday Party, Wedding Party",Baby & Maternity
,,11.9,0.0,1.0,"Children's Shoes, Spring New Antislip Sport Shoes For Toddler Girls/Boys Running Shoes And Casual Skate Shoes, White",Baby & Maternity
,,22.69,0.0,11.0,SHEIN Maternity Off Shoulder Foldover Front Floor Length Dress,Baby & Maternity
,500+ sold recently,20.79,0.0,1.0,SHEIN Pregnant Women's Solid Color Side Drawstring Top And Shorts Set,Baby & Maternity
,70+ sold recently,8.8,7.0,1.0,"SHEIN Baby Boy And Girl Cartoon Patterned Hooded Towel Poncho, Colorblock Beach Resort Cute Casual Soft Towel Fabric Outfit",Baby & Maternity
,,5.4,0.0,1.0,Baby Girls Hook-and-loop Fastener Bow Decor Fashionable Mary Jane Flats For Spring,Baby & Maternity
,100+ sold recently,11.5,11.0,1.0,SHEIN Baby Girl Cute Elegant Pink Lace Ruffle One-Shoulder Princess Dress With Organdy Patchwork,Baby & Maternity
,,11.39,0.0,1.0,SHEIN Maternity Color Block Dress With Hollow Out Lace Trims And Side Slits,Baby & Maternity
,400+ sold recently,8.3,8.0,6.0,SHEIN Baby Boy Letter Embossed Round Neck Short Sleeve T-Shirt & Casual Shorts Set With Check Pattern Decoration,Baby & Maternity
,300+ sold recently,6.7,13.0,1.0,"USA Independence Day Baby Boy Casual Simple Style Short Sleeve T-Shirt And Shorts Set, Suitable For Summer",Baby & Maternity
,2.3k+ sold recently,12.8,0.0,1.0,3pcs/Set Baby Boys' Casual Solid Color Pants For Spring And Autumn,Baby & Maternity
,,14.0,0.0,1.0,"Casual Chunky Sneakers With Lace, Breathable & Comfortable Walking Shoes For Boys And Girls - Spring & Autumn",Baby & Maternity
,500+ sold recently,5.0,9.0,1.0,Baby Boy Quarter Button Sleeveless Romper,Baby & Maternity
,100+ sold recently,14.28,22.0,1.0,"SHEIN Baby Boys Spring Summer 2pcs Solid Button Front Short Sleeves Shirt With Patched Pocket & Jogger Jeans Pants Without Tee,Baby Boys Summer Clothes Set Outfits",Baby & Maternity
,500+ sold recently,4.9,0.0,1.0,"Fashionable Casual Pocket Sleeveless Jumpsuit For Baby Boys, Little Cow Printed Pattern, Cute Summer Outfits",Baby & Maternity
,1.6k+ sold recently,1.59,59.0,1.0,"5 Pairs/set Cartoon Car & Striped Socks For Kids, Breathable And Odor Resistant, Suitable For All Seasons",Baby & Maternity
,200+ sold recently,12.4,8.0,1.0,Baby Boy Plaid Bow Neck 2 In 1 Jumpsuit,Baby & Maternity
,300+ sold recently,16.0,8.0,1.0,SHEIN Baby Boy Lion Embroidery Contrast Collar PJ Jumpsuit & Hat & Swaddle Blanket,Baby & Maternity
,,13.29,0.0,1.0,SHEIN Maternity Adjustable Waist Solid Color Shorts,Baby & Maternity
,200+ sold recently,10.3,8.0,1.0,30 Pairs Of Random Color Candy-Colored Patterned Short Socks For Children,Baby & Maternity
,1.6k+ sold recently,13.02,19.0,1.0,SHEIN Baby Girl 2sets Cow Print Snug Fit PJ Set,Baby & Maternity
,100+ sold recently,11.0,8.0,1.0,"Baby Girl Summer Outfit, Ruffle Sleeve Top And Flower Embroidery Overalls Dress",Baby & Maternity
,100+ sold recently,9.0,6.0,1.0,"Baby Boy Casual Hooded Fleece Jumpsuit With Front Buttons, Fall/Winter",Baby & Maternity
,300+ sold recently,21.3,9.0,1.0,SHEIN Baby Boy 6pcs Cartoon Animal Print Short Sleeve T-Shirt And Shorts Set With Round Neck,Baby & Maternity
,100+ sold recently,9.52,24.0,1.0,"SHEIN Baby Girl Cute Elegant Satin Floral Pattern Short Sleeve Pleated Dress, Suitable For Summer",Baby & Maternity
,100+ sold recently,3.91,57.0,1.0,"SHEIN 3pcs/Set Baby Girls' Casual Daily Basic Cute Star, Stripe & Floral Print Bell-Bottoms Pants Outfits With Headband, Suitable For Spring, Summer And Independence Day",Baby & Maternity
,,14.39,0.0,1.0,"SHEIN Maternity Ripped Denim Shorts, Suitable For Summer",Baby & Maternity
,500+ sold recently,5.8,11.0,1.0,SHEIN Baby Girl Knitted Soft Elastic Waist Solid Color Shorts Three-Piece Set,Baby & Maternity
,100+ sold recently,13.99,0.0,1.0,Cozy Cub Summer Baby Girl  Sleeveless Dress With Hook Flower Hollow Out Floral Pattern For Vacation,Baby & Maternity
,,15.19,0.0,1.0,SHEIN Maternity Solid Crop Tee & Biker Shorts Set,Baby & Maternity
,40+ sold recently,11.9,0.0,1.0,"1pair Girls' Baby Sandals, Breathable Open-Toe Toddler Summer Shoes",Baby & Maternity
,100+ sold recently,4.0,11.0,1.0,"Baby Boy Casual Simple Cartoon Letter Printed Short Sleeve T-Shirt, Summer",Baby & Maternity
,500+ sold recently,10.6,8.0,1.0,SHEIN Baby Boy Cartoon Graphic Bodysuit & Pants & Hat & Bib,Baby & Maternity
,200+ sold recently,15.3,8.0,1.0,Baby Boys' Solid Color Hooded Knitted Romper,Baby & Maternity
,100+ sold recently,21.39,0.0,1.0,SHEIN Maternity Contrast Mesh Appliques Belted Dress,Baby & Maternity
,500+ sold recently,6.63,19.0,4.0,Baby Girl Ruffle Trim Bikini Swimsuit,Baby & Maternity
,,10.82,5.0,1.0,SHEIN Maternity Contrast Binding Letter Embroidery Self Belted Robe,Baby & Maternity
,300+ sold recently,17.8,9.0,1.0,SHEIN 2pcs/Set Baby Girls Pink Long Sleeve Long Jumpsuit For Home Wearing,Baby & Maternity
,200+ sold recently,14.9,8.0,1.0,"SHEIN 4pcs/Set Baby Girls Casual Retro Western Milk Paisley Patterned Solid & Milk Patterned Printed Top And Bell Bottoms Suit, Spring & Summer Outfits For Outdoors",Baby & Maternity
,500+ sold recently,20.09,0.0,1.0,SHEIN Elegant Maternity Party Maxi Dress,Baby & Maternity
,,13.3,8.0,1.0,"SHEIN Baby Boy Casual Color Block Decorated Drawstring Elastic Waist Shorts 3pcs/Set, Summer",Baby & Maternity
,1.5k+ sold recently,16.29,0.0,9.0,SHEIN Maternity Off Shoulder Ruched Mesh Bodycon Dress,Baby & Maternity
,400+ sold recently,9.51,22.0,5.0,SHEIN Maternity Heart Print Batwing Sleeve Nursing Nightdress For Mother,Baby & Maternity
,1.6k+ sold recently,10.0,0.0,1.0,2pcs/set Baby Boys' Long Sleeve Striped Casual Jumpsuit With Button Design For Autumn And Spring,Baby & Maternity
,40+ sold recently,9.2,10.0,1.0,"Baby Boys' College Style Casual Towel Embroidered Letter Texture Cotton Soft Fabric Color-Block Short Sleeve Shirt And Pants Set. Suitable For Daily Wear, Sports And School.",Baby & Maternity
,,2.9,0.0,1.0,"Washable & Reusable Incontinence Bed Pad - Waterproof Bed Sheet & Mattress Protector Pad For Kids, Adults, Elderly - Prevent Leaks And Stains (1pc Random Color)",Baby & Maternity
,,11.49,5.0,7.0,SHEIN Maternity Short Sleeve Bodycon Dress,Baby & Maternity
,200+ sold recently,10.8,8.0,1.0,"SHEIN Baby Boys' Summer Trendy Cool Vintage Washed Elastic Waistband Cut Out Ripped Soft Denim Jeans,Baby Boy Spring And Summer Pants Streetwear Outfits",Baby & Maternity
,90+ sold recently,4.2,0.0,1.0,"2pcs Baby Girls' Summer Sleeveless Romper And Headwear Set, Floral Print Bodysuit With Cute Flutter Ruffles",Baby & Maternity
,,10.4,8.0,1.0,Adorable Baby Boy Panda Print Homewear Set,Baby & Maternity
,2.2k+ sold recently,9.78,24.0,1.0,Baby Boy 3pcs Letter Graphic Sweatpants,Baby & Maternity
,100+ sold recently,17.39,0.0,1.0,SHEIN Young Maternity Casual Bodycon Dress With Shoulder Straps And Large Round Neckline,Baby & Maternity
,400+ sold recently,13.99,0.0,1.0,Cozy Cub Baby Girl Tie Shoulder Frill Trim Cami Dress,Baby & Maternity
,300+ sold recently,4.59,10.0,1.0,"4pcs/Pack 6-Layer Baby Muslin Towels For Infant, Kids Bathing, Burping, Feeding",Baby & Maternity
,300+ sold recently,9.9,27.0,1.0,"Simple And Cute Baby Girl Sandals With Bowknot Decoration, Hook & Loop Closure, Round Toe Soft Sole Princess Shoes, For All Seasons",Baby & Maternity
,90+ sold recently,13.2,11.0,1.0,SHEIN Baby GirlCasual Summer Pure Color Ruffled Short Sleeve Square Neck Top With Elastic Waist Loose Pure Color Wide Leg Pants Set For Holiday,Baby & Maternity
,400+ sold recently,5.59,20.0,1.0,"Cozy Cub Baby Boy Snug Fit Pajama, Fun Car Printed Short Sleeve Round Neck Top And Footed Pants Set",Baby & Maternity
,600+ sold recently,5.8,8.0,1.0,"Baby Girl Random Printed Swimsuit With Bowknot Decoration And Ruffled Hem, One-Piece",Baby & Maternity
,200+ sold recently,6.6,12.0,1.0,"Floral, Baby Girl Casual Simple Letter Print Short-Sleeved Shorts Set Suitable For Summer",Baby & Maternity
,100+ sold recently,7.1,7.0,1.0,"2pcs Baby Boy Casual Comfortable All-Match Solid Black & White Soft Elastic Waist Shorts With Woven Tag, Spring/Summer",Baby & Maternity
,300+ sold recently,8.3,0.0,1.0,Cute Brown Floral Decorated Sandals For Infants And Toddlers,Baby & Maternity
,100+ sold recently,4.7,8.0,1.0,1pc Children Girls Summer Sun Hat Beach Straw Hat Fisherman Hat Bucket Hat,Baby & Maternity
,400+ sold recently,10.44,32.0,1.0,Baby Boy 2pcs Sun Print Rib Knit Jumpsuit,Baby & Maternity
,900+ sold recently,12.9,8.0,1.0,Cute Duck Pattern Multiple Pieces Dress For Baby Girls,Baby & Maternity
,10+ sold recently,4.5,0.0,1.0,Summer Newborn Baby Boy Girl Casual Cute Cartoon Costume Full Body Print Round Neck Short Sleeve Jumpsuit Crawler,Baby & Maternity
,900+ sold recently,3.8,7.0,1.0,1pc Children Cartoon Dinosaur Fashion Baseball Cap Suitable For Daily Use,Baby & Maternity
,,8.51,1.0,4.0,"Toddler Baby Head Protection Cushion Backpack Wear,Toddler Baby Head Protector Pad Safety Cushion,6 Months-3 Years",Baby & Maternity
,400+ sold recently,23.72,25.0,1.0,SHEIN Baby Girls' 3pcs Sporty Orange Fleece-Lined Vest & Camo Print Sweater & Pants Set,Baby & Maternity
,,5.9,0.0,1.0,"Multifunctional Portable USB Rechargeable Octopus Mini Foldable Handheld Fan With Led Light For Baby Strollers, Bending & Twist Free ,3 Adjustable Speeds Desk Fan For Baby's Room, Camping, Travel And Live Streaming ,Can Be Hung,Placed Or Wrapped Around ; Silent Outdoor & Office Cooling Fan, Neck Fan,Stand Fan",Baby & Maternity
,300+ sold recently,12.49,15.0,1.0,SHEIN Maternity Adjustable Waist Ripped Rolled Hem Casual Denim Shorts,Baby & Maternity
,800+ sold recently,16.69,0.0,1.0,SHEIN Maternity Long Colorblock V-Neck Dress,Baby & Maternity
,100+ sold recently,6.7,9.0,1.0,Baby Girl Pool Vacation Patchwork Ruffle Striped Casual One-Piece Swimsuit,Baby & Maternity
,600+ sold recently,7.8,7.0,1.0,Baby Boys' Egg Printed Jumpsuit,Baby & Maternity
,20+ sold recently,2.1,0.0,1.0,"1pc Nasal Aspirator For Baby, Nose Sucker For Baby, Booger Sucker For Baby, Baby Nose Aspirator, Baby Nose Cleaner, Baby Nose Suction, Baby Booger Remover, Infant Mucus Suction Blue",Baby & Maternity
,100+ sold recently,11.7,9.0,1.0,"Embroidered Off-Shoulder Floral Dress, New Spring/Summer Style For Baby Girls",Baby & Maternity
,1.2k+ sold recently,3.46,25.0,6.0,SHEIN Baby Girl Casual Ribbed Knit High Stretch Solid Color Bodysuit With Spaghetti Straps,Baby & Maternity
,,17.89,0.0,1.0,SHEIN Summer Beach Maternity Drawstring Front Cami Top And Tropical Print Shorts Bikini Set With Japanese Style Kimono Carnival,Baby & Maternity
,200+ sold recently,12.59,0.0,1.0,SHEIN Pregnant Women Casual Solid Color Cropped Halter Top With High Waisted Skinny Pants Set For Spring/Summer,Baby & Maternity
,700+ sold recently,6.94,44.0,1.0,"1pair Autumn Winter Kids' Warm Plush-Lined Flat Shoes, Boys'/Girls' Anti-Slip Casual Outdoor Sports Shoes",Baby & Maternity
,400+ sold recently,10.99,0.0,4.0,Cozy Cub Baby Girl Casual And Versatile Knitted Soft Solid Colored Three-Piece Camisole Set With Spaghetti Straps For Summer,Baby & Maternity
,10+ sold recently,5.0,7.0,1.0,"Infant Newborn Casual Letter Print Short Sleeve Romper, Daily Wear, Comfortable And Versatile, Summer",Baby & Maternity
,90+ sold recently,8.1,8.0,1.0,SHEIN Baby Boys' Casual Holiday Leaf Print Short Sleeve Comfortable T-Shirt With Elastic Waist Shorts Set,Baby & Maternity
,500+ sold recently,9.29,0.0,1.0,SHEIN Maternity Wide Waistband Biker Shorts,Baby & Maternity
,100+ sold recently,4.8,0.0,1.0,"Montessori Wooden Music Toys, Early Childhood MusicTeaching Aids, School Orff Music,Hand-EyeCoordination 8 Tone Early Education ,Children's Birthday Gifts, Toddler Preschool Gifts",Baby & Maternity
,,5.99,0.0,10.0,Cozy Cub 1pair Baby Summer Outdoor Eva Non-Slip Round Toe Jelly Sandals With Heel Elastic Band For Comfort And Breathability,Baby & Maternity
,1.2k+ sold recently,8.9,0.0,1.0,"Baby Boy's Letter Print T-Shirt With Pocket And Shorts Set, Spring/Summer",Baby & Maternity
,80+ sold recently,12.0,9.0,4.0,Baby Boy Summer Casual Woven Belt Decor Solid Color Shorts 3pcs/Set,Baby & Maternity
,1.6k+ sold recently,4.9,8.0,4.0,"Ankle Crew Socks with Grips, Baby Toddler Kids Unisex Warm Thick  Winter Socks 0-6T 6-12T 5pairs",Baby & Maternity
,600+ sold recently,8.3,8.0,4.0,SHEIN Baby Boy Cartoon Alligator Pattern Round Neck Tee And Shorts Set,Baby & Maternity
,200+ sold recently,16.57,15.0,1.0,SHEIN Maternity Wideband Waist Ripped Raw Cut Skinny Jeans,Baby & Maternity
,,7.3,9.0,1.0,"Baby Boy Summer Casual American Flag Printed Jumpsuit With Suspenders, Simple Style",Baby & Maternity
,,12.69,0.0,8.0,SHEIN Maternity Solid Peplum Tee,Baby & Maternity
,100+ sold recently,7.5,7.0,1.0,Baby Boy 2pcs Cute Dinosaur Pattern Short Sleeve T-Shirt And Shorts Set For Summer,Baby & Maternity
,100+ sold recently,12.89,0.0,1.0,SHEIN Maternity Camo Patchwork Bodycon Nursing Dress With Waist Tie,Baby & Maternity
,700+ sold recently,17.99,0.0,1.0,SHEIN Maternity Button Front Belted Tank Romper,Baby & Maternity
,90+ sold recently,5.7,7.0,1.0,10pairs/Pack Soft Heart Patterned Socks For Infant Baby Boys And Girls,Baby & Maternity
,100+ sold recently,17.9,8.0,7.0,5pcs Baby Boys' Dinosaur Printed Short Sleeve Bodysuit For Summer,Baby & Maternity
,4.8k+ sold recently,5.5,8.0,1.0,Baby Boy Dinosaur Printed Vest Top & Shorts Summer Casual Outfit,Baby & Maternity
,1.5k+ sold recently,11.5,10.0,1.0,Baby Girl Pink Strawberry Embellished Tulle Dress With Fluffy Skirt,Baby & Maternity
,200+ sold recently,2.62,18.0,1.0,"1pc New Style Spring/Summer Children's Color Block Black & White Checkered Wide Brim Fisherman Hat, Perfect For Sun Protection During Outdoor Activities",Baby & Maternity
,5.7k+ sold recently,6.0,8.0,5.0,10pairs Children's Elastic Sports & Casual Everyday Socks For Autumn/winter,Baby & Maternity
,200+ sold recently,8.66,43.0,1.0,SHEIN Maternity High Waist Solid Carrot Pants,Baby & Maternity
,100+ sold recently,8.0,7.0,1.0,SHEIN Baby Boys' Casual Letter & Stripe Print Baseball Jumpsuit,Baby & Maternity
,100+ sold recently,16.3,8.0,1.0,SHEIN Newborn Baby Boy Casual Knitted Soft Polka Dot & Striped Vest Style Five-Piece Set,Baby & Maternity
,200+ sold recently,10.9,0.0,1.0,Baby Girls' Hooded Bodysuit With Contrast Collar And Long Pants Set,Baby & Maternity
,500+ sold recently,13.59,0.0,1.0,SHEIN Two-Piece Set Of Pregnant Women Decoration With Lotus Leaf Edge And Halter Rope Short Sets Summer,Baby & Maternity
,500+ sold recently,3.07,53.0,4.0,3pcs/Set 100% Silicone Baby Feeding Set With Suction Bottom Plate And Wooden Handle Spoon & Fork,Baby & Maternity
,100+ sold recently,11.09,0.0,1.0,SHEIN Romantic Holiday Maternity Midi Pencil Skirt With High Slit,Baby & Maternity
,500+ sold recently,4.2,9.0,1.0,1pc Baby Sun Hat For Boys Girls Toddler Sun Protection Beach Hat,Baby & Maternity
,600+ sold recently,9.9,7.0,1.0,"SHEIN Newborn Baby Boys' Adorable Bee Print Hat, Pants And Short Sleeve Bodysuit Set For Summer Daily Outfits",Baby & Maternity
,40+ sold recently,4.82,62.0,1.0,SHEIN Maternity Solid Color Ruffle Hem Vacation Cami Dress For Summer,Baby & Maternity
,700+ sold recently,9.7,8.0,1.0,Baby Boy 3pcs Striped And Cartoon Dinosaur Bodysuit,Baby & Maternity
,,9.29,0.0,1.0,SHEIN Maternity Romantic Holiday Polka Dot Printed Strap Jumpsuit,Baby & Maternity
,1.2k+ sold recently,10.6,8.0,1.0,SHEIN Baby Boys' Casual Loose Mid-Rise Printed Straight-Leg Jeans With Elastic Waist,Baby & Maternity
,500+ sold recently,10.6,10.0,1.0,SHEIN Baby Girls' Casual Floral Pattern Romper With Shirred Ruffle Hem And Spaghetti Strap,Baby & Maternity
,,11.69,0.0,1.0,SHEIN Summer Beach Maternity Floral Printed Ruffle Swimsuit Set,Baby & Maternity
,80+ sold recently,6.1,6.0,1.0,Baby Boy Milan Italy Letter Printed Short Sleeve Summer Outfit,Baby & Maternity
,200+ sold recently,15.89,0.0,1.0,SHEIN Young Casual Round Neck Loose Short Sleeve T-Shirt With Adjustable Drawstring Maternity Pants 2pcs/Set,Baby & Maternity
,900+ sold recently,2.8,10.0,1.0,"5pairs/Set Cartoon Car & Stripe Pattern Kids' Socks, Soft Breathable, Suitable For All Seasons",Baby & Maternity
,200+ sold recently,4.87,29.0,4.0,Baby Girl Daisy Mesh Strapless Dress,Baby & Maternity
,,18.5,1.0,1.0,SHEIN Maternity Contrast High Waist Cuffed Hem Denim Shorts,Baby & Maternity
,300+ sold recently,4.0,7.0,1.0,Baby Girl Unisex Slogan Graphic Bodysuit,Baby & Maternity
,,1.75,50.0,1.0,"Baby Girls' Fun Letter Printed Short Sleeve T-Shirt, Summer",Baby & Maternity
,,15.7,8.0,1.0,"6pcs Baby Girls' Cute Rabbit Printed Romper Set, Spring/Summer",Baby & Maternity
,400+ sold recently,2.6,0.0,5.0,12pcs/Set Europe And America Style Cute Candy Colored Bowknot Hair Clips With Alligator Teeth Hair Comb And Ribbon For Babies And Toddlers,Baby & Maternity
,100+ sold recently,8.79,20.0,1.0,Cozy Cub Baby Girl Colorful Striped Square Neck Ruffle Decor Lace Trim Romper,Baby & Maternity
,200+ sold recently,6.2,7.0,1.0,SHEIN Baby Boy Casual Sporty Style Letter-Printed Sleeveless Tank Top And Color-Blocked Shorts Set,Baby & Maternity
,200+ sold recently,6.66,40.0,1.0,2pcs/Set Baby Boy's Casual Comfortable Summer Outfit With Car Print Short Sleeve Top And Shorts,Baby & Maternity
,,3.97,41.0,5.0,1pc Baby Blue Swaddling Blanket For Daily Decoration,Baby & Maternity
,100+ sold recently,14.79,0.0,1.0,SHEIN Maternity Daily Wear Plain And Simple Square Neck 2pcs Outfit,Baby & Maternity
,200+ sold recently,15.11,20.0,4.0,SHEIN Pregnant Women's Active Beach Vacation Front Buttoned Cami Dress,Baby & Maternity
,100+ sold recently,13.0,8.0,1.0,3pcs/Set Baby Boys' Cute Bear Pattern Comfortable Romper For Summer,Baby & Maternity
,100+ sold recently,15.2,8.0,1.0,"SHEIN Baby Boy 2pcs Casual And Cute Giraffe Applique Denim Overalls Set , Suitable For Spring And Summer Outings",Baby & Maternity
,,5.2,7.0,1.0,"Baby Boys' Cute Casual Color Block Short Sleeve Bodysuit, Perfect For 4th Of July, Spring Summer",Baby & Maternity
,1.3k+ sold recently,11.19,20.0,1.0,"Cozy Cub Baby Girl Casual Polka Dot Pattern Solid Color Pants Set, 4pcs",Baby & Maternity
,400+ sold recently,6.5,50.0,1.0,SHEIN Baby Boy'S Letter Print Round Neck Pullover And Shorts Set,Baby & Maternity
,300+ sold recently,9.99,0.0,1.0,Cozy Cub Cute & Interesting Infant Minimalist Comfortable Anti Slip Slippers,Baby & Maternity
,200+ sold recently,6.5,11.0,1.0,SHEIN Baby Girl Frill Shoulder Mesh Overlay Cami Dress,Baby & Maternity
,600+ sold recently,14.5,9.0,1.0,Baby Boy Spring/Summer Daily Casual Round Neck Vest 4pcs/Set,Baby & Maternity
,100+ sold recently,17.29,0.0,4.0,SHEIN Maternity Asymmetrical Waist Solid Color Pants,Baby & Maternity
,100+ sold recently,6.3,9.0,6.0,Baby Boys' Summer Beach Cartoon Printed Drawstring Swim Trunks And Hat Vacation Style Set,Baby & Maternity
,,1.5,0.0,1.0,"8pcs/16pcs American Standard Socket Cover, Clear Color Electrical Outlet Cover, Baby Safety Plug Cover, Child Proofing",Baby & Maternity
,,3.9,0.0,5.0,"2pcs Baby Silicone Pacifier Clips, Baby Teething Toys Chain Chew Dummy Holder Infant Nipple Holder Baby Accessories",Baby & Maternity
,300+ sold recently,4.9,8.0,1.0,10 Pairs/Set Of Baby Unisex Anti-Slip Socks For Toddlers,Baby & Maternity
,600+ sold recently,2.8,10.0,4.0,"Baby Soft Bottom Lace Princess Shoes For Spring And Autumn With Anti-Slip Function And A Pair Of Socks And An Elastic Flower Headband, Perfect For Birthday Dress-Up",Baby & Maternity
,60+ sold recently,2.6,7.0,6.0,"1pc ""Cool Little Dude"" Mesh Baseball Cap For Boys And Girls, Children's Hats",Baby & Maternity
,200+ sold recently,8.77,25.0,1.0,SHEIN Maternity Striped Overall Dress,Baby & Maternity
,100+ sold recently,8.28,10.0,1.0,"Stainless Steel Lunch Box With Fresh Fruit Print, Suitable For Students, Can Be Heated By Adding Water",Baby & Maternity
,,12.2,0.0,1.0,Kids' Sandals Summer 1-3-5 Years Old Baby Boys' Girls' Anti-Slip Soft Bottom Casual Sports Shoes For Beach Or Walking,Baby & Maternity
,,10.36,11.0,1.0,Baby Boy Simple And Comfortable White Short-Sleeved Top 5-Piece Set For Spring/Summer,Baby & Maternity
,,0.9,50.0,1.0,"1pc Baby Bath Toy, Children's Swimming Pool/Beach Water Table Toy, Soft Mold-Free Water Toy For Bathtub, Fun Sensory Training Toy And Newborn Gift(Random Color)",Baby & Maternity
,100+ sold recently,3.8,7.0,1.0,"Baby Girl Cute Boot Pattern Printed Short Sleeve T-Shirt, Summer",Baby & Maternity
,40+ sold recently,3.8,16.0,1.0,"Daddy & Son/Baby Boy Casual Simple Cartoon Pattern Short Sleeve Romper, Suitable For Spring/Summer",Baby & Maternity
,200+ sold recently,10.1,9.0,1.0,Baby Boy Street-Style Camouflage Gradient Pattern Utility Shirt And Shorts Set For Summer,Baby & Maternity
,100+ sold recently,6.7,0.0,1.0,Baby Girl New Blue Ruffle Trim Decor Square Neckline Dress For Spring/Summer,Baby & Maternity
,,3.9,0.0,4.0,"A Pair Of Men Beach Cloth Shoes With Double  Design, Flat And Comfortable Casual Sandals Suitable For Summer",Baby & Maternity
,,13.4,0.0,1.0,1pc Baby Carrier Four Seasons Universal Summer Infant Carrier Multipurpose Breathable Waist Stool 6-36 Months Baby Carrier For Outdoor Travel (Front And Back Carrying),Baby & Maternity
,100+ sold recently,1.9,0.0,1.0,1pc Child Lock For Sliding Glass Doors Baby Multifunctional Safety Sliding Window Lock For Child And Pet Protection No Drilling Tools Required,Baby & Maternity
,60+ sold recently,10.99,0.0,1.0,Cozy Cub Fashionable Striped All-Match Jelly Soft Comfortable Cute Baby Sandals,Baby & Maternity
,200+ sold recently,9.49,0.0,1.0,SHEIN Maternity Loose Fit Round Neck T-Shirt,Baby & Maternity
,80+ sold recently,10.7,10.0,1.0,SHEIN Baby Girl Summer Casual Short Sleeve Dress With Embroidered Floral Pattern And Color Block Design,Baby & Maternity
,100+ sold recently,10.99,0.0,1.0,Cozy Cub Baby Girl 3pcs Solid Elastic Waist Pants,Baby & Maternity
,600+ sold recently,5.7,8.0,1.0,"SHEIN Baby Boy's Full Printed Long Sleeve Footed Romper With Colorful Dinosaur Pattern, Home Outfit",Baby & Maternity
,700+ sold recently,3.4,0.0,1.0,"5 Pieces Of Cute Flower Lace Bow Headbands For Babies And Children, Photography Hair Accessories Decoration",Baby & Maternity
,900+ sold recently,10.47,34.0,1.0,SHEIN Maternity Solid Drop Shoulder Tee & Shorts Loungewear Set,Baby & Maternity
,90+ sold recently,6.7,0.0,1.0,Infant Girls' Lovely Watermelon Pattern Short Sleeve Zipper Romper,Baby & Maternity
,80+ sold recently,14.7,8.0,1.0,"Toddler Boys' Excavator Printed 3-Piece Set, Including Shorts, Short Sleeve Shirt And Snug Fit Pajamas For Home",Baby & Maternity
,40+ sold recently,2.1,9.0,10.0,1pc Unisex Sublimation Blank Mesh Baseball Cap Polyester Mesh Trucker Hat For Men And Women,Baby & Maternity
,300+ sold recently,2.6,10.0,1.0,"5 Pairs Of Cute Cartoon Car Breathable And Odor Resistant Socks For Children In Spring, Summer, And Autumn",Baby & Maternity
,,4.3,0.0,1.0,Spring And Autumn Style Newborn Baby Soft Sole Anti-slip Sneakers With Hook And Loop Fasteners For 0-1 Years Old,Baby & Maternity
,100+ sold recently,9.19,0.0,1.0,SHEIN Maternity Island Holiday Tie-Dye Round Neck T-Shirt,Baby & Maternity
,,16.49,0.0,10.0,SHEIN Summer Beach Maternity Vacation Loose Fit Cut Out Long Sleeve Round Neck Cover-Up Dress,Baby & Maternity
,700+ sold recently,2.13,21.0,4.0,4pcs Baby Solid Flower Decor Chiffon Hair Band,Baby & Maternity
,,12.09,0.0,8.0,"SHEIN Summer Beach Maternity Twist Knot Halter Cutout Crinkle One-Piece, Maternity Bathing Suit",Baby & Maternity
,,5.77,45.0,7.0,"1pc Summer Baby Walking Assistant, Handheld Baby Walker, Infant Safe Harness, Toddler Walking Device, Walking Assistance Belt, Walking Training Tool, Walking Support Assistance Training Tool For Children, Suitable For 7-24 Months Old Baby, For Summer Use",Baby & Maternity
,300+ sold recently,3.43,10.0,1.0,SHEIN Baby Boy Cartoon Coconut Tree Pattern Knitted Soft Round Neck Short Sleeved Top,Baby & Maternity
,30+ sold recently,7.1,7.0,1.0,"SHEIN Baby Boy Snug Fit Fun Car Pattern Short Sleeve Top And Shorts, Knitted Comfortable Skin-Friendly Pajama Set",Baby & Maternity
,800+ sold recently,9.3,7.0,1.0,SHEIN Baby Boy Casual Cartoon Shark Pattern Color-Block Long Sleeve One-Piece Swimsuit With Hat Set,Baby & Maternity
,100+ sold recently,8.5,8.0,1.0,SHEIN Summer Solid Color Baby Boys' Denim Romper With Pocket & Bear Patchwork,Baby & Maternity
,,6.6,66.0,1.0,"Baby Bath Toy, Cloud Shaped Water Spray With Soft Light, Shower Spray Toy For Fun Bathing",Baby & Maternity
,400+ sold recently,11.7,7.0,4.0,SHEIN Baby Boy 4pcs/Set Solid Color Short Sleeve Pullover Top And Casual Shorts,Baby & Maternity
,60+ sold recently,9.9,10.0,1.0,SHEIN Baby Girl Cute Geometric Pattern Color-Block Unisex Shirt With Elastic Waist Loose Pants Outfit For Summer Vacation,Baby & Maternity
,100+ sold recently,13.99,0.0,1.0,Cozy Cub Baby Boy Doll Collar Short Sleeve Pullover Top And Casual Shorts Solid Color 2pcs/Set,Baby & Maternity
,100+ sold recently,3.8,5.0,1.0,"Baby Colorful Ocean Life Pattern Print Short Sleeve T-Shirt, Summer",Baby & Maternity
,80+ sold recently,5.36,21.0,4.0,Baby Girl Peter-Pan Collar Top,Baby & Maternity
,80+ sold recently,9.89,10.0,1.0,Cozy Cub Baby Boy Casual Knitted Soft Color-Block Round Neck Short Sleeve Top And Shorts Outfits,Baby & Maternity
,100+ sold recently,12.79,20.0,1.0,Cozy Cub Newborn Baby Girls' Polka Dot Pattern & Solid Color Footed Pants 3pcs/Set,Baby & Maternity
,1.1k+ sold recently,4.61,8.0,1.0,Baby Boy Simple Round Neck Color Block Striped Print Short Sleeve Bodysuit With Patch Pocket For Casual And Cute Spring And Summer Styles,Baby & Maternity
,300+ sold recently,1.4,0.0,1.0,"Transparent Portable Pacifier Case, Baby Pacifier & Teether Storage Box, Dustproof & Sanitary",Baby & Maternity
,100+ sold recently,18.4,8.0,1.0,Baby Girl Summer Lady-Like Short Sleeve Floral Print Outfit,Baby & Maternity
,,9.99,0.0,1.0,SHEIN Maternity Loose Fit Long Length T-Shirt With Island Vacation Print,Baby & Maternity
,400+ sold recently,12.09,0.0,7.0,SHEIN Maternity Solid Color Adjustable Waist Shorts,Baby & Maternity
,400+ sold recently,16.99,0.0,1.0,SHEIN Maternity Floral Print Ruched Side Mesh Bodycon Dress,Baby & Maternity
,300+ sold recently,17.1,12.0,1.0,SHEIN Baby Girl Bubble Sleeve Mesh Splice Round Neck Dress And Hat Set,Baby & Maternity
,100+ sold recently,8.29,0.0,1.0,SHEIN Maternity Island Vacation Young Ruffle Sleeve Slash Neck Regular Fit Maternity T-Shirt,Baby & Maternity
,300+ sold recently,6.2,9.0,1.0,"Baby Girl One-Piece Swimsuit With Special Fabric, Cute Pink And White Checkered Print Decorated With Flowers",Baby & Maternity
,900+ sold recently,6.8,9.0,4.0,"Cute Floral Romper For Baby Girls, Thin Short Sleeve Bodysuit, Summer",Baby & Maternity
,600+ sold recently,7.1,8.0,1.0,SHEIN Baby Boys' Cartoon Dinosaur Pattern Color Block Long Sleeve One-Piece Swimsuit,Baby & Maternity
,,19.19,0.0,1.0,SHEIN Maternity Batwing Sleeve Button Front Shirt Romper,Baby & Maternity
,500+ sold recently,11.3,11.0,6.0,SHEIN Baby Girl Ruffle Trim Square Neck Ruffle Hem Dress,Baby & Maternity
,90+ sold recently,5.29,29.0,1.0,Baby Boy Summer Short-Sleeved Slogan Printed T-Shirt & Casual Sports Shorts Two-Piece Suit,Baby & Maternity
,,15.79,0.0,8.0,SHEIN Maternity Distressed Denim Shorts For Summer,Baby & Maternity
,40+ sold recently,2.5,11.0,7.0,"1pc Children's Cute Cartoon Printed Fisherman Hat, Suitable For Daily Wear And Outdoor Activities",Baby & Maternity
,,15.89,0.0,5.0,SHEIN Maternity Summer Beach Halter Neck Bikini Set & Cover Up Skirt,Baby & Maternity
,,14.01,14.0,7.0,SHEIN Maternity Roll Up Hem Denim Shorts,Baby & Maternity
,80+ sold recently,9.8,2.0,1.0,"100 Pcs Ball Pit Balls For Babies Ball Pit Kids Play Tents, Children Toddlers Plastic Pool Balls For Room &Party Decorations, 100 Toys Pool Balls White Transparent",Baby & Maternity
,,6.5,10.0,1.0,SHEIN Persoplay Kids Adorable Baby Boy Green Big Eye Shaped Outfit,Baby & Maternity
,,3.5,5.0,1.0,"6pcs Printed Baby Bibs, Four Seasons",Baby & Maternity
,1.0k+ sold recently,10.9,8.0,1.0,Baby Girl Ruffle Trim Bow Front Flounce Sleeve Bodysuit & Headband,Baby & Maternity
,300+ sold recently,2.6,0.0,1.0,10-pack Anti-collision Corner Cabinet Anti-collision Sharp Corner Protective Cover Wrapping Furniture Corner Table Corner Corner Protector Silicone Transparent L-shaped,Baby & Maternity
,1.3k+ sold recently,9.6,8.0,1.0,"Baby Girl's 2pcs Fashionable Cow Printed Ruffle Hem Dress Bodysuit With Headband Set, Summer",Baby & Maternity
,100+ sold recently,10.02,15.0,1.0,SHEIN Maternity Adjustable Elastic Waist Leggings,Baby & Maternity
,,4.8,2.0,1.0,"40 Pcs Ball Pit Balls For Babies Ball Pit Kids Play Tents, Children Toddlers Plastic Pool Balls For Room &Party Decorations, 40 Toys Pool Balls Macaron Five Colors",Baby & Maternity
,60+ sold recently,5.0,0.0,1.0,Toddler Summer Sleeveless Printed Vest And Shorts Set For Boys' Casual Outfits,Baby & Maternity
,,12.19,0.0,1.0,SHEIN Summer Beach Maternity Striped Side Slit Cover-Up Top Music Festival,Baby & Maternity
,200+ sold recently,8.2,10.0,1.0,"SHEIN Baby Girl False Two-Piece Dress With Front Bowknot, Comfortable, Cute And Sweet, Suitable For Summer",Baby & Maternity
,2.4k+ sold recently,5.5,8.0,4.0,Baby Girl Casual O-Neck Striped Top With Flared Hem Pants Set,Baby & Maternity
,1.2k+ sold recently,6.7,8.0,8.0,Baby Girl Hanky Hem Cami Top & Ditsy Floral Print Paperbag Waist Belted Skirt,Baby & Maternity
,1.5k+ sold recently,8.6,8.0,4.0,Baby Boys' Cute Hooded Fleece Lined Romper For Winter,Baby & Maternity
,70+ sold recently,11.9,8.0,1.0,Daily Casual Comfortable Hot Selling Denim Children Set Fits Every Occasion,Baby & Maternity
,600+ sold recently,3.53,28.0,1.0,White Baby Girls Shoes Ruffle Trim Sandals Non-Slip Toddler Shoes Princess Shoes Crib Shoes First Walkers,Baby & Maternity
,,3.4,0.0,1.0,3 pcs Super Soft Nylon Baby Headband,Baby & Maternity
,500+ sold recently,13.96,9.0,1.0,"SHEIN Baby Boy Baby Girl Rainbow Color Bear Print Shorts Set With Color Block Woven Belt, 3pcs",Baby & Maternity
,100+ sold recently,10.99,0.0,1.0,Cozy Cub Baby Girl Casual Loose Fit Floral Print Round Neck Ruffled Waist Dress,Baby & Maternity
,900+ sold recently,14.79,0.0,6.0,SHEIN Maternity Adjustable Waist Contrast Color Ripped Denim Shorts,Baby & Maternity
,70+ sold recently,10.65,50.0,4.0,SHEIN 6pcs Baby Boy/Girl Casual Vacation Striped & Leaves Print Short Sleeve T-Shirt With Elastic Waistband Shorts Set,Baby & Maternity
,,6.3,0.0,1.0,Breathable Nursing Cover,Baby & Maternity
,20+ sold recently,3.37,49.0,1.0,"Leisure, Comfort, Cute, Fashion, Sleeveless, Spaghetti Strap, Girl Baby Dress With Fancy Styling, Three-Dimensional Floral Decoration.",Baby & Maternity
,100+ sold recently,3.2,9.0,4.0,1Pc Baby Sun Hat Adjustable -Toddler Kids Wide Brim Bucket  Summer Play Hat With Chin Strap,Baby & Maternity
,400+ sold recently,4.0,5.0,4.0,SHEIN Baby Boy Letter Patched Mock Neck Tee,Baby & Maternity
,,16.5,8.0,6.0,5pcs/Pack Solid Color Striped Short Sleeve Bodysuits For Baby Boy,Baby & Maternity
,,1.9,0.0,1.0,2 PCS Breastfeeding Mother Nipple Feeding Shield Butterfly Silicone Shields Protectors Soft Nipple Cover With PP Box,Baby & Maternity
,100+ sold recently,10.4,10.0,1.0,Lesmle Baby Boys' French-Style Vintage Elegant Cute Animal Printed Romper With Sailor Collar Shorts For Spring And Summer,Baby & Maternity
,,5.89,0.0,1.0,SHEIN Maternity Vibrant Holiday Printed Loose Camisole Tank Top,Baby & Maternity
,70+ sold recently,15.99,0.0,1.0,Cozy Cub Baby Boy Letter Pattern Colorblock Cardigan Short Sleeve T-Shirt And Casual Shorts 2Pcs/Set,Baby & Maternity
,100+ sold recently,14.79,0.0,4.0,SHEIN Maternity Strapless Tie-Dye Slit Ruched Dress,Baby & Maternity
,600+ sold recently,2.6,0.0,1.0,4pcs Baby Bow Decor Hair Band,Baby & Maternity
,200+ sold recently,9.3,0.0,1.0,"Baby Boys' Comfortable Lightweight Slip-On Shoes, Fashionable Trendy Flat Shoes",Baby & Maternity
,50+ sold recently,8.99,0.0,1.0,SHEIN Pregnant Women's Summer Daily Home Leisure Doll Strap Vest,Baby & Maternity
,600+ sold recently,7.7,8.0,1.0,Baby Girl Floral Pattern Ruffle Trim Bodysuit,Baby & Maternity
,100+ sold recently,3.1,0.0,1.0,Cute Wooden Ultrasound Picture Frame - Beautiful Double Sided Sign For 1SET The Announcement Of Your Pregnancy Or Babys Birth - Nursery Decor Sonogram Photo Frame & Pregnancy Gift For First Time Moms,Baby & Maternity
,600+ sold recently,6.8,13.0,1.0,Baby Boy USA Independence Day Casual Simple Pattern Round Neck Short Sleeve Top And Shorts Set Suitable For Spring And Summer,Baby & Maternity
,100+ sold recently,10.7,9.0,1.0,SHEIN Baby Boy 3pcs Casual Cartoon Animal Print Sleeveless Round Neck Vest Set,Baby & Maternity
,100+ sold recently,12.91,15.0,1.0,"SHEIN Maternity Summer Shorts With Elastic Waistband And Adjustable Drawstring, Perfect For Travel, Outings And Nursing",Baby & Maternity
,100+ sold recently,13.9,0.0,1.0,"Breathable Baby Girls' Sports Shoes, Running Shoes",Baby & Maternity
,,10.09,0.0,1.0,SHEIN Women's Casual Round Neck Short Sleeve Maternity T-Shirt With Ruffle Hem & Fringe Detailing,Baby & Maternity
,,12.8,9.0,1.0,SHEIN Baby Girl Contrast Collar Bow Front Knit Jumpsuit & Headband,Baby & Maternity
,1.5k+ sold recently,5.9,14.0,4.0,"10 Pairs Of Solid Color Spring And Summer Breathable, Sweat Absorbing, And Odor Resistant Sports Socks",Baby & Maternity
,900+ sold recently,18.09,0.0,1.0,SHEIN Maternity Solid Cami Dress,Baby & Maternity
,900+ sold recently,4.5,8.0,1.0,"1pc Outdoor Sun Hat For Baby Boys & Girls With Quick-Dry Fabric. Spring/Summer Styles Includes Fishing Hat, Western Cowboy Hat With Rolled Brim And Button, Mountaineering Hat, Hiking Hat, Camping Hat. Large Brim For Sun Protection With Colored Windproof Rope(Random Color).",Baby & Maternity
,100+ sold recently,20.14,8.0,1.0,SHEIN Maternity Bow Knot Romper For Summer,Baby & Maternity
,500+ sold recently,12.4,8.0,1.0,Baby Boy Casual And Cute Digital Car Printed Short-Sleeved Top With Shorts And Laser Digital Positioning Racing Color-Block Short-Sleeved Top With Racing Shorts Four-Piece Set Home Service Snug Fit,Baby & Maternity
,700+ sold recently,5.59,20.0,1.0,Cozy Cub Baby Girl Snug Fit Moon And Stars Pattern Short Sleeve Round Neck Top With Casual Shorts Home Wear Set Matching Set,Baby & Maternity
,200+ sold recently,5.0,0.0,1.0,"New Arrival Unisex Baby Sport Shoes, Soft Sole Anti-Slip Toddler Sneakers With Elastic Closure For Convenient Wearing",Baby & Maternity
,800+ sold recently,11.5,0.0,1.0,Kids' Sporty Sandals For Girls New Spring/Summer Mesh Breathable Casual Sandals Boys' Lightweight Running Shoes For Toddlers Learning To Walk,Baby & Maternity
,,12.99,0.0,1.0,SHEIN Maternity Floral Print Dress With Floral Lace Sleeves,Baby & Maternity
,200+ sold recently,12.95,20.0,4.0,SHEIN Maternity Ditsy Floral Print Butterfly Sleeve Dress,Baby & Maternity
,5.0k+ sold recently,8.19,0.0,5.0,SHEIN BASICS Maternity Wide Waistband Solid Leggings,Baby & Maternity
,200+ sold recently,11.36,27.0,1.0,SHEIN Baby Boy Striped Bow Front Bodysuit & Overalls,Baby & Maternity
,100+ sold recently,1.5,0.0,1.0,"1pc Random Pattern Baby Shower Gift For Parents, Mommy & Daddy Decision Maker Coin, Stainless Steel Double-Sided Coin With 'dad's Turn' And 'mom's Turn' For Pregnant Mothers And First-Time Parents As Birthday Gift For The Babies And Toddlers.",Baby & Maternity
,,6.1,0.0,1.0,"Baby Boys' Animal Letter Printed Short Sleeve Top And Shorts Set, Summer",Baby & Maternity
,,16.09,0.0,1.0,SHEIN Maternity Stretchy & Breathable Knitted Fabric Adjustable Waist Denim Shorts,Baby & Maternity
,20+ sold recently,3.2,9.0,1.0,"Children's Camouflage Baseball Cap, Simple Sun Hat, Outdoor Breathable Mesh Baseball Cap For Baby Boys/Girls, Summer",Baby & Maternity
,100+ sold recently,7.0,0.0,1.0,"1pc Baby Water Play Mat For Crawling Training, Inflatable Pat Mat With Extra Thickness",Baby & Maternity
,,5.46,22.0,1.0,"Baby Rap String Toys, Car Seat Hanging Toys, Cradle Crib Spiral Hanging Plush Toys, Baby Gifts For Boys And Girls",Baby & Maternity
,100+ sold recently,6.25,33.0,1.0,Baby Boy Animal Print Sweatshirt & Sweatpants,Baby & Maternity
,1.3k+ sold recently,19.19,0.0,1.0,SHEIN Maternity Ripped Detail Skinny Jeans,Baby & Maternity
,400+ sold recently,12.2,10.0,1.0,SHEIN Baby Girl Casual Cute Knitted Solid Color Ruffle Strap With Headband Set,Baby & Maternity
,300+ sold recently,4.4,0.0,4.0,"1pc Baby Pink Crocheted Bunny With Pointed Ears, Made With Beech Wood Teething Ring, Gift For Teething Period",Baby & Maternity
,80+ sold recently,4.2,9.0,1.0,"GARFIELD X SHEIN Baby Girl Pink Fun Cartoon Printed Spaghetti Strap Romper, Summer",Baby & Maternity
,900+ sold recently,10.1,7.0,1.0,"SHEIN Baby Boy Plant Patterned Raglan Sleeves Round Neck Top, Shorts, Hat & Swimming Suit 4pcs/Set",Baby & Maternity
,100+ sold recently,9.9,7.0,1.0,"Baby Boy Fall/Winter Set, Long Sleeve Set With Smiling Face Print, Casual Outfits",Baby & Maternity
,30+ sold recently,3.62,49.0,1.0,"Baby Boys' Cute Dinosaur Garden Shoes, Slip-Resistant Daily Wear Hollow Shoe",Baby & Maternity
,90+ sold recently,11.7,8.0,1.0,Toddler Boys' Cute And Funny Dinosaur Print Short Sleeve T-Shirt And Long Pants 2pcs Casual Home Outfit Set,Baby & Maternity
,,3.43,2.0,1.0,1pair Girls' Cute Bowknot Woolen Cloth Flats With Strap Design Suitable For Spring And Autumn,Baby & Maternity
,200+ sold recently,5.22,56.0,1.0,SHEIN Maternity Heart & Foot Print Dress,Baby & Maternity
,,1.9,10.0,7.0,3pairs Baby Ruffle Design Gloves For Daily Life,Baby & Maternity
,100+ sold recently,9.9,7.0,1.0,"SHEIN Baby Boy/Girl Cartoon Shark Printed Long Sleeve Swimsuit With Shorts, Sun Hat 3-Piece Set",Baby & Maternity
,100+ sold recently,10.2,11.0,1.0,"SHEIN Baby Girl Sets, Knit Ribbed Round Neck Short Sleeve Top And Long Pants With Cartoon Pattern, Sweat Wicking And Breathable Home Sleepwear 4pcs Set",Baby & Maternity
,500+ sold recently,5.9,11.0,10.0,SHEIN Baby Girl Casual Beach Multi-Color Pullover Tank Top Suitable For Summer,Baby & Maternity
,,12.8,0.0,1.0,28pcs Baby Bow Decor Hair Band,Baby & Maternity
,700+ sold recently,10.0,0.0,1.0,Baby Boys Knit Detail Slip On Fabric Sock Sneakers For Outdoor,Baby & Maternity
,100+ sold recently,8.54,49.0,7.0,SHEIN Maternity Solid Belted Bodycon Dress,Baby & Maternity
,,15.89,24.0,4.0,SHEIN BASICS Maternity Solid Split Knot Side Tee & Leggings,Baby & Maternity
,800+ sold recently,7.39,27.0,7.0,SHEIN Maternity Striped Print Tank Dress,Baby & Maternity
,,7.17,26.0,9.0,SHEIN Maternity Split Hem Solid Tee,Baby & Maternity
,1.3k+ sold recently,12.69,0.0,1.0,SHEIN Maternity Short Flying Sleeve Floral Print Dress,Baby & Maternity
,30+ sold recently,2.5,17.0,1.0,"6 Pieces/Set, 1 Large + 5 Small, Bath Play Water Pinch Call Small Yellow Duck Duck Toy, Squeeze Sound Duck, Swimming Bathroom Bath Playmate Duck, Bath Significant Other",Baby & Maternity
,80+ sold recently,6.1,9.0,1.0,SHEIN Newborn Baby Girl Soft Skin-Friendly Double-Sided Pleated Swan Printed Pinafore Bodysuit For Summer,Baby & Maternity
,,18.99,0.0,1.0,SHEIN Maternity Chamomile Tie Dye Print Breastfeeding T-Shirt,Baby & Maternity
,100+ sold recently,10.7,0.0,1.0,"1 Pair New Baby Boys"" Girls"" Fashionable Smile Face Design Canvas Athletic Shoes With Magic Tape For Daily Casual Wear",Baby & Maternity
,200+ sold recently,9.9,0.0,1.0,"1pair Baby Breathable Hollow Braided Sandals For Girls, Flat Anti-Slip Toddler Summer Shoes",Baby & Maternity
,800+ sold recently,12.0,9.0,4.0,"SHEIN Baby Boy 2pcs Sporty Short Sleeve Top With Stripe, Color Block & Letter Print",Baby & Maternity
,900+ sold recently,14.89,0.0,1.0,SHEIN Maternity Tie Dye Top With Adjustable Waist Shorts Two Piece Set,Baby & Maternity
,,14.5,0.0,6.0,"Baby Bassinet Sheets 4 Pack, Breathable Cozy Fitted Mattress Sheet, Elastic Travel Crib, Standard Cradle Safe Sheets For Baby Boy Girls, Random Shipment Of New And Old Packaging",Baby & Maternity
,20+ sold recently,7.29,0.0,1.0,"3pcs Nylon Maternity Underwear Set, Multi-Color",Baby & Maternity
,,8.1,0.0,1.0,"2pcs Baby Girls' Cute Printed Long Sleeve Bodysuit+Flared Pants+Headband Set, Lightweight For Spring And Autumn",Baby & Maternity
,,16.99,0.0,1.0,"SHEIN Casual White Maternity Denim Shorts With Distressed Detail, Knitting Panel, And Adjustable Waist",Baby & Maternity
,400+ sold recently,3.4,8.0,7.0,"6pairs/Pack Newborn Baby Anti-Scratch Mitten Set In Various Colors & Styles, 0-3 Months",Baby & Maternity
,70+ sold recently,5.2,9.0,5.0,"3pcs Newborn Baby Bonnets, Soft Bowknot Beanie Hats, Unisex Set",Baby & Maternity
,,10.79,0.0,4.0,SHEIN Maternity Floral Print Drawstring Shorts,Baby & Maternity
,200+ sold recently,3.5,30.0,1.0,Cute Baby Summer Breathable Woven Sandals And Slippers For Infants,Baby & Maternity
,200+ sold recently,22.79,20.0,1.0,SHEIN Maternity Solid Color Long Sleeve Top And Pants Nursing Set,Baby & Maternity
,300+ sold recently,10.4,8.0,1.0,"3pcs/set Baby Boys' Dinosaur Printed Casual T-shirt, Autumn And Winter",Baby & Maternity
,70+ sold recently,14.19,0.0,1.0,SHEIN Pregnant Women's Vacation Casual Solid Color Side Slit Tank Top And Shorts Set,Baby & Maternity
,200+ sold recently,13.8,0.0,1.0,New Spring/Autumn Design: 1 Pair White & Pink Combination Toddler Shoes + 1 Pair Sneakers With LED Lights + 1 Pair Sports Shoes For Toddlers + 1 Pair Soft Bottom Shoes For Girls + 1 Pair Breathable & Comfortable Baby Shoes With Mesh Design + 1 Pair Fashionable And Versatile Shoes With 13.5-18cm Shoe Liners For Children,Baby & Maternity
,,9.12,11.0,1.0,SHEIN Baby Boy Decorative Woven Elastic Waist Sport Shorts 3pcs/Set,Baby & Maternity
,100+ sold recently,7.4,12.0,1.0,SHEIN Baby Girl Floral Print Ruffle Trim Mesh Overlay Dress,Baby & Maternity
,400+ sold recently,21.3,8.0,1.0,"Baby Boys' Casual Gentleman Style , 2 In 1 Jumpsuit, Home Wearing",Baby & Maternity
,100+ sold recently,11.19,0.0,1.0,"SHEIN Solid Color Maternity Jumpsuit With Pockets And Knot, Sleeveless Design Suitable For Summer",Baby & Maternity
,500+ sold recently,3.03,13.0,1.0,Fashionable Plush Comfortable Sandals And Slippers For Infants And Toddlers,Baby & Maternity
,,14.56,20.0,1.0,"1pc Grey Maternity Pillow & 1pc Assistant Pillow, Breastfeeding Pillow, Detachable Washable U-Shaped Pillow, Side-Sleeping Pillow For Pregnant Women, Waist Support Pillow, Belly Support Pillow, U-Shaped Nursing Pillow, Abdominal & Lumbar Pillow, Waist Pillow, Spinal Support Pillow For Pregnancy Side-Sleeping, Comfortable And Useful",Baby & Maternity
,,6.92,62.0,1.0,"1pc Cartoon Bear Printed Nylon Bottle Bag With Color Block Decoration, Portable And Large Capacity, Zipper Closure, Suitable For Daily Use Of Mothers With Babies",Baby & Maternity
,,6.45,33.0,1.0,SHEIN Maternity Leopard Print Drawstring Ruched Split Thigh Skirt,Baby & Maternity
,400+ sold recently,11.7,7.0,4.0,SHEIN Baby Boy Baby Girl 4pcs Solid Color Round Neck Oversized Sweatshirt And Shorts Casual Outfits,Baby & Maternity
,200+ sold recently,13.99,0.0,4.0,Cozy Cub Baby Boy Decorative Woven Tape Stand Collar Short Sleeve Cardigan With Casual Shorts Two-Piece Set,Baby & Maternity
,100+ sold recently,15.13,25.0,1.0,SHEIN Baby Girl Flower Pattern Mesh Splicing Dress With Ruffle Hem,Baby & Maternity
,,7.97,60.0,5.0,"Momcozy Breastmilk Storing Bags 120pcs, Temp-Sensing Discoloration Milk Storage Bags For Breastfeeding, Easy To Use Milk Storage Bags For Refrigeration And Freezing",Baby & Maternity
,,36.19,0.0,1.0,Maternity One Shoulder Mesh Overlay Dress,Baby & Maternity
,70+ sold recently,8.7,7.0,1.0,SHEIN Baby Boys' Striped Cartoon Character Button Front Romper,Baby & Maternity
,100+ sold recently,9.2,0.0,1.0,2pcs Baby Soft Comfortable Breathable Swaddling Blanket With Bear Pattern,Baby & Maternity
,1.2k+ sold recently,11.99,0.0,1.0,SHEIN Summer Beach Maternity Ditsy Floral Print One Piece Swimsuit,Baby & Maternity
,100+ sold recently,9.5,7.0,1.0,SHEIN Newborn Baby Boy Cartoon Embroidery 3D Ear Design Hooded Sleep Jumpsuit,Baby & Maternity
,200+ sold recently,2.9,0.0,1.0,1pc Baby Learning Walking Safety Helmet Anti-Collision Protective Cap,Baby & Maternity
,400+ sold recently,7.5,9.0,1.0,"Baby Boy 2pcs/Set Shirt & Shorts Basketball Jersey Set, Trendy Print Color Block Outfit",Baby & Maternity
,400+ sold recently,10.6,0.0,1.0,Baby's Simple Style High-Top Fabric Sport Shoes Brown,Baby & Maternity
,200+ sold recently,10.0,8.0,4.0,Baby Boy 2pcs Street Style Baseball Collar Letter Print Short Sleeve Shirt And Sports Shorts,Baby & Maternity
,400+ sold recently,9.0,6.0,1.0,"Baby Girls' Elegant & Fashionable Casual Floral Print Three-Piece Pant Set, Spring/Summer",Baby & Maternity
,200+ sold recently,10.0,7.0,1.0,"Baby Girl Cute Elegant Black Bowknot Tank Top With Denim Shorts Set, Spring/Summer",Baby & Maternity
,600+ sold recently,6.0,8.0,1.0,Baby Girl Vacation Style Floral Printed Tie Shoulder Bodysuit With Bow For Summer,Baby & Maternity
,500+ sold recently,6.9,9.0,4.0,Baby Girl Stripe Print Ruffle Trim Top & Ruffle Hem Shorts,Baby & Maternity
,,4.5,0.0,5.0,2PCS Waterproof Baby Storage Bag Wet Dry Bag For Swimsuits,Baby & Maternity
,300+ sold recently,13.4,11.0,1.0,SHEIN Baby Girl White Satin Splicing Embroidered Mesh Sleeveless Dress + Mesh Shawl Set,Baby & Maternity
,100+ sold recently,7.6,8.0,1.0,"SHEIN Newborn Baby Boy's Animal Printed Bodysuit With Hat, Summer",Baby & Maternity
,200+ sold recently,10.8,29.0,1.0,SHEIN Baby Girl Vacation Princess Sleeves Flower & Organza Printed Fluffy Dress,Baby & Maternity
,20+ sold recently,9.0,10.0,1.0,"LOONEY TUNES X SHEIN Baby Girl Cute And Comfortable Cartoon Printed Short Sleeve Bodysuit With Round Neck, Summer",Baby & Maternity
,60+ sold recently,1.3,0.0,1.0,"1pc Cute Cartoon Animal Family Suction Cup Toothbrush Holder, Children's Wash Storage Rack Bathroom Tool",Baby & Maternity
,,16.0,3.0,1.0,"SHEIN Maternity 2pcs/Set Round Neck Short Sleeve Striped Jumpsuit, Suitable For Lazy & Casual Summer",Baby & Maternity
,100+ sold recently,1.3,0.0,4.0,"10pcs Multi-Functional Children Clothes Hangers, Anti-Slip Portable Baby Clothes Drying Rack And Clothes Support For Newborn, Infant And Toddler",Baby & Maternity
,1.8k+ sold recently,10.7,8.0,1.0,Baby Boy Letter Print Short Sleeve T-Shirt And Distressed Denim Shorts Set,Baby & Maternity
,1.4k+ sold recently,10.6,0.0,1.0,"1pc Talking Cactus Toy, Dancing Cactus Baby Toy With Lighting, Singing Mimicking Cactus Baby Toys Repeat What You Say Cactus, Recording 15 Seconds",Baby & Maternity
,2.6k+ sold recently,6.49,7.0,8.0,Shein Underwear&Sleepwear Maternity Maternity Solid Color Jelly Style Nursing Bra For Mother,Baby & Maternity
,300+ sold recently,3.1,0.0,1.0,"12pcs Macaron Colored Baby Decorative Headbands, Ultra Soft & Comfortable Elastic Hair Accessories",Baby & Maternity
,300+ sold recently,12.19,0.0,6.0,SHEIN Maternity Solid Nursing Detail Tee Dress,Baby & Maternity
,10+ sold recently,3.0,9.0,1.0,6 Pairs Candy-Colored Baby Non-Slip Boat Socks With Adhesive Soles,Baby & Maternity
,1.8k+ sold recently,19.29,0.0,1.0,SHEIN Maternity Button Front Ruffle Hem Dress,Baby & Maternity
,400+ sold recently,4.9,0.0,1.0,"Infant Full Allover Print Fish Sleeveless Romper, Sleeveless Romper, Cute Casual Sports For Summer",Baby & Maternity
,80+ sold recently,9.24,32.0,4.0,Baby Boys' Color Block Collar Knit Romper,Baby & Maternity
,300+ sold recently,12.9,0.0,1.0,"Toddler Shoes For One And A Half Year Old Girls, Autumn Leather Shoes For 1-3-5-6 Year Old Boys, Breathable And Soft Bottom Sports Shoes, 2024 Spring New Children's Athletic Shoes, Girls' Running Shoes, Boys' Casual Shoes, Baby Shoes",Baby & Maternity
,100+ sold recently,10.36,36.0,1.0,SHEIN Maternity Fold Pleated Adjustable Waist Straight Leg Pants,Baby & Maternity
,500+ sold recently,4.9,50.0,1.0,SHEIN Maternity Drop Shoulder Pocket Patched Tee,Baby & Maternity
,50+ sold recently,5.3,10.0,1.0,GARFIELD X SHEIN Baby Girl Casual Striped Funny Cartoon Cat Printed Short Sleeve Bodysuit For Summer,Baby & Maternity
,,26.09,0.0,4.0,SHEIN Maternity Water Washed Flared Jeans,Baby & Maternity
,1.0k+ sold recently,17.79,0.0,4.0,SHEIN Pregnant Women Adjustable Elasticity Fashionable Denim Shorts With Elastic Waistband,Baby & Maternity
,100+ sold recently,8.79,20.0,1.0,Cozy Cub Baby Boy Cartoon Sailboat Pattern Round Neck Short-Sleeved Top And Leggings Trousers Two-Piece Set,Baby & Maternity
,,2.4,0.0,1.0,"1pc Waterproof, Washable And Breathable Blue Animal Pattern Incontinence Pad For Baby, Elderly And Women",Baby & Maternity
,1.3k+ sold recently,5.2,0.0,1.0,"Baby Boys"" Short Sleeve Letter Print Top And Sports Shorts Summer Casual Outfits",Baby & Maternity
,,10.89,0.0,8.0,SHEIN Maternity Ditsy Floral Print Cami Dress,Baby & Maternity
,,3.4,8.0,7.0,"6pairs/Pack Baby Anti-Scratch Mittens, Newborn Hand Protection Gloves (0-3 Months)",Baby & Maternity
,1.0k+ sold recently,15.89,0.0,9.0,SHEIN Maternity Off Shoulder Ruched Bodycon Dress,Baby & Maternity
,,9.1,0.0,1.0,"1pair Baby Girl/Boy Soft Bottom Clogs, Beginner Walking Shoes, Comfortable Beach Shoes, Colorful Options",Baby & Maternity
,,10.97,10.0,5.0,SHEIN Maternity Heart Print Batwing Sleeve Nursing Nightdress For Mother,Baby & Maternity
,100+ sold recently,12.69,0.0,1.0,SHEIN Maternity Solid Surplice Leggings,Baby & Maternity
,100+ sold recently,8.0,8.0,1.0,TEENAGE MUTANT NINJA TURTLES X SHEIN Baby Boy Casual Cartoon Letter Printed Color Block Jumpsuit With Raglan Sleeve,Baby & Maternity
,,8.99,0.0,1.0,"Cozy Cub Summer Cute & Funny Forest Animal Design Breathable, Comfortable, Anti-Skid, And Wear-Resistant Two-Purpose Baby Sandals Or Slippers",Baby & Maternity
,500+ sold recently,20.99,0.0,1.0,Cozy Cub Baby Boy's 4pcs/Set Sporty Shorts With Color Blocking & Decorative Woven Belt,Baby & Maternity
,400+ sold recently,2.22,53.0,1.0,5 Pairs/Set Youth Ankle Socks Mid-Calf Socks Unisex Outdoor Sports & Leisure Socks Simple Solid Color,Baby & Maternity
,500+ sold recently,1.92,66.0,4.0,"3pcs Suction Cup Cutlery Set For Infants And Toddlers, Made Of Silicone With Divided Design, Can Be Used In Microwave And Dishwasher",Baby & Maternity
,100+ sold recently,13.99,0.0,1.0,"Cozy Cub Baby Girl Set Of 4 Soft Knit Casual Tank Tops, With Floral Pattern And Solid Colors",Baby & Maternity
,200+ sold recently,10.47,23.0,1.0,Baby Girls' Flower Embroidered Knitted Jumpsuit,Baby & Maternity
,60+ sold recently,8.3,9.0,1.0,"Baby Boys' Fun Wildlife Print Short Sleeve Shirt And Shorts Set, Spring/Summer Vacation Casual Outfits",Baby & Maternity
,200+ sold recently,2.9,12.0,1.0,"Baby Boy's Casual Face Pattern Printed Shorts, Spring/Summer",Baby & Maternity
,600+ sold recently,3.6,8.0,1.0,Baby Girl Solid Color Round Neck T-Shirt,Baby & Maternity
,400+ sold recently,11.2,8.0,1.0,SHEIN Baby Girl Floral Print Ruffle Trim Bow Front Flounce Sleeve Jumpsuit & Headband,Baby & Maternity
,300+ sold recently,4.3,9.0,1.0,4pcs Newborn Baby Solid Color Simple Beanie Hat,Baby & Maternity
,900+ sold recently,7.99,0.0,6.0,Cozy Cub Baby Girl Casual Soft Floral Pattern Long Sleeve Footed Jumpsuit,Baby & Maternity
,300+ sold recently,3.5,0.0,1.0,Fashionable Simple Breathable Mesh Slip-on Infant Sports Shoes,Baby & Maternity
,1.1k+ sold recently,3.6,0.0,7.0,"24pcs Solid Color Hair Bows For Girls,Small Ribbon Bow Hair Clips,Elegant Alligator Barrettes Hairpins,Kids Baby Hair Accessories",Baby & Maternity
,200+ sold recently,2.0,0.0,1.0,"1pc Baby Bathing & Drying Small Towel, Infant Soft & Absorbent Large Towel, Coral Fleece Baby Washcloth, Mommy's Washing & Drying Hair & Face Towel",Baby & Maternity
,700+ sold recently,8.5,9.0,1.0,Baby Girl Frill Trim Zipper Front One Piece Swimsuit,Baby & Maternity
,60+ sold recently,3.2,0.0,1.0,"10pcs White Kids Safety Cabinet Locks, Baby Proof Security Protector Drawer Door Cabinet Locks, Plastic Door Locks",Baby & Maternity
,100+ sold recently,4.93,56.0,1.0,SHEIN 3pcs Baby Boys' Casual And Cute Dog Patterned Bodysuit Set For Spring/Summer,Baby & Maternity
,300+ sold recently,12.79,0.0,7.0,SHEIN Summer Beach Maternity One Piece Swimsuit With Hollow Out Back Design Carnival,Baby & Maternity
,,4.9,0.0,1.0,"47.2in*47.2in Ultra-Soft Shaggy Round Rug For Bedroom â Plush Accent Circle Rug Ideal For Nursery, Comfy Fuzzy Carpet For Kids Area, Decorative Rug For Girls Room & Dorm Home Decor",Baby & Maternity
,,12.89,0.0,1.0,"SHEIN MaternityWOMEN Casual Young And Mature Round Neck Frilled Sleeve Top And Adjustable Elastic Waist Straight Shorts, Casual Fit Pregnant Women 2-Piece Set",Baby & Maternity
,500+ sold recently,15.19,0.0,5.0,SHEIN Maternity Solid Color Ruffled Hem Dress,Baby & Maternity
,500+ sold recently,12.8,0.0,1.0,SHEIN Baby Boy Camo Print Knot Waist Flap Pocket Side Cargo Jeans  Casual Denim Jogger Pants With Elastic Cuffs,Baby & Maternity
,800+ sold recently,3.2,22.0,1.0,SHEIN Baby Girl Heart Print Cami Romper,Baby & Maternity
,300+ sold recently,4.7,0.0,1.0,3pcs Baby Boy Random Animal Embroidered Bib,Baby & Maternity
,,9.59,0.0,1.0,SHEIN Maternity Summer Tops Young Sporty Casual Round Neck Short Sleeve Loose Solid Color Pregnancy T-Shirt,Baby & Maternity
,100+ sold recently,13.99,0.0,1.0,Cozy Cub Baby Boy Coconut Tree Print Polo Shirt With Button And Casual Shorts Set,Baby & Maternity
,1.3k+ sold recently,18.2,8.0,1.0,Baby Boys' Spring And Autumn Solid Color Ribbed 3pcs Outfits Jumpsuit,Baby & Maternity
,100+ sold recently,5.4,8.0,1.0,"SHEIN Baby Girl Solid Color Corduroy Elastic Waist Pants With Bowknot And Ruffled Cuffs, Suitable For Summer",Baby & Maternity
,200+ sold recently,17.49,0.0,1.0,SHEIN Maternity Knot Waist Solid Dress,Baby & Maternity
,,13.79,0.0,1.0,SHEIN Maternity Solid Color Flare Pants With Split Hem,Baby & Maternity
,100+ sold recently,8.79,20.0,1.0,Cozy Cub Baby Girl's Flower Pattern Round Neck Top With Ruffled Hem And Long Pants Set Matching Set,Baby & Maternity
,100+ sold recently,7.6,7.0,1.0,TEENAGE MUTANT NINJA TURTLES X SHEIN Baby Boy Casual Cartoon Turtle Design Printed Hooded Romper,Baby & Maternity
,500+ sold recently,11.9,8.0,8.0,Newborn Baby Boy Elephant Printed Short Sleeve Jumpsuit,Baby & Maternity
,700+ sold recently,10.5,8.0,1.0,Baby Girl Casual Solid Color Long-Sleeved Bodysuit And Floral Suspender Skirt Suit Autumn And Winter,Baby & Maternity
,100+ sold recently,15.35,20.0,1.0,SHEIN Maternity Vacation Casual Solid Color Sleeveless Dress With Front Button Closure And Waist Belt,Baby & Maternity
,200+ sold recently,6.39,20.0,1.0,"Cozy Cub Baby Boy Snug Fit Pajama Set With Cartoon Dinosaur/Animal Graphic, Color Block Pullover And Long Pants",Baby & Maternity
,,13.39,0.0,6.0,SHEIN Maternity Summer Beach Solid Ruched Elastic One-Piece Swimsuit For Vacation,Baby & Maternity
,,3.49,19.0,1.0,Baby Boy's Vacation Style Letter & Palm Tree Printed Casual Shorts,Baby & Maternity
,1.8k+ sold recently,4.7,8.0,1.0,10 Pairs/Set Random Color Cute Bow Decorative Socks For Baby Girls Toddler Cute Socks,Baby & Maternity
,100+ sold recently,11.3,9.0,1.0,Lesmle 2pcs Baby Boys Casual Embroidery Shirt And Shorts Set For Spring/Summer Vacation,Baby & Maternity
,200+ sold recently,19.29,0.0,1.0,SHEIN Maternity Solid Color Short Sleeve Top & Adjustable Waist Short Set 2pcs For Summer,Baby & Maternity
,100+ sold recently,19.79,0.0,1.0,SHEIN Maternity Summer City Casual Strapless Top With Adjustable Elastic Waistband & Bowknot Detail Long Pants Set,Baby & Maternity
,200+ sold recently,10.99,0.0,1.0,Cozy Cub Baby Girl Letter & Cherry Print Pullover and Leggings,Baby & Maternity
,1.2k+ sold recently,9.39,0.0,1.0,SHEIN Maternity Striped Print Cami Dress,Baby & Maternity
,600+ sold recently,8.2,8.0,1.0,Baby Boys' Space & Planet Printed Zipper Jumpsuit For Spring And Autumn,Baby & Maternity
,70+ sold recently,8.16,25.0,1.0,SHEIN Newborn Baby Girl Summer Vacation Floral Pattern Short Sleeve Ruffled Hem Dress,Baby & Maternity
,60+ sold recently,4.66,51.0,4.0,Baby Boy Color Block Short Sleeve Button-Up Top And Pleated Shorts Set,Baby & Maternity
,100+ sold recently,5.0,7.0,1.0,SHEIN Baby Girl Knitting Floral One-Piece Swimsuit,Baby & Maternity
,100+ sold recently,3.4,13.0,1.0,"Baby Boy's Casual Minimalist Cartoon Printed Short Sleeve Round Neck Top, Suitable For Summer",Baby & Maternity
,,16.19,0.0,1.0,SHEIN Summer Beach Maternity Ditsy Floral Print Smocked Ruffle Trim Bikini Swimsuit,Baby & Maternity
,300+ sold recently,24.3,8.0,1.0,"Baby Boy Cute Dinosaur & Letter Printed Hooded Romper With Dinosaur Printed Pants Set, 8pcs Casual Daily Outfits Set",Baby & Maternity
,100+ sold recently,10.99,0.0,1.0,"Cozy Cub Baby Boy Snug Fit Pajamas, Cartoon Printed Short Sleeve Crewneck Tee And Shorts, 4pcs/Set",Baby & Maternity
,90+ sold recently,7.59,20.0,5.0,"SHEIN Pregnant Women's Solid Color Wave Pleated Vest Top And Shorts, Casual 2pcs Set For Summer",Baby & Maternity
,100+ sold recently,10.0,7.0,1.0,SHEIN Baby Boy Spiderman Inspired Knitted Soft Round Neck Short Sleeve Top 3pcs Set,Baby & Maternity
,50+ sold recently,2.6,0.0,5.0,Baby Teething Gum Silicone Rabbit-Shaped Teether Toy,Baby & Maternity
,10+ sold recently,6.0,8.0,1.0,"Baby Boys' Printed Short Sleeve Shirt, Shorts And Swimwear Set",Baby & Maternity
,200+ sold recently,6.8,0.0,1.0,"Newborn Autumn/Winter Clothing For Baby Boys, Baseball Print Long Sleeve Round Neck Button Jumpsuit With Attached Pants",Baby & Maternity
,500+ sold recently,4.2,9.0,1.0,"Butterfly Shaped Newborn Baby Girls Milestone Card Wooden Plaque, Photography Prop",Baby & Maternity
,80+ sold recently,3.3,6.0,6.0,"1pc Baby & Toddler Silicone Straw Cup, Training Drinking Cup With Handle",Baby & Maternity
,300+ sold recently,2.4,0.0,1.0,3pcs Baby Hollow Out Bow Decor Hair Band For Summer,Baby & Maternity
,400+ sold recently,20.1,0.0,1.0,"9pcs/Set Children's Feeding Utensils Suit, Baby Silicone Tableware Plate With Suction Base, Adjustable Bib, Fork And Spoon With Wooden Handles, Silicone Straws Cup & Snack Cup",Baby & Maternity
,600+ sold recently,1.77,46.0,1.0,"(2pcs/Pack) Pom-Pom Pattern Newborn Baby Hat With Bowknot, Infant/Toddler Soft Beanie",Baby & Maternity
,800+ sold recently,24.69,2.0,11.0,SHEIN Maternity Off Shoulder Foldover Dress,Baby & Maternity
,800+ sold recently,9.2,8.0,4.0,Newborn Baby Boy Cartoon Graphic Bodysuit & Pants & Hat,Baby & Maternity
,,3.2,0.0,1.0,36pcs/Set Alphanumeric Letter Bath Puzzle EVA Kids Baby Toys New Early Educational Kids Bath Funny Toy Bath Toy,Baby & Maternity
,1.6k+ sold recently,9.7,8.0,1.0,SHEIN Baby Boy Cartoon Dinosaur Printed Overalls And Top Set,Baby & Maternity
,,16.59,0.0,1.0,SHEIN Maternity Summer Beach Contrast Tropical Print Drawstring Tankini Set,Baby & Maternity
,50+ sold recently,2.4,0.0,1.0,"1pc Children's Bathing Water Play Clockwork Toy, Shark/Pufferfish/Crocodile/Yellow Duck/Brown Bear, Suitable For Bathing, Swimming Pool, Beach, Outdoor Playtime, Birthday Gifts, Festival Gifts",Baby & Maternity
,200+ sold recently,5.0,0.0,1.0,"Infant/Toddler Summer Short Sleeve Romper With Letter Printed Patchwork, Cute Daily Wear",Baby & Maternity
,100+ sold recently,2.0,0.0,1.0,"1 Piece Baby Water Bottle Cap,Spill-Proof Kids Soda Water Bottle Twist Cover Cap With Safe Drink Straw,Bottle Top Spout Cap Adapter For Toddler Travel Essential",Baby & Maternity
,,18.89,0.0,10.0,SHEIN Maternity Off Shoulder Ruched Bodycon Dress,Baby & Maternity
,50+ sold recently,4.1,7.0,1.0,Baby Boy Ribbed Knit Leggings,Baby & Maternity
,500+ sold recently,21.99,0.0,1.0,SHEIN Maternity Wideband Waist Roll Up Hem Skinny Jeans,Baby & Maternity
,400+ sold recently,4.32,40.0,1.0,"Baby Boy 2pcs Fashionable Casual Letter Printed Short Sleeve T-Shirt And Shorts, Comfortable Summer Outfit",Baby & Maternity
,,6.1,0.0,1.0,Kids' Gradient Color Slip Resistant Thickened And Comfortable Slippers With Soft And Anti-Collision Toe Cap,Baby & Maternity
,50+ sold recently,8.5,9.0,1.0,GARFIELD X SHEIN Baby Boy Cool Cartoon Printed Color-Block Collar Short Sleeve T-Shirt And Shorts Set,Baby & Maternity
,700+ sold recently,8.4,8.0,5.0,Baby Girl Printed Random Half Zipper Front One-Piece Swimsuit With Raglan Short Sleeves,Baby & Maternity
,800+ sold recently,19.29,0.0,1.0,SHEIN Maternity Elastic & Adjustable Waist Comfortable Denim Capri Pants,Baby & Maternity
,2.0k+ sold recently,10.93,4.0,1.0,"SHEIN Adjustable Maternity Suspender Overall Jumpsuit, Perfect For Summer",Baby & Maternity
,300+ sold recently,8.55,17.0,1.0,"3pcs/Set Baby Boys' Spring/Autumn Cute And Casual Dinosaur & Alphabet Print Bodysuit, Long Pants And Hat For Home And Daily Wear",Baby & Maternity
,100+ sold recently,15.09,0.0,1.0,SHEIN Maternity Heart Print Short Sleeve T-Shirt And Shorts Set,Baby & Maternity
,200+ sold recently,12.4,50.0,6.0,SHEIN Maternity High Waisted Skinny Jeans,Baby & Maternity
,100+ sold recently,3.54,70.0,1.0,Baby Girl Christmas Print Ruffle Trim Bow Front Bodysuit & Headband,Baby & Maternity
,30+ sold recently,5.6,0.0,1.0,2024 Independence Day And Presidential Election Summer Baby Shoes - Cloud Design Fashionable Breathable Soft Sole Walking Shoes For Infants,Baby & Maternity
,400+ sold recently,15.0,8.0,1.0,Baby Boy 3pcs Casual Short Sleeve Jumpsuit With Round Neckline,Baby & Maternity
,100+ sold recently,2.6,7.0,12.0,Kids' Colorful Tights For Dance Or Everyday Wear,Baby & Maternity
,500+ sold recently,11.89,0.0,1.0,SHEIN Maternity Striped Print Cami Dress,Baby & Maternity
,10+ sold recently,6.8,0.0,1.0,"Baby Girl Elegant And Cute Cherry Puff Sleeve Bodysuit With Square Collar And Triangular Towel & Headscarf Set, Summer",Baby & Maternity
,100+ sold recently,10.99,0.0,1.0,Cozy Cub Baby Girl Cartoon Animal Printed Puff Sleeve Round Neck Top & Ditsy Floral Pants Set,Baby & Maternity
,300+ sold recently,4.2,9.0,1.0,"6pairs Boys Girls Kids Cartoon Animal Pattern Cute Socks Shoes, Anti-Skid Socks With Dot Glue, Toddlers Children's Trendy Floor Socks",Baby & Maternity
,50+ sold recently,5.11,27.0,1.0,Baby Peter Pan Collar Eyelet Embroidery Puff Sleeve Blouse,Baby & Maternity
,300+ sold recently,12.4,21.0,8.0,SHEIN 5pcs/Set Baby Girl Casual Knitted Solid Color Sleeveless Romper Set,Baby & Maternity
,200+ sold recently,5.4,0.0,1.0,Baby Boys' American Flag Print Baseball Elements Short Sleeve Romper,Baby & Maternity
,200+ sold recently,8.2,7.0,1.0,Baby Girl Summer Casual Floral Decorated Ruffle Hem Tank Top With Bowknot Decoration Long Pants Set,Baby & Maternity
,800+ sold recently,3.47,50.0,1.0,"SHEIN 2pcs/Set Baby Boy's Casual Daily Basic Lion Printed Short Sleeve Tee And Shorts, Suitable For Spring And Summer Outings",Baby & Maternity
,600+ sold recently,19.39,0.0,5.0,SHEIN Maternity Knot Front Cami Jumpsuit,Baby & Maternity
,100+ sold recently,11.22,22.0,6.0,Baby Boy Bow Front Bodysuit & Suspender Pants & Hat,Baby & Maternity
,400+ sold recently,9.0,10.0,1.0,SHEIN Baby Girl Simple Solid Colored Texture One-Shoulder Short Sleeve Crop Top And Elastic Waist Skirt Set For Summer Vacation,Baby & Maternity
,100+ sold recently,8.99,0.0,1.0,"Cozy Cub Baby Boys' Knitted Soft Color Block Round Collar T-Shirt With Regular Shoulders, 2pcs/Set",Baby & Maternity
,10+ sold recently,6.1,10.0,1.0,"1pc Funny Unicorn Ear Moving Cap For Teenagers, Casual",Baby & Maternity
,400+ sold recently,15.99,0.0,1.0,"Cozy Cub 2pcs/Set Baby Boy's Half Placket Front Button Closure , Knitted, Solid Color",Baby & Maternity
,1.7k+ sold recently,7.1,8.0,1.0,Baby Girl Cold Shoulder Ruffle Trim Bodysuit,Baby & Maternity
,60+ sold recently,1.33,37.0,1.0,"1set Baby Polka Dot Bow Headband, Socks And Pantyhose Set, Perfect For Full Moon Celebration",Baby & Maternity
,600+ sold recently,12.49,0.0,4.0,SHEIN Maternity Tight-Fitting Mid-Length Tank Dress,Baby & Maternity
,500+ sold recently,9.99,0.0,1.0,SHEIN Maternity Adjustable Waist Plaid Print Leggings,Baby & Maternity
,900+ sold recently,2.89,22.0,1.0,"1pair Baby Silicone Soft Bottom Outdoor Sports Shoes For Spring And Autumn, Indoor Breathable Slip-Resistant Walking Socks Shoes, For Infant Boys And Girls",Baby & Maternity
,300+ sold recently,6.6,7.0,1.0,Newborn Baby Boy Plant Print Wrap Blanket & Hat Photo Outfit,Baby & Maternity
,100+ sold recently,15.99,0.0,4.0,Cozy Cub Baby Boy Solid Color Turn-Down Collar Short Sleeve Cardigan And Shorts Casual Outfits,Baby & Maternity
,100+ sold recently,13.99,0.0,1.0,Cozy Cub Blue And White Striped Baby Girl Square Collar Sleeveless Dress With Ruffled Waist And Hem,Baby & Maternity
,500+ sold recently,5.8,0.0,1.0,2pcs Random Color Baby Waterproof Silicone Bib,Baby & Maternity
,300+ sold recently,7.9,9.0,1.0,Baby Boy Summer Fashion Independence Day American Flag Printed Short Sleeve Shirt And Shorts Set,Baby & Maternity
,100+ sold recently,9.8,10.0,1.0,"SHEIN Baby Girl Cute Knitted Solid Color Cami Top With Elastic Waist Shorts, Sheer Long-Sleeved Sunscreen Clothing Set",Baby & Maternity
,,5.9,9.0,5.0,Newborn Baby Girl Milestone Numbers Wooden Board Set Photography Prop,Baby & Maternity
,300+ sold recently,1.02,40.0,1.0,Girls Solid Over The Knee Socks,Baby & Maternity
,200+ sold recently,15.49,0.0,1.0,SHEIN Maternity Summer Urban Casual Slim Fit Short Sleeve Round Neck T-Shirt,Baby & Maternity
,200+ sold recently,18.19,0.0,1.0,SHEIN Maternity Butterfly Sleeve Knot Side Wrap Dress,Baby & Maternity
,1.4k+ sold recently,3.3,8.0,7.0,"5 Pairs Of Baby Socks, Unisex Newborn And Toddler Socks",Baby & Maternity
,1.7k+ sold recently,10.93,5.0,1.0,"SHEIN Baby Boy Spring Summer Trendy Solid Tank Top With Ripped Baggy Denim Jeans Shorts Set,Baby Boy Summer Clothes Set Outfits",Baby & Maternity
,800+ sold recently,14.99,0.0,5.0,SHEIN Maternity Tie Back Ruffle Hem Dress,Baby & Maternity
,200+ sold recently,17.8,9.0,1.0,SHEIN 2pcs/Set Baby Girl Long Sleeve Long Jumpsuit Pajamas For Home,Baby & Maternity
,,7.5,0.0,1.0,"2pcs Baby Boys' Girls' Casual Ice Cream Patchwork Short Sleeve T-Shirt And Shorts, Summer",Baby & Maternity
,100+ sold recently,25.69,0.0,1.0,SHEIN Maternity Summer Casual Nursing Clothes Round Neck Short Sleeve Slim Fit T-Shirt,Baby & Maternity
,,2.5,0.0,1.0,Baby Sensory Teething Teether Toys: Teething Toys For Babies 0-6 Months | Baby Teething Toys 6 To 12 Months Baby Teething Ball Toy 0-3 Month Rattle Sensory Infant Toys For 0-3-6-12 Months Baby(Some Parts Are Sent Random ) Teething Toys,Baby & Maternity
,1.0k+ sold recently,6.5,7.0,1.0,Baby Boy 4th Of July Outfits Car Letter Printed Short Sleeve T-Shirt & Americana Printed Shorts Set For Summer,Baby & Maternity
,,10.79,0.0,8.0,SHEIN Maternity Floral Print Slim Fit Ruched Spaghetti Strap Dress,Baby & Maternity
,100+ sold recently,12.6,0.0,1.0,"Infant Summer Round Neck Short Sleeve Solid Color Tops, Daily Wear Pack, Versatile College Style",Baby & Maternity
,100+ sold recently,5.59,30.0,1.0,"Cozy Cub Baby Boy Snug Fit Knit Soft Short-Sleeve Top And Footed Pants Pajama Set, Home Wear 2Pcs",Baby & Maternity
,500+ sold recently,2.9,0.0,1.0,2pcs Baby Random Color Bib,Baby & Maternity
,100+ sold recently,12.48,21.0,1.0,Baby Boy 2pcs Cartoon Graphic Contrast Binding Footed Jumpsuit,Baby & Maternity
,700+ sold recently,13.99,0.0,1.0,Cozy Cub Baby Boys' Solid Color Wave Stripe Collar Short-Sleeved Cardigan And Casual Shorts Set,Baby & Maternity
,20+ sold recently,10.99,0.0,4.0,Cozy Cub Baby Boy Casual Solid Color Romper With Decorative Buttons,Baby & Maternity
,600+ sold recently,16.69,0.0,4.0,SHEIN Elegant Maternity Party Maxi Dress With Slim Fit,Baby & Maternity
,200+ sold recently,9.12,22.0,1.0,SHEIN Maternity Contrast Lace Flounce Sleeve Night Dress For Mother,Baby & Maternity
,700+ sold recently,9.6,0.0,1.0,Baby Girl Flutter Sleeve Cartoon Bear Bow Embroidery False Strap Polka Dot Double-Layer Skirt Triangle Bodysuit,Baby & Maternity
,100+ sold recently,8.2,7.0,1.0,Baby Boy Short Sleeve Printed Bodysuit & Americana Print Shorts For Summer 4th Of July Outfits,Baby & Maternity
,,13.19,0.0,1.0,SHEIN Elegant Maternity Square Neck Party Regular Fit Shirt,Baby & Maternity
,400+ sold recently,7.7,7.0,1.0,SHEIN Baby Girl Asymmetrical Neck Fold Pleated Detail Dress,Baby & Maternity
,800+ sold recently,3.93,21.0,5.0,"1pair Baby Girls' Anti-Slip Soft Sole Walking Shoes Socks With Bow Knot, Indoor/Outdoor Breathable Sports Shoes With Silicone Bottom",Baby & Maternity
,,5.7,0.0,4.0,Baby Boys' Cute Animal Printed Short Sleeve Lightweight Swimsuit With Shorts For Summer,Baby & Maternity
,70+ sold recently,3.3,37.0,1.0,White Baby Shoes Embroidered Flower Infant Girl Sandals Toddler First Walkers Shoes Girls Vintage Closed Toe Beach Flat Sandals Summer,Baby & Maternity
,100+ sold recently,8.59,0.0,1.0,SHEIN Pregnant Women Spring Summer Casual Elegant Commute Pleated Slim Short Sleeve T-Shirt,Baby & Maternity
,500+ sold recently,16.2,8.0,1.0,"Leisure Convenient Color Blocking Top & Elastic Waistband Shorts Set For Baby Boys, Both For Daily Wearing And",Baby & Maternity
,300+ sold recently,15.9,0.0,1.0,"Baby Girl 0-2 Years Old Three-Piece Set Dress, White Christening Gown",Baby & Maternity
,100+ sold recently,9.9,8.0,1.0,SHEIN Baby Boy Adorable Animal Pattern Knitted Comfortable And Soft Homewear Jumpsuit,Baby & Maternity
,10+ sold recently,3.1,0.0,1.0,"5pcs/Set Or 10pcs/Set Solid Color Baby Clothes Hangers With Hooks, Suitable For Daily Use",Baby & Maternity
,100+ sold recently,2.8,10.0,11.0,5 Pairs/Set Baby Smiling Face Solid Color Socks,Baby & Maternity
,300+ sold recently,13.3,0.0,1.0,"1pc Small Dinosaur Cartoon Baby Bath Towel, 6-Layer Gauze Children Blanket, Kindergarten Baby Towel",Baby & Maternity
,300+ sold recently,7.6,10.0,1.0,Newborn Baby Boy Bear Print Jumpsuit,Baby & Maternity
,30+ sold recently,10.7,7.0,1.0,"Boys' Cute Lion Printed Short Sleeve T-Shirt And Shorts Set, Snug Fit, For Casual & Home Wear",Baby & Maternity
,100+ sold recently,5.99,0.0,1.0,Cozy Cub Baby Girl Allover Floral Print Pants,Baby & Maternity
,200+ sold recently,19.79,0.0,1.0,SHEIN Maternity Solid Tee & Overall Romper,Baby & Maternity
,900+ sold recently,10.19,0.0,6.0,SHEIN Maternity Vacation Energy V-Neck Long Loose T-Shirt,Baby & Maternity
,100+ sold recently,9.4,7.0,1.0,Baby Boys Stripe Printed Zipper Rash Guard With Hat,Baby & Maternity
,40+ sold recently,13.69,0.0,4.0,SHEIN Maternity Bodycon City Vacation Spaghetti Strap Dress,Baby & Maternity
,300+ sold recently,3.4,8.0,1.0,"4pairs/Set White Thin Double Layer Lace Elegant Princess Style Girl's Ankle Socks With Frills, Match With Mid-Tube Dance Socks",Baby & Maternity
,300+ sold recently,0.85,50.0,4.0,Baby Girls' Spring/Autumn Cute Bow Knot Knee-High Socks With Loose Mouth Design,Baby & Maternity
,100+ sold recently,5.6,11.0,1.0,SHEIN Baby Girl Summer Casual White Lace Patchwork Sleeveless Blouse With Turn-Down Collar And Twist Knot Decoration,Baby & Maternity
,500+ sold recently,12.4,9.0,1.0,SCOOBY-DOO X SHEIN Baby Boy Cartoon Graphic Colorblock Tee And Shorts Set,Baby & Maternity
,800+ sold recently,17.9,9.0,4.0,"SHEIN Newborn Baby Boy/Girl 5pcs Soft Knitted Short Sleeve Bodysuits, Solid Color, Casual Style With Round Neck And Snap Closures",Baby & Maternity
,200+ sold recently,7.5,7.0,1.0,SHEIN Baby Boy Knitted Cartoon Shark Pattern Elastic Waist Casual Shorts & Hat Set,Baby & Maternity
,,8.83,5.0,1.0,SHEIN Pregnant Women Solid Color Simple Daily Short Sleeve Jumpsuit,Baby & Maternity
,300+ sold recently,7.1,9.0,1.0,SHEIN Independence Day American Flag Print Casual Adjustable Strap Romper For Baby Boy And Girl,Baby & Maternity
,3.2k+ sold recently,7.95,34.0,1.0,"Baby Girl Embroidered Open Shoulder Dress With Big Floral Pattern, New Spring & Summer Collection",Baby & Maternity
,700+ sold recently,2.1,0.0,1.0,"Silicone Anti-drop Rope For Baby Bottles, Water Bottles And Toys. It Is Suitable For Strollers, High Chairs And Car Seats. It Does Not Contain Bpa.",Baby & Maternity
,,10.39,0.0,1.0,SHEIN Maternity Striped Round Neck Casual Loose T-Shirt With Two Side Slits For Summer,Baby & Maternity
,20+ sold recently,6.6,50.0,1.0,"Baby Boys' Turn-Down Collar Long Sleeve Bodysuit+Embroidered Check Corduroy Overalls+Santa Hat Set For Parties, Festivals,  Autumn/Winter Season",Baby & Maternity
,50+ sold recently,11.4,8.0,1.0,"SHEIN Baby Boy Solid Color Top & Collared Short Sleeve Shirt With Shorts Casual Outfit, Summer",Baby & Maternity
,,9.89,0.0,1.0,3pcs Seamless High Waist Maternity Panties For Mother,Baby & Maternity
,200+ sold recently,3.97,39.0,5.0,Baby Solid Swaddling Blanket,Baby & Maternity
,200+ sold recently,3.32,49.0,1.0,Baby Boy Simple And Comfortable Coffee Brown Casual Romper For Spring/Summer,Baby & Maternity
,,7.3,0.0,1.0,Fashionable Solid Color Ruched Muslin Edged Jumpsuit With Headband For Baby Girl,Baby & Maternity
,100+ sold recently,4.9,8.0,1.0,"3pairs Children's Random Color Fashionable Bubble Pile Socks, Comfortable, Breathable, Classic, European Style, Knee-High, Casual Scrunch Socks",Baby & Maternity
,200+ sold recently,6.06,17.0,6.0,Baby Boy Textured Short Sleeve Top And Shorts Summer Set,Baby & Maternity
,80+ sold recently,8.4,20.0,1.0,SHEIN 3pcs Baby Girl Casual Cute Simple Knitted Solid Off Shoulder Short Sleeve Tops Set,Baby & Maternity
,,16.89,0.0,7.0,SHEIN Maternity Solid Color Casual Short Sleeve T-Shirt And Elastic Waist Knee-Length Skirt Set,Baby & Maternity
,700+ sold recently,14.3,0.0,4.0,"Baby Girl Short Sleeve Embroidered Sparkly Bowknot Princess Dress, For All Seasons",Baby & Maternity
,10+ sold recently,9.0,0.0,1.0,"Baby Girl Floral Printed Doll Collar Long Sleeve Top Plus Solid Color Long Pants, Autumn/Winter",Baby & Maternity
,300+ sold recently,6.6,11.0,1.0,SHEIN Baby Girl Snug Fit Strawberry Pattern Sweet And Cute Knit Pajama Set,Baby & Maternity
,,3.5,8.0,8.0,Baby Girl Letter Graphic Monthly Milestones Photography Prop,Baby & Maternity
,20+ sold recently,11.0,45.0,1.0,"Baby Girl Lotus Leaf Edge Tulle And Patchwork Mesh Floral Dress With Accessories, Perfect For Party And Dance",Baby & Maternity
,,13.89,0.0,1.0,SHEIN Maternity Adjustable Waist Stretch Denim Shorts With Distressed Detail,Baby & Maternity
,,10.79,0.0,4.0,SHEIN Maternity Front Buttoned Waist Cinching Shirt With Small Floral Print,Baby & Maternity
,200+ sold recently,10.5,0.0,1.0,"Baby Girl Casual Floral Printed Waffle Grid Shirt And Ruffle Suspenders Skirt Set, Spring/Summer",Baby & Maternity
,100+ sold recently,11.79,0.0,4.0,SHEIN Elegant And Romantic Round Neck Short Sleeve Maternity T-Shirt With Gender-Neutral Party Theme And Waist Cinched Design,Baby & Maternity
,900+ sold recently,8.0,0.0,1.0,New Summer Baby Girl's Cute Cherry Printed Sleeveless Ruffle Trim Romper With Bowknot And Pleated Hem Shorts Casual 2pcs Outfit,Baby & Maternity
,80+ sold recently,13.75,20.0,1.0,SHEIN Maternity Vacation Casual Contrast Color Frayed Denim Shorts With Distressed Details,Baby & Maternity
,600+ sold recently,7.5,6.0,1.0,Baby Girls' Pink Rugby Style Jumpsuit,Baby & Maternity
,20+ sold recently,4.98,40.0,1.0,"Fashionable And Elegant Bow Decoration Baby & Toddler Girls' Shoes, Comfortable Lightweight Non-Slip Flat Sole Shoes For Indoor/Outdoor Parties, Suitable For Spring/Summer/Fall Wearing",Baby & Maternity
,400+ sold recently,10.1,8.0,1.0,SHEIN Baby Boy Letter Pattern Soft Knitted Round Neck Short Sleeve Pullover 3pcs/Set,Baby & Maternity
,600+ sold recently,24.49,0.0,7.0,SHEIN Maternity High Waist Skinny Jeans,Baby & Maternity
,10+ sold recently,3.6,8.0,1.0,"1pc Western Cowboy Hat For Kids, Suitable For Festivals, Parties, Travels, Etc.",Baby & Maternity
,,12.29,0.0,4.0,SHEIN Maternity Young Casual Strapless Bodycon Dress,Baby & Maternity
,90+ sold recently,7.4,0.0,1.0,Summer Baby Girl Butterfly Mesh Dress With Flutter Sleeves And Princess Seaming,Baby & Maternity
,500+ sold recently,4.93,15.0,1.0,Baby Boy Slogan Graphic Bodysuit,Baby & Maternity
,200+ sold recently,1.79,22.0,1.0,"Baby 60ml Mini Pp Milk Bottle Anti-Choking, Fall-Resistant Cartoon Pattern Newborn Infant Feeding Bottle",Baby & Maternity
,300+ sold recently,3.8,7.0,7.0,Toddler Boys Star Embroidery Baseball Cap,Baby & Maternity
,400+ sold recently,7.9,8.0,1.0,Baby Boy Striped Print Inserted Shoulder Long Sleeve Rash Guard Swimsuit,Baby & Maternity
,,5.99,0.0,1.0,Cozy Cub Baby Girl Strawberry Print Casual Versatile Round Neck Sweatshirt,Baby & Maternity
,,2.16,10.0,7.0,"1pc Baby Waterproof Breathable Washable Changing Pad, Dual-Sided Newborn Baby Bed Pad, Size Optional, Suitable For All Seasons, Soft And Comfortable To Keep Dry",Baby & Maternity
,700+ sold recently,7.9,0.0,1.0,Baby Girl Floral Embroidery Mesh Overlay Ruffle Trim Puff Sleeve Dress,Baby & Maternity
,1.2k+ sold recently,3.4,8.0,6.0,"1pair Baby Anti-slip Soft Sole Shoes With Socks, Spring & Autumn Unisex Infant Toddler Indoor Outdoor Breathable Athleisure Sneakers",Baby & Maternity
,60+ sold recently,12.74,25.0,1.0,Cozy Cub Newborn Baby Boy 2pcs/Set Cartoon Dinosaur Pattern Round Neck Long Sleeve Bodysuit,Baby & Maternity
,,13.49,0.0,1.0,SHEIN Maternity Tie Backless Ruffle Armhole Striped Peplum Top,Baby & Maternity
,2.9k+ sold recently,7.3,8.0,8.0,SHEIN Baby Boy Letter Graphic Colorblock Tee & Shorts,Baby & Maternity
,300+ sold recently,16.39,0.0,1.0,SHEIN Pregnant Women Casual Loose Fit Adjustable Waist Color Block Denim Shorts For Summer,Baby & Maternity
,,7.09,0.0,1.0,SHEIN Summer Beach Maternity Ruched Side Bikini Bottom,Baby & Maternity
,200+ sold recently,11.6,8.0,1.0,SHEIN Baby Boy 4pcs/Set Infant Boys' Letter Patch Decor Short Sleeve T-Shirt And Shorts With Round Neckline,Baby & Maternity
,,15.39,0.0,1.0,SHEIN Women's Striped Shirt Dress With Stand Collar And Short Sleeves,Baby & Maternity
,500+ sold recently,16.0,0.0,1.0,1pcs Gray Star Shaped Maternity Nursing Pillow With 1pcs Small Pillow,Baby & Maternity
,200+ sold recently,4.1,9.0,1.0,"5 Pairs/Pack Baby Girls' Lace Socks, Mid-Calf Length, Suitable For All Seasons",Baby & Maternity
,700+ sold recently,2.4,0.0,1.0,1set Flower Headband & Feather Wings Newborn Photography Prop Baby Adorable Decorative Item,Baby & Maternity
,100+ sold recently,11.7,9.0,1.0,Baby Boy Bow Front 2 In 1 Shirt & Shorts,Baby & Maternity
,400+ sold recently,3.7,0.0,1.0,4pcs Silicone Toys Straps For Teether Cartoon Dinosaurs Shape Anti-Lost Adjustable Pacifier Chain Baby Silicon Nipple Holder Stroller Accessories,Baby & Maternity
,200+ sold recently,10.99,0.0,1.0,Cozy Cub Baby Girl Bird Pattern Round Neck Ruffle Sleeve Top And Bloomer Shorts Set,Baby & Maternity
,,11.19,0.0,1.0,"SHEIN Summer Beach Maternity Cross Halter One Piece Swimsuit, Maternity Bathing Suit",Baby & Maternity
,70+ sold recently,8.3,0.0,1.0,Baby Girls' Cute Smiling Face Printed Zippered Long Sleeve Jumpsuit,Baby & Maternity
,40+ sold recently,4.5,0.0,1.0,"3pcs Fashionable Solid Pink Baby Bibs Suitable For Everyday Meals, All Seasons",Baby & Maternity
,500+ sold recently,9.0,8.0,8.0,Baby Boy Dinosaur Print Bow Front Shirt Bodysuit & Pinafore Shorts,Baby & Maternity
,80+ sold recently,16.29,0.0,7.0,SHEIN Maternity Summer Patchwork Zipper Fly Denim Shorts,Baby & Maternity
,200+ sold recently,9.5,8.0,1.0,Baby Boy Solid Raglan Sleeve Oblique Zipper Jumpsuit,Baby & Maternity
,300+ sold recently,11.0,7.0,4.0,SHEIN Baby Boy Cartoon Graphic Sweatshirt & Sweatpants,Baby & Maternity
,1.4k+ sold recently,15.39,0.0,5.0,SHEIN Maternity Tie Backless Ruffle Trim Ruffle Hem Dress,Baby & Maternity
,500+ sold recently,8.8,7.0,1.0,1-Pack Baby Boys Whale Print Crew Neck Long Sleeve Jumpsuit,Baby & Maternity
,800+ sold recently,8.8,10.0,1.0,SHEIN Baby Girl Simple Summer Solid Color Casual Ruffle Edge Irregular Hem Belted Dress,Baby & Maternity
,,5.4,0.0,1.0,"Breathable baby toddler anti-fall pillow, protect baby walking, baby safety pillow Yellow Bee",Baby & Maternity
,100+ sold recently,1.3,0.0,4.0,"10pcs Children Hangers Multi-Functional Baby Clothes Rack, Suitable For Small Baby Clothes, Family Anti-Slip Newborn Clothes Support",Baby & Maternity
,,10.0,8.0,1.0,Baby Boy Bear Embroidery 3D Ears Design Hooded Flannel Sleep Jumpsuit,Baby & Maternity
,,11.58,34.0,1.0,SHEIN Maternity Drop Shoulder Slit Hem Tee,Baby & Maternity
,800+ sold recently,19.69,0.0,1.0,"SHEIN Loose Fit V-Neck Short Denim Maternity Dress, Blue",Baby & Maternity
,700+ sold recently,5.2,0.0,1.0,Baby Boys Girls Short Sleeve Rompers Baby One-Piece Outfit Romper,Baby & Maternity
,200+ sold recently,1.47,33.0,1.0,1pair Girls Solid Casual Fishnet Tights For Daily Life,Baby & Maternity
,300+ sold recently,2.3,0.0,1.0,"10pcs Fruit Pattern Hair Bows For Girls,Small Ribbon Bow Hair Clips,Hair Ribbons Alligator Barrettes,Kids Baby Hair Accessories",Baby & Maternity
,100+ sold recently,11.19,20.0,1.0,Cozy Cub Baby Girl's Sweet Floral Printed Tank Top And Bloomer Shorts Set Matching Set,Baby & Maternity
,100+ sold recently,4.79,20.0,1.0,Cozy Cub Baby Girl 2pcs Floral Print Lettuce Trim Leggings,Baby & Maternity
,1.1k+ sold recently,6.8,9.0,4.0,SHEIN Baby Girl Casual Fashionable Parent-Child Set Of Comfortable Knitted Solid Color Sleeveless Top And Elastic Waist Shorts For Me And Mom,Baby & Maternity
,20+ sold recently,7.37,40.0,1.0,"SHEIN Summer Beach Maternity Fashionable One Shoulder Elastic Bikini Set With Textured Fabric, Maternity Bathing Suit",Baby & Maternity
,200+ sold recently,20.9,9.0,1.0,"SHEIN Baby Boy's Spring Summer Trendy Casual Faded Distressed Denim Vest &Baggy Patch Pocket Ripped Soft Denim Jeans Shorts, Baby Boy Summer Clothes Two-Pieces Set Outfits",Baby & Maternity
,70+ sold recently,4.95,50.0,1.0,"SHEIN Newborn Baby Boy/Girl's Patriotic Style Suspender Romper With Bow Tie, Red & White Striped With Blue Star Shorts Outfit, Suitable For Birthday Party, Baptism, Evening Party, Performance, Wedding And Other Occasions",Baby & Maternity
,200+ sold recently,2.67,32.0,6.0,1pair Girls Geometric Detail Tights For Daily Life,Baby & Maternity
,200+ sold recently,6.3,0.0,1.0,Baby Girl Star Print Ruffle Top + Striped Shorts Set,Baby & Maternity
,400+ sold recently,14.6,8.0,1.0,SHEIN Summer Casual Newborn Baby Girl 5-Piece Set Of Bodysuit In Macaron Colors,Baby & Maternity
,200+ sold recently,14.2,0.0,5.0,"Baby Girl Formal Dress, Girls' Sleeveless Mesh Satin Tulle Embroidered With 3D Flowers, Casual, Holiday, Birthday, Party Wear",Baby & Maternity
,200+ sold recently,6.0,8.0,6.0,Baby Girl Floral Print Raglan Sleeve Peplum One Piece Swimsuit,Baby & Maternity
,500+ sold recently,7.99,0.0,1.0,Cozy Cub Newborn Baby Boy Knitted Soft Casual Cartoon Animal Pattern Round Neck Long Sleeve Bodysuit With Footed Pants,Baby & Maternity
,100+ sold recently,9.99,0.0,1.0,SHEIN Maternity Color Block Striped Nursing Dress With Spaghetti Straps,Baby & Maternity
,60+ sold recently,10.46,23.0,1.0,SHEIN Baby Boy Baby Girl Colorful Plaid Decorated Short Sleeve Turn-Down Collar Loose Fit Sweatshirt And Casual Shorts 2pcs/Set,Baby & Maternity
,200+ sold recently,8.9,7.0,1.0,SHEIN Baby Boy Knitted Dinosaur Pattern One-Piece Swimsuit With Hat Set,Baby & Maternity
,600+ sold recently,12.42,27.0,1.0,SHEIN Maternity Polka Dot Print Nursing Dress & Open Front Robe Lounge Set For Mother,Baby & Maternity
,,17.79,0.0,1.0,SHEIN Loose Casual Blue Maternity Overalls Cami Denim Dress Knee Length,Baby & Maternity
,,11.09,0.0,1.0,SHEIN Maternity Wide Waistband Slant Pocket Pants,Baby & Maternity
,1.4k+ sold recently,11.79,0.0,1.0,SHEIN Maternity Drawstring Waist Shorts,Baby & Maternity
,,8.61,40.0,6.0,SHEIN BASICS Maternity Solid Ribbed Knit Dress,Baby & Maternity
,100+ sold recently,16.2,8.0,1.0,"SHEIN 2pcs Toddler Boys' Casual Street-Style Workwear Suspender Pants Outfit, Korean Style, Spring/Summer",Baby & Maternity
,300+ sold recently,9.9,8.0,4.0,Baby Girl Bow Shoulder Mesh Overlay Dress,Baby & Maternity
,,12.8,9.0,1.0,SHEIN Baby Girl Cow Pattern 3D Ear Design Hooded Flannel Sleep Jumpsuit,Baby & Maternity
,300+ sold recently,8.59,0.0,1.0,SHEIN Maternity Fitted Long Tank Top With Round Neckline,Baby & Maternity
,,4.23,10.0,1.0,(Accessories Color Randomly Selected) Children\ Puzzle Early Education Simulation Music Toy Phone And Car Key Set - Pretend To Play With Toys With Light And Sound - A Perfect Baby Phone And Toddler Toy Gift For Boys And Girls (Battery Not Included),Baby & Maternity
,100+ sold recently,4.4,0.0,5.0,Baby Boy Newborn Unisex Baby  Letter Printing Cute Bodysuit Clothes,Baby & Maternity
,100+ sold recently,9.89,0.0,1.0,SHEIN Maternity Tropical Printed A-Line Spaghetti Strap Dress For Island Vacation,Baby & Maternity
,20+ sold recently,21.69,0.0,1.0,SHEIN Maternity Young Sports Casual Round Neck Back Cross Crop Bodycon Dress With Flared Hem,Baby & Maternity
,10+ sold recently,4.7,0.0,1.0,"Screw Bell Rattle Baby Stroller Children's Activity Plush Toys, Can Be Car-MountedMulti-PurposeChristmas, Halloween, ThanksgivingHalloween DecorationsThanksgiving, Christmas GiftsEaster Gifts",Baby & Maternity
,100+ sold recently,9.84,29.0,1.0,SHEIN Baby Girl Striped Floral Printed Ruffled Hem Spaghetti Strap Dress,Baby & Maternity
,100+ sold recently,1.39,74.0,1.0,"1pc Beige Silicone Baby And Toddler Meal Plate, Heat Resistant For Daily Use",Baby & Maternity
,,6.49,7.0,8.0,Shein Underwear&Sleepwear Maternity Maternity Seamless Nursing Bra (Jelly Style) For Mother,Baby & Maternity
,1.5k+ sold recently,10.4,0.0,1.0,"Baby Girl Sweet Green Bowknot Dress & Cute Flower Printed Dress, Fashionable 2pcs Set For Summer",Baby & Maternity
,20+ sold recently,3.24,40.0,1.0,"1 Roll Cartoon Animal And Plant Motifs Children's Room Decor Wallpaper Self-Adhesive Thickened Moisture-Proof Baby Room Beautification Wallpaper Peel And Stick Without Residual Glue,51.18X14.56 Inches",Baby & Maternity
,40+ sold recently,3.37,14.0,1.0,"Baby Boy Casual Cartoon USA Printed Short Sleeve Round Neck T-Shirt, Suitable For Summer",Baby & Maternity
,300+ sold recently,18.89,0.0,1.0,SHEIN Maternity Split Hem Top & Adjustable Elastic Waist Pants,Baby & Maternity
,300+ sold recently,1.8,5.0,1.0,"3-Piece Baby Teething Toy Set, Bpa-Free Silicone Safe Fruit-Shaped Teethers For Newborn Babies, Soft And Textured, Newborn Toy Gift (Random Colors)",Baby & Maternity
,300+ sold recently,7.4,6.0,1.0,SHEIN Baby Girl Avocado Fruit Printed Long Sleeve Snug Fit Home Jumpsuit,Baby & Maternity
,,13.19,0.0,1.0,SHEIN Maternity Striped Tie Back Ruffle Trim Blouse,Baby & Maternity
,20+ sold recently,4.3,0.0,1.0,Newborn Infant Baby Boy Girl Bodysuit,Baby & Maternity
,300+ sold recently,4.0,7.0,1.0,"3-8y Kids' Sun Protection Fashionable Baseball Cap For Spring And Autumn, Personality Outdoor Hat, 2-3y Toddler Boy's/Girl's Adjustable Sunscreen Uv Protection Baseball Cap",Baby & Maternity
,20+ sold recently,9.7,0.0,1.0,"1pc Children's Day Gift Certificate Photo Growth Record Frame Stand To Commemorate School Time For Kids, Decorative Display",Baby & Maternity
,300+ sold recently,13.19,0.0,1.0,"SHEIN Summer Beach Maternity One-Piece Swimsuit With Cut Out Waist Design, Maternity Bathing Suit",Baby & Maternity
,,28.4,0.0,1.0,"1pc Grey Retractable Child Stair Protection, 140cm Safety Baby Gate",Baby & Maternity
,600+ sold recently,6.2,11.0,1.0,SHEIN Baby Girl Summer Vacation Floral Patterned Halter Dress,Baby & Maternity
,,13.89,0.0,6.0,SHEIN Maternity Elastic Patchwork Frayed Edge Denim Shorts For Spring/Summer,Baby & Maternity
,,5.59,20.0,1.0,Cozy Cub Baby Boy Snug Fit Pajama Set With Cartoon Animal Pattern Round-Neck Long-Sleeved Top And Footed Pants Matching Set,Baby & Maternity
,300+ sold recently,16.4,8.0,1.0,Baby Boy 5-Piece Short Sleeved Striped Panda Printed Bodysuits Set For Summer,Baby & Maternity
,200+ sold recently,18.89,0.0,1.0,SHEIN Maternity Butterfly Sleeve Knot Side Wrap Dress,Baby & Maternity
,200+ sold recently,5.3,7.0,1.0,SHEIN Baby Girl Casual One-Piece Swimsuit With Floral Design And Drawstring Strap,Baby & Maternity
,100+ sold recently,14.59,0.0,1.0,"SHEIN Maternity Romper With Wide Straps, Loose Fit, Ideal For A Romantic Holiday",Baby & Maternity
,100+ sold recently,12.8,8.0,1.0,"Boys' Infant Interstellar Series Printed Three-Piece Set - Rocket & Planets Print Shorts, Tight-Fitting & Simple Home Wear Snug Fit",Baby & Maternity
,300+ sold recently,4.5,6.0,1.0,Baby Girls' Casual And Comfortable Suspended Neck Jumpsuit For Summer Vacation,Baby & Maternity
,200+ sold recently,9.8,0.0,1.0,"Outdoor Traveling Mommy Bag, Portable Diaper Changing Pad With Wet Wipes Pouch, Waterproof Diaper Changing Mat, Bohemian Rainbow & Sun Gifts For Newborn Boys And Girls",Baby & Maternity
,100+ sold recently,5.8,0.0,1.0,1Set 4pcs-Children Bath Toy Led Light-Up Animal Toy Waterproof Bathroom Floating Toy For Kids,Baby & Maternity
,100+ sold recently,4.4,10.0,1.0,"SHEIN Baby Girl Cute Knitted Colorful Striped Dress With Flower Embroidery And Spaghetti Strap, Suitable For Summer",Baby & Maternity
,,3.3,0.0,1.0,"8 PCS Baby Washcloths,  Ultra Soft Absorbent Towel, Infant Bath Towel  Feeding Saliva Towel Burp Cloth Bib Handkerchief Baby Shower Gift- Pattern Newborn Bath Face Towel, Natural Reusable Baby Wipes For Sensitive Skin, Baby Registry As Shower (Random Color)",Baby & Maternity
,300+ sold recently,5.9,8.0,1.0,"SHEIN Baby Boy Casual Basic Cute & Fun Animal Print Giraffe, Rhinoceros & Leopard Pattern Overall Shorts, Great For Spring And Summer Outdoors",Baby & Maternity
,,6.6,0.0,1.0,"1pc Spring Summer Autumn Breastfeeding Cover Up, Nursing Apron, Anti-Exposure Feeding Cloth, Stroller Sun Shade, Solid Color Gauze Shawl, Multi-Purpose Covering Cloth",Baby & Maternity
,700+ sold recently,12.09,0.0,4.0,"SHEIN Summer Beach Maternity One-Piece Striped & Printed Swimsuit With Knot Detail For Beach, Maternity Bathing Suit",Baby & Maternity
,500+ sold recently,16.3,0.0,1.0,SHEIN Baby Boy's 2pcs/Set Fashionable Breathable Soft Denim Jeans In Light And Dark Wash For Spring And Summer,Baby & Maternity
,30+ sold recently,24.99,0.0,1.0,SHEIN Maternity City Holiday Dress,Baby & Maternity
,700+ sold recently,3.0,9.0,1.0,"1pair Simple Solid Color Harajuku Style Warm Leggings, Classic Jk Style Over The Knee Socks, Women's Knee-high Socks And Hosiery",Baby & Maternity
,300+ sold recently,13.99,0.0,5.0,"Cozy Cub Girls' Flower Design Fashionable, Trendy, Warm, Cute, Comfortable, Casual Flat Shoes (Random Pattern)",Baby & Maternity
,,3.3,8.0,11.0,5 Pairs/pack Baby Smile Face Solid Color Socks,Baby & Maternity
,,6.8,0.0,1.0,"Mini Handheld Stroller Fan,Personal Portable Car Seat Baby Fan With Flexible Tripod Fix On Stroller,USB Rechargeable Desk Fan Adjustable 3 Speeds For Travel Treadmill Golf Cart (Blue)",Baby & Maternity
,100+ sold recently,12.99,0.0,1.0,Cozy Cub Newborn Baby Girl Newborn 4Pcs/Set Long-Sleeved And Pants With Overlapping Shoulder Design Matching Sets,Baby & Maternity
,2.3k+ sold recently,12.49,0.0,10.0,"SHEIN Summer Beach Maternity Solid Color Bikini Set Beach Wear, Maternity Bathing Suit",Baby & Maternity
,,8.3,8.0,1.0,Toddler Boys' Crab Printed Raglan Long Sleeve Swimsuit And Wave Printed Swim Shorts,Baby & Maternity
,100+ sold recently,6.75,50.0,1.0,SHEIN Casual And Soft Knitted Solid Color Round Neck Short Sleeve T-Shirt Set For Baby Boy And Baby Girl,Baby & Maternity
,700+ sold recently,5.7,7.0,9.0,"5pairs/Set Trendy Boys' Sport Cartoon Graffiti & Letter Print Socks, Comfortable & Versatile Round Neck Socks, Suitable For Daily Wear",Baby & Maternity
,,23.39,0.0,1.0,SHEIN Maternity Denim Romper Sexy Casual Elastic Blue,Baby & Maternity
,500+ sold recently,5.45,22.0,1.0,"1 Pc Octopus Design Baby Stroller Fan,Mini Handheld Portable Fan For Baby Stroller Indoor& Outdoor, Easy Installation With Nightlight 3 Speeds USB Rechargeable Desk Fan",Baby & Maternity
,100+ sold recently,3.92,55.0,1.0,Baby Girl Smocked Ruffle Trim One Piece Swimsuit With Headband,Baby & Maternity
,100+ sold recently,4.3,0.0,1.0,"2pcs Newborn Photography Clothing Set, Princess Lace Dress & Crown Outfit, Baby Mesh Puff Skirt",Baby & Maternity
,500+ sold recently,10.6,9.0,1.0,SHEIN Baby Boy Ripped Frayed Elastic Waist Cat Whiskers Blue Washed Jeans,Baby & Maternity
,1.0k+ sold recently,7.5,9.0,1.0,Baby Boy Animal Print Shirt And Solid Color Shorts Set,Baby & Maternity
,,13.19,0.0,4.0,SHEIN Maternity Summer Casual Vacation Two Piece Paisley Print Crop Top And Slit Skirt Set,Baby & Maternity
,100+ sold recently,14.29,0.0,1.0,SHEIN Maternity Casual Round Neck Split T-Shirt And Elastic Waist Tight Shorts Set,Baby & Maternity
,70+ sold recently,6.0,8.0,1.0,Baby Boy Casual Elephant And Cloud Pattern Romper,Baby & Maternity
,600+ sold recently,9.6,9.0,1.0,"SHEIN Baby Boy Casual Funny Dinosaur Pattern Embroidered Color-Block Long Sleeve Jumpsuit With Pants, Autumn",Baby & Maternity
,100+ sold recently,23.1,9.0,1.0,"SHEIN Baby Boys Solid Color Round Neck Long Sleeve Jumpsuit Set Of 4, Home Wear",Baby & Maternity
,100+ sold recently,10.99,0.0,1.0,Cozy Cub Baby Boy Knitted Soft Star & Moon Pattern Black And White Striped Tank Top Set For Summer,Baby & Maternity
,100+ sold recently,2.7,10.0,1.0,SHEIN Baby Girl Holiday Casual Floral Print All-Match Camisole Top,Baby & Maternity
,200+ sold recently,11.8,9.0,1.0,Lesmle Baby Boy's Short Sleeve Shirt With Tie And Shorts Gentleman Outfit,Baby & Maternity
,200+ sold recently,3.6,0.0,1.0,"1pc Baby Monitor Stand With 1/4 Inch Interface Indoor Device Hose For Wrapping Around, No Drilling Required",Baby & Maternity
,,15.67,2.0,1.0,SHEIN Maternity Off Shoulder Knot Front Ruffle Trim Dress,Baby & Maternity
,1.0k+ sold recently,11.6,8.0,4.0,3pcs/Set Baby Boy Solid Color Casual Shorts,Baby & Maternity
,40+ sold recently,2.95,41.0,1.0,"0-1 Year Old Baby Girls Sandals - Fashionable, Soft, Princess Style Shoes For Summer",Baby & Maternity
,,15.19,0.0,8.0,"SHEIN Maternity Beachwear Summer Solid Color Twist Front V-Neck Ruffle Sleeve One-Piece Swimsuit,Summer Beach",Baby & Maternity
,30+ sold recently,13.59,0.0,1.0,SHEIN Maternity Vacation Casual Solid Color Spaghetti Strap High Waist Jumpsuit,Baby & Maternity
,100+ sold recently,9.7,8.0,1.0,"SHEIN Baby Boy 2pcs/Set Simple Cartoon Allover Print Short Sleeve Jumpsuit With Feet Cover, Home Clothes",Baby & Maternity
,100+ sold recently,17.6,9.0,1.0,"SHEIN Baby Boys Summer Trendy Causal Flap Detail Shirt & Elastic Waist Baggy Jeans Shorts Without Tee,Baby Boys Summer Two Pieces Outfits",Baby & Maternity
,500+ sold recently,4.39,35.0,4.0,Children Cartoon Indoor Slippers Non-Slip Soft Bottom Closed Toe Sandals Summer Shoes For Baby Boys And Girls,Baby & Maternity
,200+ sold recently,11.09,0.0,1.0,SHEIN Maternity Simple Horizontal Striped Round Neck Long Sleeve T-shirt,Baby & Maternity
,,3.7,0.0,1.0,Cute Classic Unisex Baby Casual Slip-On Comfortable Athletic Shoes For Infants And Toddlers,Baby & Maternity
,300+ sold recently,17.8,9.0,1.0,SHEIN Baby Girls Long Sleeve Home Wear  Footed Jumpsuit,Baby & Maternity
,50+ sold recently,7.5,7.0,1.0,Baby Girls' One-Piece Animal & Plant Printed Swimsuit With Long Sleeves And Back Zipper For Summer Beach,Baby & Maternity
,300+ sold recently,12.39,0.0,6.0,SHEIN Maternity Laser Cut Out Puff Sleeve Peplum Tee,Baby & Maternity
,200+ sold recently,5.65,45.0,4.0,SHEIN Maternity Drop Shoulder Slit Hem Waffle Knit Tee,Baby & Maternity
,400+ sold recently,7.92,26.0,1.0,Baby Girl Ruffle Trim Flounce Sleeve Bow Front 2 In 1 Dress With Headband,Baby & Maternity
,30+ sold recently,6.2,0.0,5.0,"Muslin Summer Soft Blanket, Bath Towel, Nursing Cover, Photography Blanket",Baby & Maternity
,500+ sold recently,3.5,0.0,1.0,"Baby Walking Sandals With Soft Car Patterned Soles, Breathable And Non-Slip, Suitable For Daily & Vacation Wear, Spring/Summer Style",Baby & Maternity
,200+ sold recently,9.6,8.0,1.0,SHEIN Baby Girl Loose Straight Casual Jeans With Pockets,Baby & Maternity
,100+ sold recently,5.9,52.0,1.0,SHEIN Baby Boy Striped Pattern Cartoon Embroidery Cardigan,Baby & Maternity
,30+ sold recently,3.2,9.0,4.0,1pc Children's Heart & Letter Embroidered Ponytail Baseball Cap,Baby & Maternity
,1.0k+ sold recently,18.59,0.0,10.0,SHEIN Maternity Off Shoulder Ruched Bodycon Dress,Baby & Maternity
,,3.5,8.0,1.0,"1pc Unisex Kids' NY Embroidery Hip-Hop Baseball Cap, Outdoor Sun Protection Leisure Hat Suitable For Spring And Autumn, Ideal For Boy And Girl Travel",Baby & Maternity
,700+ sold recently,12.4,7.0,1.0,SHEIN Baby Boy Short Sleeve Romper And Zipper Hooded Jacket And Pants Set,Baby & Maternity
,500+ sold recently,15.29,0.0,1.0,SHEIN Maternity Cuffed Sleeve Solid Dress,Baby & Maternity
,100+ sold recently,10.99,0.0,1.0,Cozy Cub Summer Baby Boy 3pcs Set: Sleeveless Wide-Shoulder Round Neck Tee With Decorative Weave Labeling And Letter Pattern Design,Baby & Maternity
,,11.09,0.0,1.0,SHEIN Maternity Short Sleeve Blouse With Notched Collar,Baby & Maternity
,500+ sold recently,14.0,11.0,1.0,"SHEIN Baby Girl's Cute Cartoon Strawberry Pattern Striped Cami Dress And Shorts With Hat Set, Summer Vacation",Baby & Maternity
,,27.29,0.0,1.0,"SHEIN Pregnant Women Solid Color Front Buttoned Shirt And Shorts Set, Summer Casual Outfits",Baby & Maternity
,100+ sold recently,16.2,8.0,1.0,"Baby Boy 3pcs Knitted Ribbed Short Sleeve Top And Shorts Set , Snug Fit, Home Wear",Baby & Maternity
,800+ sold recently,11.29,0.0,1.0,SHEIN Maternity Floral Print Cami Dress,Baby & Maternity
,300+ sold recently,8.5,7.0,1.0,TOM & JERRY X SHEIN Baby Boy Cartoon Graphic Jumpsuit,Baby & Maternity
,100+ sold recently,2.4,11.0,1.0,"1pc Black Magician Hat, Magic Top Hat, Perfect For Party Performance, Children Day Activities",Baby & Maternity
,100+ sold recently,6.56,17.0,4.0,Baby Boys' Dinosaur Embroidered Short Sleeve T-Shirt And Shorts Set,Baby & Maternity
,400+ sold recently,12.8,9.0,5.0,"3pcs/Set Baby Girl Cute & Elegant Pink Floral Top With Crossbody Bag And Fun Print, For Spring/Summer Daily Leisure",Baby & Maternity
,,14.89,0.0,8.0,SHEIN Summer Beach Maternity V-Neck Hollow Out Ruffle Edge Fashionable Beachwear,Baby & Maternity
,1.0k+ sold recently,25.39,0.0,4.0,SHEIN Maternity Floral Shirred Spaghetti Strap Dress,Baby & Maternity
,100+ sold recently,14.49,0.0,1.0,SHEIN MaterniWear MaternityWOMEN Street-Style Casual Young Shorts With Pockets In Solid Color,Baby & Maternity
,700+ sold recently,11.6,15.0,1.0,"Baby Girl Casual Short Sleeve Round Neck Bodysuit, 4pcs Black, White, Pink, Gray Set, Summer",Baby & Maternity
,600+ sold recently,14.49,0.0,6.0,SHEIN Maternity Wideband Waist Roll Hem Denim Shorts,Baby & Maternity
,400+ sold recently,18.8,0.0,1.0,Baby Boy Bow Front Shirt & Waistcoat & Pants,Baby & Maternity
,100+ sold recently,14.36,15.0,1.0,SHEIN Maternity Off-the-shoulder Bodycon Dress,Baby & Maternity
,50+ sold recently,8.9,11.0,1.0,"Girls' & Infants' Fashionable Elegant Bowknot Pearl Mary Jane Shoes, Comfortable Lightweight Slip-Resistant Flat Shoes For Indoor & Outdoor Parties, All Seasons",Baby & Maternity
,200+ sold recently,8.3,0.0,1.0,Baby Boy Casual Solid Tee & Checker Print Shorts For Summer,Baby & Maternity
,200+ sold recently,4.6,0.0,4.0,1pc Rainbow Pattern Soft Comfortable Breathable Swaddling Blanket For Baby,Baby & Maternity
,60+ sold recently,16.29,0.0,1.0,SHEIN Maternity Summer Vacation Ditsy Floral Ruffle Stand Collar Cap Sleeve Dress With Elegant Design,Baby & Maternity
,10+ sold recently,11.8,8.0,1.0,"SHEIN Baby Boy Baby Girl Solid Color Long Sleeve Romper Bodysuit In 3pcs Set, Suitable For Home And Outdoor",Baby & Maternity
,300+ sold recently,15.99,0.0,1.0,SHEIN Maternity Solid Cami Jumpsuit Without Cami Top,Baby & Maternity
,300+ sold recently,2.9,0.0,1.0,Printed Skin-Friendly Headband + Bow Detail Print Socks,Baby & Maternity
,800+ sold recently,17.09,0.0,1.0,SHEIN Maternity Casual Loose Floral Print T-Shirt And Adjustable Waist Leggings Two-Piece Set,Baby & Maternity
,100+ sold recently,10.7,15.0,1.0,SHEIN Romantic Holiday Short Adjustable Maternity Romper,Baby & Maternity
,,20.26,3.0,1.0,"SHEIN Maternity Dress, V-Neck Short Sleeve Island Vacation Style Dress With Open Back And Waist Tie",Baby & Maternity
,1.9k+ sold recently,8.2,0.0,1.0,"1pc Hair Clip & Hair Ties Storage Hanging Bag For Kids, Girls' Hair Accessories Organizer Hanging Ribbon, Birthday Gift For Baby",Baby & Maternity
,400+ sold recently,14.6,0.0,1.0,"Unisex Casual Dad Sneakers With Laces, Breathable And Comfortable Walking Shoes For Boys And Girls, Autumn And Spring",Baby & Maternity
,,5.2,0.0,1.0,Baby Girls Fringe Trim Sweet Western Boots For Outdoor,Baby & Maternity
,80+ sold recently,15.19,0.0,1.0,"SHEIN Maternity Casual & Commuting Young Women's Flared Pants, Adjustable Elastic Waist, Ultra High Waist, Full-Length Tight-Fitting Pregnancy Trousers",Baby & Maternity
,500+ sold recently,25.99,0.0,1.0,SHEIN Maternity V-Neck Short Sleeve Jacquard Fit And Flare Dress,Baby & Maternity
,400+ sold recently,5.6,0.0,1.0,2023 Spring/Summer White Bow Knot Soft Sole Anti-Slip Baby Shoes Toddler Learning To Walk Shoes Infant Slippers,Baby & Maternity
,,4.5,0.0,1.0,3pcs Baby Random Bear Pattern Bib,Baby & Maternity
,20+ sold recently,10.3,0.0,1.0,"Disney 1pc Children's Disney Series Fashionable Double-Layer Gradient Color Tritan Water Bottle, Suitable For Daily Use, 600ML",Baby & Maternity
,100+ sold recently,0.34,74.0,4.0,1 Set Cartoon Hair Comb Children Baby Mini Portable Animal Patterned Hair Comb Set Packaging Random,Baby & Maternity
,300+ sold recently,3.7,8.0,1.0,"1 Pair Of Kids Football Socks: High Tube, Breathable, SweatAbsorbing, Non-Slip Athletic Design 6-14Y",Baby & Maternity
,300+ sold recently,5.8,11.0,1.0,"SHEIN Baby Girl Cute Floral Pattern Overalls Shorts, Casual, Summer",Baby & Maternity
,300+ sold recently,11.59,0.0,1.0,SHEIN Maternity Adjustable Waist Pants,Baby & Maternity
,900+ sold recently,12.79,0.0,1.0,SHEIN Maternity Solid Leggings With Phone Pocket,Baby & Maternity
,,24.69,0.0,1.0,SHEIN Maternity Ripped Mom Fit Jeans,Baby & Maternity
,,9.89,0.0,6.0,SHEIN Maternity Color Block Striped Bandeau Top With Tie,Baby & Maternity
,,6.05,45.0,1.0,SHEIN Maternity 1pc Nursing Striped Print Cami Bodycon Dress,Baby & Maternity
,100+ sold recently,6.9,0.0,1.0,"1pc Gray Transparent Bedding Storage Bag, Wardrobe Clothing Dustproof Moisture-Proof Organizer, Foldable Storage Box, 100x50x18cm",Baby & Maternity
,200+ sold recently,6.8,8.0,1.0,"SHEIN Baby Girl Floral Printed Long Sleeve Swimsuit, Vacation Style",Baby & Maternity
,600+ sold recently,9.0,24.0,1.0,Baby Boy's Simple & Comfortable Short Sleeve Casual T-Shirt 4pcs/Set For Spring And Summer,Baby & Maternity
,1.3k+ sold recently,4.3,9.0,1.0,"5 Pairs Of Mid-Calf Socks For Baby Girls, Solid Color Bow-Decorated Mid-Calf Socks, Toddler Knee-Length Socks",Baby & Maternity
,2.3k+ sold recently,8.6,9.0,6.0,8 pairs of baby princess bow decoration non-slip floor socks baby solid color mid-tube socks,Baby & Maternity
,100+ sold recently,2.15,50.0,1.0,"Infant Boys' Casual Short Sleeve Romper With Moon Pattern, Slogan & Letter Print In Triangle Design",Baby & Maternity
,,14.59,0.0,1.0,"SHEIN Maternity High Elastic Knitted Shorts, Casual 'Fake Two Pieces' Leggings",Baby & Maternity
,50+ sold recently,6.5,0.0,1.0,"Summer Toddler's Short Sleeve T-Shirt And Shorts Set With Puppy Allover Print Pattern, 2pcs Cute Daily Outfit",Baby & Maternity
,500+ sold recently,9.9,7.0,1.0,SHEIN Baby Boy Baby Girl Colorful Vertical Striped Sailboat Pattern Solid Color Elastic Waist Casual Shorts 4pcs Set,Baby & Maternity
,800+ sold recently,19.79,0.0,1.0,SHEIN Maternity Casual Fruit Printed Square Neckline Puff Sleeve Midi Dress,Baby & Maternity
,,11.64,15.0,1.0,SHEIN Maternity Lantern Sleeves Belted Blouse With Floral Print,Baby & Maternity
,,14.59,7.0,1.0,Shein Underwear&Sleepwear Maternity Maternity Contrast Piping Pocket Patched PJ Set For Mother,Baby & Maternity
,,4.99,22.0,1.0,High Waisted Maternity Belly Support Shorts With Expandable Belly Panel Pregnancy Underwear,Baby & Maternity
,500+ sold recently,8.9,0.0,1.0,Baby Boy Button-Up Short Sleeve Shirt And Overall Shorts Set,Baby & Maternity
,60+ sold recently,7.99,0.0,1.0,Cozy Cub Baby Boy Soft Knitted Round Neck Long-Sleeved Footed Romper With Biscuit And Milk Pattern,Baby & Maternity
,1.3k+ sold recently,3.3,8.0,4.0,1pc Baby Sun Hat With Bear Embroidery Wide Brim And Cute Ear Decor For Boys And Girls Daily Use,Baby & Maternity
,1.7k+ sold recently,3.3,8.0,12.0,Kids Sun Protection Solid Bucket Hat,Baby & Maternity
,100+ sold recently,7.2,0.0,1.0,"Baby Girl Sweet Puff Sleeve Triangle Bodysuit With 3D Flower Jacquard Pleated Mesh Skirt Hem And Headband, Summer",Baby & Maternity
,800+ sold recently,8.2,8.0,1.0,Baby Boy Checker Print Jumpsuit,Baby & Maternity
,700+ sold recently,10.1,14.0,9.0,Baby Boy Casual Simple Letter Pattern Short Sleeved Round Neck Top Suitable For Summer,Baby & Maternity
,,3.15,10.0,1.0,"New Arrival Baby/toddler Glitter Sneakers, Korean Style, Casual And Fashionable. Anti-slippery Design To Prevent Shoes From Falling Off. Ins Style.",Baby & Maternity
,2.0k+ sold recently,10.2,7.0,1.0,5pieces Baby Winter Hat Warm Toddler  Beanies Cute Pompom Hats Knit Infant Beanie Baby Snow Hats for Baby Boy,Baby & Maternity
,600+ sold recently,6.39,20.0,1.0,"Cozy Cub Baby Boy Snug Fit Pajama Set, Including Crew Neck Top And Footed Pants",Baby & Maternity
,500+ sold recently,23.19,0.0,1.0,SHEIN Maternity Solid Wide Leg Cami Jumpsuit,Baby & Maternity
,50+ sold recently,2.1,0.0,1.0,"1pc Shark Swimming And Water Play Toys, Baby Toys, Children's Bath Toys With Winding Tail Rotating Device, Cartoon Animals, Baby Bathtub Toys, Shower Sets And Educational Games",Baby & Maternity
,200+ sold recently,21.99,85.0,1.0,"Baby Car Camera For Backseat, 4.3"" HD Baby Car Monitor With Camera Travel Baby Mirror For Car Seat Rear Facing Baby Camera Monitor For Car",Baby & Maternity
,400+ sold recently,15.27,22.0,1.0,SHEIN Maternity High Waist Ripped Skinny Jeans,Baby & Maternity
,,13.8,0.0,1.0,"1pc Green Maternity Pillow And 1pc Auxiliary Pillow For Nursing And Support. The Set Includes Washable U-Shaped Pillow, Belly Shell Pillow, Waist Support Pillow, U-Shaped Nursing Pillow, And Spine Waist Side-Sleeping Aid For Pregnant Women.",Baby & Maternity
,600+ sold recently,6.0,8.0,6.0,Baby Girl Floral Print Zipper Front Peplum One Piece Swimsuit,Baby & Maternity
,100+ sold recently,22.6,9.0,1.0,Baby Girl Stylish Casual Artsy Floral Printed Romper In Princess Style,Baby & Maternity
,300+ sold recently,9.4,8.0,1.0,SHEIN 2pcs Baby Boy Vintage  Geometric Pattern Printed Casual Shirt And Shorts Set With Turn-Down Collar For Spring And Summer,Baby & Maternity
,600+ sold recently,13.99,0.0,1.0,"Cozy Cub Spring-Summer Collection Lace & Faux Pearl Adorable Flat Shoes For Baby Girls With Princess Style Wedding Theme In White, Suitable For Every Occasion",Baby & Maternity
,200+ sold recently,1.77,45.0,1.0,"5pairs/Set Cute Cartoon Patterned Mid-Calf Breathable Socks For Boys And Girls, Spring And Summer",Baby & Maternity
,,15.19,0.0,1.0,SHEIN Maternity Summer Elegant Off Shoulder Floral Printed Bodycon Dress With Ruched Detailing,Baby & Maternity
,,2.1,0.0,16.0,Cartoon Graphic Diaper Storage Bag,Baby & Maternity
,,15.81,21.0,1.0,SHEIN Maternity Wide Waistband Skinny Jeans,Baby & Maternity
,100+ sold recently,5.44,20.0,1.0,"10pcs Children's Safety Locks For Drawer, Cabinet, Fridge, Door, Etc.",Baby & Maternity
,,2.4,0.0,1.0,"1pc Smiling Face Star LED Night Light,  Children's Bedroom Decor, Bedside Decor Puppy Shape Lighting Night Light,Dog Night Light,Suitable For Bedside Lighting, Gift Giving, And Desktop Decoration Night Light",Baby & Maternity
,,27.89,0.0,1.0,SHEIN Maternity Patched Pocket Ripped Skinny Denim Overall,Baby & Maternity
,100+ sold recently,17.09,0.0,1.0,SHEIN Maternity Summer Solid Color Turn-Down Collar Cap-Sleeve Vest And Waist-Tied Shorts Casual Casual 2pcs Outfits,Baby & Maternity
,100+ sold recently,10.08,29.0,1.0,SHEIN Baby Girl Patchwork Floral Pattern Asymmetrical Neckline Dress,Baby & Maternity
,200+ sold recently,7.0,0.0,1.0,Baby Boy Summer Cartoon Dinosaur Allover Print Shirt And Shorts Set,Baby & Maternity
,,11.09,23.0,1.0,SHEIN Maternity Drawstring Detail Nursing Tee,Baby & Maternity
,60+ sold recently,16.29,0.0,1.0,SHEIN Pregnant Women Fashionable Black And White Printed Sleeveless Vest And Pants 2-Piece Set,Baby & Maternity
,200+ sold recently,6.1,8.0,4.0,3pcs Baby Star Pattern Knit Hat,Baby & Maternity
,90+ sold recently,5.4,0.0,4.0,"Cute Baby Summer Outdoor Comfortable Casual Slippers, Beach Sandals, Hollow Shoes",Baby & Maternity
,10+ sold recently,11.59,0.0,1.0,"SHEIN Pregnant Women's Solid Color Round Neck Dress With Ruffled Hem, Summer Casual Style",Baby & Maternity
,300+ sold recently,15.89,0.0,1.0,SHEIN Maternity Leopard Print Knot Hem Tee & Adjustable Waist Bodycon Skirt,Baby & Maternity
,800+ sold recently,10.2,8.0,1.0,"SHEIN Baby Boy Spring Summer Trendy Solid Washed Pocket Ripped Denim Jeans,Baby Boys Summer Clothes Outfits",Baby & Maternity
,200+ sold recently,15.99,0.0,1.0,Cozy Cub Baby Girl Solid Knitted Soft Round Neck Short Sleeve Top & Floral Printed Strap Romper 2pcs Set,Baby & Maternity
,200+ sold recently,3.6,8.0,1.0,Girls Faux Pearl Decor Berets,Baby & Maternity
,,5.8,9.0,1.0,Baby Boys' Flag Printed Drawstring Swimwear,Baby & Maternity
,200+ sold recently,6.9,14.0,1.0,"Baby Boy Casual Cartoon Letter Printed Round Neck Short Sleeve T-Shirt And Shorts Set, Suitable For Summer",Baby & Maternity
,200+ sold recently,7.2,9.0,4.0,Baby Boy Button Half Placket Ribbed Knit Jumpsuit,Baby & Maternity
,,14.29,0.0,1.0,SHEIN Maternity 5pack Solid Ribbed Knit Panty For Mother,Baby & Maternity
,800+ sold recently,6.7,8.0,1.0,SHEIN Baby Boy Bear Printed Overalls,Baby & Maternity
,1.5k+ sold recently,8.6,8.0,4.0,Baby Girl Ruffle Trim Tee & Floral Print Bodysuit Without Headband,Baby & Maternity
,300+ sold recently,10.99,0.0,1.0,SHEIN Maternity Solid Waffle Knit Cami Top & Adjustable Button Shorts PJ Set,Baby & Maternity
,60+ sold recently,2.1,50.0,1.0,"Mommy And Me Set, Floral Print, Baby Girl Casual Simple Cartoon Flower Pattern Round Neck Bodysuit, Suitable For Summer",Baby & Maternity
,30+ sold recently,12.0,0.0,1.0,1pc Sanrio Hello Kitty Friends Kuromi Melody Water Bottle Women'S Thermos Cup Cartoon Vacuum Insulated Stainless Steel Water Bottle Cute Girl'S Gifts 12.3 OZ / 350ML,Baby & Maternity
,3.0k+ sold recently,4.3,9.0,1.0,10pairs/Set Infant Random Color Plain Casual Short Socks,Baby & Maternity
,10+ sold recently,3.2,9.0,1.0,"1pc Unisex Baby 1-2Y Outdoor Sun Protection Cute Breathable Soft Simple Solid Color Fisherman Hat, For Boys And Girls, Sunshade And Leisure Bucket Hat",Baby & Maternity
,,3.5,0.0,1.0,SHEIN X Care Bears Cute And Comfortable Cartoon Bear Patterned Cotton Baby Positioning Pillow,Baby & Maternity
,,5.6,8.0,6.0,Baby Boy Coconut Tree Striped & Printed Woven Fabric Beach Swimwear Shorts,Baby & Maternity
,300+ sold recently,16.39,0.0,10.0,SHEIN Maternity Sleeveless Rib-Knitted Twist Front Dress,Baby & Maternity
,10+ sold recently,3.7,8.0,1.0,"1pc Printed Heart & Ombre English Letter Baseball Cap, Outdoor Sun Protection Hat   For Boys & Girls, Spring/Autumn Travel Beach Vacation Hat",Baby & Maternity
,,8.99,0.0,1.0,Cozy Cub Baby Girl Casual Colorful Striped Sleeveless Jumpsuit,Baby & Maternity
,,11.99,0.0,7.0,SHEIN Maternity Square Neck Split Thigh Dress,Baby & Maternity
,300+ sold recently,7.2,9.0,1.0,Baby Boy's Color Block Digital Letter Print Short Sleeve Shirt And Shorts Woven Set,Baby & Maternity
,,25.37,2.0,7.0,SHEIN Maternity Color Block Denim Jeans With Pockets,Baby & Maternity
,,10.19,0.0,1.0,SHEIN Maternity Striped Loose Fit Long T-Shirt With Side Slits And Round Neck,Baby & Maternity
,1.0k+ sold recently,6.13,51.0,7.0,SHEIN Solid Color Ruched Side Split Maternity Bodycon Dress,Baby & Maternity
,200+ sold recently,2.3,0.0,1.0,"1pc Pink Silicone Pacifier For Infants And Toddlers, Automatic Closure And Dustproof, Safe And Suitable For Daily Use",Baby & Maternity
,100+ sold recently,6.3,9.0,5.0,SHEIN Newborn Baby Boy Cartoon Round Neck Short Sleeve Romper For Spring And Summer,Baby & Maternity
,,12.69,0.0,1.0,SHEIN Maternity Wide Waistband Leggings With Phone Pocket,Baby & Maternity
,100+ sold recently,7.5,9.0,1.0,"SHEIN 3pcs Baby Girl Colorful Knitted Elastic Solid Color Bodysuit, Sleeveless Camisole Bodysuit, Suitable For Summer, Can Be Buttoned",Baby & Maternity
,400+ sold recently,10.0,0.0,1.0,1pair Soft Bottom Comfortable Sports Shoes For Baby Girls Learning To Walk,Baby & Maternity
,600+ sold recently,5.9,14.0,4.0,"10 Pairs Of Solid Color Spring And Summer Breathable, Sweat Absorbing, And Odor Resistant Sports Socks",Baby & Maternity
,200+ sold recently,2.0,0.0,1.0,"3pcs Strawberry Bow Headbands For Baby,Red White Solid Color Hair Bow Hairbands For Kids,Lovely Elastic Nylon Bands,Kids Baby Hair Accessories",Baby & Maternity
,300+ sold recently,8.97,28.0,1.0,SHEIN 3pcs/Set Baby Boys' Casual Animal Pattern Bodysuit For Autumn,Baby & Maternity
,100+ sold recently,13.89,0.0,1.0,SHEIN Pregnant Women's Holiday Casual Solid Color Side Split Vest And Shorts Set,Baby & Maternity
,,7.3,0.0,1.0,"Fashionable And Elegant Bowknot Decoration Baby Girls' Shoes, Comfortable, Lightweight, Anti-Slip, Flat, Suitable For Indoor And Outdoor Parties In Spring, Summer And Autumn",Baby & Maternity
,800+ sold recently,2.5,0.0,1.0,"1 Piece Baby Fruit Food Feeder Pacifier, Silicone Mesh For Babies Teething Relief Baby Feeding Essentials",Baby & Maternity
,70+ sold recently,4.34,23.0,1.0,SHEIN Newborn Baby Girl 3pcs Casual Knitted Solid Color Snug Fit Shorts With Elastic Waistband,Baby & Maternity
,,4.62,43.0,1.0,"1pc Baby Pink Pig Plush Detachable Hanging Toy For Car Seat, Stroller, Crib, Spiral & Mirror & Rattle & Bb Squeaker, Infant Gifts (ins Style)",Baby & Maternity
,1.0k+ sold recently,11.4,8.0,1.0,Baby Boy Gentleman Outfit With Bow Tie Shirt And Suspender Pants,Baby & Maternity
,,14.29,0.0,1.0,SHEIN Maternity Nursing Dress With Ruffled Hem And Floral Print,Baby & Maternity
,300+ sold recently,8.0,9.0,4.0,Baby Girls' Spring/Summer Puff Sleeves Dress With Small Floral Print,Baby & Maternity
,50+ sold recently,2.36,55.0,1.0,"1 Set Of 3 Baby Feeding Tableware With Suction Cup, Cartoon , Flower Shaped Rattle, Child Bathtub And Car Backseat Soothing Toy, Random Color/Style",Baby & Maternity
,300+ sold recently,17.29,0.0,1.0,SHEIN Maternity Surplice Neck Ruffle Hem Dress,Baby & Maternity
,100+ sold recently,6.0,8.0,1.0,"1pc Kids' Western Cowboy Hat For Festivals, Parties, Traveling, Etc.",Baby & Maternity
,100+ sold recently,14.2,8.0,1.0,"SHEIN Simple And Casual Knitted Monochrome Short-Sleeved Top And Elastic-Waist Shorts Four-Piece Suit For Newborn Baby Boys And Girls, Suitable For Summer",Baby & Maternity
,1.3k+ sold recently,11.99,0.0,1.0,SHEIN Maternity Ditsy Floral Pinafore Jumpsuit Without Tank Top,Baby & Maternity
,,19.59,0.0,1.0,SHEIN Maternity Solid Curved Hem Tee & Leggings Set,Baby & Maternity
,500+ sold recently,1.94,19.0,1.0,"Silicone Diaper Cream Spatula With Suction Cup, Baby Bottom Cream Applicator, Silicone Face Mask Spatula (deep Grey)",Baby & Maternity
,300+ sold recently,8.2,9.0,1.0,Fashionable Baby Girl Summer Americana Star & Striped Print Spaghetti Strap Dress With Hat 4th Of July Outfit,Baby & Maternity
,100+ sold recently,13.99,0.0,5.0,"Cozy Cub Girls' Pink Slip-On Canvas Flat Sneakers With Elastic Band, Fashionable Design And Comfortable For Daily Wear And Sports",Baby & Maternity
,600+ sold recently,15.49,0.0,1.0,SHEIN Maternity Button Front Slit Thigh Rib-knit Cami Dress,Baby & Maternity
,50+ sold recently,5.8,0.0,1.0,8PCS Baby Closet Dividers Wooden Double-Sided Baby Clothes Dividers For Closet Bright Colorful Size Hanger Organizer From Newborn To Toddlers Neutral Nursey Room Decor For Boys Girls Bedroom,Baby & Maternity
,100+ sold recently,15.36,20.0,1.0,"SHEIN Baby Girl Cute Mesh Dress With Ruffle Hem, Faux Pearl And Sequin Decor Accessory Set",Baby & Maternity
,200+ sold recently,16.59,0.0,1.0,SHEIN Maternity V-Neck Short Dress,Baby & Maternity
,,24.09,0.0,4.0,SHEIN Maternity Flare Jeans,Baby & Maternity
,500+ sold recently,10.1,0.0,1.0,(1 Pack 8ps) Children's Solid Color Pullover Hat Baby Big Bow Fetal Hat Baby Baotou Pullover Hat,Baby & Maternity
,300+ sold recently,5.6,11.0,4.0,SHEIN Newborn Baby Girl Casual Blue & White Checkered Sundress With Straps And Cinched Waist For Summer,Baby & Maternity
,,5.99,0.0,10.0,Cozy Cub 1 Pair Baby Slippers Outdoor Forest Cartoon Animal Fun Pattern EVA Baby Sandals Slippers For Indoor And Outdoor Use,Baby & Maternity
,,3.96,8.0,1.0,"Baby Boys' Fashionable Artistic Design Casual Holiday Style Printed T-Shirt, All Seasons",Baby & Maternity
,400+ sold recently,12.4,8.0,8.0,Baby Girl Summer Cow Printed Short Sleeve Jacket With Bowknot Decorated Camisole Top And Shorts Cute Outfit,Baby & Maternity
,,13.59,0.0,1.0,SHEIN Maternity Summer Beach Pregnant Women Floral Lace Decor Solid Color Simple One-Piece Swimsuit,Baby & Maternity
,300+ sold recently,8.0,0.0,1.0,Baby Girl Cherry Printed Tank Bodysuit And Bloomer Set For Spring/Summer,Baby & Maternity
,70+ sold recently,19.89,0.0,1.0,SHEIN Maternity Vacation Casual Puff Sleeve Dress With Flower Print And Ruffled Hem,Baby & Maternity
,800+ sold recently,23.87,6.0,4.0,SHEIN Maternity Button Front Ruffle Hem Belted Dress,Baby & Maternity
,600+ sold recently,6.9,0.0,1.0,"Fashionable Baby Girl 2 In 1 Romper With Ditsy Floral, Bow Decoration, And Headband Set, Summer",Baby & Maternity
,100+ sold recently,4.1,0.0,1.0,3Pcs/Set Suction Cups Spinning Top Toy Baby Game Infant Teether Relief Stress Educational Rotating Rattle Bath Shower  Toys Children Gift(Some Parts Are Sent Random),Baby & Maternity
,500+ sold recently,11.2,9.0,4.0,"SHEIN Baby Girl Casual Knitted Solid Notch Neck Short Sleeve Romper , Suitable For Summer",Baby & Maternity
,300+ sold recently,9.2,0.0,1.0,"2pcs Soft, Comfortable And Breathable Swaddle Blankets For Babies",Baby & Maternity
,100+ sold recently,5.8,8.0,1.0,Boys' And Girls' Cute Cartoon Animal Ear Flap Beanie With Moving Ears For Warmth In Autumn And Winter,Baby & Maternity
,600+ sold recently,1.7,0.0,1.0,"1pc White Daisy & Bowknot Decor Stretch Hairband For Toddler Girls, Soft Fabric Headwrap, Wedding Party Hair Accessory",Baby & Maternity
,200+ sold recently,3.32,21.0,1.0,"Baby Boy's Loose Fit Casual Solid Color Round Neck T-Shirt, Summer",Baby & Maternity
,,4.6,12.0,5.0,Baby Security Blanket Tag And Teething Plush Toy Animal Soft Stuffed Plush Comfort Toy For Newborn Color Recognition And Teething Sensory Touch Small Gift (Random Pattern And Color For Tags And Plush Toys),Baby & Maternity
,400+ sold recently,10.99,0.0,1.0,Cozy Cub Baby Girl Gingham Print Ruffle Trim Button Front Dress,Baby & Maternity
,,10.6,8.0,1.0,"Baby Boy Spring/Summer Outfit, Cute Towelling Embroidered Dog Head Design Triangle Placket And Long Pants",Baby & Maternity
,,16.13,1.0,7.0,SHEIN Maternity Roll Up Hem Denim Shorts,Baby & Maternity
,100+ sold recently,2.37,18.0,1.0,"1set Baby Nail Clippers Set, Nail Scissors Manicure Tool For Infants",Baby & Maternity
,100+ sold recently,9.5,0.0,4.0,1pc Newborn Rabbit Ear Double-layer Plush Baby Swaddle Blanket,Baby & Maternity
,50+ sold recently,2.76,40.0,1.0,"5pcs Soft Nylon Children Headbands Set, Baby Bowknot Elastic Headwraps, Infant Hairbands (5pcs/Pack)",Baby & Maternity
,400+ sold recently,3.4,8.0,7.0,"6pairs/pack Newborn Baby Antiscratch Gloves, 0-3m, Multicolor And Various Styles",Baby & Maternity
,200+ sold recently,6.91,38.0,1.0,Baby Girl Newborn 3pcs Textured Blanket & Headband & Hat Photography Prop,Baby & Maternity
,80+ sold recently,6.9,10.0,1.0,SHEIN Baby Girl Summer Cute Vacation Bubble Short Sleeve Square Neck Floral Dress,Baby & Maternity
,,2.77,47.0,1.0,"Baby Manhattan Grasping Ball, Manhattan Finger Ball, Teether Ball, Five Sense Busy Ball, Atom Ball, Baby Toy, Baby Teething Gel, Educational Baby Toy, Interesting Pressing & Gripping Exercise, Can Chew Teething Gel Train Grip, Training Rattle, Baby Hand Rattle Toy, Soft Rubber Ball Atom Rotating Teether Grasping Toy",Baby & Maternity
,2.0k+ sold recently,19.29,0.0,10.0,Maternity Ditsy Floral Off Shoulder Ruffle Hem Dress,Baby & Maternity
,300+ sold recently,8.25,21.0,1.0,Baby Boy 3pcs Striped And Star Print Bodysuit,Baby & Maternity
,,16.99,0.0,9.0,SHEIN Maternity Button Front Split Thigh Cami Dress With Coat,Baby & Maternity
,,19.79,0.0,1.0,"SHEIN Elastic Knit Fabric Adjustable Waist Maternity Skinny Jeans With Distressed Details, White",Baby & Maternity
,,10.5,0.0,1.0,"Baby Boy Long Sleeve Cute 3D Bear Ear Shape Plush Warm Jumpsuit , Hat Lining Without Positioning",Baby & Maternity
,200+ sold recently,6.99,0.0,1.0,"Cozy Cub Baby Girl Floral Pattern Long Sleeve Pullover Top & Pants Set, Tight Fitting Homewear 2pcs/Set",Baby & Maternity
,100+ sold recently,7.19,20.0,1.0,Cozy Cub Baby Girl Casual Denim Overall Shorts With Floral Pattern,Baby & Maternity
,700+ sold recently,4.4,8.0,5.0,1pc Baby Sun Hat Smile Face Toddler Boys Girls Bucket Hat UPF 50+ Sun Protection,Baby & Maternity
,100+ sold recently,12.5,0.0,1.0,"New Style Girls Flat Shoes In Spring And Autumn, Round Toe, Soft Leather, Comfortable And Soft Bottom Shoes, Stylish Colorful Bowknot Design",Baby & Maternity
,,22.49,0.0,1.0,SHEIN Maternity Solid Color Ruffle Hem Nursing Dress,Baby & Maternity
,,5.99,0.0,1.0,Cozy Cub Baby Girls' Cartoon Floral Pattern Round Neck Drop Shoulder Sweatshirt,Baby & Maternity
,400+ sold recently,0.85,50.0,4.0,"Baby Girls' Spring/Autumn High Tube Socks With Cute Bowknot, Princess Socks",Baby & Maternity
,,11.89,8.0,1.0,3-Pack Nylon Maternity Underwear Nursing Bra Without Underwire Front Open Buckle Breastfeeding Adjustable Push Up Bra,Baby & Maternity
,,3.0,0.0,1.0,3pcs Brown Tone Rose Flower & Bowknot Design Soft Elastic Baby Headbands,Baby & Maternity
,,11.19,0.0,1.0,SHEIN Maternity Young Sporty Casual Adjustable Color Block Spaghetti Strap Hollow Out Front Crop Bodycon Dress,Baby & Maternity
,700+ sold recently,4.5,0.0,1.0,Baby Bear Patch Decor Ankle Strap Flats For Outdoor,Baby & Maternity
,100+ sold recently,4.2,9.0,7.0,"9pairs Solid Color Baby Short Socks, Spring/Summer",Baby & Maternity
,20+ sold recently,23.89,0.0,1.0,SHEIN Maternity Elegant Commuter Round Neck Sleeveless Side Slit Vest With Adjustable Elastic Waist Straight-Leg Jumpsuit Two-Piece Set,Baby & Maternity
,500+ sold recently,14.29,0.0,1.0,SHEIN Maternity Adjustable High Waisted Ripped Denim Shorts With Elastic Waistband,Baby & Maternity
,200+ sold recently,9.8,8.0,1.0,"SHEIN Baby Boy Vintage Washed Elastic Waistband Flap Pocket Side Baggy Cargo Denim Jeans Shorts,Baby Boy Spring Summer Clothes Shorts Outfits",Baby & Maternity
,,12.59,0.0,1.0,SHEIN Adjustable Maternity Tank Top For Tropical Island Vacation,Baby & Maternity
,,8.61,36.0,6.0,SHEIN BASICS Pregnant Women Summer Solid Color Short Sleeve Slim Fit Round Neck Minimalist Dress,Baby & Maternity
,100+ sold recently,16.39,0.0,1.0,"SHEIN Young, Elegant, Romantic, Genderless Party Maternity Dress, Tight-Fitting, Printed, Mid-Length",Baby & Maternity
,200+ sold recently,4.4,0.0,1.0,Yellow Little Lion Baby Gift Newborn Photography Cartoon Commemorative Clothes,Baby & Maternity
,100+ sold recently,2.8,7.0,1.0,A Children's Coconut Tree Print Spring/Summer Sun Protection Straw Hat Jazz Hat,Baby & Maternity
,100+ sold recently,1.07,41.0,18.0,1pc Pacifier In Macaron Colors With Magic Soothing Function. Size S For 0-6 Months Babies And Size L For 6-36 Months Babies. Made Of Soft Silicone And Can Instantly Pacify And Soothe The Baby During Breastfeeding And Helps In Anti-colicking.,Baby & Maternity
,80+ sold recently,5.27,21.0,1.0,"2pcs/Set Baby  Silicone Ice Cube Tray And Food Feeder, Soft And Easy To Release",Baby & Maternity
,100+ sold recently,5.9,0.0,1.0,"Infant/Toddler Solid Color Jumpsuit, Single Piece, Casual, Daily Wear, Summer",Baby & Maternity
,,12.49,0.0,4.0,"SHEIN Summer Beach Maternity Beachwear With Floral Print, Ruffle Trim And Hollow-Out Design",Baby & Maternity
,100+ sold recently,10.99,0.0,1.0,Cozy Cub Baby Girl Casual Pure Color Lace Trim Knitted Soft Shorts 3pcs/Set,Baby & Maternity
,200+ sold recently,14.19,0.0,1.0,SHEIN Maternity Summer Casual Round Neck Short Sleeve Tie Dye Bodycon Midi Dress For City,Baby & Maternity
,,12.0,0.0,1.0,Solid Black Soft Sole Kids' Sports Sandals Baby Summer Shoes,Baby & Maternity
,300+ sold recently,12.0,7.0,1.0,Baby Boy 3pcs Casual Letter Printed Jogger Pants,Baby & Maternity
,60+ sold recently,10.8,0.0,1.0,Spring/Summer New Arrival Breathable Mesh Soft Bottom Anti-Slip Fashionable Sports Shoes For 1-4 Years Old Toddler Boys And Girls Learning To Walk,Baby & Maternity
,300+ sold recently,4.3,9.0,1.0,SHEIN Baby Girl Elastic Waist Flare Leg Pants,Baby & Maternity
,,12.39,0.0,1.0,SHEIN Maternity Ditsy Floral Ruffled Edge Drawstring Wide Leg Loose Vacation Pants,Baby & Maternity
,,6.9,0.0,6.0,1pc Nursing Cover With Breathable Gauze In Coffee/Milk Blue/Green Color For Breastfeeding Mothers To Use In Public,Baby & Maternity
,70+ sold recently,15.59,0.0,1.0,"SHEIN Maternity Solid Color Vest And Shorts Relaxing Vacation Outfit, 2pcs/Set",Baby & Maternity
,50+ sold recently,15.89,0.0,1.0,SHEIN Maternity Casual Sleeveless Floral Summer Dress,Baby & Maternity
,,20.59,0.0,1.0,SHEIN Maternity Floral Patchwork Nursing Dress,Baby & Maternity
,300+ sold recently,4.3,9.0,1.0,"3pcs/Set Unisex Newborn Baby Soft Knot Hat, No Brim Hat, Beanie Cap Set",Baby & Maternity
,200+ sold recently,16.29,0.0,1.0,SHEIN Maternity Romantic Garden Young & Mature One-Shoulder Bodycon Maxi Dress,Baby & Maternity
,400+ sold recently,8.72,17.0,1.0,Baby Girl Colorblock Bow Front Ruffle Trim Bodysuit With Headband,Baby & Maternity
,100+ sold recently,25.49,0.0,7.0,Joyfunear Maternity Lantern Sleeve Off Shoulder Extra-Long Dress,Baby & Maternity
,,13.8,0.0,1.0,"1pc Baby Soundproof Headset Headband Type Noise Reduction Ear Muffs For Sleeping, Outdoor Activities, Flying, Etc.",Baby & Maternity
,200+ sold recently,9.6,10.0,1.0,"SHEIN Baby Girl's Polka Dot Dress With Lantern Sleeves, Loose Wave Hem, V-neck And Bow Belt For Gorgeous Party",Baby & Maternity
,800+ sold recently,8.8,8.0,8.0,SHEIN Sporty Baby Boy Solid Color T-Shirt & Shorts,Baby & Maternity
,100+ sold recently,9.8,0.0,1.0,Multi-Functional Unisex Baby Sports Shoes In Pink Color,Baby & Maternity
,100+ sold recently,10.99,42.0,5.0,"Kids Crew Socks, Mid Cut Socks For Toddler Kids Boys Girls(1-14 Years), 24 Pairs Athletic Mid Calf Socks Multipack",Baby & Maternity
,30+ sold recently,9.4,8.0,1.0,"SHEIN Baby Boy Cute Cotton Romper Jumpsuit, Simple Solid Color Design, Sleeveless Straps, Suitable For Spring And Summer",Baby & Maternity
,100+ sold recently,12.9,11.0,1.0,SHEIN Baby Girl 3 Pack Frill Trim Cami Bodysuit,Baby & Maternity
,20+ sold recently,2.9,9.0,1.0,"6 Pairs Kids Pink Sports Grip Socks For Spring, Simple & Versatile & Slip-Resistant, Suitable For Daily Wear",Baby & Maternity
,70+ sold recently,2.16,40.0,1.0,1pair Cartoon Patterned Silicon Bottom Anti-Slip Walking Shoes Socks For 0-2 Years Old Toddlers,Baby & Maternity
,200+ sold recently,7.2,9.0,1.0,SHEIN Baby Boys' Sleeveless Round Neck Basketball Jersey & Shorts Set With Letter Print,Baby & Maternity
,100+ sold recently,15.99,0.0,1.0,Cozy Cub Baby Boy Striped Round Neck Short-Sleeved Pullover Top With Dinosaur Pattern Suspender Shorts Two-Piece Set,Baby & Maternity
,200+ sold recently,3.9,7.0,1.0,SHEIN Baby Girl Elastic Waist Solid Pants,Baby & Maternity
,400+ sold recently,7.0,0.0,1.0,1pc Newborn Baby Boy Soft Cow Print Jumpsuit Spring,Baby & Maternity
,700+ sold recently,11.59,0.0,8.0,SHEIN Maternity Solid Peplum Tee,Baby & Maternity
,300+ sold recently,2.25,10.0,1.0,"2Pairs Children Mesh Socks, British Style Girls Bowknot Mid-Calf Socks, European & American Style Short Fishnet Socks, Princess Socks, For Parent-Child, 3-12Y",Baby & Maternity
,70+ sold recently,4.3,0.0,1.0,"40pcs Solid Color Bow Hair Ties For Girls,Small Elastic Toddler Hair Ties,Baby Girls Hair Bows Tie Ponytail Holders Bows Elastics Rubber Ribbon Hair Bands,Kids Baby Hair Accessories",Baby & Maternity
,200+ sold recently,10.2,11.0,1.0,"SHEIN Baby Girl Casual Solid Color Tank Top Dress With Bubble Sleeve Top, Summer Outfits",Baby & Maternity
,200+ sold recently,12.4,8.0,1.0,Baby Boy Bow Front Shirt & Shorts & Tee,Baby & Maternity
,400+ sold recently,13.64,22.0,4.0,SHEIN Maternity Floral Lace Trim Robe & Slip Dress For Mother,Baby & Maternity
,,6.79,7.0,1.0,Black Hands-Free Nursing Bra For Mother,Baby & Maternity
,,8.2,0.0,1.0,"1pc Infant Sleeping Bag, Cartoon Bear Head Full Wrap Style, All Seasons, Spring, Summer, Fall, Winter, Baby Anti-Kick Blanket, Universal Fit, 6-12 Months Or 12-17 Months",Baby & Maternity
,100+ sold recently,10.8,39.0,1.0,"SHEIN Maternity Bodycon Dress With Sweetheart Neckline, Plush Plant Printed, Short Sleeve, Suitable For Commute And Daily Wear",Baby & Maternity
,,11.49,0.0,1.0,"SHEIN Maternity Casual-Fit Short Sleeve Round-Neck Long T-Shirt, Casual And Summery",Baby & Maternity
,300+ sold recently,9.0,7.0,1.0,SHEIN Baby Boy Button Front Bodysuit & Sweatpants,Baby & Maternity
,40+ sold recently,12.09,0.0,1.0,SHEIN Maternity Solid Color Backless Jumpsuit With Elastic Top,Baby & Maternity
,60+ sold recently,7.6,11.0,1.0,"SHEIN Baby Girl Cute Cartoon Pattern Embroidery Ruffle Hem Cap Sleeve Top, Suitable For Summer",Baby & Maternity
,300+ sold recently,20.29,0.0,1.0,"SHEIN Maternity Textured Flutter Sleeve Nursing Dress With Ruffled Hemline, Suitable For Summer",Baby & Maternity
,400+ sold recently,13.99,0.0,1.0,Cozy Cub Baby Girl Casual Knitted Soft Color Block Camisole Top And Shorts Set,Baby & Maternity
,,3.3,8.0,1.0,"1pc Breathable Printed Baby Sun Hat With Drawstring, Suitable For Outdoor Activities Like Beach And Camping",Baby & Maternity
,90+ sold recently,24.69,0.0,1.0,SHEIN Maternity Adjustable Strappy Rainbow Striped Midi Dress For Island Vacation,Baby & Maternity
,700+ sold recently,6.2,0.0,1.0,"40pcs Solid Color Hair Bow Clips For Girls,Cute Ribbon Bow Hair Clips Barrettes,Girls Holiday Party Headpiece,Kids Baby Hair Accessories",Baby & Maternity
,100+ sold recently,9.82,23.0,1.0,1pc Portable Diaper Bag,Baby & Maternity
,700+ sold recently,5.99,25.0,12.0,Cozy Cub Baby Boy Snug Fit Casual Solid Color Round Neck Top And Pants Homewear 2Pcs/Set Matching Set,Baby & Maternity
,70+ sold recently,10.65,50.0,1.0,SHEIN Maternity Elastic Skinny Denim Pants With Patchwork,Baby & Maternity
,10+ sold recently,2.4,8.0,1.0,5 Pairs Of Baby Unisex Socks Cute Baby Terry Socks,Baby & Maternity
,,8.7,0.0,4.0,Baby Boy Dinosaur Pattern 3D Ear Design Hooded Flannel Footed Jumpsuit,Baby & Maternity
,100+ sold recently,4.73,55.0,1.0,"SHEIN Baby Girl Spring Summer Boho Cute Washed Denim Overall Romper , Fashionable And Summer",Baby & Maternity
,200+ sold recently,5.0,0.0,1.0,Baby Boys' Plaid Short Sleeve T-Shirt And Shorts Set,Baby & Maternity
,,17.51,20.0,1.0,SHEIN Maternity Off-Shoulder Ruched Top And Adjustable Button-Up Skirt Set,Baby & Maternity
,10+ sold recently,5.9,0.0,1.0,0-12 Months Baby Summer Lightweight Baby Romper Short-Sleeved Romper Crawling Clothes,Baby & Maternity
,600+ sold recently,5.6,11.0,1.0,SHEIN Baby Girls' Summer Holiday Solid Color Textured Fabric Cross Halter Jumpsuit,Baby & Maternity
,20+ sold recently,4.74,40.0,1.0,"1pc Newborn Baby Floral Swaddle Blanket Wrap For Summer, Thin Air Conditioning Cover",Baby & Maternity
,400+ sold recently,3.0,9.0,1.0,2pcs Pink-Purple Flower Shaped Silicone Pacifier & Teether Baby Teething Toy For Soothing,Baby & Maternity
,20+ sold recently,3.82,9.0,1.0,"Baby Girls' Cute Ocean Shell Heart Printed Casual Comfortable Top, Round Neck Short Sleeve T-Shirt, Suitable For Summer Vacation Outdoor Activities",Baby & Maternity
,400+ sold recently,21.39,0.0,4.0,SHEIN Maternity Square Neck Flying Sleeve Dress,Baby & Maternity
,200+ sold recently,15.59,0.0,1.0,"SHEIN Maternity 2pcs/Set Round Neck Short Sleeve Striped T-Shirt And Shorts, Suitable For Slouchy And Casual Wear In Summer",Baby & Maternity
,,12.49,0.0,4.0,SHEIN Maternity Drawstring Front Lettuce Trim Dress,Baby & Maternity
,,3.6,20.0,1.0,3pairs Baby Mixed Color Tights,Baby & Maternity
,,23.19,0.0,1.0,Maternity Tube Top Dress With Lace & Mesh Fabric For Photoshoot Baby Shower,Baby & Maternity
,,6.49,7.0,8.0,SHEIN Pregnant Women's Simple Solid Color Adjustable Jelly Underwear,Baby & Maternity
,,10.79,0.0,4.0,SHEIN Maternity Frill Edge Shirred Sleeveless Tank Top,Baby & Maternity
,60+ sold recently,1.92,40.0,1.0,"1pair Silicone Bottom Cartoon Pattern Anti-Slip Walking Shoes Socks For 0-2 Years Old, Suitable For Toddlers Learning To Walk",Baby & Maternity
,100+ sold recently,15.3,0.0,5.0,"Baby Girl Solid Color Tulle Elegant Dress, Suitable For Travel, Outdoor, Birthday Party And Gift Giving Hair Accessories",Baby & Maternity
,400+ sold recently,4.4,0.0,1.0,1 Pair Soft & Comfortable Summer Baby Boy's Sandals With Breathable Design,Baby & Maternity
,200+ sold recently,4.9,8.0,1.0,"1pc Baby Boy Long Sleeve Romper With English Print, Casual & Comfortable For Autumn/Winter",Baby & Maternity
,100+ sold recently,6.8,12.0,1.0,SHEIN Newborn Baby Girl Ladylike Bubble Sleeves Mesh Daisy Embroidery Round Neck Waist Dress,Baby & Maternity
,300+ sold recently,8.29,0.0,1.0,SHEIN Elegant Maternity Solid Color Square Neckline Short Sleeve T-Shirt For Office Commute,Baby & Maternity
,300+ sold recently,6.72,33.0,7.0,Baby Girl 3pcs Floral Print Cami Bodysuit,Baby & Maternity
,100+ sold recently,6.89,47.0,1.0,"Embroidered Off-Shoulder Dress With Big Flower Design For Infant Girls, Spring/Summer New Arrival",Baby & Maternity
,,13.3,10.0,1.0,Lesmle Baby Boy 2pcs Infant Boys' French Retro Elegant Academy Style Rabbit Embroidery Outfits,Baby & Maternity
,100+ sold recently,9.27,37.0,1.0,Baby Girl 2pcs Button Up Ruffle Trim Tee Jumpsuit,Baby & Maternity
,,12.22,10.0,1.0,SHEIN Baby Boys 5pcs Striped Print Pants,Baby & Maternity
,90+ sold recently,11.1,0.0,1.0,Summer Simple Four-Piece Set Solid Color T-Shirt Short Sleeve,Baby & Maternity
,600+ sold recently,13.59,0.0,4.0,SHEIN Maternity Knitted Daily Casual Long Leggings,Baby & Maternity
,1.0k+ sold recently,3.4,8.0,4.0,SHEIN Baby Girl Solid Elastic Waist Biker Shorts,Baby & Maternity
,,2.2,0.0,1.0,"50pcs Mini Acrylic Baby Pacifiers For Baby Shower Decorations, Table Scatter, Party Favors, Games & Activities(Pink)",Baby & Maternity
,,16.19,0.0,4.0,SHEIN Pregnant Women Summer Fashion Solid Color Versatile Long Comfortable Elasticity Maternity Dress,Baby & Maternity
,,16.49,0.0,1.0,SHEIN Maternity Ripped Raw Hem Denim Shorts,Baby & Maternity
,800+ sold recently,13.99,0.0,1.0,Cozy Cub 3pcs/set Baby Boys' Round Neck Long Sleeve Sweater With Shoulder Fastening,Baby & Maternity
,300+ sold recently,3.0,19.0,1.0,"1pair Infant/Toddler Baby Walking Shoes Socks, Soft Non-Slip Breathable Indoor Floor Socks With Shoes Sole, Spring & Autumn",Baby & Maternity
,20+ sold recently,4.07,13.0,1.0,SHEIN Baby Girl Summer Cute And Simple Solid Color Elastic Waist Shorts With Textured Design,Baby & Maternity
,,2.6,0.0,1.0,"2 Pcs Baby On Board Warning Signs With Suction Cups, Essential For Cars, All-Season",Baby & Maternity
,300+ sold recently,17.99,0.0,1.0,SHEIN Summer Beach Maternity Drawstring Front Eyelet Embroidery Hem Bikini Swimsuit,Baby & Maternity
,30+ sold recently,13.69,0.0,1.0,SHEIN Maternity City Vacation Pants,Baby & Maternity
,200+ sold recently,7.99,0.0,1.0,SHEIN Maternity Solid Peplum Tank Top,Baby & Maternity
,200+ sold recently,3.2,9.0,5.0,1Pc Toddler Baseball Hat Baby Cap Sun Hat Printed Dinosaur Motif Kids Boys Girls Age 0-8T,Baby & Maternity
,,13.4,9.0,4.0,"SHEIN Baby Boy's Cute Casual Patch Pocket Denim Overalls Jumpsuit, For Spring/Summer Outfits,Babys Denim Romper",Baby & Maternity
,,9.69,0.0,1.0,SHEIN Maternity Small Floral Print Short Sleeve Blouse For Summer,Baby & Maternity
,100+ sold recently,14.49,0.0,1.0,SHEIN Maternity Casual V Neck Floral Printed Waist Tie Dress,Baby & Maternity
,300+ sold recently,19.91,20.0,1.0,SHEIN Maternity High Waist Ripped Mom Fit Jeans,Baby & Maternity
,100+ sold recently,9.7,8.0,1.0,Baby Boy Cartoon & Letter Graphic Bodysuit & Sweatpants,Baby & Maternity
,100+ sold recently,14.29,0.0,1.0,"SHEIN Maternity Sleeveless Bodycon Dress With V-Neck & Bow Tie Decoration, Suitable For Casual & Going Out Occasions",Baby & Maternity
,,15.09,0.0,4.0,"Summer Maternity Skirt Shorts Half Skort With Pockets, Two Pieces Style Sports Skirt",Baby & Maternity
,100+ sold recently,13.19,0.0,1.0,SHEIN Maternity Random Printed Simple Daily Dress,Baby & Maternity
,,15.89,0.0,1.0,SHEIN Maternity Wideband Waist Ripped Raw Hem Denim Shorts,Baby & Maternity
,500+ sold recently,5.8,0.0,1.0,4 Buckle Suspended Bath Mat For 0-12 Months - Breathable And Comfortable Baby Bath Cushion To Free Mom's Hands,Baby & Maternity
,20+ sold recently,6.1,0.0,1.0,Newborn Photography Clothing Baby Photo Props Baby Costume Infant Outfits For Photoshoot,Baby & Maternity
,90+ sold recently,8.99,0.0,1.0,Cozy Cub Baby Girl Solid Knit Soft Round Neck Ruffle Hem Pullover Top And Floral Pattern Leisure Shorts Two-Piece Set,Baby & Maternity
,80+ sold recently,21.79,0.0,1.0,SHEIN Women Fashion Flutter Sleeve Nursing Dress,Baby & Maternity
,,16.39,0.0,5.0,Maternity Square Neck Mermaid Hem Dress,Baby & Maternity
,80+ sold recently,21.89,0.0,1.0,"SHEIN Maternity City Vacation Top & Adjustable Elastic Waist Shorts Combination Set, 2pcs",Baby & Maternity
,300+ sold recently,15.56,10.0,1.0,SHEIN Maternity Contrast Lace Cami Sleep Dress & Robe Lounge Set For Mother,Baby & Maternity
,500+ sold recently,12.19,0.0,1.0,Shein Underwear&Sleepwear Maternity Maternity Ditsy Floral Lace Trim Nursing Top & Adjustable Waist Shorts For Mother,Baby & Maternity
,100+ sold recently,11.0,11.0,1.0,SHEIN Baby Girl Elegant Mesh Ruffle Hem Bubble Short Sleeve Dress With Belt,Baby & Maternity
,100+ sold recently,2.5,7.0,1.0,"1pc A4 Size Baby Memory Photo Frame, Kids' Art Protection Stickers/magnetic Display Board And Soft Photo Storage Frame",Baby & Maternity
,,17.49,3.0,10.0,Maternity Off-shoulder Floor-length Dress,Baby & Maternity
,100+ sold recently,7.99,20.0,4.0,Cozy Cub Baby Girl Casual Minimalist Round Neck Sweater With Long Sleeves,Baby & Maternity
,400+ sold recently,12.3,9.0,1.0,"Stylish Spring/Summer Casual Streetwear T-Shirt, Vest And Shorts Set For Baby Boy",Baby & Maternity
,400+ sold recently,3.65,48.0,1.0,"1 Pc Octopus Design Baby Stroller Fan,Mini Handheld Portable Fan For Baby Stroller Indoor& Outdoor, Easy Installation With Nightlight 3 Speeds USB Rechargeable Desk Fan",Baby & Maternity
,2.9k+ sold recently,10.49,0.0,8.0,SHEIN Maternity Ditsy Floral Print Ruched Cami Dress,Baby & Maternity
,,3.0,9.0,1.0,1pc Cute Reversible Child Fishing Hat  Fisherman Hat Outdoor Sun Protection,Baby & Maternity
,200+ sold recently,3.5,0.0,1.0,"1 Pc Pink Squeeze Proof Flipping Box, Antisqueeze Puree Box ,Baby Feeding Tool, Translucent Squeeze-Proof Puree Box For Children To Eat Yogurt And Puree, Compatible With Most Fruit And Yogurt Bags On The Market, Squeeze Proof Flipping Box, Squeeze Proof Box PP Comfortable Grip Transparent Prevent Messes For Juices For Toddlers (Pink), Antisqueeze Puree Box, Transparent Comfortable Grip To Prevent Mess, Portable Baby Antisqueeze Flip Box For Juice",Baby & Maternity
,3.6k+ sold recently,7.99,0.0,1.0,SHEIN Maternity 5pack Plain Panty,Baby & Maternity
,600+ sold recently,13.9,0.0,1.0,"Infant White Simple Fashion Sneakers With Hook-and-loop Strap, Punched Breathable Skate Shoes For Toddler",Baby & Maternity
,100+ sold recently,16.39,0.0,1.0,SHEIN Maternity Ruffle Hem Blouse With Flare Sleeves,Baby & Maternity
,1.0k+ sold recently,3.0,9.0,6.0,1pair Infant Soft Sole Walking Shoes & Socks Unisex Baby Shoes & Socks Floor Socks,Baby & Maternity
,,12.6,0.0,1.0,"Black Bowknot & Pearl Decor Ankle Strap Sandals For Infant Girls, Comfortable, Cute And Elegant, Summer",Baby & Maternity
,100+ sold recently,15.99,0.0,1.0,Cozy Cub Baby Boy 4pcs/Set Round Neck Sleeveless Button Detail Vest And Casual Shorts,Baby & Maternity
,100+ sold recently,15.99,0.0,1.0,Cozy Cub Newborn Baby Boy Cute Bear Pattern Lapel Short Sleeve Bodysuit Set Of 3,Baby & Maternity
,600+ sold recently,12.8,9.0,1.0,Baby Boys' Plaid Patterned Overalls Romper Jumpsuit Set For Fall/Winter,Baby & Maternity
,100+ sold recently,9.7,11.0,1.0,SHEIN Baby Girl Heart Print Bow Front Mesh Overlay Dress,Baby & Maternity
,100+ sold recently,6.8,0.0,1.0,"1pc Stroller Organizer, Pushchair Organizer Bag With Detachable Zipper Bag, Tissues Bag, Mobile Holder, Bottle Holder, Shoulder Straps For Jogger, Stroller Caddy, Buggy Organizer For Accessories",Baby & Maternity
,100+ sold recently,8.4,8.0,5.0,"1pc Toddler Girls' Thermal Tights, White/black, For Baby Bottoming In Winter",Baby & Maternity
,200+ sold recently,26.39,0.0,1.0,SHEIN Maternity Wide Leg Jeans,Baby & Maternity
,100+ sold recently,11.8,8.0,1.0,Baby Boy Street Style Camouflage Print Jeans With Flat Pockets,Baby & Maternity
,400+ sold recently,3.3,6.0,6.0,"1pc Silicone Straw Cup For Infants, Beginner Drinking Cup With Handle For Milk Feeding",Baby & Maternity
,500+ sold recently,10.36,15.0,1.0,SHEIN Solid Color Maternity Cami Romper,Baby & Maternity
,,3.5,5.0,12.0,Newborn Baby Boy Letter Graphic Monthly Milestones Photography Prop,Baby & Maternity
,,42.99,49.0,1.0,"Joypony Baby Playpen, (50x50x27inch) Large Playpen For Babies And Toddlers, Sturdy Safety Play Yard For Infant, Indoor & Outdoor Play Pen With Gate, Baby Fence With Soft Breathable Mesh, Hand Rings",Baby & Maternity
,,20.69,0.0,4.0,SHEIN Pregnant Women Solid Color Simple Daily Denim Pants,Baby & Maternity
,200+ sold recently,1.8,5.0,1.0,1pair Girls' White Mesh Ventilation Sports Knee High Socks With Double Stripes Design,Baby & Maternity
,100+ sold recently,14.19,0.0,1.0,SHEIN Maternity Button Up Dress With Flare Sleeves,Baby & Maternity
,20+ sold recently,7.4,10.0,1.0,SHEIN Baby Girls' One-Piece Swimsuit With Plant Pattern Print And Hairband,Baby & Maternity
,,4.7,0.0,1.0,"8pcs Fun And Colorful Stacking Toy, Early Educational & Interactive Toy For Baby's Hand-On Ability, Cognitive Skill & Color Recognition, Perfect Gift For Birthday, Indoor Parent-Child Play",Baby & Maternity
,70+ sold recently,10.99,0.0,1.0,SHEIN Maternity Holiday Casual Solid Color Notched Neck Batwing Sleeve T-Shirt,Baby & Maternity
,200+ sold recently,14.09,0.0,1.0,SHEIN Maternity Floral Print Belted Nursing Cami Romper,Baby & Maternity
,,5.1,0.0,1.0,"1pc Rainbow Design Area Rug, Colorful Decorative Carpet, Lovely And Warm Fluffy Floor Mat, Suitable For Bedroom Living Room Leisure Area Bedside Accessories Coffee Table Cloakroom Shower Supplies Entryway Sofa Seat Floating Window Spring Decor",Baby & Maternity
,80+ sold recently,3.2,9.0,7.0,1pc Girl's Ponytail Baseball Cap For Summer Outdoor Activities And Running,Baby & Maternity
,400+ sold recently,4.41,12.0,1.0,SHEIN Baby Girl Casual Cute Strawberry Pattern Flying Sleeve One-Piece Swimsuit,Baby & Maternity
,,12.29,0.0,1.0,SHEIN Plus Size Maternity Floral Printed Button Decor V-Neck Top,Baby & Maternity
,20+ sold recently,9.2,0.0,1.0,"1pc 6-Layered White Baby Bath Towel, Suitable For Daily Use",Baby & Maternity
,,9.4,0.0,1.0,"Large Capacity Baby Storage Bag, Can Be Hung On A Baby Crib For Storing Diapers And Other Baby Items, Mommy Bag",Baby & Maternity
,80+ sold recently,10.6,8.0,1.0,Lesmle Baby Boys' Versatile & Fashionable Casual Artistic Design Car Printed Gentleman Outfit,Baby & Maternity
,400+ sold recently,13.5,0.0,1.0,Colorblock Large Capacity Diaper Bag,Baby & Maternity
,,20.09,0.0,5.0,SHEIN Maternity Front Tie & Hollow Out Wide Leg Jumpsuit With Spaghetti Straps,Baby & Maternity
,,4.4,0.0,1.0,"1pc Crochet Bunny Rattle For Baby, Handmade Nordic Ins Style Teething Toy, Suitable For Soothing Baby Toys",Baby & Maternity
,100+ sold recently,8.79,0.0,1.0,SHEIN Women's Fashion Black Printed White Short Sleeve Maternity Top,Baby & Maternity
,50+ sold recently,17.29,0.0,1.0,SHEIN Maternity Elegant Holiday Printed Tie-Belt Bowknot Dress,Baby & Maternity
,90+ sold recently,4.47,23.0,1.0,Cartoon Lovely African Animal Height Chart Wall Decal For Children's Room Or Kindergarten,Baby & Maternity
,20+ sold recently,5.8,0.0,1.0,"1pc Cartoon Hand-Painted Hot Air Balloon Wall Sticker With Cloud And Star Elements, Self-Adhesive Decal For Living Room Or Children Room Wall Decoration",Baby & Maternity
,100+ sold recently,5.46,39.0,4.0,"1pc Pink Baby Swaddling Blanket, Double-Layered Plush Fleece Soft Warm Quilt, Suitable For Spring And Summer",Baby & Maternity
,900+ sold recently,0.6,84.0,1.0,"5pcs/Pack Children's Clothes Hanger, Multi-Functional Infant Hanger, Newborn Baby Home Anti-Slip Without Trace Drying Rack",Baby & Maternity
,2.7k+ sold recently,6.02,13.0,1.0,"12 Pairs Girls' Cartoon Patterned Comfortable Mid-Calf Socks With Rabbit/Bear And Lace Decorations, Random Style For Daily Wear",Baby & Maternity
,100+ sold recently,12.84,22.0,1.0,SHEIN Baby Boy Snug Fit Animal Patterned Short Sleeve Round Neck Top And Long Pants 4pcs Outfit Set,Baby & Maternity
,100+ sold recently,13.09,0.0,1.0,SHEIN Maternity Casual Floral Print V-Neck Loose Dress For Young Women,Baby & Maternity
,20+ sold recently,10.4,0.0,1.0,Toddler Girls Rash Guard Swimsuit Rompers Long Sleeve Floral Print Baby Ruffles Bathing Suit Swimwear With Swim Cap Set,Baby & Maternity
,200+ sold recently,21.49,0.0,1.0,SHEIN Maternity Colorblock Asymmetrical Hem Belted Top & Adjustable Waist Pants Set,Baby & Maternity
,,19.09,0.0,1.0,SHEIN Maternity Urban Casual Strapless Top & Elastic Waist Tie Wide Leg Pants For Summer,Baby & Maternity
,200+ sold recently,10.68,28.0,4.0,SHEIN Maternity Slant Pocket Wide Leg Cami Jumpsuit Without Tube Top,Baby & Maternity
,,3.7,0.0,5.0,"A Pair Of Girls\"" Leisure Baby Shoes, PU Material, Retro Design, Flat And Comfortable Sandals, Suitable For Summer",Baby & Maternity
,200+ sold recently,13.99,0.0,1.0,"Cozy Cub Baby Boy Soft Knit Cartoon Pattern Round Neck Short Sleeve T-Shirt Set, 3pcs",Baby & Maternity
,100+ sold recently,10.0,8.0,1.0,SHEIN Baby Boy High Stretch Water Washed Comfortable Soft Denim Shorts,Baby & Maternity
,,3.3,0.0,6.0,"2PCS Waterproof Handheld Storage Bag, Swimming Bag For Separating Wet And Dry, Sandproof And Dustproof Beach Storage Pouch  Christmas, Halloween, Thanksgiving Day Gift",Baby & Maternity
,200+ sold recently,12.29,0.0,1.0,SHEIN Maternity Vacation Casual Solid Color Twisted Hollow Out Split Sleeveless Dress,Baby & Maternity
,100+ sold recently,13.19,0.0,1.0,SHEIN Maternity Island Vacation Young & Romantic Adjustable Spaghetti Strap Long Fitted Dress,Baby & Maternity
,500+ sold recently,3.5,8.0,1.0,5 Pairs Of Multi-Color Striped Simple And Fashionable Preppy Style Mid-Calf Socks For Small And Medium-Sized Children,Baby & Maternity
,500+ sold recently,12.1,8.0,1.0,"SHEIN Baby Boys' Spring Summer Boho Causal 2 Pieces Solid Short Sleeve T Shirt& Blue Washed Ripped Rolled Up Hem Denim Jeans Shorts Set,Baby Boys Summer Clothes Outfits",Baby & Maternity
,100+ sold recently,10.5,9.0,4.0,SHEIN Fashionable Striped Short Sleeve T-Shirt And Overalls Set For Baby Boy,Baby & Maternity
,300+ sold recently,26.59,0.0,1.0,"SHEIN Maternity Elegant Romantic Double Layered Ruffle Sleeve Maxi Dress, Suitable For Gender Reveal Party",Baby & Maternity
,30+ sold recently,6.72,21.0,1.0,Baby Girl Allover Heart Print Button Front Ruffle Trim Corduroy Dress,Baby & Maternity
,200+ sold recently,9.27,21.0,1.0,Baby Boy Distressed & Spray Painted & Tie-Dyed Jeans With Holes,Baby & Maternity
,200+ sold recently,19.49,0.0,1.0,SHEIN Maternity Summer Beach Tie Dye Spaghetti Strap Bikini Set & Kimono,Baby & Maternity
,,17.49,0.0,4.0,SHEIN Maternity Ripped Raw Hem Denim Shorts,Baby & Maternity
,90+ sold recently,10.09,0.0,1.0,SHEIN MaternityWOMEN Casual Solid Color Loose Fit Short Straight Leg Shorts For Going Out And Leisure,Baby & Maternity
,,10.5,0.0,1.0,"Baby Boy 2pcs/Set Plaid Short Sleeve Shirt And Solid Color Shorts Casual Outfit, Suitable For College, Travel, Vacation In Summer",Baby & Maternity
,500+ sold recently,17.59,0.0,1.0,SHEIN Maternity Vibrant Floral Print Knot Shoulder Strap Dress For Summer Vacation,Baby & Maternity
,10+ sold recently,2.9,0.0,1.0,"1pc Cactus/Flamingo/Unicorn/Pineapple Shape Mini Night Light,Children's Room Decorative Night Light,Desktop And Bedside Decorative Night Lights,Suitable As A Gift For Children Baby Room Decor Nursery Decor",Baby & Maternity
,600+ sold recently,3.9,0.0,1.0,Baby Girls Floral Embroidered Flats,Baby & Maternity
,100+ sold recently,11.5,0.0,1.0,"1-3 Years Old Baby Girls Sandals, One Pair Pearl & Bowknot Decoration, Toddler Kids"" Beige Shoes",Baby & Maternity
,90+ sold recently,13.49,0.0,4.0,"SHEIN Pregnant Women Solid Color Strap Jumpsuit With Pockets For Vacation, Tie Waist",Baby & Maternity
,300+ sold recently,7.99,0.0,1.0,SHEIN Maternity Ruched Detail Form Fitted Tee,Baby & Maternity
,,19.99,0.0,7.0,SHEIN Maternity High Waist Skinny Jeans,Baby & Maternity
,100+ sold recently,11.09,0.0,6.0,SHEIN Pregnant Women Sleeveless Solid Color Simple Split Dress,Baby & Maternity
,,12.59,0.0,1.0,SHEIN Maternity Plus Size Floral Print Striped Raglan Short Sleeve T-Shirt,Baby & Maternity
,,3.7,0.0,1.0,2pcs/box Silicone Breast Milk Collector For Leak-proof And Spill-proof,Baby & Maternity
,1.0k+ sold recently,22.19,0.0,4.0,SHEIN Solid Color Off-Shoulder Mermaid Hem Maternity Dress,Baby & Maternity
,2.9k+ sold recently,6.7,11.0,4.0,SHEIN Baby Girl Summer Vacation Halter Leaf Print Sleeveless Dress Mommy And Me Matching Outfits( 2 Pieces Are Sold Separately),Baby & Maternity
,200+ sold recently,14.99,0.0,1.0,Cozy Cub Baby Boy 2pcs Solid Zip Front Ribbed Knit Sleep Jumpsuit,Baby & Maternity
,300+ sold recently,11.6,8.0,1.0,SHEIN Baby Boys' Casual And Cute Striped Bodysuit With Colorful Trimmed Neckline And Giraffe Embroidery Overalls Outfits,Baby & Maternity
,2.5k+ sold recently,5.5,7.0,1.0,"6pairs Baby Girls' Bubble Mouth, Bowknot & Lace Trim High Tube Socks",Baby & Maternity
,60+ sold recently,4.4,8.0,1.0,"1pc Children's Western Cowboy Straw Hat, Great For Holiday Parties, Gatherings, Outings, Etc.",Baby & Maternity
,200+ sold recently,5.49,30.0,1.0,Baby Contrast Guipure Lace Ruffle Trim Dress,Baby & Maternity
,500+ sold recently,3.8,7.0,1.0,"1pc Unisex Children's Cap, Dinosaur Embroidered, Sand Washed, All Seasons Baseball Cap, Outdoor Baseball Cap, Baseball Cap, Junior Baseball Cap, Fashionable And All Seasons Children's Hat, Suitable For Spring/Summer",Baby & Maternity
,300+ sold recently,8.7,0.0,1.0,Retro Plaid Romper Short Sleeved Neutral Baby Romper Summer Clothes,Baby & Maternity
,600+ sold recently,10.7,8.0,1.0,SHEIN Baby Boy And Baby Girl's Summer Vacation Cute Cartoon Pattern Elastic Waist Shorts 3pcs/Set,Baby & Maternity
,400+ sold recently,10.6,9.0,1.0,SHEIN Newborn Baby Girl Summer Solid Color Cap Sleeve Casual T-Shirt And Rainbow Embroidery Flutter Sleeve Romper Set,Baby & Maternity
,300+ sold recently,8.3,0.0,1.0,"2pcs/Set Toddler Boys' And Girls' Casual Solid Color Short Sleeve T-Shirt With Plaid Patterned Shorts, Summer",Baby & Maternity
,600+ sold recently,10.3,8.0,1.0,2pcs/Set Baby Boys' Popular Car Pattern Tank Top And Shorts Summer Sports Outfits,Baby & Maternity
,300+ sold recently,11.89,0.0,1.0,SHEIN Maternity Batwing Sleeve Belted Dress,Baby & Maternity
,100+ sold recently,16.19,0.0,1.0,SHEIN Maternity Island Vacation Young Round Neck Double Layer Ruffle Edge Sleeve Long Fitted Pregnancy Shirt,Baby & Maternity
,,18.44,15.0,1.0,SHEIN Elegant Maternity Party Off Shoulder Slim Fit Long Dress,Baby & Maternity
,700+ sold recently,3.39,23.0,1.0,1set Of 5pcs White Baby Handkerchief Washcloths,Baby & Maternity
,200+ sold recently,13.7,0.0,5.0,"Baby Girl Solid Color Flower Applique Puff Sleeve Princess Dress, Suitable For Party And Holiday, Hair Accessories Not Included",Baby & Maternity
,500+ sold recently,5.99,25.0,1.0,"Cozy Cub Baby Girl Snug Fit Pajama Set With Cute Animal Print, Round Neck Top And Footed Pants",Baby & Maternity
,200+ sold recently,11.95,31.0,7.0,DEARCASE Maternity Solid Cami Jumpsuit,Baby & Maternity
,20+ sold recently,6.0,0.0,1.0,"Cute Baseball Romper For Baby Boys And Girls, Best Gift For Little Ones",Baby & Maternity
,40+ sold recently,1.63,26.0,4.0,"Soft Silicone Baby Teether Ring, Lightweight & Convenient For Infants To Grab And Bite, Toy For Teething Relief",Baby & Maternity
,300+ sold recently,14.09,0.0,1.0,SHEIN MaterniWear Maternity Young Casual Striped Sleeveless Long Bodycon Tank Dress,Baby & Maternity
,,12.35,27.0,1.0,SHEIN Pregnant Women Summer Solid Color Notch V-Neckline Short Sleeve Maxi Dress,Baby & Maternity
,200+ sold recently,12.0,0.0,5.0,"Baby Crib Sheets 2 Pack For Boys Girls, Fitted Sheet  For Standard Crib And Toddler Mattress, Super Soft Microfiber Baby Sheet 47x24x6in",Baby & Maternity
,600+ sold recently,5.5,7.0,1.0,Baby Girl One-Piece Swimsuit With Cow Print And Hollowed-Out Waist,Baby & Maternity
,600+ sold recently,12.29,0.0,4.0,SHEIN Maternity Bodycon Maxi Cami Dress,Baby & Maternity
,90+ sold recently,10.99,0.0,1.0,Cozy Cub Baby Boy Letter Printed Round Neck Short Sleeve Top And Casual Shorts Set,Baby & Maternity
,200+ sold recently,13.4,9.0,1.0,"SHEIN Baby Boy 4pcs Casual Knitted Solid Tank Bodysuit Set , Suitable For Summer",Baby & Maternity
,,10.7,0.0,1.0,"1pc Baby Waterproof Diaper Changing Pad, Multifunctional Nappy Mat For Mother And Baby",Baby & Maternity
,500+ sold recently,13.3,0.0,1.0,Breathable Non-Slip Thick Bottom Athletic Shoes With Closure For Infant Toddler Boys And Girls,Baby & Maternity
,,10.39,0.0,6.0,SHEIN Maternity Adjustable Waist Ribbed Knit Split Back Skirt,Baby & Maternity
,70+ sold recently,15.59,0.0,1.0,"SHEIN Maternity Young And Sporty 2pcs/Set Sleeveless Top With Front Button Placket And U-Neck Design, High-Waist Adjustable Elastic Shorts For Exercise",Baby & Maternity
,100+ sold recently,16.9,9.0,1.0,"SHEIN 2pcs/Set Baby Boys' Spring & Summer Boho Casual Patched Pocket Elastic Waist Soft Denim Jeans Shorts In Multiple Colors,Baby Summer Clothes Outfits",Baby & Maternity
,500+ sold recently,6.6,8.0,1.0,SHEIN Baby Boy Knitted Soft Round Neck Short-Sleeve Drop-Shoulder Top With Letter Pattern And Color-Blocking Tape Design Casual Shorts Set,Baby & Maternity
,600+ sold recently,12.9,8.0,1.0,"SHEIN Baby Boy Spring Summer Causal Short Sleeve Tee With Ripped Denim Jeans Set,Baby Boy Summer Clothes Two Pieces Outfits",Baby & Maternity
,80+ sold recently,4.9,0.0,1.0,"2pcs Newborn Photography Clothing Set, Bodysuit Knitted Romper For Infant Boys And Girls, Suitable For Studio Photo Shoots And Festivals",Baby & Maternity
,800+ sold recently,3.0,0.0,1.0,"2 Pieces Waterproof Beach Diaper Cloth Nappy Laundry Baby Large Baggies Swimmer Bottoms Wet Dry Pouch Small,also Be Make Up Bag Cosmetic Pouch Travel Zipper Cosmetic Storage Pouch Toiletry Bag Cartoon Handbag Pencil Bag For Women Girls,Diaper Wet Dry Bag",Baby & Maternity
,500+ sold recently,5.5,2.0,4.0,"3pcs Suction Divider Plates For Infants Made Of Silicone Material, Can Be Put Into Microwave And Dishwasher",Baby & Maternity
,200+ sold recently,8.3,0.0,1.0,"7Pcs/Set Silicone Rainbow Stacking Toy, Color Sorting  Stacking Game Rainbow Stacker Shape Matching Learning Montessori Toys For Baby Early Development Toy",Baby & Maternity
,100+ sold recently,16.59,0.0,1.0,SHEIN Maternity Casual Tie Dye Adjustable Strap Jumpsuit With Wide Leg And Narrow Tapered Hem For Nursing,Baby & Maternity
,400+ sold recently,8.5,8.0,1.0,Baby Boy Striped Print Zipper Front One Piece Swimsuit,Baby & Maternity
,20+ sold recently,13.29,0.0,1.0,SHEIN Maternity Women's Color Block Simple Daily Swimsuit Set,Baby & Maternity
,80+ sold recently,11.7,8.0,4.0,"20 Pairs Children's Pure Black Simple Mid-Calf Socks, Skin-Friendly, Comfortable, Versatile, Suitable For Students' Back-To-School Outfits",Baby & Maternity
,300+ sold recently,5.6,11.0,1.0,SHEIN Baby Girl Ruffle Trim Flounce Sleeve Smocked Crop Top,Baby & Maternity
,60+ sold recently,1.85,42.0,1.0,"2pcs/Set Baby Bottle Holder Strap, Silicone Bottle String, Compatible With Strollers, High Chairs, Car Seats,",Baby & Maternity
,,4.62,37.0,1.0,"Pink Piggy Baby Rattle Toy, Car Seat Hanging Toy For Infants, Spiral Stroller/crib Plush Toy, Gift For Baby Boy And Girl",Baby & Maternity
,300+ sold recently,24.59,0.0,7.0,Joyfunear Maternity Off Shoulder Solid Color Split Dress,Baby & Maternity
,30+ sold recently,21.29,7.0,1.0,SHEIN Maternity Rib-knit Lift Up Nursing Top & Leggings PJ Set,Baby & Maternity
,,9.1,7.0,1.0,SHEIN Baby Boy Cartoon Dinosaur Long Sleeve One-Piece Swimsuit With Swimming Cap Set,Baby & Maternity
,,4.4,0.0,1.0,1pc 3-layer Portable Baby Milk Powder Box And Food Container With Independent Layers For Storing Milk Powder And Baby Food,Baby & Maternity
,600+ sold recently,24.39,0.0,1.0,SHEIN Maternity High Waist Ripped Jeans,Baby & Maternity
,600+ sold recently,7.8,7.0,1.0,15 pairs of sports socks Stretch casual everyday children's solid color socks suitable for fall and winter wear,Baby & Maternity
,60+ sold recently,22.69,0.0,1.0,SHEIN Maternity City Resort Ruched Floral Printed Summer Spaghetti Strap Dress,Baby & Maternity
,,10.6,0.0,1.0,"1pc Baby Music Sleep Aid Atmosphere Light, Intelligent Aid Sleeper ,White Noise Machine USB Rechargeable Timed Shutdown",Baby & Maternity
,,33.3,0.0,1.0,Light Grey Ultra Soft Side Sleeping Maternity Pillow With Waist Support And Belly Wedge,Baby & Maternity
,,4.4,0.0,4.0,"""OH BABY"" Banner, Burlap Banner Baby Shower Decor And Gender Reveal Party, Welcome Baby Shower Supplies - Baby Boys And Girls Bunting Wreath Decor",Baby & Maternity
,1.3k+ sold recently,5.9,8.0,4.0,4sets Baby Hats And Mittens Infant Beanie Gloves NoScratch Set Newborn Hospital Hat For Boys Girls,Baby & Maternity
,30+ sold recently,5.85,62.0,1.0,"SHEIN Maternity Solid Color Simple Daily Tankini Top, Summer,Summer Beach",Baby & Maternity
,200+ sold recently,5.2,16.0,6.0,Shein Underwear&Sleepwear Maternity Maternity Shell Edge Nursing Bra For Mother,Baby & Maternity
,30+ sold recently,7.9,7.0,1.0,Baby Boy Casual Striped Reversible Woven Shorts,Baby & Maternity
,200+ sold recently,10.57,38.0,4.0,SHEIN Maternity 3pack Ruched Seamless Bra For Mother,Baby & Maternity
,1.0k+ sold recently,6.6,7.0,5.0,SHEIN Baby Boy Solid Color T-Shirt And Shorts Casual Simple Outfits Suitable For Summer Wear,Baby & Maternity
,10+ sold recently,3.7,8.0,1.0,1pc Girls' Cute Unicorn Printed Outdoor Sun Protection Daily Fisherman Hat,Baby & Maternity
,300+ sold recently,18.09,0.0,1.0,SHEIN Maternity Holiday Casual Floral High Slit Shirred Cinching Waist Dress,Baby & Maternity
,90+ sold recently,19.69,0.0,1.0,SHEIN Maternity Solid Color Simple Style Sleeveless Top And Long Pants 2pcs Set,Baby & Maternity
,300+ sold recently,23.19,0.0,1.0,SHEIN Pregnant Women's Leisure Open Front Long Sleeve Top With Slit And Elastic Waist Loose Skirt Set,Baby & Maternity
,,2.3,0.0,1.0,1Set Girls Room Decor Family Butterfly Wall Sticker Inspirational Wall Decor Kids Room Decor Vinyl Peel And Stick For Living Room Bedroom Children's Room Nursery Playroom Decorations,Baby & Maternity
,,1.99,0.0,1.0,Cozy Cub 2pcs Beige Color Hair Brush Set,Baby & Maternity
,900+ sold recently,14.19,0.0,1.0,Shein Underwear&Sleepwear Maternity Maternity Letter Printed Color-Block Lace Trim Pyjama Set For Mother,Baby & Maternity
,500+ sold recently,2.22,23.0,1.0,"3pcs Solid Color Wide Knot Headbands, Solid & Striped High Elasticity Hair Bands, Headwear For Children",Baby & Maternity
,,14.69,0.0,1.0,SHEIN Maternity Plus Bell Sleeve Lettuce Trim Waffle Knit Peplum Tee,Baby & Maternity
,80+ sold recently,7.8,50.0,7.0,"SHEIN Young And Casual Short Sleeve V-Neck Top With Adjustable Elastic Waist Shorts, Loose Fit Maternity Outfits 2pcs",Baby & Maternity
,,7.87,5.0,1.0,"Girls' Fashionable, Sweet And Lovely Mary Jane Princess Shoes, Made Of Pu Material With Bowknot Decoration, Simple, Comfortable And Lightweight, Suitable For Spring And Summer",Baby & Maternity
,,7.1,0.0,1.0,"One INS Style Cartoon Fresh Flannel Blanket, Spring Summer Autumn Lightweight Soft Skin-Friendly Baby Indoor/Outdoor/Camping Blanket, Air Conditioning Room Sofa Warm Thin Comforter For Men & Women & Baby",Baby & Maternity
,,2.8,0.0,1.0,"9pcs Pregnancy Belly Stickers, Funny Facial Expression Maternity Stickers For Pregnant Women, Cute Belly Stickers For Maternity Gifts",Baby & Maternity
,100+ sold recently,11.99,0.0,4.0,Cozy Cub 1pair Boys' Black Fashionable Stars Design Comfortable Casual Sports Shoes With Magic Tape Closure For Daily Wearing And Traveling(Random Pattern),Baby & Maternity
,600+ sold recently,6.0,8.0,1.0,Baby Boy Spring Summer Simple Comfortable Solid Short Sleeve Romper,Baby & Maternity
,400+ sold recently,6.24,25.0,1.0,"Baby Boys' Casual Knitted Sleeveless Bodysuits With Bear & Letter Print, Summer Outfits (Multiple Pieces)",Baby & Maternity
,600+ sold recently,1.7,0.0,1.0,2pcs/pack Baby Pacifier Clip,Baby & Maternity
,,12.29,0.0,8.0,"SHEIN Maternity Summer Beach Solid Color Hollow Out Sexy One-Piece Swimsuit For Vacation, Maternity Bathing Suit",Baby & Maternity
,100+ sold recently,2.26,22.0,1.0,White And Green Rose Craft Flower Baby Holiday Headband Decoration,Baby & Maternity
,,1.08,43.0,1.0,"1pc Small-Sized Morandi Manhattan Hand Grip Ball Baby Teething Ball Safe TPU Material Intellectual Toy For 0-36 Months Infants, Can Be Boiled, Color Random Delivery",Baby & Maternity
,600+ sold recently,7.5,7.0,4.0,20 Pairs/Set Of Random Colors Baby Nude Socks Toddler Unisex Socks,Baby & Maternity
,700+ sold recently,4.1,0.0,1.0,"5pcs/10pcs Solid Color Baby Anti-slip Clothes Hanger, Suitable For Daily Use",Baby & Maternity
,,27.59,3.0,1.0,Maternity V-Neck Lace Long Sleeve Trailing Gown For Photoshoot And Baby Shower Party,Baby & Maternity
,1.0k+ sold recently,5.6,0.0,1.0,Baby Boy Summer Simple Casual Fish Printed Tank Jumpsuit With Round Neckline,Baby & Maternity
,100+ sold recently,9.1,0.0,1.0,3pcs/Set Baby Boy's Basic Casual Waffle Textured Fabric Solid Color With Vest,Baby & Maternity
,900+ sold recently,18.99,0.0,1.0,SHEIN Maternity Floral Print Short Puff Sleeve Dress,Baby & Maternity
,100+ sold recently,2.9,6.0,7.0,"1pc Kids' Solid Color Baseball Cap Adjustable Sun Hat For Sports And Leisure, Suitable For Everyday Use",Baby & Maternity
,300+ sold recently,2.6,0.0,1.0,"1 Piece Baby Fruit Food Feeder Pacifier, Silicone Mesh For Babies Teething Relief Baby Feeding Essentials",Baby & Maternity
,100+ sold recently,6.3,0.0,1.0,"Baby Girl 1pc Cute Butterfly Printed Romper With Headband, Lightweight Style, Summer",Baby & Maternity
,,13.79,0.0,1.0,SHEIN BASICS Maternity Solid Tank Unitard Romper,Baby & Maternity
,400+ sold recently,16.7,8.0,1.0,"SHEIN 2pcs/Set Baby Boys' Spring & Summer Boho Casual Patched Pocket Elastic Waist Soft Denim Jeans Shorts In Multiple Colors,Baby Clothes Outfits",Baby & Maternity
,300+ sold recently,16.49,0.0,1.0,SHEIN Maternity Floral Print Ruffle Hem Back Tie-Up Dress,Baby & Maternity
,200+ sold recently,4.3,0.0,1.0,Baby Boy Casual Slogan Graphic Short Sleeve Bodysuit,Baby & Maternity
,,3.4,0.0,1.0,"1PC Coffin Light Switch Cover, Wall Plate Casket Outlet Switch Plate Home Decor, Spooky Halloween Switch Cove",Baby & Maternity
,70+ sold recently,5.27,20.0,1.0,"2pcs/Set Baby  Silicone Ice Tray + Feeding Bowl, Soft Easy-Release Molds For Making Fruit Ice Popsicles",Baby & Maternity
,,35.89,0.0,5.0,Maternity One Shoulder Mesh Overlay Dress,Baby & Maternity
,40+ sold recently,6.4,2.0,1.0,1pc Baby All Seasons Soft And Comfortable Diamond Pattern Solid Color Coral Fleece Swaddle Blanket,Baby & Maternity
,,2.8,0.0,6.0,20 Ball Pit Balls-Thicken Plastic Balls 2.16 In  For Toddlers Babies Children Balls For Swim Pool Playpen Tent Birthday Party,Baby & Maternity
,200+ sold recently,10.7,8.0,1.0,"Baby Boy Summer Adorable Lion & Dinosaur Print Multicolor Knitted Romper Set For Home, 3pcs",Baby & Maternity
,300+ sold recently,10.69,15.0,1.0,"Kids' Leather Surface Athletic Shoes For Boys, Magic Tape Running Sneakers Boys' Casual Shoes",Baby & Maternity
,200+ sold recently,2.5,0.0,1.0,"1pc Baby Bath Towel Soft Absorbent Large Towel Coral Velvet Baby Face Cloth Towel For Washing And Drying, Also For Moms' Hair And Face Towel",Baby & Maternity
,200+ sold recently,17.29,0.0,1.0,SHEIN Maternity Casual High Waisted Loose Fit Straight Pants,Baby & Maternity
,400+ sold recently,3.8,14.0,1.0,Baby Girl's Casual Simple Flower Pattern Round Neck Bodysuit Suitable For Summer,Baby & Maternity
,30+ sold recently,7.2,9.0,1.0,"Toddler Boys' Summer Fashionable Casual 2pcs Set, Cute Printed Shirt And Shorts Outfit",Baby & Maternity
,,4.8,0.0,1.0,"Boys"" Indoor Outdoor Casual Sports Shoes, Non-Slip Canvas Shoes Suitable For All Seasons",Baby & Maternity
,,10.4,8.0,1.0,"3pcs Baby Girls' Newborn Cute Letter Printed Bodysuit, Skirt And Leg Warmers Set",Baby & Maternity
,100+ sold recently,8.64,29.0,1.0,"SHEIN Baby Girl Cute Hollow Out Sleeveless Dress With Turn-Down Collar And Elastic Waist, Suitable For Summer",Baby & Maternity
,100+ sold recently,16.39,0.0,6.0,"SHEIN Maternity Distressed Denim Shorts, Casual And Simple For Daily Wear",Baby & Maternity
,400+ sold recently,3.4,8.0,1.0,5pairs Multi-Colored Striped Letter Bowknot Decor Cute And Comfortable Baby Socks,Baby & Maternity
,80+ sold recently,8.39,0.0,1.0,SHEIN Maternity Yoga Solid Color Round Neck Short Sleeve Loose Fit T-Shirt With Back Bow Tie Hollow Out Detail,Baby & Maternity
,,13.39,0.0,1.0,SHEIN Maternity Young Sporty Casual Sunflower & Flower Pattern Regular Fitted Top With Ear Edges On Collar And Sleeves,Baby & Maternity
,10+ sold recently,12.4,7.0,1.0,"5pcs Baby Girls' Cute Bowknot Printed Bottoms, Daily Casual Comfortable Leggings For Spring, Summer, And Autumn",Baby & Maternity
,100+ sold recently,4.5,15.0,1.0,"1pair Cartoon Design Anti-Slip Floor Socks Shoes For Infant, Toddler Learning Walk In Spring And Autumn",Baby & Maternity
,,3.8,0.0,4.0,1pc Manual Breast Pump With Suction Cup Bottom And Portable Breast Milk Collector,Baby & Maternity
,900+ sold recently,3.23,21.0,4.0,Baby Boy Summer Casual Tie-Dye Short Sleeve Top With Car & Letter Print,Baby & Maternity
,200+ sold recently,12.79,0.0,1.0,SHEIN Maternity Sleeveless Tight-Fitting Jumpsuit With Front Middle Zipper And Stand Collar For Outdoor Sports,Baby & Maternity
,70+ sold recently,10.69,0.0,1.0,"SHEIN Maternity Summer Beach Floral Print Simple Holiday Style One-Piece Swimsuit, Maternity Bathing Suit",Baby & Maternity
,200+ sold recently,9.8,8.0,1.0,"SHEIN Baby Boy's Trendy Flap Pocket Side Patched Detail Straight Leg Denim Jeans Shorts,For Spring And Summer Outfits",Baby & Maternity
,40+ sold recently,16.19,0.0,1.0,SHEIN Maternity Daily Casual Adjustable Strap Ruffle Hem Midi Dress,Baby & Maternity
,400+ sold recently,10.9,0.0,5.0,"New Arrival Girls' Summer Casual Comfortable Soft-Sole Sandals With Hollow Out Pattern, Princess Style Beach Shoes, White",Baby & Maternity
,400+ sold recently,16.9,9.0,1.0,"SHEIN 2pcs/Set Baby Boys' Spring & Summer Casual Patched Pocket Elastic Waist Soft Denim Jeans Shorts In Multiple Colors,Baby Summer Clothes Outfits",Baby & Maternity
,800+ sold recently,6.99,0.0,1.0,Cozy Cub Baby Boy Snug Fit Pajama Set - Cartoon Animal Patterned Long Sleeve Pullover Top And Footed Pants (2pcs),Baby & Maternity
,100+ sold recently,13.99,0.0,1.0,Cozy Cub Baby Boy Letter Print Round Neck Sleeveless Tank Top And Casual Shorts 4pcs/Set Matching Set,Baby & Maternity
,,3.9,0.0,6.0,"1pair Girls' Bow Knot Cloth Shoes With Strap & Flat Soles, Cute Sandals For Summer",Baby & Maternity
,100+ sold recently,5.06,17.0,6.0,"Baby Boys' Woven Coconut Tree Pattern Printed Beach Shorts, Bathing Suit Summer Vacation",Baby & Maternity
,100+ sold recently,3.9,9.0,1.0,SHEIN Baby Girl Cute Knitted Embroidery Pattern Short Sleeve Top With Color Block Design,Baby & Maternity
,100+ sold recently,2.1,0.0,1.0,Cartoon Graphic Diaper Storage Bag,Baby & Maternity
,200+ sold recently,14.99,0.0,1.0,Cozy Cub Newborn Baby Boy Cute Elephant Print Round Neck Long Sleeve Romper Jumpsuit Set,Baby & Maternity
,,10.6,0.0,1.0,"1pair Baby Boy's High-Top Durable Casual Sports Shoes, Popular Style",Baby & Maternity
,,5.8,8.0,4.0,SHEIN Baby Boy Baby Girl Casual Solid Color Hollow Out Soft Knit Round Neck Short Sleeve Top,Baby & Maternity
,,13.09,0.0,1.0,SHEIN Vertical Striped Minimalist Maternity Top With Ruffled Sleeves,Baby & Maternity
,100+ sold recently,6.8,9.0,1.0,"SHEIN Baby Girl Cute Solid Color Elastic Waist PU Leather Shorts Skirt With Bowknot, Suitable For Summer",Baby & Maternity
,500+ sold recently,15.1,8.0,1.0,"SHEIN Baby Boy Loose Fit Casual Denim Jacket With Turn-Down Collar, Distressed Detailing And Long Sleeves",Baby & Maternity
,100+ sold recently,3.25,24.0,1.0,1pair Children's Casual Sports Shoes Newborn Anti-Skid Lace-Up Baby Shoes 0-1 Year Old,Baby & Maternity
,20+ sold recently,2.7,0.0,1.0,"3pcs Baby Girls' Ultra Soft Stretchy Nylon Flower Headbands, Perfect For Newborns And Infants Photo Shoots",Baby & Maternity
,600+ sold recently,3.9,0.0,1.0,"1 Pair Baby Girls' Bowknot Decorated Strap Sandals, Suitable For Summer",Baby & Maternity
,,7.2,0.0,1.0,2pcs/Set Summer Baby Girls' New Daisy Print Mesh Hem Cami Dress And Hat Casual Outfit,Baby & Maternity
,,21.69,0.0,1.0,SHEIN Maternity Comfortable Adjustable Waist Flared Jeans In White,Baby & Maternity
,200+ sold recently,2.8,0.0,4.0,2pcs/Set Baby Bib With Little Bear Print,Baby & Maternity
,100+ sold recently,10.09,0.0,1.0,"SHEIN Maternity Round Neck Short Sleeve Striped T-Shirt With Patchwork Design, Suitable For Slouchy Summer Casual Outfits",Baby & Maternity
,100+ sold recently,15.89,0.0,1.0,SHEIN Women's Casual Floral Fitted Maternity Dress In Mid Length,Baby & Maternity
,,3.5,10.0,1.0,1pc Kids Cap Kids Baseball Cap Spring And Autumn Kids Hip Hop Cap Boys And Girls,Baby & Maternity
,300+ sold recently,7.1,11.0,1.0,SHEIN Baby Girl Knitted Silver Thread Stitching Mesh Tank Top Dress,Baby & Maternity
,,29.07,5.0,1.0,Dark Gray Ultra-Soft Maternity Pillow For Side Sleeping With Waist & Abdomen Support,Baby & Maternity
,300+ sold recently,5.0,0.0,1.0,"5pcs Solid Color Baby Muslin Squares, Soft Newborn Baby Face Towels, Burp Cloths, Feeding Wipes And Handkerchiefs",Baby & Maternity
,100+ sold recently,3.0,0.0,1.0,"1pair Infant Unisex White Sports Shoes, Newborn Baby",Baby & Maternity
,100+ sold recently,10.99,0.0,1.0,Cozy Cub Baby Girl Decorative Button Spaghetti Strap Top And Casual Shorts 2pcs Set Matching Set,Baby & Maternity
,500+ sold recently,4.7,0.0,1.0,8pcs Girls Knot Design Headband,Baby & Maternity
,,2.21,49.0,1.0,"3pcs Suction Cup Rotating Toy, Suitable For 1-3 Years Old Toddlers, 12-18 Months Old Baby Toy, Ideal Gift For Boys And Girls",Baby & Maternity
,,18.8,0.0,4.0,"3pcs Baby Boys' Formal Suit White Shirt With Bow Tie, Vest And Pants, Suitable For Birthday Party, Evening Party, Wedding And 1st Year Birthday Celebrations",Baby & Maternity
,500+ sold recently,15.09,0.0,1.0,SHEIN Maternity Ditsy Floral Tie Shoulder Cami Dress,Baby & Maternity
,100+ sold recently,13.59,20.0,1.0,Cozy Cub Baby Girl 2pcs Cartoon Graphic Zip Up Footed Jumpsuit,Baby & Maternity
,100+ sold recently,13.59,0.0,1.0,SHEIN Maternity Summer City Casual Deep V-Neck Sleeveless Front Twist Knot Dress,Baby & Maternity
,70+ sold recently,6.99,0.0,1.0,"Cozy Cub Baby Boy Snug Fit Pajamas Set, Cartoon Dinosaur Print Round Collar Long Sleeve T-Shirt And Footed Shorts For Home Wear, 2pcs",Baby & Maternity
,60+ sold recently,21.2,0.0,1.0,"Baby Mobile For Crib Toys With Music And Lights, Baby Crib Mobile For Infants 0-6 Months Early Education Toys",Baby & Maternity
,,3.16,54.0,4.0,"1pc Toys Box Storage, Canvas Waterproof Collapsible Clothes Organizer Basket With Handle, Large Cute Light Weight For Home Kids Baby Room Organization",Baby & Maternity
,200+ sold recently,14.5,9.0,1.0,"SHEIN Baby Boy Japanese And Korean Style College Casual Wear, Four Sets Loose And Comfortable Monochrome Button Pocket Design Shorts, Suitable For Holidays, Parties, School, And Home - Perfect For Spring And Summer",Baby & Maternity
,10+ sold recently,12.89,0.0,1.0,"SHEIN Maternity Solid Color Casual Vacation Overalls Jumpsuit With Straps, Summer",Baby & Maternity
,300+ sold recently,5.5,10.0,1.0,"SHEIN Baby Girl Gorgeous, Elegant, Cute, Fun Alphabet Sequin Print Star Mesh Jumpsuit Spring/Summer Photography Costume",Baby & Maternity
,200+ sold recently,12.99,0.0,1.0,SHEIN Pregnant Women's V-Neck Slim Floral Print Waist Tie Dress,Baby & Maternity
,200+ sold recently,19.99,0.0,1.0,SHEIN Maternity Romantic Holiday Style Adjustable Strap Relaxed Fit Long Jumpsuit,Baby & Maternity
,700+ sold recently,3.28,20.0,1.0,"5pcs/10pcs Solid Color Anti-slip Baby Clothes Hangers, Suitable For Daily Use",Baby & Maternity
,,19.19,0.0,1.0,SHEIN Striped Contrast Color Printed Maternity Simple Daily 2pcs Outfit,Baby & Maternity
,300+ sold recently,8.8,7.0,1.0,"SHEIN Baby Girl Ruffle Hem Triangle Denim Shorts , Soft And Comfortable Water Washed Lightweight Material For Spring/Summer",Baby & Maternity
,100+ sold recently,7.99,0.0,1.0,SHEIN Adjustable Waist Loose Maternity Shorts,Baby & Maternity
,100+ sold recently,2.15,33.0,1.0,"5pcs/Set Cartoon Non-Slip Wooden Baby Clothes Hangers, Kids Room Home Wood Hanging Decor",Baby & Maternity
,80+ sold recently,1.3,0.0,1.0,"Liquid Silicone Nipple For Wide Neck Bottles, Breast-Like Nipple Design For Baby Feeding",Baby & Maternity
,200+ sold recently,1.44,10.0,1.0,"12pcs Cute Heart-Shaped Self-Adhesive Wall Stickers For Baby Room Decoration, Suitable For Kids Room Decor",Baby & Maternity
,60+ sold recently,15.9,12.0,1.0,SHEIN Baby Girl Cute Organza Floral Pattern Ruffled Sleeveless Dress For Summer,Baby & Maternity
,1.2k+ sold recently,6.99,0.0,1.0,Cozy Cub 7pcs/set Beige Nursing Care Kit,Baby & Maternity
,100+ sold recently,21.39,0.0,1.0,"SHEIN MaterniChic Maternity Elegant Party Adjustable Strap Solid Color Mermaid Hem Bodycon Dress, Wedding Guest Dress",Baby & Maternity
,100+ sold recently,9.4,10.0,1.0,SHEIN 4pcs Baby Girl Casual Stretchy Cartoon Pattern Bloomers With Elastic Waistband And Anti-Slip Design,Baby & Maternity
,,2.14,37.0,1.0,"1 Set Gender Reveal Party Sticker, Cartoon Colorful Poster Game Sticker, Baby Shower Gender Reveal Party Voting Boy Or Girl Birthday Welcome Baby Party Supplies",Baby & Maternity
,,4.04,60.0,1.0,"1pc Printed Dinosaur Children's Blanket, Single Layer Flannel Coral Fleece, Baby Sleeping And Napping Blanket",Baby & Maternity
,,8.69,0.0,1.0,SHEIN Maternity 5pack Solid Panty For Mother,Baby & Maternity
,,3.9,0.0,1.0,"1Pc Sanrio Hello Kitty Kuromi Melody Stylish Square Hand Mirror - Compact & Practical Makeup & Cosmetic Touch-Up - Portable With Easy-Grip Handle - Ideal For Travel, Camping & Home Use",Baby & Maternity
,100+ sold recently,17.81,10.0,1.0,SHEIN Maternity Wide Waistband Adjustable Waist Straight Leg Jeans,Baby & Maternity
,,2.1,0.0,1.0,10pcs Baby Bow Decor Hair Band,Baby & Maternity
,,12.99,0.0,12.0,SHEIN Maternity Drop Shoulder Ribbed Knit Tee,Baby & Maternity
,70+ sold recently,13.19,0.0,9.0,"SHEIN Women's Casual Loose Round Neck T-Shirt With Adjustable Elastic Waist Shorts, Maternity 2pcs Set",Baby & Maternity
,100+ sold recently,10.99,0.0,1.0,Cozy Cub Baby Girl Knitted Soft Casual Basic Solid Color Round Neck Short Sleeve T-Shirt 3pcs/Set,Baby & Maternity
,100+ sold recently,2.0,0.0,1.0,"1pc Self-Adhesive Cartoon Train Wall Sticker For Living Room, Bedroom, Tv Background, Kids' Room Decoration",Baby & Maternity
,,17.25,15.0,1.0,SHEIN Elegant Maternity V-Neck Long Jumpsuit For Party,Baby & Maternity
,,3.6,0.0,1.0,"10pcs/Pack Children's Small Clothes Hangers, Multifunctional Baby Clothes Hangers, Non-Slip & Traceless Drying Hangers For Newborns And Babies",Baby & Maternity
,40+ sold recently,2.4,0.0,1.0,5pcs Baby Bow Decor Hair Band,Baby & Maternity
,100+ sold recently,4.3,0.0,1.0,Baby Boys Girls Short Sleeve Rompers Baby One-Piece Outfit Romper,Baby & Maternity
,100+ sold recently,17.29,0.0,1.0,SHEIN MaterniChic Maternity Island Vacation Romantic Off Shoulder Knee-Length Tight Fitted Pregnancy Dress,Baby & Maternity
,400+ sold recently,3.82,40.0,1.0,3pcs Baby Knitted Brush Set Children's Hair Wash Brush Wooden Comb Massage Comb Baby Hair Wash Comb Bath God Tool,Baby & Maternity
,300+ sold recently,5.78,25.0,1.0,SHEIN Baby Girls' Polka Dot Pattern Casual Bodysuit With Suspenders,Baby & Maternity
,200+ sold recently,20.99,0.0,1.0,SHEIN Romantic Holiday Lace V-Neck Half Sleeve Maternity Dress With Waistline And Hollow Out Lacework Design,Baby & Maternity
,,10.01,23.0,1.0,"Baby Carrier, Embrace Cozy 4-In-1 Infant Carrier Ergonomic Adjustable Holder Portable Convertible Front And Back Backpack Carry For Infants Toddlers Babies Girl And Boy 7-45 Pounds",Baby & Maternity
,10+ sold recently,9.89,0.0,1.0,SHEIN Pregnant Women's Solid Color Lace Splicing Vacation Casual Camisole,Baby & Maternity
,40+ sold recently,7.7,9.0,1.0,GARFIELD X SHEIN Baby Boy Casual Cartoon Cat Printed Short Romper With Pockets,Baby & Maternity
,20+ sold recently,20.49,0.0,1.0,SHEIN Maternity Holiday Leisure Solid Color Ruffle Hem Dress,Baby & Maternity
,100+ sold recently,15.59,0.0,1.0,SHEIN Maternity Casual Solid Color Spaghetti Strap Maternity Dress,Baby & Maternity
,600+ sold recently,12.99,0.0,4.0,"Cozy Cub Newborn Baby Girl Solid Color Round Neck Long Sleeve Footed Jumpsuit With Hat And Headband, 3pcs/Set Matching Set",Baby & Maternity
,100+ sold recently,1.4,13.0,1.0,"1set 'baby On Board' Car Sticker With Sucker For Windshield Safety Reminder, Pvc Back Windshield Decoration(random Style)",Baby & Maternity
,500+ sold recently,5.6,0.0,1.0,"Baby Head Protector Cushion Backpack For Walking & Crawling,Baby Walkers Protective Toddler Adjustable Baby Head Protection Safety Pad Backpack Wear For Crawling,Bee",Baby & Maternity
,,11.2,0.0,1.0,"SHEIN Baby Girl Casual V-Neck Small Flying Sleeve Loose Denim  Dress 
 Denim Look",Baby & Maternity
,,7.95,39.0,1.0,SHEIN Summer Beach Maternity Ditsy Floral Print Ruffle Hem Bikini Swimsuit,Baby & Maternity
,200+ sold recently,6.81,21.0,1.0,SHEIN Baby Boy Letter Patched Detail Bodysuit,Baby & Maternity
,20+ sold recently,14.49,0.0,6.0,SHEIN Maternity Solid Color Sleeveless Round Neck Summer Dress,Baby & Maternity
,1.2k+ sold recently,10.4,0.0,1.0,Baby Boy Summer Checker Print Drop Shoulder Short Sleeved Tee And Shorts Loose Set,Baby & Maternity
,30+ sold recently,3.9,11.0,1.0,"Baby Boy Casual Cartoon Sunrise Landscape Printed Short Sleeve T-Shirt, Summer",Baby & Maternity
,100+ sold recently,13.99,0.0,1.0,Cozy Cub Baby Boy 3pcs/Set Contrasting Color Decorative Woven Belt Casual Sports Shorts,Baby & Maternity
,100+ sold recently,24.39,0.0,1.0,SHEIN MaternityWOMEN Street Wear Leisure Commute Shirt Collar Sleeveless Front Button Short Loose Pregnant Women Dress,Baby & Maternity
,100+ sold recently,15.59,0.0,1.0,SHEIN Maternity Polka Dot Print Butterfly Sleeve Dress,Baby & Maternity
,100+ sold recently,10.6,8.0,1.0,SHEIN Newborn Baby Boys' Cute Animal Printed RaglanSleeve Romper,Baby & Maternity
,300+ sold recently,6.1,8.0,4.0,SHEIN Baby Boy Striped Trim Polo Shirt,Baby & Maternity
,,3.8,0.0,1.0,"1pc Baby Cloth Books Tummy Time Toys, Black And White High Contrast Soft Books Infant Crib Toys",Baby & Maternity
,200+ sold recently,6.6,6.0,1.0,"2pcs Newborn Baby Boy Photo Prop Swaddle Wrap And Hat Set, Moon Pattern Printed Infant Swaddling Blanket",Baby & Maternity
,10+ sold recently,6.21,58.0,1.0,SHEIN Maternity Summer Casual Solid Color Distressed High Waist Denim Shorts,Baby & Maternity
,600+ sold recently,6.18,33.0,4.0,SHEIN Baby Boy Basketball & Letter Pattern Short Sleeve T-Shirt And Shorts Casual Sports Outfits,Baby & Maternity
,,10.99,0.0,4.0,SHEIN Summer Beach Maternity One-Piece Swimsuit With Notched Neckline,Baby & Maternity
,80+ sold recently,8.19,26.0,7.0,"5pcs Baby Weaning Feeding Set, Including Silicone Feeding Kit, Suction Bowl With Divided Plate And Removable Suction, Adjustable Bib, Soft Spoon & Fork, Self-Feeding Tableware For Infants And Toddlers",Baby & Maternity
,,11.79,0.0,1.0,SHEIN Maternity Ditsy Floral Drawstring Side Bodycon Dress,Baby & Maternity
,1.1k+ sold recently,5.4,7.0,4.0,10 Pairs Of Baby Unisex Socks For Toddlers Comfortable And Cute Socks,Baby & Maternity
,100+ sold recently,2.5,0.0,1.0,"2pcs American Independence Day Style Handmade Big Bow Children's Hair Accessories Headband, Red/Blue Print Baby Fabric Headband, USA National Flag Themed Girl Headscarf",Baby & Maternity
,,2.8,0.0,5.0,"1pc Canvas Triangle Banner Wall Sign Decoration Gift For Nursery, Bedroom, Playroom, Front Door, Baby, Kids, Girls, Boys, Teenagers Birthday, Christmas Present. Canvas Decorative Hangings For Baby Room Alphabet Wall Decor For Children's Room",Baby & Maternity
,,10.3,8.0,1.0,"Men's Fashionable Stripe Short Sleeve Shirt And Shorts Two-Piece Set, Suitable For Birthday Parties, Evening Dinners, Performances, Weddings",Baby & Maternity
,60+ sold recently,2.1,0.0,1.0,1pc Cloth Bear Pattern Pacifier Clip Prevent Pacifier & Teether From Dropping And Losing,Baby & Maternity
,200+ sold recently,6.39,20.0,1.0,"Cozy Cub Baby Girl Snug Fit Pajama Set, Cartoon Animal Patterned Long Sleeve Pullover Top And Footed Pants",Baby & Maternity
,90+ sold recently,10.5,0.0,1.0,"Comfortable Light Baby Sports Shoes With Magic Tape, Fashionable And Trendy Flat Soled Shoes For Baby Boys And Toddlers",Baby & Maternity
,10+ sold recently,5.4,5.0,1.0,"Cute Cartoon Girl Self-Adhesive Wall Stickers, Inspo Style, Ideal Decorative Piece For Children's Bedroom, Nursery Or Classroom",Baby & Maternity
,100+ sold recently,3.2,9.0,5.0,1Pc Toddler Baseball Hat Baby Cap Sun Hat Printed Dinosaur Motif Kids Boys Girls Age 0-8T,Baby & Maternity
,,4.1,7.0,1.0,"1pc Kids' Vintage Pirate Hat, Triangular Pirate Hat, Perfect Decoration For Various Parties, Top Hat, Movie Costume Hat, Clown Hat, Irish Dance Costume, Etc.",Baby & Maternity
,600+ sold recently,23.89,0.0,6.0,Joyfunear Maternity Deep V-Neck Patchwork Mesh Waist Cinched Dress,Baby & Maternity
,70+ sold recently,4.5,0.0,5.0,"Newborn Waterproof Diaper Changing Mat, Portable Maternity Baby Nappy Pad",Baby & Maternity
,100+ sold recently,2.66,58.0,1.0,1pc Blue Dog Baby Blanket Newborn Cute Cartoon Design Swaddle Blanket Multifunctional Baby Bath Towel Hooded,Baby & Maternity
,200+ sold recently,2.96,26.0,1.0,"1 PC Children's Pearl Hanger, Small Pearl Bow Clothes Hanger, Elegant Standard Hanger, Suitable For Children, Babies, Pet Dogs (White)",Baby & Maternity
,500+ sold recently,10.49,0.0,1.0,SHEIN Summer Beach Maternity Halter Triangle Tie Side Bikini Swimsuit,Baby & Maternity
,10+ sold recently,2.76,21.0,1.0,"Baby Phone Toy Music Sound Telephone Sleeping Toys With Teether Simulation Phone Kids Infant Early Educational Toy, Gifts For Kids Christmas Halloween Thanksgiving Gifts",Baby & Maternity
,30+ sold recently,14.39,0.0,1.0,SHEIN Maternity Solid Color Strapless Top And Shorts Set,Baby & Maternity
,20+ sold recently,7.3,17.0,1.0,"1 Set Of Five Baby Soft Cloth Books, Cognitive Reading Early Education Toys, Daily Life Animal Fruit English Word Learning Cloth Book Toys, Parent-Child Interactive Games, Giving Babies An Early Education Gift",Baby & Maternity
,100+ sold recently,6.2,0.0,1.0,"Cute Unisex Cloud Patchwork Short Sleeve Romper For Infants And Toddlers, Summer",Baby & Maternity
,400+ sold recently,3.8,7.0,1.0,5 Pairs Baby Anti-Slip Bottom Socks,Baby & Maternity
,200+ sold recently,21.39,0.0,1.0,"SHEIN Maternity 2-Piece Set For Going Out & Leisure, Featuring A Young Style V-Neck Button-Up Sleeveless Top With Adjustable Elastic Waist And Wide-Legged Pants.",Baby & Maternity
,70+ sold recently,10.99,0.0,1.0,Cozy Cub Baby Boy Cartoon Animal Pattern Soft Knit Round Neck Short Sleeve Pullover Top And Solid Color Shorts Set,Baby & Maternity
,100+ sold recently,10.39,0.0,1.0,SHEIN Maternity Sexy Bodycon Strapless Maxi Dress,Baby & Maternity
,700+ sold recently,16.19,7.0,1.0,SHEIN Maternity 3pack Solid Nursing Bra For Mother,Baby & Maternity
,400+ sold recently,19.09,0.0,1.0,SHEIN Maternity Plunging Neck Knot Front Button Through Dress,Baby & Maternity
,,12.89,0.0,1.0,SHEIN Pregnant Women's Simple Solid Loose Straight Pants,Baby & Maternity
,400+ sold recently,28.29,0.0,1.0,SHEIN Loose Fit Maternity Knit Denim Wide Leg Jeans With Adjustable Waistband And Distressed Detailing,Baby & Maternity
,30+ sold recently,17.09,0.0,1.0,SHEIN Maternity Elegant Puff Sleeve Hollow Out Back Waist Fitted Pregnancy Dress For Vacation,Baby & Maternity
,,13.59,0.0,1.0,SHEIN Maternity Summer Beach One-Piece Swimsuit With Ruffled Neckline,Baby & Maternity
,400+ sold recently,11.7,11.0,4.0,SHEIN Baby Girl Bow Front Square Neck Layered Hem Bodysuit Dress & Headband,Baby & Maternity
,,1.5,0.0,1.0,"1pc Flange Inserts, Breast Pump Flange Accessory, 13/15/17/19/21/24mm Compatible With All Wearable Breast Pump Cup,For Medela/Spectra/Bellababy/TSRETE/Momcozy 24mm Shields/Flanges,Reduce 24mm Tunnel Down To Other Size",Baby & Maternity
,10+ sold recently,6.32,51.0,1.0,Baby Spring/Autumn Outdoor Casual Sports Shoes Color Block Breathable Mesh Anti-Slip Hook-And-Loop Shoes For Back To School,Baby & Maternity
,200+ sold recently,10.4,10.0,1.0,SHEIN Baby Girl Cute Casual Solid Color Textured Fabric Doll Collar Bubble Sleeve Dress,Baby & Maternity
,300+ sold recently,10.99,0.0,1.0,Cozy Cub Baby Boy Colorful Striped Round Neck Short-Sleeved Top With Decorative Weave Tape And Casual Shorts Two-Piece Set,Baby & Maternity
,300+ sold recently,19.49,0.0,1.0,SHEIN Pregnant Women's Casual Square Collar Flying Sleeve A-Line Dress,Baby & Maternity
,10+ sold recently,15.1,0.0,1.0,"Disney 1pc Fashionable Children's Spray Water Bottle, Made Of Transparent Tritan Material, Suitable For Daily Use, 320ML",Baby & Maternity
,100+ sold recently,17.39,0.0,6.0,SHEIN Maternity Summer Beach Solid Color Textured Swimsuit Set,Baby & Maternity
,200+ sold recently,10.79,0.0,1.0,SHEIN Maternity Summer City Casual Vacation Ditsy Floral Printed Short Tight Cami Dress,Baby & Maternity
,40+ sold recently,3.33,10.0,1.0,"2pcs Hopscotch Floor Sticker Set, Fun Number Game For Kids, Self-Adhesive & Removable, Perfect For Bedroom, Living Room And Entryway Decor",Baby & Maternity
,70+ sold recently,20.79,0.0,1.0,SHEIN Maternity Holiday Floral Puff Sleeve Dress With Ruffle Hem,Baby & Maternity
,80+ sold recently,17.08,15.0,1.0,SHEIN Maternity Summer Urban Casual Adjustable Strap Bow Knot Midi Cami Dress,Baby & Maternity
,200+ sold recently,27.99,0.0,1.0,Cozy Cub Cartoon Animal Patterned Turn-Down Collar Short Sleeve Bodysuit Set For Baby Boys,Baby & Maternity
,70+ sold recently,1.3,0.0,4.0,"10pcs/Lot Multifunctional Children Clothes Hangers, Anti-Slip Baby Clothes Hanging Racks For Drying Clothes",Baby & Maternity
,30+ sold recently,2.4,0.0,1.0,"1pc Wooden Cartoon Wall Hook, No Drilling Wall Hook, Key Holder, Coat Hooks, Towel Hook, Wall Decor, Home Storage, Home Decor, Space Saving Organization, Bedroom Accessories, Bathroom Accessories",Baby & Maternity
,800+ sold recently,2.0,9.0,1.0,"1pc Children's Flesh Pink Ballet Dance Socks, Professional Dancing Practice Tights With Holes For Adults, Non-See-Through Footed Pantyhose",Baby & Maternity
,400+ sold recently,8.0,0.0,1.0,2Pcs Baby Girls Swimsuit Long Sleeve Flower Print Zipped Bikini With Hat Newborn Swimwear For Summer Bathing,Baby & Maternity
,100+ sold recently,17.59,0.0,4.0,SHEIN Young & Casual Elastic Waistband Drawstring & Wide Leg Pants With High Rise And Adjustable Loose Fit For Pregnant Women,Baby & Maternity
,,11.95,2.0,1.0,SHEIN Pregnant Women's Solid Color Irregular Hem Backless Tank Top And Elastic Waist Skirt Set,Baby & Maternity
,200+ sold recently,3.21,32.0,9.0,SHEIN Solid Color Maternity Breastfeeding Bra With Ruffles,Baby & Maternity
,,12.89,0.0,1.0,SHEIN Pregnant Women'S Plus Size Round Neck Short Sleeve Casual T-Shirt,Baby & Maternity
,200+ sold recently,5.3,0.0,7.0,"1pc Baby Stroller/Highchair Seat Cushion, All Seasons, Warm Keeping",Baby & Maternity
,300+ sold recently,7.59,7.0,1.0,Maternity Contrast Lace Nursing Bra,Baby & Maternity
,500+ sold recently,22.5,0.0,1.0,"One Embroidered Short-Distance Travel Duffel Bag With Large Capacity, Lightweight & Foldable, Boston Mommy Shoulder Crossbody Bag",Baby & Maternity
,70+ sold recently,11.49,36.0,4.0,Cozy Cub Baby Boy 4pcs/Set Solid Color Short-Sleeved Bodysuit,Baby & Maternity
,80+ sold recently,4.54,16.0,1.0,"5pcs Baby Nursery Closet Hangers - Ultra-Thin Non-Slip & Retractable Hangers For Newborn Clothes, Adjustable Coat Hangers For Girl & Boy Toddler Kids For Clothing Stores",Baby & Maternity
,2.0k+ sold recently,8.5,8.0,1.0,16 Pairs Toddler Ankle Socks Low Cut Kids Half Cushion Socks Low Rise Ankle Socks For Boys And Girls,Baby & Maternity
,,8.4,16.0,1.0,"5pcs XL Reusable Menstrual Pads, Bamboo Cloth Pads For Heavy Flow Large Sanitary Pads Set With Wings For Women, Washable Overnight Cloth Panty Liners Period Pads",Baby & Maternity
,200+ sold recently,13.79,0.0,1.0,SHEIN Maternity Island Vacation V-Neck Short Sleeve Loose Fit Short Pregnant Women Dress,Baby & Maternity
,80+ sold recently,16.82,15.0,1.0,SHEIN Maternity Summer Casual Swiss Dot Spaghetti Strap Loose Fit Dress For City,Baby & Maternity
,2.1k+ sold recently,5.2,20.0,1.0,"5pairs Baby Girls' Bowknot Bubble Top Solid & Striped Knee High Socks, Perfect For Spring And Autumn",Baby & Maternity
,600+ sold recently,9.1,10.0,1.0,"SHEIN Baby Girl Casual Simple Solid Color Loose Short Sleeve Top With Elastic Waist Long Pants Set, Suitable For Summer",Baby & Maternity
,50+ sold recently,2.15,23.0,1.0,3pcs Solid Color Printed Elastic Bow Hairband For Kids Hair Accessories,Baby & Maternity
,200+ sold recently,12.79,20.0,1.0,Cozy Cub Baby Boys' Cartoon Pattern Long Sleeve T-shirt And Overalls Set,Baby & Maternity
,20+ sold recently,12.5,0.0,1.0,"1pair Unisex Classic Korean-Style Thick-Soled Elevator Children's Sneakers, Hook And Loop Closure, Breathable Mesh Upper, Antimicrobial & Non-Slip Outsole, Suitable For Outdoor, Beach, And Casual Wear, With Trendy European And American Design For Youthful And Beautiful Appearance",Baby & Maternity
,,22.79,0.0,1.0,SHEIN Maternity Dalmatian Print Knot Cuff Ruffle Hem Nursing Dress,Baby & Maternity
,200+ sold recently,10.7,9.0,1.0,"SHEIN Baby Boys' Summer Casual Patched Detail Baggy Straight Leg Denim Overalls Jumpsuit Jeans Shorts Without Tee, For Spring/Summer Outfits,Kids Denim Romper",Baby & Maternity
,100+ sold recently,12.66,15.0,1.0,SHEIN Maternity Romantic Embroidery Detail Summer Casual Loose Tank Top,Baby & Maternity
,100+ sold recently,1.25,48.0,5.0,"5pairs Children's Cartoon Breathable Soft And Comfortable Fashionable Socks For Baby, 0-2y 2-5y",Baby & Maternity
,100+ sold recently,4.8,0.0,1.0,"Baby 4-Clip T-Shaped Bathing Net, Bathing Tub Net For 0-18 Months Old. Baby Bathing Net Provides Comfortable And Breathable Support For Baby, Freeing Up Mom's Hands.",Baby & Maternity
,100+ sold recently,8.29,0.0,1.0,"SHEIN Maternity Sleeveless Top With Straps, Bowknot And Regular Fit For Nursing, Outing And Holiday",Baby & Maternity
,100+ sold recently,14.2,8.0,1.0,"5pcs/Set Comfortable Shorts For Baby Boys, Spring & Summer, 5 Colors, Suitable For Sports, Leisure And Daily Wear",Baby & Maternity
,100+ sold recently,3.83,4.0,1.0,Cozy Cub Baby Boy's Plant Printed Patchwork Short Sleeve Tee With Round Neck,Baby & Maternity
,10+ sold recently,14.09,0.0,1.0,SHEIN Maternity Random Printed Sheer Simple Daily Dress,Baby & Maternity
,80+ sold recently,12.1,8.0,1.0,SHEIN Vintaside Kids Baby Girls' Simple Daily Tank Top And Pants Set,Baby & Maternity
,,2.1,5.0,1.0,"1Pc Baby Teether Rings, 100% Silicone Teether Bracelets For Babies To Self-Soothe, & Phthalate Free Teething Toys",Baby & Maternity
,,11.49,0.0,1.0,SHEIN Maternity High Waist Solid Skirt,Baby & Maternity
,,3.9,40.0,1.0,"Baby Double-Sided Hand Knocking Toy Small Waist Drum Children's Musical Instrument Set With Sand Hammer, Horn (5pcs), Infant Toddler Growth Kit, Random Accessory Colors (Actual Product Received Shall Prevail)",Baby & Maternity
,,7.09,58.0,1.0,SHEIN Maternity Vacation Casual Long Printed Skirt,Baby & Maternity
,60+ sold recently,5.0,34.0,1.0,SHEIN Maternity Contrast Lace Nursing Bra For Mother,Baby & Maternity
,1.7k+ sold recently,4.3,9.0,1.0,"5pairs Baby Girls' Solid Color Cute Anti-Slip Lace Socks, Ideal For  Gift Or Daily Wear",Baby & Maternity
,,7.99,0.0,1.0,Cozy Cub 1pc Baby Soft And Comfortable White Coral Fleece Long Sleeve Sleeping Bag,Baby & Maternity
,,11.1,0.0,4.0,"Baby Pack N Play Sheets Fitted For Pack And Play Mattress, Portable Mini Cribs Sheet, Ultra Soft Natural Fit Convertible Playard Mattress Sheets Cover For Boy Girls, Random Shipment Of New And Old Packaging",Baby & Maternity
,10+ sold recently,3.7,0.0,1.0,1pcs Kids Mobile Phone Toys Can Be Gnawed Baby's Puzzle Early Education Toys Baby Simulation Model Music Comfort Toys For Car Travel,Baby & Maternity
,300+ sold recently,22.29,0.0,1.0,SHEIN Maternity Adjustable Waist Ripped Raw Cut Skinny Jeans,Baby & Maternity
,80+ sold recently,4.26,40.0,1.0,Toddler Boy Spring Summer Casual Comfortable Simple Apricot Short Sleeve Outfit,Baby & Maternity
,400+ sold recently,17.2,12.0,1.0,"SHEIN 6pcs/Set Baby Girl Knitted Floral Patterned Tank Tops With Ruffled Hem Shorts Set, Summer",Baby & Maternity
,,29.79,3.0,1.0,Maternity V-Neck Solid Maxi Dress With Off-Shoulder Ruffle Sleeves For Baby Shower,Baby & Maternity
,100+ sold recently,3.8,5.0,1.0,Infant Boys' English Print Casual Round Neck Short Sleeve Top Summer Style,Baby & Maternity
,100+ sold recently,3.43,39.0,1.0,3Pcs/Set Washable Waterproof Wet Bag Travel Beach Pool Bag Daycare Soiled Baby Items Yoga Gym Bag For Swimsuits Or Wet Clothes,Baby & Maternity
,70+ sold recently,2.6,50.0,1.0,"Hair Bows Holder W/Large Capacity, Hair Clips Storage Hanger W/16 Ribbons, Hair Bows Organizer, Baby Accessory Display W/Sturdy Rope, Wall Hanging For Girl Room, Nursery Decors",Baby & Maternity
,,11.79,0.0,4.0,"SHEIN Maternity Solid Comfortable Wireless Bikini Set, Suitable For Summer, Beach,Summer Beach",Baby & Maternity
,,16.59,0.0,1.0,SHEIN Pregnant Women Summer Casual Simple Style Short Sleeve Jumpsuit Dress Nursing Apparel,Baby & Maternity
,,23.89,0.0,1.0,"SHEIN Maternity Elegant, Youthful And Mature Round Neck Long Sleeve Maxi Bodycon Dress For Festivals",Baby & Maternity
,40+ sold recently,3.4,0.0,1.0,"3pcs Soft And Comfortable Gauze Baby Bibs And Drool Towel Set, Candy Colors",Baby & Maternity
,200+ sold recently,16.79,0.0,1.0,SHEIN Women Simple Plaid Nursing Dress Apparel,Baby & Maternity
,100+ sold recently,4.73,55.0,1.0,SHEIN Baby Boy's Spring/Summer Lightweight Washed Soft Denim Short Sleeve Shirt Without Tee,Baby & Maternity
,100+ sold recently,16.79,0.0,1.0,SHEIN Maternity Contrast Color Long Sleeve Shirt,Baby & Maternity
,40+ sold recently,10.0,0.0,1.0,14pcs Candy-Colored Soft Nylon Bow Headbands Set For 0-2 Years Old Baby,Baby & Maternity
,50+ sold recently,3.6,8.0,1.0,"1pc Knitted Warm Hat With Cute Ear Lining, Suitable For Infant Boys And Girls In Autumn And Winter",Baby & Maternity
,100+ sold recently,7.1,11.0,1.0,SHEIN Newborn Baby Girl Cute And Sweet Bubble Short Sleeve Pure Color Top + Floral Suspender Skirt Set Suitable For Summer,Baby & Maternity
,700+ sold recently,14.85,25.0,1.0,"SHEIN Baby Boy Snug Fit 6pcs/Set Casual Cute Cartoon Dinosaur Print Short Sleeve T-Shirt, 2pcs Shorts, 1pc Striped Round Neck Top And 1pc Shorts Pajama Set",Baby & Maternity
,,12.29,0.0,1.0,SHEIN Summer Beach Maternity Solid Color Cover-Up Romper With Strap Top,Baby & Maternity
,100+ sold recently,15.99,0.0,1.0,Cozy Cub Baby Girl Knitted Soft Flower Patterned Cami Bodysuit 3pcs Set,Baby & Maternity
,100+ sold recently,12.99,0.0,1.0,Cozy Cub Baby Girl Floral Print Contrast Binding Button Front Footed Sleep Jumpsuit,Baby & Maternity
,400+ sold recently,12.49,0.0,1.0,SHEIN Maternity Ditsy Floral Print Button Front Ruffle Hem Smock Dress,Baby & Maternity
,70+ sold recently,8.5,7.0,1.0,SHEIN Baby Boy Fashionable And Personalized Shark Shaped Hooded Bathrobe,Baby & Maternity
,,15.29,0.0,1.0,SHEIN Pregnant Women Simple Plain Color Sleeveless Vest And Shorts 2pcs/Set,Baby & Maternity
,,8.0,0.0,1.0,"1pc Light Switch Cover With Flip Handle,  Light Switch Plate, Horror Movie Props Light Switch Cover",Baby & Maternity
,,23.99,0.0,4.0,SHEIN Maternity Floral Print Wrap Square Neck Short Puff Sleeve Bubble Dress,Baby & Maternity
,700+ sold recently,5.5,0.0,1.0,"4-Pack Baby 6-Layer Gauze Burp Cloths, Suitable For All Seasons",Baby & Maternity
,200+ sold recently,6.0,10.0,1.0,SHEIN Baby Girl Summer Holiday Floral Print Ruffle Hem Sleeveless Dress,Baby & Maternity
,300+ sold recently,3.0,0.0,1.0,"5pcs Wide-Brimmed Solid Color Butterfly Bowknot Hair Ties For Kids, Macaroon Colour Elastic Hair Band, Kid's Hair Accessories",Baby & Maternity
,700+ sold recently,15.49,0.0,12.0,SHEIN Summer Beach Maternity Cross Halter Neck Swimsuit Set,Baby & Maternity
,50+ sold recently,19.49,0.0,1.0,"SHEIN Maternity Fashionable Printed Long Tank Top Dress, Summer",Baby & Maternity
,,19.29,28.0,11.0,SHEIN Maternity Foldover Off Shoulder Mermaid Hem Dress,Baby & Maternity
,100+ sold recently,9.2,8.0,1.0,SHEIN Baby Boy Baby Girl Casual Cute Cartoon Pattern Striped Polo Short Sleeve Top & Elastic Waist Shorts Set Suitable For Summer,Baby & Maternity
,200+ sold recently,8.99,0.0,4.0,Cozy Cub Baby Boy Solid Color Decorative Button Round Neck Sleeveless Romper,Baby & Maternity
,,4.8,0.0,1.0,Infant Toddler Soft Bottom Anti-Slip Flat Shoes With Round Toe And Magic Tape For Spring And Autumn,Baby & Maternity
,900+ sold recently,6.2,9.0,1.0,Baby Boy's Spring/Summer Simple Check Print Romper,Baby & Maternity
,1.0k+ sold recently,5.4,11.0,1.0,SHEIN Baby Girls' Casual Summer Holiday Ditsy Floral Ruffle Hem Dress,Baby & Maternity
,700+ sold recently,6.39,20.0,1.0,"Cozy Cub Baby Boy Snug Fit Pajamas, Cartoon Pizza Pattern, Round Neck, Long Sleeve Top And Long Pants Set",Baby & Maternity
,100+ sold recently,15.39,0.0,1.0,SHEIN Maternity Holiday Leisure Cross Halter Neck Hollow Out Tie Back Jumpsuit,Baby & Maternity
,100+ sold recently,15.29,0.0,1.0,SHEIN Maternity Round Neck Solid Color Slim Fit Mid-Length Maternity Dress,Baby & Maternity
,300+ sold recently,1.74,44.0,1.0,"2 Pieces Waterproof Beach Diaper Cloth Nappy Laundry Baby Large Baggies Swimmer Bottoms Wet Dry Pouch Small,also Be Make Up Bag Cosmetic Pouch Travel Zipper Cosmetic Storage Pouch Toiletry Bag Cartoon Handbag Pencil Bag For Women Girls,Diaper Wet Dry Bag",Baby & Maternity
,400+ sold recently,17.79,0.0,1.0,SHEIN BASICS Maternity Solid Maxi Tank Dress,Baby & Maternity
,40+ sold recently,4.2,0.0,1.0,"10pcs Super Soft Towel, Microfiber Towel Set, Absorbent And Quick-Drying Coral Velvet Towel,Multi-Purpose Washing Cloth For Bathroom, Hotel And Gym",Baby & Maternity
,200+ sold recently,2.7,0.0,1.0,1 Piece Newborn Baby 3d Carved Wooden Birth Announcement Sign Hello World White Commemorative Plate For Family Records Use,Baby & Maternity
,300+ sold recently,8.79,0.0,1.0,SHEIN 5pack Maternity Plain Panty For Mother,Baby & Maternity
,100+ sold recently,32.99,27.0,8.0,"30L Large Capacity Multifunctional Diaper Bag Backpack With Changing Pad, Pacifier Case - Baby Bags For Girl Boy Newborn Unisex Infant Toddler - Baby Bag For Mom Dad - Waterproof For Travel - Baby Shower Gifts",Baby & Maternity
,200+ sold recently,20.09,0.0,1.0,SHEIN Maternity Plus Size Loose Fit Mid-Length Round Neck Dress,Baby & Maternity
,20+ sold recently,25.11,3.0,1.0,"SHEIN Maternity Solid Color Ruffle Ruffle Dress With Ruffled Hemline, Perfect For Summer Casual And Vacation Wear",Baby & Maternity
,,9.95,15.0,1.0,"Kids' Spring And Autumn New White Sneakers For Boys And Girls, Outdoor Casual Sports Shoes For Toddlers And Infants",Baby & Maternity
,,16.49,0.0,10.0,SHEIN Summer Beach Maternity Solid Color Hollow Out Drop Shoulder Long Sleeve Cover Up,Baby & Maternity
,100+ sold recently,4.9,0.0,1.0,2PCS Waterproof Wet Dry Bag 26*36cm Storage Bag For Swimsuit Wet Clothes,Baby & Maternity
,10+ sold recently,5.4,40.0,1.0,SHEIN Baby Girl Bear Patched Raglan Sleeve Knot Side Lounge Jumpsuit,Baby & Maternity
,,9.4,0.0,1.0,"Fashionable And Elegant Mary Jane Shoes With Bow Design Are Suitable For Baby Girls. The Comfortable, Lightweight, And Non-Slip Dress Shoes Are Perfect For Weddings And Parties, Suitable For All Seasons.",Baby & Maternity
,100+ sold recently,2.44,16.0,1.0,2 Star Printed Portable Waterproof Baby Wipes Bag,Baby & Maternity
,80+ sold recently,11.59,0.0,1.0,SHEIN Maternity Ditsy Floral Front Button Cami Dress,Baby & Maternity
,,3.9,0.0,1.0,"8pcs Boy Color Baby Bib And Burp Cloths, Multifuctional Square Towel, Soft Feeding Nursing Towel,Handkerchief-Random Print",Baby & Maternity
,100+ sold recently,12.4,8.0,1.0,4pcs/Lot Baby Boy Solid Color Daily Casual Bodysuit Outfits,Baby & Maternity
,100+ sold recently,24.3,15.0,1.0,"SHEIN Maternity Casual City Style Mid-Length Jumpsuit With Ribbon & Bowknot, Summer",Baby & Maternity
,40+ sold recently,12.7,0.0,1.0,"Baby Diaper Caddy Organizer, Stylish Nursery Storage Basket - Gift For Baby Shower, Baby Registry Must Have, Newborn Essentials - Baby Caddy Organizer For Diaper Station",Baby & Maternity
,10+ sold recently,11.69,0.0,4.0,SHEIN Elegant & Romantic Gender Reveal Party Round Neck Short Sleeve Maternity T-Shirt,Baby & Maternity
,50+ sold recently,9.69,0.0,1.0,SHEIN Striped Printed Maternity Shorts With Scalloped Hem,Baby & Maternity
,,11.04,20.0,4.0,"Multi-Functional Baby Carrier, Portable And Easy To Use In All Seasons, Suitable For Newborns And Infants, Can Be Used As A Front Or Back Carrier, Ideal For Outdoor Activities",Baby & Maternity
,800+ sold recently,6.99,0.0,1.0,Cozy Cub 5pcs Pink Printed Handkerchief Set,Baby & Maternity
,500+ sold recently,2.6,7.0,1.0,2 Pairs Children's Small Ribbed Bowknot Knee High Socks For Daily Wear,Baby & Maternity
,100+ sold recently,15.99,0.0,1.0,Cozy Cub Baby Boy 3pcs/Set Solid Color High-Waisted Belly Protection Pants Set,Baby & Maternity
,2.3k+ sold recently,2.8,20.0,1.0,"5pcs Random Colored Candy Shaped Hair Bands With Wide Bowknot For Kids, Baby Girls",Baby & Maternity
,30+ sold recently,12.09,8.0,1.0,3pcs/Pack Maternity Front Open Buckle Seamless Nursing Bra Without Underwire,Baby & Maternity
,300+ sold recently,11.9,0.0,1.0,Baby Shower Boxes Party Decorations â 4 Pcs Transparent Balloons Boxes Decor With Letters Baby Blocks Design For Baby Shower Gender Reveal Backdrop,Baby & Maternity
,80+ sold recently,4.1,0.0,1.0,Spring/Autumn Season 0-1 Year Old Baby Canvas Breathable Mesh Butterfly Decoration Soft Sole Princess Shoes,Baby & Maternity
,1.7k+ sold recently,3.0,0.0,8.0,5pcs Baby Bow Decor Hair Band,Baby & Maternity
,100+ sold recently,26.79,0.0,1.0,SHEIN Maternity Shiny Puff Sleeve Waist Cinched Dress,Baby & Maternity
,400+ sold recently,8.2,0.0,1.0,Baby Girl Floral Print Bubble Sleeves Swing Bodysuit With Skirt Hem,Baby & Maternity
,100+ sold recently,23.19,0.0,1.0,SHEIN Maternity High Waist Colorblock Ripped Jeans,Baby & Maternity
,10+ sold recently,13.09,0.0,6.0,SHEIN Summer Solid Color Wide Leg Maternity Pants,Baby & Maternity
,,9.6,0.0,1.0,"Baby Boys' Summer Short Sleeve Triangle Romper Set, 3pcs Casual Outfits",Baby & Maternity
,80+ sold recently,7.1,9.0,1.0,SHEIN Baby Boys Cute Bear Washed Denim Shorts,Baby & Maternity
,100+ sold recently,12.79,0.0,4.0,SHEIN Pregnant Women's Tie-Dyeing Strapless Dress With Side Slit For Summer,Baby & Maternity
,,9.95,15.0,1.0,"Infant Athletic Shoes, Comfortable Lightweight Hook-And-Loop Boys' Sneakers",Baby & Maternity
,,8.8,8.0,1.0,5pieces Baby Winter Hat Warm Toddler  Beanies Cute Pompom Hats Knit Infant Beanie Baby Snow Hats for Baby Boy,Baby & Maternity
,500+ sold recently,8.99,0.0,1.0,SHEIN Maternity Striped Print Peplum Tee,Baby & Maternity
,10+ sold recently,6.2,0.0,5.0,"Muslin Summer Soft Blanket, Bath Towel, Nursing Cover, Photography Blanket",Baby & Maternity
,200+ sold recently,8.9,7.0,1.0,SCOOBY-DOO X SHEIN Baby Boy Cartoon & Letter Graphic Jumpsuit,Baby & Maternity
,100+ sold recently,20.19,0.0,1.0,SHEIN Maternity Plus Size Super Loose Grid Pattern Ruffle Hem Dress,Baby & Maternity
,,0.88,60.0,1.0,"1 Set Of 2pcs Baby Shower Pins 'Mommy To Be/Daddy To Be' Medal, Commemorative Gift For Expectant Parents",Baby & Maternity
,500+ sold recently,21.29,0.0,4.0,SHEIN Maternity Casual Solid Color Ruffle Edge Patchwork Dress,Baby & Maternity
,100+ sold recently,3.54,40.0,1.0,"3pcs Random Delivery Baby Solid Color Big Bow Knot Hat, Infant Headband Cap",Baby & Maternity
,,3.1,9.0,1.0,6pairs Kids Striped Anti-Scratch Polyester Gloves,Baby & Maternity
,100+ sold recently,5.4,8.0,1.0,10pairs Baby Cartoon Pattern & Solid Color Socks  Kids  Face Socks,Baby & Maternity
,10+ sold recently,5.39,7.0,1.0,SHEIN Maternity Solid Color Simple Daily Underwear,Baby & Maternity
,,1.2,0.0,1.0,"1Pc Balance Bowl With 360 Degree Rotation And No Spillage, Baby Bowl, Children's Bowl, Fun Top Toy Bowl",Baby & Maternity
,100+ sold recently,13.79,0.0,4.0,SHEIN Maternity Solid Color Camisole Top And Printed Shorts Set,Baby & Maternity
,2.0k+ sold recently,8.5,0.0,1.0,"Random 7pcs Children's Headbands, Baby Nylon Elastics Head Wraps With Twist Bow Knot Decoration",Baby & Maternity
,900+ sold recently,16.19,0.0,4.0,SHEIN Maternity Ditsy Floral Print Ruffle Trim Dress,Baby & Maternity
,,18.71,10.0,1.0,SHEIN Maternity Striped Round Neck Batwing Short Sleeve Dress With Ruffled Hem,Baby & Maternity
,700+ sold recently,22.22,10.0,1.0,SHEIN Maternity Ditsy Floral Print Ruffle Hem Dress,Baby & Maternity
,300+ sold recently,24.6,0.0,1.0,"3Pcs/Set Baby Boys' Gentleman Outfit, Random Printed Long Sleeve Shirt With Bow Tie And Navy Blue Suit Jacket Matched With Long Pants, Suitable For Birthday Party, Evening Party, Performance, Wedding, First Birthday And Other Festivals",Baby & Maternity
,80+ sold recently,16.89,0.0,1.0,SHEIN Pregnant Women Summer Floral Print Square Neck Sleeveless Jumpsuit,Baby & Maternity
,,10.99,0.0,1.0,SHEIN Summer Beach Maternity Solid High Waisted Bikini Swimsuit,Baby & Maternity
,60+ sold recently,13.3,8.0,1.0,SHEIN Baby Boys' And Girls' 3pcs Set With Simple And Stylish Patchwork Design Shorts With Decorative Rope And Elastic Waistband For Summer,Baby & Maternity
,100+ sold recently,2.87,18.0,4.0,"1pc Children's Basic Leggings Girls' Spring/Autumn Jumpsuit Tights, Summer  Section",Baby & Maternity
,100+ sold recently,3.9,11.0,1.0,"New York Baby Boy Casual Cartoon Letter Printed Short Sleeve T-Shirt, Round Neck, Suitable For Summer",Baby & Maternity
,100+ sold recently,3.4,8.0,1.0,1pc Baby Cute Bear Summer Outdoor Sun Protection Bucket Hat,Baby & Maternity
,400+ sold recently,2.07,56.0,1.0,"SHEIN Newborn Baby Boys' Casual English Alphabet & Shoes Printed Long Sleeve Bodysuit For Daily Wear, Spring & Autumn",Baby & Maternity
,70+ sold recently,10.99,0.0,1.0,Cozy Cub Baby Girl Knitted Soft Sleeveless Tank Top And Shorts Set With Floral Pattern And Round Neck,Baby & Maternity
,100+ sold recently,15.99,0.0,1.0,Cozy Cub Baby Boy Decorative Bowtie Collar Short Sleeve Button Down Shirt With Suspenders Shorts 2Pcs Set,Baby & Maternity
,,11.7,0.0,1.0,"Kids' Sneakers Soft Bottom Spring & Autumn Fashionable Casual Shoes For Boys, Comfortable And Breathable, Korean Style With Thick Sole Design And Hook-And-Loop Closure",Baby & Maternity
,100+ sold recently,7.97,10.0,7.0,3pcs/Set Sun Pattern Waterproof Baby Cloth Diaper,Baby & Maternity
,10+ sold recently,9.85,51.0,4.0,SHEIN Newborn Baby Boy 5pcs Casual Solid Color Short Sleeve Rompers Set With Rounded Neckline,Baby & Maternity
,400+ sold recently,3.34,24.0,1.0,"1pc Unisex Kids' Gothic Alphabet A Embroidery Cap With American Flag Side Detail, Sun Protection And Adjustable, Great For Spring/Autumn, Traveling",Baby & Maternity
,60+ sold recently,18.23,20.0,1.0,SHEIN Maternity Summer Casual Solid Color Sleeveless Crop Top And Straight Pants Two-Piece Set,Baby & Maternity
,,3.4,0.0,1.0,"1pc Coffin Light Switch Cover, Single Toggle Switch Plate Home Decor, Spooky Halloween Switch Cover",Baby & Maternity
,,15.39,0.0,1.0,SHEIN Maternity Casual Solid Color Spaghetti Strap Dress,Baby & Maternity
,200+ sold recently,9.6,8.0,1.0,"SHEIN Suitable For Daily Wear, School, Vacation And Sport In Spring And Summer. Casual, Sporty, College, Street, Trendy, Lovely, , Geometric, Patchwork Pattern With Turn-Down Collar, Loose Fit, Dropped Shoulder Short-Sleeved Shirt And Shorts For Baby Boy And Baby Girl.",Baby & Maternity
,300+ sold recently,19.69,0.0,1.0,SHEIN Maternity Square Neck Puff Sleeve Ruffle Hem Schiffy Dress,Baby & Maternity
,,20.59,0.0,4.0,Maternity Lace Long Sleeve High Slit Photography Dress,Baby & Maternity
,100+ sold recently,4.9,9.0,1.0,"1pc Child's Jazz Hat For Spring, Boys' Personalized Western Cowboy Hat For Summer, Girls' Fashionable Woolen Hat With Curled Brim",Baby & Maternity
,100+ sold recently,11.39,0.0,1.0,SHEIN Maternity Solid Nursing Detail Tulip Hem Tee,Baby & Maternity
,1.0k+ sold recently,4.2,13.0,1.0,"Baby Boy's Casual Simple Cartoon Car Printed Short Sleeve Top, Suitable For Summer",Baby & Maternity
,100+ sold recently,1.76,20.0,1.0,2pcs/set Baby Silicone Sticky Spoon For Feeding Solid Food,Baby & Maternity
,200+ sold recently,10.99,0.0,4.0,Cozy Cub Baby Boy Letter Printed Round Neck Sleeveless Vest Top And Casual Shorts 2pcs/Set,Baby & Maternity
,100+ sold recently,2.76,14.0,1.0,"Cartoon Train Carrying Animals Traveling The World Stars Wall Sticker Children's Room Decorative Sticker, Self Adhesive",Baby & Maternity
,100+ sold recently,8.94,14.0,1.0,"Baby Simple Style High-top Fabric Athletic Shoes, Fashionable And Versatile",Baby & Maternity
,,12.09,0.0,5.0,Bikinx Solid Color Ruffle Trim Backless Strap One-Piece Maternity Swimsuit,Baby & Maternity
,600+ sold recently,15.12,15.0,1.0,SHEIN Maternity  Style Romantic Printed Square Collar Short Sleeve Mid-Length Dress,Baby & Maternity
,100+ sold recently,13.9,0.0,1.0,1pc Sanrio Hello Kitty Gradient Mist Pink Straw Cup Cartoon Cute Straw Water Cup Large Capacity Cup Kitty Cat Pink Drinking Cup,Baby & Maternity
,,9.3,0.0,1.0,1Pc Sanrio Hello Kitty Blanket Cartoon Anime Kawaii 39x55In Single-Layer Blanket Air-Conditioned Nap Blanket Flannel Soft Blanket Suitable For Baby Room And Children's Room,Baby & Maternity
,300+ sold recently,10.6,0.0,1.0,Baby Boy Summer Retro Plaid Top And Shorts Loose Neutral Short Sleeved Set,Baby & Maternity
,,26.59,0.0,4.0,SHEIN Maternity Women's Solid Color Minimalist Daily Two-Piece Set,Baby & Maternity
,300+ sold recently,4.92,15.0,1.0,"Baby Bath Net T-Hole 0-18 Months-Toddler Bath Tub Mesh Net Baby Bath Breathable Lying Bracket. With Our Baby Bath Mat, Provide Your Children With Safe And Joyful Bath Time During Christmas, Halloween, And Thanksgiving",Baby & Maternity
,1.5k+ sold recently,13.69,0.0,4.0,"SHEIN Summer Beach Maternity Tie One-Piece With Hollow Out Front And Frill Detail, Maternity Bathing Suit",Baby & Maternity
,100+ sold recently,2.1,5.0,1.0,"Infant Boys' Or Girls' Simple Knitted Beanie Hat, Warm Cap For Spring, Autumn And Winter",Baby & Maternity
,10+ sold recently,1.76,80.0,1.0,"1pc Simple Blue Baby Carrier, Front Facing Infant Waist Stool, Lightweight Shoulder Strap For Toddler, Easy Carry Baby Sling",Baby & Maternity
,100+ sold recently,15.99,0.0,1.0,Cozy Cub Baby Girl Solid Color Patchwork Lace Hem Round Neckline Sleeveless A-Line Dress For Summer,Baby & Maternity
,10+ sold recently,9.69,0.0,1.0,SHEIN Maternity Summer Solid Color Round Neck Short Sleeve Casual T-Shirt,Baby & Maternity
,30+ sold recently,5.6,0.0,1.0,"51pcs Baby Shower Advice Cards And Diaper Raffle Game Box - Perfect Party Decorations For Gender Reveal, Birthday,",Baby & Maternity
,70+ sold recently,2.54,35.0,1.0,Spring And Summer Lovely Princess Style Indoor Antislip Flat Shoes For Newborn Baby Girls,Baby & Maternity
,300+ sold recently,16.45,20.0,4.0,SHEIN Maternity Casual Mid-Long Fit And Flare Dress With Bell Sleeves And Ruffled Hemline,Baby & Maternity
,100+ sold recently,14.5,8.0,1.0,"SHEIN Baby Boy Baby Girl Daily Casual College Sports Vacation Colorful Striped Tops 6-Pack T-Shirt In Blue, Red, White, Green, Yellow Colors",Baby & Maternity
,20+ sold recently,1.9,5.0,1.0,"1 Pair Of Cleaning Mop Slippers, Dusting And Floor Cleaning, Detachable And Washable",Baby & Maternity
,10+ sold recently,1.3,0.0,1.0,"2pcs Plastic Tote Packaging Bags Toys Snacks Gift Bags Children's Small Senior Sense Accompaniment Food Bags Gift Bags(Tote Bags Only, Snacks Not Included)",Baby & Maternity
,200+ sold recently,3.27,14.0,1.0,Baby Bear Design Sun Protection Bucket Hat,Baby & Maternity
,90+ sold recently,13.29,0.0,1.0,SHEIN Maternity Young Sports And Casual Sleeveless Round Neck Jumpsuit With Back Zipper And Hollow-Out Design,Baby & Maternity
,100+ sold recently,2.4,8.0,7.0,"1pc Toddler Girls' Cute Cat Paw Design Stocking Pantyhose, Suitable For Daily Wear",Baby & Maternity
,900+ sold recently,6.0,8.0,1.0,Baby Girl Cherry Print Shirred Frill Trim Cami Bodysuit,Baby & Maternity
,100+ sold recently,23.49,0.0,7.0,SHEIN Maternity High Waisted Tapered Jeans,Baby & Maternity
,40+ sold recently,14.4,0.0,1.0,"Baby Shower Boxes Party Decorations - 4 Wood Grain Brown Blocks With BABY Letter, Printed Letters,First Birthday Centerpiece Decor, Teddy Bear Baby Shower Supplies, Gender Reveal Backdrop",Baby & Maternity
,,8.6,0.0,1.0,SCOOBY-DOO X SHEIN Cartoon Printed Soft Double-Layered Baby Blanket/Sofa Blanket/Bath Towel - Multi-Purpose,Baby & Maternity
,100+ sold recently,16.19,0.0,1.0,SHEIN Maternity Roll Tab Sleeve Shirt Dress,Baby & Maternity
,90+ sold recently,11.79,10.0,1.0,"Thickened Fleece Lined Solid Baby Sleeping Bag For Winter, 1pc",Baby & Maternity
,100+ sold recently,5.0,0.0,1.0,"1pc Sanrio Hello Kitty  Cute Storage Box,  Melody  Pattern Organizer, Mini Drawer Jewelry Case, Cartoon Themed Room Decor, Home Organization",Baby & Maternity
,100+ sold recently,2.2,19.0,1.0,Toddler Girls Solid Tights,Baby & Maternity
,10+ sold recently,14.46,40.0,1.0,"4 Pack Neutral Swaddle Blankets, Silky Soft Receiving Blanket, Soild Color Swaddle Wrap For Baby Boys And Girls",Baby & Maternity
,,7.6,0.0,1.0,Baby Boys' Digital Print Zipper Long Sleeve Jumpsuit,Baby & Maternity
,,15.59,0.0,4.0,SHEIN Maternity Solid Color Nursing Cami Dress For Summer,Baby & Maternity
,,1.9,0.0,1.0,"Baby Hand Rattle Soft Teether, Baby Educational Toys, Macaron Color, Molar Hand Rattle Soft Glue Hand Grab Ball Set, Can Be Boiled Teether Toys, Random Color, Gift For Baby",Baby & Maternity
,300+ sold recently,6.2,9.0,1.0,Baby Boy's Summer Vacation Checkerboard Print Zipper Half Placket Short Sleeve Casual Romper,Baby & Maternity
,200+ sold recently,21.99,0.0,1.0,Cozy Cub Baby Boy Casual Jacket Padded Coat Thickened With Hood Suitable For Winter,Baby & Maternity
,,3.9,0.0,1.0,"180cm Artificial Eucalyptus Garland With Baby's Breath, Eucalyptus Leaves, And Willow Vines For Baby Shower, Wedding, And Festive Decorations",Baby & Maternity
,20+ sold recently,5.8,54.0,1.0,Baby Boy Plaid Print 2 In 1 Sweatshirt & Sweatpants,Baby & Maternity
,30+ sold recently,22.49,0.0,1.0,SHEIN Maternity Elegant Vacation Floral Polka Dot Printed Spaghetti Strap Dress,Baby & Maternity
,,2.27,37.0,1.0,"1pair Cartoon Patterned Silicone Bottom Anti-Slip Socks-Shoes For 0-2 Years Old Toddlers, Suitable For Learning To Walk",Baby & Maternity
,100+ sold recently,20.29,0.0,1.0,SHEIN Maternity  Romantic Elegant Young Casual Bow Detail Knot Adjustable Long Jumpsuit,Baby & Maternity
,50+ sold recently,12.99,0.0,1.0,SHEIN Maternity Vacation Casual V-Neck Ditsy Floral Dress,Baby & Maternity
,1.5k+ sold recently,1.4,0.0,1.0,"1pc No-drilling Baby Wardrobe Organizer Hook For Storing Scarves, Hats, Drawers, And Clothes",Baby & Maternity
,,10.89,0.0,1.0,SHEIN Maternity Solid Wide Waistband Leggings,Baby & Maternity
,800+ sold recently,3.7,8.0,1.0,"1pc Neutral Kids' Hip Hop Hat With American Flag Embroidery, Adjustable Outdoor Sun Hat For Boys And Girls Travel",Baby & Maternity
,100+ sold recently,8.79,20.0,1.0,Cozy Cub Baby Girl Floral Decor Bowknot Tank Top With Ruffled Hem Shorts Set,Baby & Maternity
,,11.49,27.0,1.0,SHEIN Persoplay Kids Baby Boy Cartoon Dinosaur Design Hooded Plush Jumpsuit,Baby & Maternity
,300+ sold recently,8.39,0.0,1.0,SHEIN Maternity Off Shoulder Solid Color Casual Basic Spring Summer T-Shirt For Daily Wear,Baby & Maternity
,10+ sold recently,6.0,8.0,8.0,"2pcs Girls' Safety Anti-Leakage Skin-Friendly Breathable Mid-Length Underwear Bottoms With Lace Edge, Non-Rolling Hem Five Points Shorts, Suitable For Daily Wear, Casual Home Wear",Baby & Maternity
,400+ sold recently,14.9,7.0,1.0,"SHEIN Baby Girl Casual, Comfortable, Cute And Stylish Solid Color Floral Printed Ruffle Collar Long Sleeve Bodysuit Three-Piece Suit",Baby & Maternity
,400+ sold recently,3.5,8.0,1.0,"1pc Unisex Baby Beige Simple Style Sun-protective Hat, Baseball Cap For Daily Wear",Baby & Maternity
,100+ sold recently,9.1,21.0,1.0,Baby Boy Allover Bear Print Bodysuit & Patched Pocket Overall Jumpsuit,Baby & Maternity
,,2.9,29.0,1.0,16PC Montessori sensory toys visual stimulus learning activity card for baby(0-3months),Baby & Maternity
,100+ sold recently,11.79,0.0,1.0,SHEIN Maternity Summer City Leisure V-Neck Flower Print Long Loose Top With Cap Sleeves,Baby & Maternity
,100+ sold recently,17.99,0.0,1.0,"Cozy Cub Baby Boy Cartoon Elephant Pattern Round Neck Short Sleeve Bodysuit With Shoulders, 3pcs/Set",Baby & Maternity
,100+ sold recently,5.8,8.0,4.0,1pc Kids' Unisex Cowboy Style Sun Hat With Wide Brim,Baby & Maternity
,800+ sold recently,10.7,10.0,1.0,"SHEIN Baby Girl Casual Summer Knitted Cherry Patterned Bodysuit Set With Open Crotch, 3pcs",Baby & Maternity
,900+ sold recently,3.9,0.0,1.0,3pcs Baby Bow Decor Hair Band,Baby & Maternity
,100+ sold recently,10.69,0.0,1.0,SHEIN Maternity Casual Irregular Collar Short Sleeve Regular Fit T-Shirt With Pleated Detailing,Baby & Maternity
,300+ sold recently,11.99,20.0,1.0,Cozy Cub Newborn Baby Boy Cartoon Pattern Round Neck Long Sleeve Romper And Pants Set Matching Set,Baby & Maternity
,,19.79,0.0,1.0,SHEIN Maternity Island Vacation Young And Romantic Strapless Short Tight Fitting Dress With Flare Sleeves,Baby & Maternity
,500+ sold recently,5.27,23.0,1.0,Baby Girl Ice Cream Print Bow Front Cami Top & Shorts,Baby & Maternity
,200+ sold recently,13.99,0.0,5.0,Cozy Cub Baby Boys Colorblock Comfortable Slip On Canvas Shoes For Outdoor,Baby & Maternity
,,2.2,0.0,9.0,1pc Kids' Exfoliating Bath Towel With Bear Design And Bath Ball,Baby & Maternity
,60+ sold recently,15.1,0.0,1.0,"24 Autumn/Winter Western Cowboy Boots, New Wear-Resistant, Warm, Comfortable Flat Heel Western Cowboy Style, Versatile Baby Boots",Baby & Maternity
,100+ sold recently,9.2,0.0,1.0,"1Pc Sanrio Hello Kitty Kuromi Cinnamoroll Water Cups, Summer Winter Drinkware,Tumbler With Lid And Straw For Cafe, 30oz Stainless Steel Insulated Water Bottle,Travel Accessories, Gifts",Baby & Maternity
,70+ sold recently,1.08,40.0,1.0,"1/2/4/8PCS Pacifier Case, Pacifier Holder Case Box For Travel,  Transparent Baby Pacifier Case Holder For Pacifier Accessories, Pacifier Clips, Baby Pacifier",Baby & Maternity
,100+ sold recently,12.4,0.0,1.0,"2024 Fashionable Children Shoes For Girls, New Style Autumn Lightweight Sports Shoes For Toddler Girls",Baby & Maternity
,,6.92,56.0,1.0,1pc Bear Patterned Colorblock Nylon Diaper Bag With Bottle Holder & Zipper Closure Large Capacity Portable Boutique Suitable For Daily Use By Moms,Baby & Maternity
,300+ sold recently,6.1,8.0,1.0,"2pcs New Spring/Summer Race Car Checkered Sports Streetwear Outfit Set For Baby Boys, Daily Casual Wear In Japanese, European And American Styles",Baby & Maternity
,,2.96,42.0,1.0,"1pc Cartoon Dinosaur Wall Sticker For Kids Room Decoration, Nursery Classroom Wall Decor",Baby & Maternity
,,6.0,0.0,1.0,"1PC Hanging Hair Claw Clips Holder Large Capacity Hair Clip Organizer Storage Display For Wall,Door,Closet",Baby & Maternity
,60+ sold recently,2.8,0.0,1.0,5pcs Candy-Colored Nylon Bowknot Soft And Stretchy Baby Headbands Set,Baby & Maternity
,700+ sold recently,6.5,0.0,1.0,Baby Boy Summer Simple & Loose Waffle Grid Pure Color Short Sleeve T-Shirt And Shorts Set,Baby & Maternity
,90+ sold recently,6.2,7.0,1.0,"3pcs Basic Solid Color Knitted Beanie Hat For Baby & Kids (1-3Y, 3-7Y), Warm And Suitable For Daily Wear",Baby & Maternity
,50+ sold recently,11.09,26.0,1.0,Cozy Cub Baby Girl Polka Dot Pattern Knitted Soft Round Neck Long Sleeve Bodysuit With Pants Set,Baby & Maternity
,300+ sold recently,13.9,0.0,1.0,"Solid Color Mid-Cut Comfortable Kids' Canvas Shoes, Flat Bottom Breathable Casual Sneakers For Children Students",Baby & Maternity
,40+ sold recently,2.45,21.0,1.0,Underwear Socks Storage Box Drawer Type Multi-Functional Home Student Dormitory Organizer Box Wardrobe Compartment Storage Box,Baby & Maternity
,,22.99,0.0,1.0,Squishmallows 8-Inch Felexine The Rainbow Fox,Baby & Maternity
,100+ sold recently,10.0,8.0,1.0,SHEIN Baby Boy's Washed Comfortable Soft Knitted Denim Pants,Baby & Maternity
,90+ sold recently,7.99,0.0,1.0,Cozy Cub Newborn Baby Boy Knitted Soft Plant Pattern Round Neck Long Sleeve Footed Jumpsuit Pants,Baby & Maternity
,10+ sold recently,3.3,8.0,11.0,"1pc Girls' Capri Length Leggings, Suitable For Daily Wear Or Outfits",Baby & Maternity
,200+ sold recently,23.9,6.0,1.0,Solid Color Baby Girls' Blanket And Pillowcase Photoshoot Set,Baby & Maternity
,70+ sold recently,11.0,0.0,1.0,Boys' Green Canvas Low-Top Fashionable Simple Comfortable Breathable Casual Sneakers With Double Straps For Daily Wear All Seasons,Baby & Maternity
,30+ sold recently,10.4,0.0,1.0,"6 Months-3 Years Old Spring/Autumn New Arrival Soft Leather Waterproof Wide Hook And Loop Sneakers For Toddler Boys & Girls, Non-Slip",Baby & Maternity
,80+ sold recently,1.28,47.0,1.0,"1pc Large Clean Touch Ink Pad For Baby Handprints And Footprints â Inkless Infant Hand & Foot Stamp â Safe For Babies, Doesn't Touch Skin â Perfect Family Memory Or Gift, Black Print Kit",Baby & Maternity
,,33.99,0.0,8.0,EVER-PRETTY Maternity Plus Off Shoulder Flounce Sleeve Mesh Dress,Baby & Maternity
,900+ sold recently,2.95,37.0,4.0,Maternity Women's Ruched Wireless Nursing Bra For Mother,Baby & Maternity
,200+ sold recently,2.93,11.0,1.0,1pc Girls' Ripped Tights,Baby & Maternity
,100+ sold recently,21.39,0.0,1.0,SHEIN Maternity Casual And Comfortable White Knitted Denim Pants With Adjustable Waistband,Baby & Maternity
,40+ sold recently,3.4,11.0,1.0,"Children Sun Hat With Wide Brim, Outdoor Fisherman Hat For Baby Boys And Girls, Summer Sun Protection Bucket Cap",Baby & Maternity
,300+ sold recently,3.22,38.0,4.0,5pairs Baby Girls' Bubble Top Lace Mesh Ankle Socks,Baby & Maternity
,,22.83,9.0,1.0,SHEIN Maternity Denim Overall Shorts For Spring And Summer,Baby & Maternity
,70+ sold recently,10.59,0.0,1.0,SHEIN Maternity City Vacation Frilled Sleeve Ditsy Floral Long Pregnancy Top,Baby & Maternity
,100+ sold recently,8.5,8.0,1.0,SHEIN Baby Boy Elastic Waist Decorative Pocket Casual Pants,Baby & Maternity
,70+ sold recently,17.99,0.0,1.0,Cozy Cub Baby Girl Flower Print Square Neck Lantern Sleeve Ruffle Hem Pullover Top And Solid Color Shorts Outfit,Baby & Maternity
,100+ sold recently,19.89,0.0,1.0,SHEIN Solid Color Simple Style Off-Shoulder Maternity Daily Dress,Baby & Maternity
,10+ sold recently,3.99,0.0,1.0,"Cozy Cub 1pc Infant Breastfeeding Pillow, Soft & Comfortable Cool-Touch Skin-Friendly Arm Pillow For Expectant And Nursing Mothers, Summer",Baby & Maternity
,,3.6,8.0,4.0,"1pc Unisex Kids' A Letter Embroidery Pattern Hip Hop Cap With Adjustable Side, Outdoor Sun Protection Hat For Traveling",Baby & Maternity
,,13.5,0.0,1.0,"1pair Classic Korean Style Unisex Casual Sports Shoes For Boys And Girls, Breathable Mesh Design With Colorful Laces And Hook And Loop Straps,Suitable For Outdoor Sports, Beach, Travel, Vacation, Leisure, Comfortable With European And American Style, Perfect For All Seasons With Anti-Slip And Wear-Resistant Soft Sole Children's Casual Sports Shoes",Baby & Maternity
,400+ sold recently,6.39,20.0,1.0,"Cozy Cub Baby Boy Snug Fit Pajama, Black And White Stripe Round Neck Top And Long Pants Set",Baby & Maternity
,90+ sold recently,13.99,0.0,1.0,Cozy Cub Baby Boy Solid Knitted Soft Round-Neck Short Sleeve Pullover Top And Colorful Straps Romper 2-Piece Set,Baby & Maternity
,10+ sold recently,6.7,7.0,11.0,"2pcs Girl's Solid Color Mid-Calf Leggings, Suitable For Daily Wear",Baby & Maternity
,,1.74,40.0,1.0,"1pc Wall Decals Stickers, Children's Room Wall Tattoo Sun Sticker Wall Pictures Decoration Children's Wall Sticker Self-Adhesive For Girls Boys Bedroom Decoration",Baby & Maternity
,,2.7,0.0,1.0,"10pcs Double-Layer LED Colorful Butterfly Night Lights, Simulated Glowing Butterfly Wall Stickers, Fiber Optic Butterfly Home DÃ©cor",Baby & Maternity
,400+ sold recently,2.15,14.0,1.0,5pcs Bear Shaped Children's Clothes Hanger Creative Home Decor Diy Kid's Room Storage Rack,Baby & Maternity
,,13.69,0.0,1.0,SHEIN Summer Beach Maternity Plant Print Ruffled Strap Bikini Carnival,Baby & Maternity
,40+ sold recently,3.1,0.0,1.0,"Baby Monthly Milestone Wooden Card Prop, Double-Sided Birth Sign Party Crafts, Wood Baby Milestone Cards, Monthly Memory Journal For Baby Boys And Girls",Baby & Maternity
,,9.1,7.0,1.0,SHEIN Baby Boy Baby Girl Casual Korean Style Bear Printed Loose Fit Knitted Short Sleeve T-Shirt With Round Neckline Set Of Three In Three Colors,Baby & Maternity
,2.3k+ sold recently,15.2,9.0,1.0,4pcs/Set Basic Sleeveless Bodysuits With Bow Knot & Elastic Ribbed Fabric For Baby Girls,Baby & Maternity
,300+ sold recently,17.49,0.0,1.0,"SHEIN Maternity Fashionable And Casual Spliced Asymmetric Hem Stretch Denim Shorts, Spring And Summer",Baby & Maternity
,100+ sold recently,4.6,0.0,1.0,"Beautiful Baby Monthly Milestone Cards - The Perfect Wooden Discs For Adorable Milestone Pictures Of Your Newborn Boy/Girl - 7 Reversible Circles Incl,And A Bundle Pocket, Are A Great Gift",Baby & Maternity
,,22.9,0.0,1.0,Baby Washable Diaper Changing Table Pad With Secure Strap Foam Contoured Changing Pad For Dresser Top With Waterproof Cover,Baby & Maternity
,400+ sold recently,11.29,0.0,1.0,SHEIN Maternity Summer Beach Flower Print One-Piece Swimsuit,Baby & Maternity
,300+ sold recently,26.0,0.0,1.0,"GLOWMODE 24"" FeatherFitâ¢ Super High Rise Belly Support Maternity Leggings Breathable High-stretchy",Baby & Maternity
,,22.09,4.0,1.0,Maternity Tube Top Dress With Lace & Mesh Fabric For Photoshoot Baby Shower,Baby & Maternity
,200+ sold recently,5.95,18.0,1.0,Baby Girl Cow Pattern Frill Trim Bikini Swimsuit,Baby & Maternity
,70+ sold recently,5.0,33.0,1.0,SHEIN Maternity Contrast Lace Nursing Bra For Mother,Baby & Maternity
,90+ sold recently,12.45,70.0,1.0,1pc Gray-Colored Maternity Pillow,Baby & Maternity
,400+ sold recently,7.5,0.0,1.0,momscare 1pc Baby Swaddle Blanket,Baby & Maternity
,500+ sold recently,25.69,0.0,1.0,SHEIN Maternity Off Shoulder Ruffle Trim Belted Dress,Baby & Maternity
,,15.4,8.0,1.0,"SHEIN Persoplay Kids Baby Boy Western Cowboy Style Outfit With Cowboy Hat, Silk Scarf, Suede Fringe Vest And Cow Patterned Fringe Pants",Baby & Maternity
,10+ sold recently,8.3,0.0,1.0,"Baby Girls' Lace Collar Spun Yarn Short Sleeve Embroidered Romper With Triangle Bodysuit, Summer",Baby & Maternity
,100+ sold recently,7.8,11.0,4.0,SHEIN Newborn Baby Girl's Soft White Tassel Romper With Ruffle & Floral Lace Trimmed Round Collar And Cinching Waist,Baby & Maternity
,100+ sold recently,14.09,0.0,1.0,SHEIN Maternity Wide Waistband Adjustable Waist Slant Pocket Pants,Baby & Maternity
,400+ sold recently,26.99,4.0,1.0,Joyfunear Elegant And Ethereal Maternity Off-The-Shoulder Ruffle Sleeve Mesh Dress,Baby & Maternity
,100+ sold recently,7.99,0.0,1.0,Cozy Cub Baby Boy Snug Fit Pajama Set Cartoon Pattern Knit Soft Round Neck Short Sleeve Pullover And Long Pants 2 Pieces,Baby & Maternity
,,11.59,0.0,1.0,SHEIN Maternity Ditsy Floral Lantern Sleeve Peplum Blouse,Baby & Maternity
,30+ sold recently,6.05,33.0,4.0,Cozy Cub Baby Girl's Solid Colored Knitted Flared Pants Set With Ruffle Edge,Baby & Maternity
,100+ sold recently,1.97,32.0,1.0,"1 Pack Of Girls' Navy Blue Velvet Stockings, Dance Socks And Pantyhose, Spring And Summer Fashionable Stage Performance Dance Socks, Daily Basic Matching Style, Light And Breathable, Can Be Worn In All Seasons, Multiple Colors Available",Baby & Maternity
,,5.2,0.0,1.0,3pcs/Set Pink Nursery Wall Art Cloud Sunshine Rainbow Art Pastel Rainbow Poster Baby Girl Canvas Wall Art Girl Nursery Prints  Pink Pictures Wall Decor For Bedroom Pink Playroom Pictures,Baby & Maternity
,80+ sold recently,13.29,0.0,6.0,"SHEIN Maternity Loose Solid Color Wide Leg Pants, Versatile",Baby & Maternity
,10+ sold recently,6.6,0.0,1.0,"1pc Multi-Purpose Nursing Pillow With Replacement Cover, U-Shaped Breastfeeding Pillow With Detachable Chew Toy And Pacifier",Baby & Maternity
,300+ sold recently,17.19,0.0,1.0,SHEIN Maternity Ruffle Hem Button Front A-line Dress,Baby & Maternity
,200+ sold recently,4.1,55.0,1.0,Baby Girl Mother's Day Heart Element Short Sleeve Bodysuit And Long Pants Outfits,Baby & Maternity
,,23.02,2.0,1.0,SHEIN Loose And Casual Pregnant Women's Denim Flying Sleeve Dress,Baby & Maternity
,600+ sold recently,2.8,7.0,1.0,"1pc Daytime + 1pc Nighttime Baby Pacifier, Comes With Storage Box, Suitable For 3-Month-Old Infants, All-Silicone, Sleep Aid Type, Random Design Set",Baby & Maternity
,800+ sold recently,5.9,0.0,1.0,Pp Baby Bottle For Babies Over 6 Months Old,Baby & Maternity
,500+ sold recently,21.99,0.0,1.0,SHEIN Maternity Skinny Cropped Jeans,Baby & Maternity
,,3.87,14.0,1.0,1pc Red Floral Pattern Polyester Baby Nursing Pillow Cover,Baby & Maternity
,,14.59,0.0,1.0,"SHEIN Maternity Ditsy Floral Tankini Top & Bottom, For Pool,Summer Beach, Maternity Bathing Suit",Baby & Maternity
,,10.99,0.0,1.0,SHEIN Summer Beach Maternity Floral Front Knot Swimsuit Beachwear Carnival,Baby & Maternity
,300+ sold recently,19.99,0.0,4.0,Cozy Cub Fashionable Heart Element Colorblock Comfortable Breathable Baby Sports Shoes,Baby & Maternity
,400+ sold recently,16.48,15.0,1.0,"SHEIN Maternity Elegant Nursing Square Neckline Ruffle Sleeve Knee-Length Slim Fit Dress For Outing, Vacation And Casual Wear",Baby & Maternity
,,5.7,8.0,1.0,"SHEIN Ranchside Kids Simple Printed Sleeveless Romper For Baby Girls, Daily Wear",Baby & Maternity
,,11.79,0.0,1.0,SHEIN Maternity Leopard Print Knot Shoulder Cami Romper,Baby & Maternity
,900+ sold recently,7.9,0.0,4.0,Toddler Baby Girl One-Piece Swimsuit Floral Print Zipper Long Sleeve Ruffled Swimwear Bathing Headban Suit,Baby & Maternity
,,11.3,8.0,1.0,SHEIN Baby Boy Cartoon Graphic 3D Ear Design Footed Jumpsuit & Hat,Baby & Maternity
,80+ sold recently,25.49,0.0,1.0,SHEIN Women Floral Printed Lotus Leaf Sleeve Nursing Clothes Fashionable Dress,Baby & Maternity
,80+ sold recently,2.0,9.0,14.0,1pc Children's Fashionable Jacquard Weave Fishnet Pantyhose With 3d Textured Design,Baby & Maternity
,80+ sold recently,5.35,19.0,1.0,"2pcs Little Penguin yellow children's hat scarf set,Baby thick knit hat warm baby knit hat autumn and winter",Baby & Maternity
,100+ sold recently,5.3,0.0,1.0,5pcs Baby Muslin Feeding Handkerchiefs Burp Cloths,Baby & Maternity
,10+ sold recently,8.94,40.0,5.0,"Baby 12 Months Growth Memory Keepsake Photo Frame, Infant Toddler First Birthday Milestone Record Frame",Baby & Maternity
,100+ sold recently,2.15,23.0,1.0,"3pcs/set Floral Fabric Bowknot Headband For Kids, Random Colors",Baby & Maternity
,60+ sold recently,2.7,10.0,1.0,"Children's Food Pouch And Juice Box Holder - Anti-Squeeze, Spill-Prevention, Portable And Easy To Clean, Suitable For Children Aged 0-6 Years Old (Color/Style Randomly Sent)",Baby & Maternity
,100+ sold recently,7.64,15.0,1.0,SHEIN Maternity Ruched Slim Fit Tee,Baby & Maternity
,,22.29,0.0,1.0,SHEIN Maternity Patched Pocket Denim Overalls Without Tee,Baby & Maternity
,,2.85,50.0,1.0,"6pcs Kids Bathroom Tub Stacking Toys, Pool Stacking Boats, Rainbow Colors, Summer Water Play Fun, Perfect For Kids Bath Time And Pool Fun Things",Baby & Maternity
,100+ sold recently,11.99,0.0,5.0,Cozy Cub Cozy Cub Baby Room Storage Basket Diaper Caddy Organizer Box For Travel,Baby & Maternity
,80+ sold recently,13.99,44.0,4.0,KIDSUN Infant Baby Boy Oxford Shoes PU Leather Loafers Rubber And Soft Sole Wedding Dress Shoes Toddler Girl Baby Walking Shoes,Baby & Maternity
,70+ sold recently,18.69,0.0,1.0,SHEIN Maternity Summer Holiday Ditsy Floral V-Neck Ruffle Short Sleeve Long Elegant Dress,Baby & Maternity
,,33.3,0.0,1.0,"Pink Super Soft Maternity Pillow For Side Sleeping, Supporting Waist And Belly During Pregnancy",Baby & Maternity
,,4.62,36.0,1.0,"Gray Elephant Baby String Toys, Car Seat Pendant Toys, Cradle Crib Spiral Hanging Plush Toys, Baby Gifts For Boys And Girls",Baby & Maternity
,200+ sold recently,2.0,9.0,1.0,"1pc Children's Dance Footed Tights In Flesh Pink Color, Professional Ballet Tights For Adults With Holes, Non-Transparent, Pantyhose Style",Baby & Maternity
,400+ sold recently,6.3,9.0,1.0,Stylish Baby Boys' Coconut Tree Printed Long Sleeve Rash Guard And Plaid Swim Trunk Set,Baby & Maternity
,300+ sold recently,2.07,43.0,1.0,"1pc Baby Pom-Pom Beanie, Cozy Knit Winter Warm Heart Cute Hat  For Kids, Outdoor Accessory",Baby & Maternity
,70+ sold recently,3.8,7.0,5.0,1pc Handmade Flower Hat & Malay Scarf & Hijab Set For Little Muslim Girl,Baby & Maternity
,,12.2,0.0,1.0,"One Pair Of Girls' Classic Korean Style Hollow Out Mary Jane Flats, Featuring Hook And Loop Closure, Sweet Forest Style Embroidered Cherry And Pearl Decor, Round Toe, Breathable Leather Upper, Non-Slip, Wear-Resistant Sole, Perfect For Outdoors And Beach, Casual, Comfortable And Fashionable, Suitable For Summer",Baby & Maternity
,70+ sold recently,10.1,7.0,1.0,"Easter Bunny Costume Set For Baby Boy, Newborn Photography Clothing Studio Props",Baby & Maternity
,,16.89,0.0,1.0,"SHEIN Maternity Off-Shoulder Hollow Out Knitted Jacquard Bodycon Mini Dress With Ruffle Trim, Suitable For Beach Vacation",Baby & Maternity
,800+ sold recently,1.8,0.0,1.0,"1pc Checkered Bow Headband For Baby,Black And White Plaid Hairband,Checkered Hair Bow Elastic Band,Racing Bow Hair Band,Kids Baby Hair Accessories",Baby & Maternity
,40+ sold recently,2.8,0.0,1.0,"1pc Foldable Fabric Storage Basket With Handles For Baby Room, Toys & Clothes Organizer, Laundry Hamper For Bathroom. Cute And Lightweight, Suitable For Household Kids' And Babies' Room Organization",Baby & Maternity
,,36.15,23.0,1.0,"Cochildor Baby Bathtub For Infants To Toddler, With Soft Cushion & Thermometer, Foldable Baby Bathtub, Portable Travel Baby Tub For Newborn",Baby & Maternity
,,9.7,0.0,1.0,10pcs Baby Shower Favor Footprint Metal Keychain Bottle Openers With Organza Bags And Thank You Tags,Baby & Maternity
,200+ sold recently,18.19,0.0,1.0,SHEIN Round Neck Doll Collar Plaid Double-Ended Zipper Maternity Dress With Hoodie Cap Sleeves For Breastfeeding,Baby & Maternity
,300+ sold recently,21.29,0.0,1.0,"SHEIN Young, Casual, Elegant & Work-Friendly Off-Shoulder Short Maternity Dress",Baby & Maternity
,200+ sold recently,2.6,0.0,1.0,16pcs Baby Bow Decor Hair Clip,Baby & Maternity
,800+ sold recently,11.9,0.0,1.0,"Kids' Leather Sports Shoes New Style, Girls' Toddler Walking Shoes, Boys' Slip-resistant Casual Running Shoes, Baby Athletic Sneakers",Baby & Maternity
,800+ sold recently,8.2,0.0,1.0,Baby Girl Floral Print Romper With Puff Sleeves And Ruffle Skirt,Baby & Maternity
,400+ sold recently,10.36,15.0,1.0,SHEIN Maternity V Neck Peplum Tee,Baby & Maternity
,300+ sold recently,20.49,0.0,1.0,SHEIN Pregnant Women Summer Solid Color Shoulder Knot Sleeveless Dress,Baby & Maternity
,1.0k+ sold recently,19.9,0.0,1.0,"1pc Oxford Cloth Large Capacity Diaper Bag, Multifunctional Maternity Handbag, Crossbody Bag, Suitable For Travel And Storage",Baby & Maternity
,,10.28,2.0,1.0,SHEIN Maternity Summer Beach Solid Textured Frill Trim Bandeau Bikini Set,Baby & Maternity
,,13.49,0.0,1.0,"SHEIN Maternity Fashion American Flag Printed 4th Of July Bikini Swimsuit Set, Summer Beach",Baby & Maternity
,,6.9,0.0,1.0,Toddler Girls Rash Guard Swimsuit Rompers Zipper Short Sleeve Floral Print Kids Bathing Suit Baby Swimwear,Baby & Maternity
,60+ sold recently,9.4,7.0,1.0,SHEIN Unisex Baby Boy Baby Girl Casual Knitted Stripe Solid Color Elastic Waistband Long Pants 3pcs Set,Baby & Maternity
,500+ sold recently,22.69,0.0,1.0,SHEIN Maternity Cut Out Waist Split Thigh Cami Dress,Baby & Maternity
,100+ sold recently,11.99,0.0,5.0,"Cozy Cub Baby Room Storage Basket & Diaper Changing Box, Suitable For Outdoor Use",Baby & Maternity
,80+ sold recently,28.69,0.0,1.0,Joyfunear Solid Color Maternity Square Neckline Ruffled Hem Sleeveless Cherry Dress For Summer,Baby & Maternity
,30+ sold recently,3.2,3.0,1.0,"15pcs/Set Gender Reveal Party Blessing Decor Cards, DIY Baptism Party Decoration, Baby Shower Party Backdrop Ornament, Infant Suggested And Blessing Party Decorations",Baby & Maternity
,100+ sold recently,7.1,9.0,1.0,"SHEIN Baby Boy/Girl 2pcs Casual Retro Pattern Print Short Sleeve Shirt With Solid Color Shorts, Comfortable And Stylish Outfit",Baby & Maternity
,,9.0,0.0,1.0,1Pc  Sanrio Hello Kitty Cartoon Cute Cat Head Shape Cosmetic Mirror Portable Desktop Mirror&Storage Box Makeup Brush Storage Tube,Baby & Maternity
,40+ sold recently,139.99,42.0,1.0,"Baby Swings For Infants, Bluetooth Infant Swing With Music Speaker With 3 Seat Positions, 5 Point Harness Belt, 5 Speeds And Remote Control - Portable Baby Swing For Indoor And Outdoor",Baby & Maternity
,90+ sold recently,2.16,2.0,1.0,Baby Toddler Boys & Girls Potty Training Pants Waterproof Potty Training Pants,Baby & Maternity
,30+ sold recently,8.52,69.0,1.0,SHEIN Maternity Drop Shoulder Drawstring Hoodie & Adjustable Waist Pants,Baby & Maternity
,,10.49,0.0,1.0,"SHEIN Maternity Summer Beach One Piece Swimsuit With Ditsy Print And Open Back, Maternity Bathing Suit",Baby & Maternity
,100+ sold recently,9.0,6.0,1.0,"SHEIN Baby Boy Cartoon Crocodile Pattern Round Neck Raglan-Sleeved Romper, Protective Hat, Swimwear Set",Baby & Maternity
,200+ sold recently,14.15,50.0,1.0,SHEIN Pregnant Women's Loose Texture Long Sleeve Shirt And Shorts Set,Baby & Maternity
,,40.89,0.0,1.0,Maternity Off Shoulder Mesh Layered Hem Formal Party Dress,Baby & Maternity
,100+ sold recently,31.1,0.0,4.0,"Large Capacity Lightweight Multifunctional Diaper Backpack For Mother And Baby, Outdoors",Baby & Maternity
,500+ sold recently,16.09,0.0,4.0,SHEIN Maternity Floral Print Split Hem Bubble Sleeve Dress,Baby & Maternity
,100+ sold recently,12.1,8.0,1.0,"SHEIN Toddler Boys' Casual Retro Western Style Animal Horse Printed Jumpsuit, Spring/Summer Outfits Suitable For",Baby & Maternity
,10+ sold recently,2.34,40.0,9.0,"2pairs Girls' Skin Tone/Pink Dance Tights, All Seasons, Cute College Style, Suitable For Students And Daily Wear, Simple And Versatile",Baby & Maternity
,,19.1,0.0,1.0,"High Definition Robot Camera, High-Definition Intelligent Monitoring Intelligent Baby Monitor, Capable Of Two-Way Intercom, Audio And Video Recording, And Mobile Tracking Are Good Assistants For Home Safety Protection",Baby & Maternity
,50+ sold recently,25.49,0.0,1.0,SHEIN Maternity  Romance Elegant Young And Mature Square Neck Short Sleeve Midi Bodycon Pregnancy Dress,Baby & Maternity
,70+ sold recently,14.79,0.0,1.0,SHEIN Maternity Fashionable Sleeveless Floral Printed Dress,Baby & Maternity
,,8.6,0.0,1.0,"TOM & JERRY X SHEIN Soft Double-Sided Large Size Blanket, Perfect As A Throw For A Sofa Or Bed",Baby & Maternity
,,2.19,27.0,1.0,"6 Pairs Baby Socks, Non-Slip & Non-Squeeze, Suitable For All Seasons",Baby & Maternity
,600+ sold recently,7.3,8.0,5.0,SHEIN Baby Boys' Casual Comfortable Round Neck Solid Color Short Sleeve Top And Shorts Sports Outfit,Baby & Maternity
,,2.9,0.0,1.0,1 Set Of 12pcs Nordic Style Children's Room Wall Decoration Self-Adhesive Daisy Wall Hanging Stickers Scene Layout For Bedroom,Baby & Maternity
,,23.79,0.0,1.0,SHEIN Maternity Elegant Vacation Off-Shoulder Tube Top With Elastic Waistband Bodycon Skirt 2 Piece Set,Baby & Maternity
,,22.12,23.0,1.0,"Electric Bottle Cleaning Brush, Nipple Brush, Nipple Cleaner, Straw Cleaning Brush For Newborns, Bottle Brush Cleaner, Water Bottle Cleaning Set, 6-Piece Set",Baby & Maternity
,100+ sold recently,14.49,0.0,1.0,"SHEIN Maternity Pride Outfits, Adjustable Waist Island Vacation Skirt And Top Set",Baby & Maternity
,100+ sold recently,7.89,31.0,1.0,Baby Girl Checker Pattern Flap Pocket Overall Knit Jumpsuit Without Tee,Baby & Maternity
,50+ sold recently,13.2,0.0,1.0,"One Pair PU  Strap Designed Frame Sandals For Baby Boys And Girls, Suitable For Daily And Summer Activities.",Baby & Maternity
,10+ sold recently,4.6,0.0,5.0,2PCS Waterproof Baby Storage Bag Wet Dry Bag For Swimsuits,Baby & Maternity
,,5.5,8.0,1.0,"A White Simple Paper Straw Woven Hat With A Large Brim And Bow For Little Girls, Perfect For Outdoor Activities And Beach, A Fashionable And Elegant Summer Sun Hat, A Trendy Straw Beach Hat For Kids, Cute And Stylish Vacation Paper Straw Hat For Kids",Baby & Maternity
,,15.39,0.0,1.0,SHEIN Maternity Women Casual Elegant Deep V-Neck Short Sleeve Top For Going Out,Baby & Maternity
,40+ sold recently,13.89,0.0,1.0,"SHEIN MaterniWear Maternity Cotton And Linen Loose Fit Plaid Weave Long Dress With Adjustable Tied Belt And Round Neckline For Young And Elegant Women, Home Wear",Baby & Maternity
,300+ sold recently,10.99,0.0,1.0,Cozy Cub Baby Girl Casual Floral Pattern Overall Shorts With Front Pocket Decoration,Baby & Maternity
,50+ sold recently,19.39,0.0,1.0,"SHEIN Maternity Elegant Ruffle Ruffle Sleeve Knee-Length Bodycon Nursing Dress For Holiday, Outing And Leisure",Baby & Maternity
,200+ sold recently,8.79,0.0,1.0,SHEIN MaterniWear Maternity Women Street Style Casual Cross Strap Tight Jumpsuit,Baby & Maternity
,,3.2,0.0,1.0,"1 Pc Baby Fruit Food Feeder With Lid & Handle, Silicone Teether Toy For Safety Self Feeding Teething Relief Teeth Toy For 6 Months+ Toddlers",Baby & Maternity
,200+ sold recently,2.3,8.0,9.0,"1pc Girls' Skin-Colored Dance Tights, Cute College Style, Suitable For Students For Daily And All Seasons, Minimalist And Versatile",Baby & Maternity
,10+ sold recently,6.4,0.0,1.0,1pc Lightweight Soft Gauze Breathable Nursing Cover For Breastfeeding Mothers,Baby & Maternity
,1.0k+ sold recently,10.99,0.0,1.0,Cozy Cub Baby Boy Striped Pattern Round Neck Short Sleeves Top And Casual Shorts 2pcs/Set Matching Set,Baby & Maternity
,200+ sold recently,7.99,0.0,1.0,"Cozy Cub Baby Girl Snug Fit Pajamas In Pink And White With Floral Print, Including Long Sleeve Pullover Top And Long Pants, 2pcs/Set",Baby & Maternity
,,6.9,9.0,1.0,2pcs/Set Toddler Boys' Striped Casual Pocket Shorts,Baby & Maternity
,,11.19,0.0,4.0,SHEIN Maternity Adjustable Waist Solid Skirt,Baby & Maternity
,50+ sold recently,13.6,0.0,1.0,"1pc INS Style Tulip Embroidery Diaper Bag Large Capacity Maternal And Child Bag For Mom, Can Be Handheld, Shoulder Carried, Cross-Body, Fashionable",Baby & Maternity
,200+ sold recently,6.3,9.0,1.0,"Baby Boys' Penguin Print Half-Zip One-Piece Swimsuit With Zipper For Summer, Long Sleeve Bathing Suit Beach Outfit Rash Guard Vacation",Baby & Maternity
,90+ sold recently,19.39,0.0,1.0,SHEIN Solid-Color Maternity V-Neck Sleeveless Ruffle Hem Summer Dress,Baby & Maternity
,,29.79,3.0,1.0,Joyfunear Maternity Solid Color Ribbed Strapless Dress And Jacket Set,Baby & Maternity
,20+ sold recently,10.08,40.0,1.0,Baby Boy Colorblock Pocket Patched Sweater & Knit Pants,Baby & Maternity
,,10.9,11.0,1.0,SHEIN Baby Girl Cute  Elegant Bowknot & Lace Photography Dress,Baby & Maternity
,,1.7,0.0,1.0,"1 Piece Silicone Pacifier Chain With 1 Clip, One-Piece Design Stretchable Silicone Pacifier Chain, Bottle Chain, Soft And Elastic, Textured, Keeps Pacifier Clean, Adjustable Baby Bottle Toy Teether Safety Belt, Suitable For Baby Boys And Girls Infant, Suitable For High Chair, Hanging Basket, Crib, Car Seat1 Piece Silicone Pacifier Chain With 1 Clip, One-Piece Design Stretchable Silicone Pacifier Chain, Bottle Chain, Soft And Elastic, Textured, Keeps Pacifier Clean, Adjustable Baby Bottle Toy Teether Safety Belt, Suitable For Baby Boys And Girls Infant, Suitable For High Chair, Hanging Basket, Crib, Car Seat",Baby & Maternity
,600+ sold recently,10.6,0.0,1.0,Baby Boys Slip On Sporty Sock Sneakers For Outdoor,Baby & Maternity
,200+ sold recently,10.89,0.0,1.0,SHEIN Maternity Floral Print Backless Tie Front Cami Dress,Baby & Maternity
,200+ sold recently,1.6,0.0,1.0,"2pcs Red Furry Cherry Hair Clips For Baby Girls, Exquisite Knitted Fruit Aligator Clips With Fully Lined ,Winter New Year Barrettes For Infant,Kids Baby Hair Accessories.",Baby & Maternity
,300+ sold recently,4.4,10.0,1.0,SHEIN Baby Girl's Summer Solid Texture Square Collar Top With Ruffle Trim,Baby & Maternity
,10+ sold recently,19.3,22.0,1.0,"SHEIN Newborn Baby Boys' Fun Cartoon Panda Printed Black & White Striped Short Sleeve Jumpsuit With Bodysuit, Casual & Fashionable Spring & Summer Gift Set",Baby & Maternity
,30+ sold recently,18.19,0.0,1.0,SHEIN Maternity Vacation Casual Ditsy Floral Ruffle Edge Tie Back Nursing Jumpsuit,Baby & Maternity
,,112.1,23.0,1.0,"2 In 1 Convertible Baby Stroller,Quick-Foldable High Landscape Infant Carriage,Adjustable Canopy,5-Point Harness,Diaper Bag,Anti-Shock Toddle,Suitable For All Type Roads",Baby & Maternity
,100+ sold recently,4.6,0.0,6.0,Baby's Pink Leopard Patterned Long Sleeve Waterproof Bib,Baby & Maternity
,100+ sold recently,10.8,8.0,1.0,Newborn Baby Boy Pom Pom Back Knitted Shorts & Hat & Carrot Toy Photography Set,Baby & Maternity
,1.0k+ sold recently,6.99,0.0,1.0,"Cozy Cub Baby Boy Snug Fit Pajama With Cartoon Animal Pattern Round Neck Short Sleeve Top And Casual Shorts, 2pcs/Set Matching Set",Baby & Maternity
,200+ sold recently,2.52,30.0,1.0,"1pc Children's Spring/Autumn Striped All-Match Solid Color Tights, All-Match Style",Baby & Maternity
,,6.7,38.0,1.0,Baby Boys Christmas Print Bodysuit & Striped Pants & Hat,Baby & Maternity
,,14.19,0.0,1.0,SHEIN Maternity Holiday Casual Solid Color Puff Sleeve Dress,Baby & Maternity
,100+ sold recently,13.99,0.0,1.0,Cozy Cub Baby Girl Casual Floral Print Stand Collar Patchwork Puff Sleeve Bodysuit With Lace Hem,Baby & Maternity
,200+ sold recently,19.09,0.0,1.0,SHEIN Maternity Women Casual Floral Jumpsuit With Long Length For Young And Fresh Style,Baby & Maternity
,500+ sold recently,24.09,0.0,1.0,"SHEIN Maternity Square Neck Short Sleeve Tight-Fitting Multicolor T-Shirt Suitable For Slouchy & Casual, Spring/Summer",Baby & Maternity
,,13.19,0.0,1.0,SHEIN Maternity Polka Dot Tie Shoulder Overall Jumpsuit Without Tee,Baby & Maternity
,100+ sold recently,20.39,0.0,1.0,SHEIN Maternity Ditsy Floral Decorated Two-Piece Set With Spaghetti Strap Top,Baby & Maternity
,500+ sold recently,13.55,29.0,4.0,"SHEIN Blossomsprite Kids Baby Girls' Dress, Elegant And Fashionable, Suitable For Birthday Parties, Evening Parties, Performances, Weddings, Baptisms And First Birthday Celebrations",Baby & Maternity
,,119.99,14.0,1.0,"MOMCOZY Wearable Breast Pump, 24mm Hands Free Electric Breast Pump",Baby & Maternity
,700+ sold recently,8.93,28.0,1.0,Baby Girl 2pcs/Set Solid Color Off-Shoulder Tank Top And Distressed Jeans Outfit For Spring/Summer,Baby & Maternity
,50+ sold recently,11.05,50.0,5.0,SHEIN Maternity Wideband Waist Skinny Jeans,Baby & Maternity
,,2.6,0.0,1.0,"1pc Teddy Animal/Girl Wall Sticker For Kids' Baby Room Decor, Infant Shower Interior Decoration, Children's Bedroom Playroom Removable Peel And Stick Wall Decal",Baby & Maternity
,100+ sold recently,25.49,0.0,4.0,SHEIN Maternity Notch Neck Ruffle Hem Schiffy Dress,Baby & Maternity
,100+ sold recently,5.0,0.0,1.0,"6pcs  Baby Bibs, Baby Bandana Multi-Use Scarf Bibs For Boys",Baby & Maternity
,,11.59,0.0,1.0,SHEIN Maternity High Waist Elastic Solid Color Comfortable Long Capri Pants,Baby & Maternity
,70+ sold recently,1.77,32.0,1.0,"Cartoon Rabbit & Butterfly Wall Sticker For Bedroom Or Children's Room Decoration, Background Self-Adhesive Paper",Baby & Maternity
,,12.5,0.0,1.0,"1pair Unisex Kids' Classic Korean Style Thick-Soled Height-Increasing Sneakers With Hook And Loop Closure, Made Of Breathable Mesh And Leather, Anti-Odor And Anti-Slip Outsole For Outdoor Activities, Fashionable And Comfortable For Casual, European And American Style, Youthful And Lovely Sports Shoes",Baby & Maternity
,30+ sold recently,7.3,0.0,1.0,"Baby Boys' Jumpsuit With Knight Print, Long Sleeve, Round Neck, Newborn Infant Boys' Jumpsuit, Spring/Autumn Clothing",Baby & Maternity
,200+ sold recently,12.3,0.0,1.0,"1pc Ins Style Red Flower Pattern Large Capacity Diaper Bag, Single-Shoulder Crossbody Fashion Embroidery Mummy Bag",Baby & Maternity
,,29.19,0.0,1.0,"Joyfunear Maternity Solid Color Off-Shoulder Slit Thigh Elegant Dress With Ruffled Hem, Summer",Baby & Maternity
,10+ sold recently,48.49,0.0,1.0,Maternity One Shoulder Stereo Flower Contrast Mesh Sequin Formal Party Dress,Baby & Maternity
,400+ sold recently,8.7,9.0,1.0,"Baby Boy 2pcs/Set Fashionable Flame Printed Short Sleeve Shirt And Shorts, Summer",Baby & Maternity
,500+ sold recently,4.5,8.0,1.0,1pc Baby Sun Hat For Boys Girls Toddler Sun Protection Beach Hat,Baby & Maternity
,40+ sold recently,14.9,0.0,1.0,"1pc Natural Beechwood Baby Mobile Arm, Adjustable Angle Baby Crib Holder, Rainbow Mobile Accessories, Smooth Surface, Reinforced Design, Cute And Soothing Baby Bed Bell For Gifting",Baby & Maternity
,900+ sold recently,4.2,9.0,1.0,1pc Baby Sun Hat For Boys Girls Toddler Sun Protection Beach Hat,Baby & Maternity
,500+ sold recently,19.79,0.0,1.0,SHEIN Maternity Bow Shoulder Dobby Mesh Overlay Belted Dress,Baby & Maternity
,,16.99,23.0,9.0,Breakin Hearts Blastin Funny Silly Toddler Boy Girl T Shirt Brisco Brands,Baby & Maternity
,100+ sold recently,3.9,0.0,1.0,"1pair Infant Girls' Mary Jane Flat Shoes With Bow Decoration, 0-1 Year Old",Baby & Maternity
,70+ sold recently,14.4,0.0,5.0,"3Pack Muslin Swaddle Blankets For Baby Boys Girls, Receiving Blanket Large Size , Soft Breathable Muslin Baby Blanket For Unisex Newborn",Baby & Maternity
,200+ sold recently,13.99,0.0,4.0,Cozy Cub Baby Boy 4pcs/Set Summer Casual Round Neck Short Sleeve T-Shirt In Solid Knitted Soft Material,Baby & Maternity
,400+ sold recently,1.32,47.0,1.0,Baby Solid Color Knitted Hat,Baby & Maternity
,,8.89,0.0,1.0,SHEIN Maternity Summer Vacation Floral Printed Loose Tank Top With Spaghetti Straps,Baby & Maternity
,,2.8,0.0,1.0,1Pc Hello Kitty & My Melody 3D Wall Stickers - Switch Decor Set - Cute Girls Room Accent - Adds Dimension & Charm,Baby & Maternity
,200+ sold recently,20.59,0.0,1.0,SHEIN Pregnant Women's High Elastic Knitted Belly Wrap Casual Fashion Water Wash Ripped Jeans Leggings,Baby & Maternity
,,5.6,0.0,10.0,1PC Rainbow Print Soft Change Pad Cover Baby Crib Sheet For Newborn Gift,Baby & Maternity
,100+ sold recently,26.19,0.0,1.0,"SHEIN Maternity Loose Fit Dress With Strap Adjustable Shoulder For Slouchy, Casual And Beach Summer Outfits",Baby & Maternity
,30+ sold recently,2.4,11.0,9.0,1pc Girls' Ultra-Thin Footprint Keyboard Patterned Tights Dance Socks,Baby & Maternity
,70+ sold recently,11.3,0.0,1.0,1pc Knitted Baby Blanket Suitable For All Seasons,Baby & Maternity
,10+ sold recently,5.9,20.0,1.0,"1pc Toddler Baby Protection Backpack Wear, Adjustable Head Protector Pad Safety Cushion For Crawling And Walking, Crawling Baby Essentials Infant Toys Baby Lover Gifts, Suitable For 6-36 Months Toddler",Baby & Maternity
,500+ sold recently,3.61,18.0,1.0,1pc Unisex Kids' Outdoor Adjustable Hip Hop Hat With Earth Embroidery And A Letter Detail For Spring & Autumn Travelling,Baby & Maternity
,100+ sold recently,4.7,0.0,1.0,One Piece Of Baby Handmade Crochet Yellow Lemon Chewable Beech Wood Ring Teether Hangable Stroller Baby Comfort Molar Stick,Baby & Maternity
,100+ sold recently,1.73,18.0,1.0,"Elegant Pink Badge Set For Mommy And Daddy, Perfect For Weddings, Anniversaries, Birthdays, And Summer Parties",Baby & Maternity
,100+ sold recently,13.19,0.0,1.0,SHEIN Maternity Side Ruched Strapless Dress,Baby & Maternity
,,10.89,0.0,1.0,"SHEIN MaterniWear Maternity Cotton & Linen Home Wear, Simple And Adjustable Elastic Waistband, Frill Hem, Loose Woven Shorts",Baby & Maternity
,100+ sold recently,12.79,20.0,1.0,Cozy Cub Baby Boy Apricot Striped Round Neck Short Sleeve Pullover Top+Monochrome Braces Shorts Set,Baby & Maternity
,100+ sold recently,12.79,20.0,1.0,Cozy Cub Baby Girl Floral Embroidered Square Neckline Dress With Ruffled Waist For Summer,Baby & Maternity
,100+ sold recently,15.57,56.0,1.0,SHEIN Maternity Ditsy Floral Print Lantern Sleeve Shirred Dress,Baby & Maternity
,,14.59,0.0,1.0,SHEIN Maternity Floral Printed Sleeveless Jumpsuit For Summer,Baby & Maternity
,100+ sold recently,11.82,23.0,1.0,SHEIN Baby Boy's Stand Collar Solid Color Robe And Printed Vest Set,Baby & Maternity
,10+ sold recently,13.6,0.0,1.0,Baby Shawl Collar Cable Knit Cardigan,Baby & Maternity
,200+ sold recently,27.22,1.0,1.0,SHEIN Pregnant Women's Fashionable V-Neck Retro Ditsy Floral Dress With Cinched Waist,Baby & Maternity
,2.6k+ sold recently,0.99,0.0,1.0,Cozy Cub 1pair Girls' White High Knee Socks With Bow,Baby & Maternity
,200+ sold recently,7.99,0.0,1.0,Cozy Cub Baby Boy Snug Fit Cartoon Printed Round Neck Top And Pants Pajama Set,Baby & Maternity
,90+ sold recently,1.7,0.0,1.0,"1PC Baby Moon And Heart Shape Pacifier Chain With Clip, Stretchable Stroller Baby Toy, Pacifier Chain,  Silicone, , Baby Toy, Bottle Teether Seat Strap, Baby Gift, Holiday Gift, Suitable For Baby Boys And Girls Infant",Baby & Maternity
,400+ sold recently,8.0,7.0,4.0,"SHEIN Baby Boy Casual Academy Simple Letter Print Design Comfortable Mesh Breathable Wide Shoulder Vest Multipack Suitable For Wearing Out Or Layering, Suitable For Outdoor Activities, Going To School, Vacation, And Sports, Suitable For Home, And Spring/Summer",Baby & Maternity
,200+ sold recently,5.3,9.0,1.0,"SHEIN Baby Boy's Casual Black Chiffon Splice Gold Ribbon Long Sleeve Cardigan, Lightweight And Semi-Transparent",Baby & Maternity
,700+ sold recently,10.1,7.0,1.0,Baby Boy Cartoon Graphic Zip Up Jumpsuit,Baby & Maternity
,100+ sold recently,15.79,0.0,1.0,SHEIN MaterniWear Women Solid Color Floral Print Splicing Nursing Dress Clothing,Baby & Maternity
,,2.5,0.0,1.0,1pc Double-Headed Car Back Seat Short Hook Car Hanger,Baby & Maternity
,,38.69,0.0,1.0,Maternity Dress With Off-Shoulder Puff Sleeve And Mesh Fabric,Baby & Maternity
,20+ sold recently,20.39,0.0,1.0,SHEIN Maternity City Holiday Before Tie Waist Loose Jumpsuit,Baby & Maternity
,,18.09,0.0,1.0,SHEIN Solid Color Maternity Front Button Summer Dress With Rolled Sleeves,Baby & Maternity
,10+ sold recently,9.9,0.0,1.0,1pair Unisex Kids' Soft Non-Slip Hook And Loop Open Toe Flat Casual Fashion Sandals For Summer,Baby & Maternity
,100+ sold recently,22.26,15.0,1.0,SHEIN MaternityWOMEN Street-Style Casual Long Tight Fitted Maternity Dress With Shoulder Straps,Baby & Maternity
,80+ sold recently,24.29,0.0,1.0,"SHEIN Maternity Romantic Garden Elegant, Young And Mature, Shoulder Strap Long Fitted Maternity Dress",Baby & Maternity
,,13.5,0.0,1.0,"1pair Unisex Kids' Classic Korean Style Casual Sports Shoes, Breathable Mesh Material With Antimicrobial & Colorful Shoelaces And Hook-And-Loop Fastener, Perfect For Outdoor Activities, Beach, Travel, Vacation, Leisure, Comfortable And Stylish European And American Youthful Look, All-Season, Slip-Resistant, Durable Soft Sole Children's Sports Shoes",Baby & Maternity
,,11.1,0.0,1.0,"1pair Girls' British Style Flat Shoes, Classic Korean Version Hook-And-Loop Design With Breathable, Odor-Resistant European & American Style Material, Comfortable, Fashionable And Versatile For Back To School, Anti-Slip, Odor-Resistant And Durable Sole, Children's Leather Shoes",Baby & Maternity
,30+ sold recently,12.0,0.0,1.0,"1PC Bookable Handwritten Photo Album With Flat Back Paper Core Insert Bag For Baby Growth Photos Storage Album, 6 Inches, 200 Sheets",Baby & Maternity
,1.0k+ sold recently,6.6,8.0,7.0,1pc Children Gift Hat Metallic Five-Pointed Star Western Cowboy Hat Knitted Jazz Top Hat,Baby & Maternity
,70+ sold recently,17.19,0.0,1.0,"SHEIN Maternity V-Neck Printed Ruffle Sleeve Waist Tie Dress With Split Hem, Perfect For Vacation",Baby & Maternity
,100+ sold recently,4.6,0.0,1.0,"3pcs Newborn Baby Bear Photography Costume Set Including Bear Theme Jumpsuits, Hat And Trousers",Baby & Maternity
,10+ sold recently,3.7,0.0,1.0,1Pc Sanrio Hello Kitty Friends Kuromi Towel Girls Household Bath Absorbent Coral Fleece High Value Cute Scrubbing Head Scrubbing Hand Washing Face Towel,Baby & Maternity
,,25.7,0.0,1.0,Convertible One Shoulder Strap And Hidden Double Shoulder Straps Trolley Luggage Case With Printed Mommy Bag Design,Baby & Maternity
,,17.5,0.0,1.0,"8pcs Baby Silicone Dinnerware Set, Including Round Bowl,  Face Plate, Divided Plate, Spoon, Fork, Cup And Bib",Baby & Maternity
,100+ sold recently,16.49,0.0,1.0,SHEIN Maternity Romantic V-Neck Short Sleeve Waist Tie Floral Print Midi Dress,Baby & Maternity
,200+ sold recently,19.29,0.0,10.0,Maternity Fashionable Off-The-Shoulder Shirred Floral Print Dress,Baby & Maternity
,,12.5,0.0,1.0,"1pair Girls' Classic Korean-Style Hollow Out Toe-Covering Sandals With Hook And Loop Closure, Sweet Forest Embroidered Cherry & Beads Decor, Round Toe, Breathable Outdoor Beach PU Leather, Slip-Resistant, Odor-Proof, Wear-Resistant Sole, Comfortable & Fashionable All-Match Youthful Summer Shoes",Baby & Maternity
,,1.6,0.0,1.0,"2pcs Plaid Hair Bows For Girls,Classic White Black Plaid Pattern Bow Hair Clips For Kids,Full Lined Fashionable Hairpins Barrettes,Girls Daily Barrettes Headpiece,Kids Baby Hair Accessories",Baby & Maternity
,,17.65,4.0,1.0,SHEIN Maternity Dress For Island Vacation,Baby & Maternity
,,11.19,0.0,1.0,SHEIN Maternity Daisy Print A-Line Dress With Low-Cut Tie Shoulder Straps,Baby & Maternity
,40+ sold recently,44.39,0.0,1.0,Maternity Ruffle Trim Mesh Tube Formal Party Dress,Baby & Maternity
,100+ sold recently,26.19,0.0,1.0,SHEIN Maternity Digital Jacquard Printed Casual Long Sleeve Dress With Square Neckline,Baby & Maternity
,1.3k+ sold recently,7.2,9.0,1.0,Baby Girl Summer Cowboy Boots & Floral Print Ruffled Bodysuit,Baby & Maternity
,20+ sold recently,20.45,40.0,1.0,SHEIN Maternity Summer Tie-Dye Printed Splicing Multi-Layer Ruffle Hem Long Elegant Sleeveless Maxi Dress,Baby & Maternity
,90+ sold recently,12.9,8.0,1.0,SHEIN Baby Boy Casual Color Block Polo Collar Short Sleeve Half-Zipper Pullover Top Set,Baby & Maternity
,,13.99,0.0,4.0,SHEIN Summer Beach Maternity Solid Color 3d Floral Detail Thin Strap Bikini Swimwear Set,Baby & Maternity
,100+ sold recently,20.39,0.0,1.0,SHEIN Pregnant Women's Plaid Simple Daily Dress,Baby & Maternity
,,26.4,8.0,1.0,"SHEIN Newborn Baby Boy/Girl Casual All-Match Long Sleeve Romper With Footies And Pants Four-Piece Set, White, Loose Fit, Soft And Comfortable, Suitable For Spring, Autumn, Winter, Home Wear And Outdoors",Baby & Maternity
,,11.1,0.0,1.0,"1pair Girls' British Style Flat Shoes, Classic Korean Version Hook-And-Loop Closure Breathable Antimicrobial Leather, European & American Casual Comfortable Fashionable Footwear, Suitable For School Season. Slip-Resistant, Antimicrobial, Wear-Resistant Sole Children's Leather Shoes",Baby & Maternity
,200+ sold recently,6.1,9.0,1.0,SHEIN Baby Boy Casual Elastic Waistband Swimwear With Decorative Woven Belt 2pcs Outfit,Baby & Maternity
,30+ sold recently,22.73,2.0,1.0,"SHEIN Maternity Ditsy Floral Long Casual Tank Dress, Vacation Style",Baby & Maternity
,,2.8,0.0,1.0,"4pcs Fashionable Candy-Colored Solid Grosgrain Bubble Bow Baby Headbands, Unisex, Suitable For Daily Wear",Baby & Maternity
,100+ sold recently,1.3,0.0,1.0,"1 Set/piece Baby Birthday Hat, One/100th Day Milestone Celebration Hat For Infant Birthday Party Photography Props",Baby & Maternity
,20+ sold recently,17.2,6.0,1.0,1pc Maternity Side Sleeper Waist Support Pillow For Daily Use,Baby & Maternity
,400+ sold recently,5.89,8.0,1.0,Shein Underwear&Sleepwear Maternity Maternity 3pack Solid Bandeau Bra,Baby & Maternity
,,25.7,0.0,1.0,One Shoulder Strap & Detachable Hidden Double Backpack Straps Printed Mummy Bag With Retractable Handle,Baby & Maternity
,,9.8,0.0,1.0,1Pc Hello Kitty Friends Sanrio Melody Carpet Kawaii Home Soft Fur Rugs Children Girls Bedroom Living Room Floor Mat Doormat Decor Birthday Gift Cute Soft Mat Decor For Gift,Baby & Maternity
,10+ sold recently,3.3,8.0,11.0,"1pc Solid Color Girl's Seven-Point Leggings With Scalloped Edge, Suitable For Daily Wear Or Matching Outfits",Baby & Maternity
,,3.5,0.0,1.0,"Silicone Pacifiers( 2 Packs) -  Soother Pacifiers With Handle, Baby Pacifiers For Ages 0-6 Months",Baby & Maternity
,100+ sold recently,21.29,0.0,1.0,SHEIN Maternity  Romantic Elegant Youthful Strapless Top Wide Leg Pants 2-Piece Set,Baby & Maternity
,200+ sold recently,2.9,6.0,5.0,Toddler Kids Minimalist Baseball Cap,Baby & Maternity
,400+ sold recently,8.99,0.0,1.0,Cozy Cub Baby Boy White/Green Striped Short Sleeve T-Shirt With Drop Shoulder Decoration And Round Neck + Solid Color Shorts 2pcs/Set,Baby & Maternity
,300+ sold recently,10.99,0.0,1.0,"SHEIN Maternity Women's Casual Loose Fit Split Hem Long T-Shirt With Round Neckline, Suitable For Young And Mature",Baby & Maternity
,,5.2,0.0,4.0,"1set Pink Newborn Photo Outfit With Plush Teddy Bear, Including Footed Romper And Hat, Unisex Baby Photography Costume For All Seasons And Occasions",Baby & Maternity
,80+ sold recently,20.59,0.0,1.0,SHEIN Maternity Dress For Island Vacation,Baby & Maternity
,30+ sold recently,5.3,0.0,1.0,"9-Piece Sanrio Hello Kitty  Portable Handkerchief Set - Cute, Foldable Pocket Tissues For Travel, Home, Office & School ""Travel-Friendly""",Baby & Maternity
,,1.02,40.0,1.0,"1pc 3D Cartoon Height Measurement Sticker For Kids' Room, Removable Self-Adhesive Wall Decal",Baby & Maternity
,70+ sold recently,17.99,0.0,1.0,Cozy Cub Baby Boy Knitted Soft Solid Color Short Sleeve Round Neck Romper Set Of 3,Baby & Maternity
,,9.3,0.0,1.0,1Pc Hello Kitty Friends Sanrio Melody Carpet Kawaii Home Soft Fur Rugs Children Girls Bedroom Living Room Floor Mat Doormat Decor Birthday Gift Cute Soft Mat Decor For Gift,Baby & Maternity
,400+ sold recently,11.79,0.0,1.0,SHEIN Maternity Nursing Camisole With Ruffled Hem,Baby & Maternity
,70+ sold recently,2.8,20.0,1.0,"1pc Child Simple Fashionable All-Match Sunhat, With Windproof Strap, Suitable For Boys & Girls For Outdoor & Holiday Use In Spring & Summer",Baby & Maternity
,10+ sold recently,5.5,0.0,1.0,"3pcs Wooden Mama Bear, Papa Bear And Baby Bear Puzzle Ornaments, Desktop Decoration For Living Room And Bedroom, Solid Wood Craft DIY",Baby & Maternity
,100+ sold recently,11.2,10.0,1.0,"SHEIN Mommy And Me Matching Outfits, Baby Girl's Casual Solid Color Matte Pressed Pleat Lapel Long Sleeve Shirt With Elastic Waistband Shorts, Suitable For Vacation, Travel",Baby & Maternity
,100+ sold recently,5.4,0.0,1.0,Waterproof Baby Diaper Storage Bag Portable Nappy Organizer With Handle For Outdoors,Baby & Maternity
,,7.62,59.0,1.0,SHEIN Cross V-Neck Ruffle Edge Printed Dress,Baby & Maternity
,,28.19,0.0,1.0,"SHEIN Maternity Casual-Fit Denim Dress With Ruffle Hem And Layered Design, Blue",Baby & Maternity
,30+ sold recently,16.49,0.0,10.0,"SHEIN Summer Beach Maternity Solid Color Loose Hollow Out Cover-Up Dress With Round Neckline And Drop Shoulder Long Sleeves, For Vacation",Baby & Maternity
,,8.1,9.0,1.0,SHEIN Baby Girl Vegetable Print Bow Front Bralette & Mesh Overlay Skirt & Headband Costume Set,Baby & Maternity
,,24.9,30.0,1.0,"LifeTree Muslin Swaddle Blankets 2 Pack Set, Soft Bamboo Cotton, Large 47 x 47 inches, Neutral Baby Swaddling Wrap Nursery Receiving Blanket for Boys & Girls Unisex",Baby & Maternity
,100+ sold recently,4.72,26.0,1.0,"SHEIN Baby Boy Casual & Comfortable College Style Simple & Practical Polo With Decorative Bag Cover, Made Of Soft Textured Fabric, Breathable & Cozy, Suitable For Spring And Summer",Baby & Maternity
,200+ sold recently,14.97,36.0,1.0,SHEIN Maternity Romantic Garden Sweetheart Neck Puff Sleeve Midi Dress,Baby & Maternity
,,16.87,20.0,1.0,"SHEIN Maternity Nursing Dress, Short Tight-Fitting Dress, Shoulder Strap With Pleated Edge Design, Postpartum Mom And Baby Clothes",Baby & Maternity
,,7.7,0.0,1.0,Adjustable Plastic Drawer Divider Set - Children's Desk Storage Can Be Customized By The Family Organizer For Neat Storage,Baby & Maternity
,40+ sold recently,16.69,0.0,1.0,SHEIN Maternity Fashionable Solid Color Strapless Dress,Baby & Maternity
,40+ sold recently,15.8,0.0,1.0,Baby Boy Striped Print Shirt & Shorts Set,Baby & Maternity
,200+ sold recently,19.49,0.0,1.0,SHEIN Maternity Summer City Casual Wear Ruffled Back Fitted Short Dress,Baby & Maternity
,,15.99,0.0,1.0,SHEIN Maternity Summer Casual Solid Color Side Split Nursing Cami Dress,Baby & Maternity
,70+ sold recently,18.31,20.0,1.0,SHEIN Maternity Off-Shoulder Bandeau Bodycon Midi Dress For Island Vacation,Baby & Maternity
,,27.29,0.0,1.0,Joyfunear Pregnant Women Asymmetrical Neckline Mesh Splice Solid Color Party Dress,Baby & Maternity
,20+ sold recently,8.2,8.0,11.0,"3pcs Girls' Solid Color Cropped Leggings With Ruffled Edges, Perfect For Daily Wear",Baby & Maternity
,,6.4,0.0,1.0,"1PC Maternity Breastfeeding Pillow, More Convenient To Feed Your Baby",Baby & Maternity
,20+ sold recently,21.14,25.0,1.0,SHEIN Maternity Elegant And Mature Puff Sleeve Medium Long Dress With Square Neck,Baby & Maternity
,800+ sold recently,7.5,6.0,1.0,Baby Boy Printed Footed Romper With Long Boots And Hat,Baby & Maternity
,,4.5,0.0,1.0,"24pcs Crown Aluminum Film Balloons For Boy & Girl Birthday Party, 1st Birthday Decoration Balloons",Baby & Maternity
,100+ sold recently,12.09,0.0,1.0,"SHEIN Maternity Rompers, Young Sports Casual Adjustable Strap With Buttons Tight Crop Jumpsuits",Baby & Maternity
,,2.2,0.0,1.0,"20 Pcs Confetti Cannon, Confetti Poppers, Wedding Confetti, Birthday Confetti, Party Poppers,  Confetti, Mini Confetti Poppers, Handheld Confetti",Baby & Maternity
,80+ sold recently,31.49,0.0,1.0,"SHEIN Maternity 1pc Nursing Outfits For Postpartum Mother And Baby Interaction, V-Neck Puff Sleeve Loose Midi Dress",Baby & Maternity
,200+ sold recently,25.49,0.0,1.0,SHEIN Maternity  Style Elegant Young And Mature Square Collar Short Sleeve Mid-Length Fitted Dress,Baby & Maternity
,,8.9,0.0,1.0,1pc  Sanrio Cartoon Children's Room KT Mat Floor Mat Bedroom Entrance Household Seat Mat Cute HelloKitty Girl Heart Bathroom Water Absorbing Floor Mat,Baby & Maternity
,10+ sold recently,8.99,0.0,1.0,Cozy Cub Baby Boy 2pcs Bee Pattern Knitted Soft Round Neck Sleeveless Romper With Half-Zipper Front,Baby & Maternity
,,8.5,9.0,1.0,"Baby Girl's Casual Knitwear, Solid Color Knitted Embroidery Heart Hollow Lace Cardigan, Suitable For Spring, Summer And Autumn, Anti-Sun Light Lightweight Coat Shawl, Air Conditioning Cardigan",Baby & Maternity
,10+ sold recently,1.32,40.0,1.0,1pc Girl's Breathable Hollow Out Fishnet Tights Solid Color Bee Pattern Leggings,Baby & Maternity
,,19.99,0.0,6.0,"Cozy Cub Fashionable Embroidered Western Style Baby Short Boots, Cute And Comfortable",Baby & Maternity
,70+ sold recently,8.06,24.0,1.0,SHEIN Baby Girls' Summer Comfortable Handmade Knitted Hollow Flower Fringed Tank Top,Baby & Maternity
,80+ sold recently,27.59,0.0,9.0,Joyfunear Maternity Women Fashionable Solid Color Mesh Sleeve Off Shoulder Dress,Baby & Maternity
,,14.19,0.0,1.0,SHEIN Maternity Vacation Casual Solid Color Jumpsuit With Straps,Baby & Maternity
,,2.3,50.0,1.0,"Wooden Baby Kids Tooth Storage Box, Tooth Wooden Box Organizer, Milk Teeth Wooden Storage Collecting Teeth Umbilical Cord Box 4.65*4.53*.1.1inch/11.8*11.8*2.8cm,",Baby & Maternity
,300+ sold recently,11.99,0.0,1.0,SHEIN Maternity Vacation Casual Small Floral Print Halter Neck Backless Thigh-High Split Dress With Ribbon Ties,Baby & Maternity
,600+ sold recently,15.79,0.0,5.0,SHEIN Maternity All-Over Printed Shirred Strapless Dress,Baby & Maternity
,100+ sold recently,3.3,8.0,1.0,"SHEIN Cute Unisex Baby Boys Girls Casual Knitted Sleeveless Top With Letter & Patchwork Pattern, Suitable For Summer",Baby & Maternity
,,14.89,0.0,1.0,SHEIN Maternity Summer Solid Color Round Neck Short Sleeve Crop Top And Floral Printed Casual Pants Two-Piece Set,Baby & Maternity
,,44.99,25.0,7.0,"Momcozy Multifunctional And Adjustable Nursing Pillow For Breastfeeding, Original Plus Size Breastfeeding Pillows For Mom Grey",Baby & Maternity
,100+ sold recently,22.49,0.0,1.0,SHEIN Maternity Romantic Garden Elegant Mature Grid Printed Sleeveless Long Loose Dress,Baby & Maternity
,,2.9,0.0,1.0,1pc Blue Wave Curved Blade Rain Curtain Mermaid Themed Birthday Party Background Decorative Prop,Baby & Maternity
,10+ sold recently,2.0,0.0,1.0,"10pcs, Red Confetti Balloons, 12 Inch Clear Latex Red Confetti Balloon With Confetti Inside For Graduation Engagement Bridal Shower Party Baby Shower Birthday Anniversary Christmas Party Decoration Supplies",Baby & Maternity
,700+ sold recently,3.1,0.0,1.0,"SHEIN X Care Bears 2pcs/Set Baby Pink Hair Brush Comb, Anti-Static And No Hair Damage",Baby & Maternity
,,3.7,0.0,1.0,"1pc Cute Cartoon Mushroom Head Newborn Baby Feeding Bottle, Breastfeeding-Like Bottle, Suitable For Babies 0-24 Months",Baby & Maternity
,60+ sold recently,25.09,0.0,1.0,SHEIN Maternity Outing Holiday Nursing Square Neck Short Sleeve Top,Baby & Maternity
,10+ sold recently,0.96,40.0,1.0,1pc Multipurpose Solid Half Round Foam Party Decoration For Baby Shower,Baby & Maternity
,,24.99,38.0,1.0,Baby Disposable Changing Pads 100 Count Incontinence Underpad Diaper Changing Liners Disposable Chux Pads 13x18in Quick Absorb Soft Breathable Waterproof Leak Proof,Baby & Maternity
,10+ sold recently,10.0,0.0,1.0,"1pc Canvas Toy & Clothing Storage Basket With Handles, Laundry Hamper, Toy Organizer, No Lid",Baby & Maternity
,,4.4,0.0,1.0,Baby Shower Decorations For Girl Sweet Baby Girl Wooden Sign Photo Props For Newborn Gender Reveal Party Supplies,Baby & Maternity
,10+ sold recently,17.5,30.0,1.0,SHEIN Maternity Ruffle Hem Button Front Ruffle Hem Dress,Baby & Maternity
,,21.99,0.0,6.0,"Cozy Cub New Arrival Comfortable Embroidery Breathable Flat Short Boots With Zipper Design For Easy On And Off, Infants And Toddlers' Size",Baby & Maternity
,60+ sold recently,36.2,15.0,1.0,SHEIN Maternity Summer Casual Solid Color Off-Shoulder Hollow Out Embroidery Dress,Baby & Maternity
,,14.99,0.0,1.0,Rustic Baby Shower Games,Baby & Maternity
,,25.03,23.0,5.0,"1pc Baby Diaper Bag Backpack With Changing Station, Multifunction Portable Waterproof Large Capacity Travel Baby Changing Bags, Baby Stuff Organizer , Baby Registry Search, Baby Diaper Bags For Boys & Girls, Baby Shower Gifts, Newborn Baby Essential Gifts",Baby & Maternity
,,6.66,10.0,1.0,1pair Unisex Baby Winter Short Boots With Soft Rubber Anti-Slip Sole For Learning To Walk,Baby & Maternity
,,13.2,0.0,1.0,"1pc Baby Room Storage Bag - 4-Layer Multi-Pocket Storage Hanging Organizer For Nursery, Hang On Wall/Door, Baby Storage Accessories",Baby & Maternity
,,6.1,0.0,1.0,10pcs Mixed Cartoon Forest Animal Aluminum Foil Balloons For Children's Forest Animal Themed Birthday Party Decorations,Baby & Maternity
,,2.2,0.0,1.0,"1pc Solid Color Training Pants, Soft Underwear, Washable Diaper Learning Pants, Breathable Diaper",Baby & Maternity
