available_color,product_name,selling_proposition,price,discount,rank_title,rank_sub,main_category
15.0,Manfinity Homme Loose Fit Men's Solid Color Button Up Shirt,10k+ sold recently,11.99,0.0,,,Men's Clothing
1.0,Manfinity Joysei Men's Star Patterned Shorts With Drawstring Waist,,11.19,0.0,#8 Best Seller,in Blue Men Clothing,Men's Clothing
1.0,"Men's Summer Casual Short Sleeve T-Shirt With Slogan And Character Print, Round Neck",,8.09,0.0,#10 Best Seller,in Figure Men T-Shirts,Men's Clothing
11.0,Manfinity Homme Men's Contrast Color Short Sleeve Polo Shirt With Decorative Details,10k+ sold recently,9.99,0.0,,,Men's Clothing
7.0,Manfinity EMRG Loose Fit Men Plus Letter Printed Graphic Tee,30+ sold recently,3.48,0.0,,,Men's Clothing
6.0,Manfinity Hypemode Loose Fit Men's Cotton Jeans With Slant Pockets Baggy Long Washed Skater Jean Cargo Plain Light Blue Going Out Y2K Friends,,24.69,0.0,#8 Best Seller,in Pocket Men Jeans,Men's Clothing
10.0,Manfinity Hypemode Men Solid Button Up Shirt & Drawstring Waist Pants Without Tee,,22.79,0.0,#2 Best Seller,in Fabric Men Shirt Co-ords,Men's Clothing
8.0,Men's Summer Letter Printed Short Sleeve Round Neck Casual Commute T-Shirt,80+ sold recently,4.1,0.0,,,Men's Clothing
6.0,Manfinity Homme Men's Simple Print/Pattern/Letter Short Sleeve T-Shirt,3.8k+ sold recently,7.99,0.0,,,Men's Clothing
4.0,Manfinity Homme Men Plus Size Summer Casual Solid Texture Short Sleeve T-Shirt And Shorts Set,,23.95,0.0,#2 Best Sellers,in Men Plus Size Co-ords,Men's Clothing
1.0,"ROMWE Street Life Men's 2pcs Slogan Printed Shorts, Suitable For Daily Wear In Spring And Summer",100+ sold recently,15.49,0.0,,,Men's Clothing
23.0,Manfinity Homme Men's Solid Color Round Neck Short Sleeve T-Shirt,,6.29,0.0,#10 Best Seller,in Black Men Clothing,Men's Clothing
10.0,Manfinity Hypemode Loose Men Slant Pockets Drawstring Waist Shorts,500+ sold recently,3.95,0.0,,,Men's Clothing
5.0,Manfinity LEGND Plus Size Round Neck Letter Printed Short Sleeve T-Shirt For Summer,600+ sold recently,9.29,0.0,,,Men's Clothing
12.0,Manfinity EMRG Men Bear & Letter Graphic Tee & Drawstring Waist Shorts,,15.79,0.0,#2 Best Seller,In Cartoon Men Clothing,Men's Clothing
6.0,Manfinity RSRT Men's Plus Size Fashion Color Block Button-Down Shirt And Shorts Set,800+ sold recently,21.55,0.0,,,Men's Clothing
1.0,Manfinity Homme Men Solid Button Up Shirt & Shorts Set,,19.79,0.0,#1 Best Seller,in White Men Shirt Co-ords,Men's Clothing
1.0,"Manfinity Hypemode Manfinity Hypemode Men's Men Beach Outfits Printed Single-Breasted Casual Knitted Top, Ideal For Vacation, Summer",10+ sold recently,13.99,0.0,,,Men's Clothing
1.0,Manfinity Homme Men Plus Size Summer Round Neck Landscape Print Short Sleeve T-Shirt And Drawstring Pocket Shorts Two-Piece Set,1.0k+ sold recently,17.99,0.0,,,Men's Clothing
1.0,Men's Solid Color Short Sleeve Polo Shirt And Drawstring Shorts Summer Casual Outfit,500+ sold recently,16.23,0.0,,,Men's Clothing
4.0,"Men's Summer Short-Sleeve Casual T-Shirt With Letter Print, Round Neck",,7.99,0.0,#9 Best Seller,in Polyester Men T-Shirts,Men's Clothing
7.0,Men Drawstring Waist Zipper Pocket Shorts,,9.29,0.0,#10 Best Seller,in Plain Men Shorts,Men's Clothing
1.0,Manfinity Homme Men's Plus Size Summer Casual Short Sleeve T-Shirt With Slogan Print And Crew Neck,,10.29,0.0,#9 Best Seller,in Colorblock Men Plus Size Clothing,Men's Clothing
1.0,Manfinity Homme Men's Short Sleeve Shirt,1.3k+ sold recently,12.76,0.0,,,Men's Clothing
9.0,Manfinity Homme Men's Solid Color Short Sleeve Polo Shirt,,13.19,0.0,#4 Best Seller,in White Men Polo Shirts,Men's Clothing
7.0,Manfinity Men Cartoon & Slogan Graphic Tee,600+ sold recently,6.95,0.0,,,Men's Clothing
1.0,Manfinity RSRT Men's Plus Size Summer Palm Tree & Letter Print Round Neck Short Sleeve Casual T-Shirt And Drawstring Waist Shorts Set,30+ sold recently,7.21,0.0,,,Men's Clothing
7.0,Men's Casual Drop-Shoulder Short Sleeve T-Shirt With Letter Print For Summer,20+ sold recently,3.85,0.0,,,Men's Clothing
8.0,Manfinity Homme Loose-Fit Men's Solid Color T-Shirt & Drawstring Waist Shorts,,20.69,0.0,#4 Best Seller,in Green Men Co-ords,Men's Clothing
7.0,Manfinity EMRG Men's Letter Printed Hooded Casual Sweatshirt,,14.19,0.0,#5 Best Seller,in Letter Men Hoodies & Sweatshirts,Men's Clothing
10.0,Manfinity EMRG Men's Letter Printed Slim Fit Short Sleeve T-Shirt For Summer,6.8k+ sold recently,7.89,0.0,,,Men's Clothing
1.0,Manfinity RSRT Men Plus Gradient Color Short Sleeve Shirt And Shorts Set,1.2k+ sold recently,22.49,0.0,,,Men's Clothing
9.0,Manfinity Homme Loose Fit Men's Solid Color Waffle Knit T-Shirt,1.6k+ sold recently,8.89,0.0,,,Men's Clothing
5.0,Manfinity Homme Men T-Shirts Fit Crew Neck Short Sleeve Graphic Tee Casual Colorful Summer Knit Top,3.0k+ sold recently,8.39,0.0,,,Men's Clothing
12.0,Manfinity Men Horse Print Striped Trim Polo Shirt,6.3k+ sold recently,10.89,0.0,,,Men's Clothing
1.0,Manfinity Homme Men's Plus-Size Summer Poker Pattern Print Round Neck Short Sleeve T-Shirt And Drawstring Waist Shorts Outfits,,12.29,0.0,#1 Best Seller,in Red Men Plus Size Co-ords,Men's Clothing
12.0,Manfinity Mode Men Contrast Trim Polo Shirt,1.3k+ sold recently,11.49,0.0,,,Men's Clothing
1.0,Manfinity Homme Men Two Tone Pocket Patched Shirt & Drawstring Waist Pants Without Tee,300+ sold recently,16.35,0.0,,,Men's Clothing
9.0,Manfinity Homme Loose Fit Men's Flap Pocket Side Cargo Shorts,,13.49,0.0,#2 Best Seller,in Khaki Men Shorts,Men's Clothing
6.0,Manfinity Homme Men Striped Print Polo Shirt,1.7k+ sold recently,6.55,0.0,,,Men's Clothing
5.0,Manfinity Homme Knitted Casual Letter Printed Round Neck Short Sleeve T-Shirt And Long Pants Two-Piece Set (Plus Size),,8.68,0.0,#6 Best Seller,in Khaki Men Plus Size T-Shirt Co-ords,Men's Clothing
10.0,ROMWE Street Life Men Floral Print Drawstring Waist Shorts,10k+ sold recently,9.79,0.0,,,Men's Clothing
7.0,Manfinity Swimmode Men Striped Letter Patched Detail Drawstring Waist Swim Shorts,,11.99,0.0,#5 Best Seller,in Boho Men Swimwear,Men's Clothing
10.0,Men Ripped Frayed Skinny Jeans,3.2k+ sold recently,25.89,0.0,,,Men's Clothing
8.0,Manfinity Homme Men's Plus Size Letter Printed Short Sleeve T-Shirt,,9.19,0.0,#1 Best Seller,in Casual Men Plus Size Tops,Men's Clothing
19.0,Manfinity RSRT Men Solid Button Up Shirt & Shorts,4.7k+ sold recently,16.89,0.0,,,Men's Clothing
4.0,Manfinity Homme Men Grid Print Drawstring Waist Pants,1.6k+ sold recently,16.13,0.0,,,Men's Clothing
9.0,Men Solid Drawstring Pocket Detail Thermal Lined Sweatshirt,1.8k+ sold recently,7.89,0.0,,,Men's Clothing
1.0,Manfinity LEGND Men Plus Ombre Tee & Drawstring Waist Shorts,,20.09,0.0,#8 Best Seller,in Black Men Plus Size T-Shirt Co-ords,Men's Clothing
9.0,Manfinity Homme Men Striped Print Shirt,,11.19,0.0,#1 Best Seller,in Striped Men Shirts,Men's Clothing
4.0,Manfinity RSRT Men Floral Print Shirt & Shorts Without Tee,3.2k+ sold recently,18.09,0.0,,,Men's Clothing
1.0,Manfinity Chillmode Men Tropical Print Tank Top & Drawstring Waist Shorts,,6.63,0.0,#2 Best Seller,in Black Men Tank Top Co-ords,Men's Clothing
6.0,Manfinity Homme Men Plus Solid Tee & Shorts,,22.22,0.0,#8 Best Seller,in Plain Men Plus Size T-Shirt Co-ords,Men's Clothing
1.0,Men'S Emoticon & Letter Printed T-Shirt,6.0k+ sold recently,3.7,0.0,,,Men's Clothing
14.0,Manfinity Chillmode Men Tropical Print Tee & Drawstring Waist Shorts,5.9k+ sold recently,14.72,0.0,,,Men's Clothing
9.0,Manfinity Homme Men's Coconut Tree Print Short Sleeve T-Shirt Set,10k+ sold recently,14.79,0.0,,,Men's Clothing
8.0,"Manfinity LEGND Men's Casual Short Sleeve T-Shirt With Mushroom Print, Spring/Summer",800+ sold recently,10.39,0.0,,,Men's Clothing
1.0,Men Cartoon & Slogan Graphic Kangaroo Pocket Drawstring Thermal Hoodie,100+ sold recently,5.67,0.0,,,Men's Clothing
1.0,Men's Summer Slogan Palm Tree Printed Round Neck Casual Short Sleeve T-Shirt,50+ sold recently,2.94,0.0,,,Men's Clothing
11.0,Manfinity Hypemode Men's Random Tie-Dyeing Gradient Letter Print Short Sleeve T-Shirt,10k+ sold recently,7.09,0.0,,,Men's Clothing
4.0,Manfinity Basics Men 3pcs Solid Round Neck Tee,3.2k+ sold recently,16.39,0.0,,,Men's Clothing
4.0,Manfinity Homme Men Plus Size Solid Color Round Neck Short Sleeve T-Shirt + Drawstring Pocket Shorts Set,,20.99,0.0,#2 Best Seller,in Plain Men Plus Size T-Shirt Co-ords,Men's Clothing
10.0,Men's Solid Color Fine Ribbed Polo Shirt,2.3k+ sold recently,11.49,0.0,,,Men's Clothing
8.0,Manfinity Modomio Loose-Fit Men's Solid Color Shirt And Pants Suit,1.8k+ sold recently,19.79,0.0,,,Men's Clothing
5.0,Manfinity Homme Men Patch Detail Drawstring Waist Shorts Jogger Color Block Light Grey Casual,,9.97,0.0,#9 Best Seller,in Patched Men Bottoms,Men's Clothing
1.0,Manfinity Homme Men's Plus Size Summer Letter Printed Round Neck Short Sleeve Casual T-Shirt And Shorts Set,40+ sold recently,9.34,0.0,,,Men's Clothing
1.0,"ROMWE Street Life Men's Portrait Print Shorts, Suitable For Daily Wear In Spring And Summer",,11.19,0.0,#6 Best Seller,in Letter Men Bottoms,Men's Clothing
1.0,Manfinity EMRG Men's Loose Casual Cargo Pants With Flap Pockets And Drawstring Waist,300+ sold recently,14.36,0.0,,,Men's Clothing
9.0,Manfinity LEGND Men Flap Pocket Drawstring Waist Cargo Shorts,3.9k+ sold recently,12.69,0.0,,,Men's Clothing
9.0,Manfinity RSRT Men Plants Print Button Up Shirt Without Tee,,9.89,0.0,#7 Best Sellers,in Button-up shirt,Men's Clothing
1.0,Manfinity Hypemode Men Plus Bear Print Tee & Plaid Drawstring Waist Shorts,500+ sold recently,22.87,0.0,,,Men's Clothing
11.0,Men Cotton Ripped Straight Leg Jeans,7.6k+ sold recently,23.09,0.0,,,Men's Clothing
12.0,Manfinity Homme Men's Solid Color Short Sleeve Shirt,6.5k+ sold recently,13.29,0.0,,,Men's Clothing
12.0,Manfinity Homme Men Solid Button Front Shirt & Drawstring Waist Shorts Without Tee,2.6k+ sold recently,17.39,0.0,,,Men's Clothing
1.0,Men's Plus Size Letter Printed Short Sleeve T-Shirt,200+ sold recently,7.02,0.0,,,Men's Clothing
14.0,Manfinity Homme Men Floral & Letter Graphic Shirt & Drawstring Waist Shorts Without Tee,5.3k+ sold recently,20.59,0.0,,,Men's Clothing
1.0,3pcs Men's Summer Thin Ice Silk Quick-Drying Stylish Casual Running Fitness Beach Shorts Set,6.8k+ sold recently,19.19,0.0,,,Men's Clothing
10.0,Manfinity Bizformal Men's Solid Color Skinny Fit Suit Pants Without Belt,1.1k+ sold recently,13.59,0.0,,,Men's Clothing
6.0,Manfinity Hypemode Men Loose Embroidery Star Pattern Contrast Piping Pants,1.2k+ sold recently,17.59,0.0,,,Men's Clothing
1.0,"Manfinity RSRT Men's Plus-Size Striped Print Short Sleeve Button-Front Shirt And Pocketed Shorts Set, Summer Casual Vacation Style",50+ sold recently,9.36,0.0,,,Men's Clothing
1.0,"Manfinity CasualCool Men Hawaiian Tropical Plant Printed Short Sleeve Casual Shirt And Shorts Set, Summer",1.1k+ sold recently,12.45,0.0,,,Men's Clothing
11.0,Manfinity Homme Loose Fit Men's Cargo Shorts With Flap Pockets And Drawstring Waist,10k+ sold recently,11.69,0.0,,,Men's Clothing
8.0,Manfinity Homme Men Fashion Print Short-Sleeve Loose T-Shirt,500+ sold recently,9.09,0.0,,,Men's Clothing
1.0,Manfinity RSRT Men Plus Size Solid Color Button Polo Collar Short Sleeve Casual T-Shirt For Summer,100+ sold recently,10.49,0.0,,,Men's Clothing
1.0,Manfinity EMRG Men's Summer Car Letter Printed Round Neck Short Sleeve Casual T-Shirt And Drawstring Waist Shorts Set,,13.1,0.0,#8 Best Seller,in Graphic Men T-Shirt Co-ords,Men's Clothing
1.0,Manfinity Hypemode Men Cartoon Graphic Drawstring Waist Shorts,4.3k+ sold recently,8.59,0.0,,,Men's Clothing
1.0,Manfinity LEGND Double Layer Drawstring Letter And Cross Print Casual Shorts For Summer,,11.19,0.0,#1 Best Seller,in Letter Men Shorts,Men's Clothing
1.0,Men Letter Printed Casual Short Sleeve T-Shirt With Round Neck For Spring And Summer,,4.27,0.0,,,Men's Clothing
11.0,Manfinity Hypemode Bear Print T-Shirt And Shorts Knitting Casual Two-Piece Set,,18.19,0.0,#6 Best Seller,in Animal Men Co-ords,Men's Clothing
7.0,Manfinity EMRG Men Floral & Slogan Graphic Drop Shoulder Tee,,8.58,0.0,#1 Best Seller,in Floral Men T-Shirts,Men's Clothing
6.0,Manfinity Homme Men Drawstring Waist Slant Pocket Shorts,5.0k+ sold recently,11.58,0.0,,,Men's Clothing
5.0,Manfinity LEGND Men Plus Slogan Graphic Tee,500+ sold recently,7.45,0.0,,,Men's Clothing
1.0,Manfinity Hypemode Men'S Knitted Casual Printed Two-Piece Set,10k+ sold recently,24.44,0.0,,,Men's Clothing
5.0,Men's Bear Print Round Neck Short Sleeve T-Shirt,,8.69,0.0,#3 Best Seller,In Cartoon Men Clothing,Men's Clothing
9.0,Manfinity Basics Men's Drawstring Waist Casual Woven Shorts,,5.89,0.0,#7 Best Seller,in Purple Men Clothing,Men's Clothing
1.0,Manfinity Homme Men Plus Size Summer Casual Color Block Short Sleeve T-Shirt And Shorts Set,10+ sold recently,9.01,0.0,,,Men's Clothing
9.0,Manfinity LEGND Men Summer Gradient Letter Printed Round Neck Short Sleeve Casual T-Shirt And Shorts Set,,15.29,0.0,#9 Best Seller,in Pocket Men T-Shirt Co-ords,Men's Clothing
8.0,Manfinity Homme Men Geometric Printed Long Sleeve Shirt For Spring And Autumn,300+ sold recently,8.89,0.0,,,Men's Clothing
5.0,Manfinity Homme Men's Solid Color Polo Shirt,1.7k+ sold recently,9.99,0.0,,,Men's Clothing
6.0,Manfinity EMRG Men Eye & Letter Graphic Drop Shoulder Tee,,8.59,0.0,#6 Best Seller,in Khaki Men Tops,Men's Clothing
1.0,Manfinity ResortEase Men's Plus Size Geometric Dark Striped V-Neck Short Sleeve T-Shirt And Loose Casual Shorts Summer Set,,25.79,0.0,#9 Best Seller,in White Men Plus Size Co-ords,Men's Clothing
6.0,Manfinity Hypemode Loose Fit Men's Drawstring Waist Shorts With Letter Patch Detail,,9.99,0.0,#2 Best Seller,in Orange Men Shorts,Men's Clothing
10.0,"Manfinity Men's Solid Color Tank Tops, Multiple Pieces",10k+ sold recently,14.79,0.0,,,Men's Clothing
8.0,Manfinity Basics Men Solid Drawstring Waist Pants,1.5k+ sold recently,12.49,0.0,,,Men's Clothing
7.0,Men Ripped Frayed Denim Shorts,,16.49,0.0,#1 Best Seller,in Denim Men Clothing,Men's Clothing
4.0,Manfinity Homme Men Solid Button Up Shirt,,13.19,0.0,#3 Best Seller,in White Men Shirts,Men's Clothing
1.0,Manfinity Homme Men's Summer Solid Short Sleeve Polo Shirt For Casual And Work,900+ sold recently,12.99,0.0,,,Men's Clothing
4.0,Manfinity Homme Men Solid Shirt & Drawstring Waist Shorts Without Tee,100+ sold recently,16.96,0.0,,,Men's Clothing
5.0,Manfinity EMRG Round Neck Race Car And Letters Print Short Sleeve T-Shirt For Summer,,7.49,0.0,#4 Best Seller,in Animal Men T-Shirts,Men's Clothing
17.0,Manfinity Men's Short Sleeve Polo Shirt With Colorblocking Design,6.2k+ sold recently,11.59,0.0,,,Men's Clothing
6.0,Men's Round Neck Casual & Business Letter Printed T-Shirt,,4.78,0.0,#10 Best Seller,in Geometric Men T-Shirts,Men's Clothing
6.0,Manfinity Homme Men'S Solid Color Short Sleeve T-Shirt And Shorts Set,6.1k+ sold recently,16.89,0.0,,,Men's Clothing
9.0,Manfinity EMRG Men's Loose Fit Drawstring Waist Flip Pocket Cargo Shorts,,12.69,0.0,#9 Best Seller,in Plain Men Shorts,Men's Clothing
8.0,ROMWE Street Life Men's Skull & Paisley Print Drawstring Waist Shorts,10k+ sold recently,11.49,0.0,,,Men's Clothing
5.0,Manfinity Men Tropical & Letter Graphic Tee,2.7k+ sold recently,4.02,0.0,,,Men's Clothing
16.0,Men Drawstring Waist Track Shorts,,8.79,0.0,#8 Best Seller,in Loose Men Clothing,Men's Clothing
6.0,Manfinity Chillmode Men Tropical Print Tee & Drawstring Waist Shorts,,15.99,0.0,#1 Best Seller,in Woven Fabric Men T-Shirt Co-ords,Men's Clothing
4.0,Manfinity Hypemode Men Solid Ribbed Knit Top,200+ sold recently,8.54,0.0,,,Men's Clothing
6.0,Manfinity KASUA Men's Solid Colored Drop Shoulder Loose T-Shirt & Shorts Set,2.6k+ sold recently,17.38,0.0,,,Men's Clothing
1.0,Manfinity Hypemode Men Slogan Graphic Tee & Shorts,3.9k+ sold recently,15.67,0.0,,,Men's Clothing
6.0,Men's Round Neck Casual & Business Letter Printed T-Shirt,,4.78,0.0,#10 Best Seller,in Geometric Men T-Shirts,Men's Clothing
17.0,Manfinity Men's Short Sleeve Polo Shirt With Colorblocking Design,,11.59,0.0,#10 Best Seller,in Plain Men Polo Shirts,Men's Clothing
8.0,ROMWE Street Life Men's Skull & Paisley Print Drawstring Waist Shorts,10k+ sold recently,11.49,0.0,,,Men's Clothing
5.0,Manfinity Men Tropical & Letter Graphic Tee,2.7k+ sold recently,4.02,0.0,,,Men's Clothing
16.0,Men Drawstring Waist Track Shorts,,8.79,0.0,#8 Best Seller,in Loose Men Clothing,Men's Clothing
1.0,Nearly There Spain Solo Cups Mens Graphic Cotton Tank Top,,14.99,0.0,,,Men's Clothing
6.0,Manfinity Chillmode Men Tropical Print Tee & Drawstring Waist Shorts,,15.99,0.0,#1 Best Seller,in Woven Fabric Men T-Shirt Co-ords,Men's Clothing
8.0,DAZY Men's Summer Solid Color Round Neck Short Sleeve Casual T-Shirt,,4.47,0.0,,,Men's Clothing
6.0,Manfinity KASUA Men's Solid Colored Drop Shoulder Loose T-Shirt & Shorts Set,2.6k+ sold recently,17.38,0.0,,,Men's Clothing
1.0,Manfinity Hypemode Men Slogan Graphic Tee & Shorts,3.9k+ sold recently,15.67,0.0,,,Men's Clothing
10.0,Manfinity EMRG Loose Men Letter & Bull Head Print Round Neck T-Shirt,1.0k+ sold recently,8.79,0.0,,,Men's Clothing
1.0,Nearly There Italy Solo Cups Mens Graphic Cotton Tank Top,,14.99,0.0,,,Men's Clothing
1.0,Manfinity Mode Men Allover Print Contrast Trim Polo Shirt,10k+ sold recently,10.79,0.0,,,Men's Clothing
7.0,Manfinity EMRG Men Cross Print Drawstring Waist Sweatpants Long Flare Going Out Goth Friends,,12.99,0.0,#1 Best Seller,in Pocket Men Sweatpants,Men's Clothing
1.0,Manfinity Homme Men's Knitted Multi-Pocket Cargo Shorts,40+ sold recently,4.55,0.0,,,Men's Clothing
4.0,Manfinity Homme Men Ombre Button Up Shirt Without Tee,3.3k+ sold recently,11.59,0.0,,,Men's Clothing
10.0,Manfinity Loose Fit Men's Cargo Shorts With Flap Pockets & Drawstring Waist,1.3k+ sold recently,11.29,0.0,,,Men's Clothing
12.0,Manfinity Sporsity Men's Summer Casual Color Block Patchwork Short Sleeve Polo Shirt,100+ sold recently,4.76,0.0,,,Men's Clothing
6.0,Men's Drawstring Waistband Pocket Beach Shorts With Wavy Print,2.8k+ sold recently,11.49,0.0,,,Men's Clothing
10.0,"Men's Corduroy Casual Shorts, Versatile Bermuda Shorts",300+ sold recently,10.59,0.0,,,Men's Clothing
29.0,Men Solid Round Neck Tee,6.0k+ sold recently,7.49,0.0,,,Men's Clothing
12.0,Manfinity Basics Men'S Solid Casual Short Sleeve T-Shirt,1.7k+ sold recently,18.81,0.0,,,Men's Clothing
13.0,Manfinity Homme Men Lapel Collar Button Front Shirt,2.9k+ sold recently,11.68,0.0,,,Men's Clothing
1.0,Nearly There Japan Solo Cups Mens Graphic Cotton Tank Top,,14.99,0.0,,,Men's Clothing
4.0,Manfinity LEGND Loose-Fitting Men's Letter Patch Detail Flap Pocket Drawstring Waist Cargo Shorts,2.5k+ sold recently,11.89,0.0,,,Men's Clothing
1.0,Men Fashion Loose Fit Color Block Design Casual Shorts,10+ sold recently,3.74,0.0,,,Men's Clothing
11.0,Manfinity Homme Men Fashionable Short-Sleeved T-Shirt With Gradient Color And Printed Pattern For Summer,3.6k+ sold recently,8.59,0.0,,,Men's Clothing
1.0,Men's Casual Round Neck Letter And Eye Patterned Commute T-Shirt,900+ sold recently,7.43,0.0,,,Men's Clothing
1.0,Manfinity LEGND Men Cartoon Graphic Tee & Drawstring Waist Shorts,,13.2,0.0,#4 Best Seller,in Black Men T-Shirt Co-ords,Men's Clothing
1.0,Nearly There South Korea Solo Cups Mens Graphic Cotton Tank Top,,14.99,0.0,,,Men's Clothing
11.0,Manfinity Homme Men's Digital Print Short Sleeve And Shorts Two Piece Set,,14.69,0.0,#3 Best Sellers,in Men T-Shirt Co-ords,Men's Clothing
9.0,Manfinity LEGND Men Tie Dye Letter Graphic Tee,5.2k+ sold recently,8.79,0.0,,,Men's Clothing
10.0,Manfinity Homme Men Solid Polo Shirt,3.7k+ sold recently,9.79,0.0,,,Men's Clothing
1.0,Manfinity Homme Loose Fit Men's White Knitted Round Neck Short Sleeve T-Shirt,2.6k+ sold recently,8.99,0.0,,,Men's Clothing
6.0,"ROMWE Street Life Men'S High Street Vintage Acid Washed Round Neck T-Shirt With Distressed Snowflakes Print, Suitable For Casual Wear In Spring And Summer",,15.59,0.0,#9 Best Seller,in Black Men Tops,Men's Clothing
15.0,Dem Boys Dallas  Mens T-Shirt,,20.0,0.0,,,Men's Clothing
20.0,Manfinity Hypemode Men Expression Print Drop Shoulder Tee,3.0k+ sold recently,8.59,0.0,,,Men's Clothing
7.0,Men's Summer Casual Short Sleeve T-Shirt With Slogan Printed And Round Neck,80+ sold recently,7.43,0.0,,,Men's Clothing
1.0,Manfinity Homme Men Geo Print Quarter Zip Polo Shirt,1.7k+ sold recently,10.99,0.0,,,Men's Clothing
5.0,Manfinity Homme Men Color Block Quarter Zip Polo Shirt,600+ sold recently,10.89,0.0,,,Men's Clothing
8.0,Manfinity Homme Loose Men's Solid Color Half Button Shirt,6.2k+ sold recently,14.79,0.0,,,Men's Clothing
15.0,SunDEY FunDEY Sunday Funday Mens T-Shirt,,21.0,0.0,,,Men's Clothing
4.0,Manfinity RSRT Men Tropical Print Shirt & Drawstring Waist Shorts Without Tee,10k+ sold recently,17.89,0.0,,,Men's Clothing
6.0,Manfinity LEGND Men Ripped Pocket Patched Denim Shirt Without Tee,,19.39,0.0,#4 Best Seller,in Short Sleeve Men Denim,Men's Clothing
6.0,Manfinity Homme Men Ribbed Knit Tee & Drawstring Waist Shorts,1.0k+ sold recently,7.67,0.0,,,Men's Clothing
6.0,ROMWE Street Life Men's Frayed Hem Denim Shorts With Pockets,,21.97,0.0,#1 Best Seller,in Loose Men Denim,Men's Clothing
9.0,Manfinity Hypemode Loose Fit Men's Embossed Drop Shoulder T-Shirt,2.2k+ sold recently,11.09,0.0,,,Men's Clothing
4.0,Manfinity Homme Loose-Fit Men's Sweatpants With Patch And Drawstring Waist Detail,100+ sold recently,11.95,0.0,,,Men's Clothing
6.0,Manfinity Homme Men Cotton Ripped Frayed Cat Scratch Skinny Jeans,,21.09,0.0,#9 Best Seller,in Pocket Men Jeans,Men's Clothing
7.0,Manfinity RSRT Men Drawstring Waist Paisley Print Shorts,,8.89,0.0,#4 Best Seller,in Boho Men Shorts,Men's Clothing
1.0,"ROMWE Street Life Men's Character Printed Short Sleeve Y2k T-Shirt, Suitable For Daily Wear In Spring And Summer",4.1k+ sold recently,11.19,0.0,,,Men's Clothing
16.0,Manfinity Homme Men Half Zip Polo Shirts,2.6k+ sold recently,12.29,0.0,,,Men's Clothing
12.0,Manfinity Chillmode Men Embroidery Coconut Tree Top,1.6k+ sold recently,7.79,0.0,,,Men's Clothing
15.0,Dat Strong New Orleans   Mens T-Shirt,,22.0,0.0,,,Men's Clothing
8.0,Manfinity Homme Men Solid Drawstring Waist Shorts,2.5k+ sold recently,8.19,0.0,,,Men's Clothing
5.0,Manfinity Homme Men Solid Skinny Jeans,2.2k+ sold recently,18.21,0.0,,,Men's Clothing
12.0,Manfinity Hypemode Men T-Shirts Fit Crew Neck Short Sleeve Graphic Tee Casual Simple Summer,2.2k+ sold recently,9.99,0.0,,,Men's Clothing
1.0,Men's Letter Print Drawstring Hoodie And Sweatpants Set,200+ sold recently,18.69,0.0,,,Men's Clothing
13.0,Manfinity RSRT Men T-Shirts Fit Crew Neck Short Sleeve Graphic Tee Casual Dad Summer Polyester,8.3k+ sold recently,8.19,0.0,,,Men's Clothing
18.0,Michelangelo's David With Bubble Gum Contemporary Statue Art Mens T-Shirt,,19.0,0.0,,,Men's Clothing
6.0,"Manfinity EMRG A White Street Style Top With Full Black And White Mouth Pattern, Suitable For Summer Men's T-Shirt.",2.5k+ sold recently,9.49,0.0,,,Men's Clothing
1.0,Manfinity Men Cotton Flap Pocket Zipper Fly Jeans,,24.09,0.0,#5 Best Sellers,in Men Jeans,Men's Clothing
10.0,"Manfinity Homme Men's Contrast Color Splicing Striped Edging Short Sleeve T-Shirt, Suitable For Summer Casual Wear",400+ sold recently,4.75,0.0,,,Men's Clothing
4.0,Men's Short Sleeve T-Shirt Printed With Letter Pattern,6.2k+ sold recently,7.22,0.0,,,Men's Clothing
7.0,Manfinity RSRT Men Tropical Print Shirt & Drawstring Waist Shorts Set,7.8k+ sold recently,18.33,0.0,,,Men's Clothing
15.0,Activated Beast Mode Workout Gym Clothing Mens T-Shirt,,20.0,0.0,,,Men's Clothing
4.0,Manfinity Homme Men's Loose-Fit Casual Pants With Flap Pockets,,14.79,0.0,#8 Best Sellers,in Men Pants,Men's Clothing
1.0,Men Zip Pocket Side Shorts,100+ sold recently,5.15,0.0,,,Men's Clothing
11.0,Manfinity Homme Loose Fit Men's Cargo Pants With Flap Pockets And Drawstring Waist,1.2k+ sold recently,14.79,0.0,,,Men's Clothing
1.0,Manfinity RSRT Men Floral Print Shirt Without Tee,2.4k+ sold recently,11.59,0.0,,,Men's Clothing
9.0,Men Summer Short Sleeve Tropical Print Shirt,4.5k+ sold recently,9.09,0.0,,,Men's Clothing
18.0,I'm Just A Girl Guts Music Mens T-Shirt,,20.0,0.0,,,Men's Clothing
5.0,Manfinity Homme Men Playing Card Print Tee,1.9k+ sold recently,4.76,0.0,,,Men's Clothing
6.0,Manfinity Homme Men Solid Color Pocketed Casual Simple Shorts,600+ sold recently,10.39,0.0,,,Men's Clothing
1.0,Manfinity EMRG Men's Summer Casual Short Sleeve T-Shirt With Letter & Car Print,,11.29,0.0,#6 Best Seller,in Polyester Men T-Shirts,Men's Clothing
13.0,Manfinity Homme Men's Contrast Color Polo Shirt,,9.87,0.0,#9 Best Seller,in Striped Men Polo Shirts,Men's Clothing
1.0,Manfinity Homme Men's Solid Color Textured Short Sleeve Shirt And Shorts Set For Spring And Summer,,23.65,0.0,#9 Best Seller,in White Men Co-ords,Men's Clothing
7.0,Men Round Neck Letter Printed Casual Commuting T-Shirt,900+ sold recently,7.51,0.0,,,Men's Clothing
5.0,Manfinity LEGND Men's Round Neck Color Block Splicing T-Shirt,800+ sold recently,7.09,0.0,,,Men's Clothing
14.0,Manfinity EMRG Men Graphic Pattern Sweater,,15.29,0.0,#2 Best Seller,in Fabric Men Knitwear,Men's Clothing
5.0,SHEIN X Breakaway Manfinity EMRG Men Car & Letter Graphic Tee & Drawstring Waist Shorts,,16.79,0.0,#1 Best Seller,in Purple Men Co-ords,Men's Clothing
1.0,Men Tie-Dye Daily Casual Spring & Summer Short Sleeved Shirt And Shorts Holiday Outfit Set,400+ sold recently,13.41,0.0,,,Men's Clothing
7.0,Manfinity LEGND Men's Flag And Eagle Printed Round Neck Short Sleeve T-Shirt,7.1k+ sold recently,7.99,0.0,,,Men's Clothing
1.0,Nearly There Breaker Of The Rules Father'S Day Mens Graphic Cotton Tank Top,,24.99,0.0,,,Men's Clothing
8.0,Manfinity Homme Men's Pure-Color Round Neck Rib-Knit Leisure Short-Sleeved T-Shirt,600+ sold recently,16.09,0.0,,,Men's Clothing
8.0,Manfinity Homme Men Contrast Tape Tee With Drawstring Waist Shorts,,15.76,0.0,#3 Best Seller,in Khaki Men T-Shirt Co-ords,Men's Clothing
6.0,SHEIN Manfinity Homme Men's Elastic Waist Straight Shorts Crochet Board Nylon Cool Yee Haw Plain All White Vacation Sexy Husband,4.2k+ sold recently,14.39,0.0,,,Men's Clothing
1.0,Manfinity Men Plus Lion Print Tee,,7.25,0.0,#9 Best Seller,in Blue Men Plus Size T-Shirts,Men's Clothing
5.0,Men Fashionable Casual Printed Round Neck T-Shirt For Leisure And Commute,1.3k+ sold recently,8.69,0.0,,,Men's Clothing
15.0,Straight Outta Rams Nation  Mens T-Shirt,,21.0,0.0,,,Men's Clothing
5.0,Manfinity Sporsity Men Striped & Letter Graphic Tee,1.0k+ sold recently,5.15,0.0,,,Men's Clothing
12.0,Manfinity Homme Men Quarter Zipper Polo Shirt,,11.39,0.0,#9 Best Seller,in Black Men Polo Shirts,Men's Clothing
11.0,Manfinity Homme Men's Plain Short Sleeve Shirt And Shorts Set,,24.09,0.0,#8 Best Seller,in White Men Shirt Co-ords,Men's Clothing
6.0,ROMWE Street Life Men Cartoon & Slogan Graphic Drop Shoulder Tee,,10.29,0.0,#4 Best Seller,in Khaki Men Tops,Men's Clothing
4.0,Men Building & Slogan Graphic Tee,1.6k+ sold recently,6.15,0.0,,,Men's Clothing
15.0,Nevermore Academy Wednesday Mens T-Shirt,,21.0,0.0,,,Men's Clothing
4.0,Manfinity VDAYZ Men's Vacation Style Loose Printed Beach Shorts,20+ sold recently,3.84,0.0,,,Men's Clothing
1.0,Manfinity RSRT Men's Botanical Print Short Sleeve Shirt And Shorts Summer Outfits,40+ sold recently,17.29,0.0,,,Men's Clothing
6.0,Manfinity Homme Men Contrast Trim Polo Shirt,2.0k+ sold recently,11.89,0.0,,,Men's Clothing
1.0,Manfinity Homme Men Slogan Graphic Tee,2.1k+ sold recently,6.79,0.0,,,Men's Clothing
13.0,Manfinity Homme Men T-Shirts Fit Crew Neck Short Sleeve Slogan Tee Casual Going Out Summer Knit Top,2.1k+ sold recently,8.09,0.0,,,Men's Clothing
15.0,Straight Outta Colts Nation Football  Mens T-Shirt,,21.0,0.0,,,Men's Clothing
10.0,SHEIN X Hangout Fest Manfinity RSRT Men's Short Sleeve T-Shirt With Palm Tree Print,4.5k+ sold recently,7.49,0.0,,,Men's Clothing
1.0,"New Summer Arrival Men Shorts, Simple And Comfortable Elastic Waistband Drawstring Sports Shorts With Letter Print, Running And Fitness Clothing, Mid-Length",500+ sold recently,4.48,0.0,,,Men's Clothing
7.0,Manfinity EMRG Loose Fit Men's Cross Print Shorts With Drawstring Waist,1.0k+ sold recently,5.57,0.0,,,Men's Clothing
6.0,Manfinity RSRT Men T-Shirts Fit Crew Neck Short Sleeve Graphic Tee Palm Tree Casual Fashion Men Clothes Summer,,8.73,0.0,#6 Best Seller,in Tropical Men T-Shirts,Men's Clothing
5.0,Men's Summer Letter Printed Round Neck Short Sleeve Casual T-Shirt,4.2k+ sold recently,8.19,0.0,,,Men's Clothing
1.0,Manfinity Homme Men Contrast Cuff Polo Shirt,600+ sold recently,6.85,0.0,,,Men's Clothing
5.0,Manfinity Homme Men's Summer Solid Color Short Sleeve Casual Commute Polo Shirt,90+ sold recently,12.39,0.0,,,Men's Clothing
8.0,Manfinity Homme Men's Gradient Short Sleeve T-Shirt For Summer,,7.99,0.0,#1 Best Seller,in All Over Print Men T-Shirts,Men's Clothing
1.0,Manfinity Homme Men Plaid Print Polo Shirt,2.6k+ sold recently,9.91,0.0,,,Men's Clothing
9.0,Manfinity RSRT Men's Tropical Plant Print Short Sleeve Shirt And Shorts Set,1.0k+ sold recently,15.35,0.0,,,Men's Clothing
6.0,Manfinity Basics Men's Knitted Casual Round Neck Short Sleeve T-Shirt,1.3k+ sold recently,16.38,0.0,,,Men's Clothing
14.0,Camp Half Blood Long Island Sound Mens T-Shirt,,20.0,0.0,,,Men's Clothing
16.0,Manfinity Homme Men Solid Waffle Knit Tee,3.9k+ sold recently,9.49,0.0,,,Men's Clothing
6.0,Manfinity Homme Men's Flip Pocket Casual Workwear Cargo Shorts,7.8k+ sold recently,7.35,0.0,,,Men's Clothing
4.0,Manfinity Homme Men Solid Turtleneck Sweater,90+ sold recently,10.95,0.0,,,Men's Clothing
4.0,Men's Loose Oversized Drop Shoulder T-Shirt With Slogan Print,3.4k+ sold recently,8.69,0.0,,,Men's Clothing
15.0,Dad Of Girls Shirt For Fathers Day Gift Mens T-Shirt,,22.0,0.0,,,Men's Clothing
1.0,Men 4pcs/Set Summer Solid Color Multiple Pockets Drawstring Beach Casual Sport Running Shorts,,31.09,0.0,#8 Best Seller,in Knitted Fabric Men Shorts,Men's Clothing
1.0,Manfinity Homme Men Slant Pocket Bermuda Shorts,800+ sold recently,11.69,0.0,,,Men's Clothing
5.0,Manfinity Mode Men's Color Block Short Sleeve Polo Shirt,,10.63,0.0,#3 Best Seller,in Polyester Men Polo Shirts,Men's Clothing
8.0,ROMWE Street Life Men's Tropical Pattern Drawstring Waist Shorts,,4.8,0.0,#5 Best Seller,in Orange Men Bottoms,Men's Clothing
11.0,Manfinity Men's Letter Printed T-shirt,8.2k+ sold recently,7.47,0.0,,,Men's Clothing
10.0,Sunday Funday Mens T-Shirt,,19.0,0.0,,,Men's Clothing
6.0,Manfinity LEGND Men's Letters And Cross Print Round Neck Short Sleeve T-Shirt,,4.45,0.0,#6 Best Seller,in Slogan Men Clothing,Men's Clothing
1.0,Manfinity VCAY Men Beach Outfits Summer Vacation Basic Woven Casual Surfing Seaside Beach Fit Hawaiian Shirt Beachwear Kimono,10+ sold recently,10.79,0.0,,,Men's Clothing
9.0,Manfinity Homme Men's Fashionable Leisure Polo Shirt And Shorts Set,1.3k+ sold recently,11.59,0.0,,,Men's Clothing
12.0,ROMWE Prep Men Letter Graphic Drawstring Waist Shorts,,10.92,0.0,#4 Best Sellers,in Back to school clothes,Men's Clothing
7.0,Manfinity Homme Men Cross Print Tee,4.2k+ sold recently,7.89,0.0,,,Men's Clothing
18.0,Spill Ur Guts Music Mens T-Shirt,,18.0,0.0,,,Men's Clothing
8.0,Manfinity Mode Men's Solid Color Buttoned Half Placket Short Sleeve Polo Shirt,2.5k+ sold recently,10.35,0.0,,,Men's Clothing
5.0,Manfinity Homme Men Color Block Round Neck Short Sleeve T-Shirt And Drawstring Waist Shorts Casual Set For Summer,,13.19,0.0,#6 Best Seller,in All Over Print Men Co-ords,Men's Clothing
4.0,Manfinity Homme Men Cotton Astronaut Print Tee,1.7k+ sold recently,6.99,0.0,,,Men's Clothing
1.0,"ROMWE Street Life Men's Portrait Print Crinkle Dye Short Sleeve Y2k T-Shirt, Suitable For Daily Wear In Spring And Summer",,16.49,0.0,#6 Best Seller,in Figure Men Tops,Men's Clothing
1.0,Men's Slogan Printed Short Sleeve T-shirt,2.7k+ sold recently,9.19,0.0,,,Men's Clothing
4.0,Manfinity Homme Loose Fit Men's Puffer Coat With Zipper Front,70+ sold recently,11.78,0.0,,,Men's Clothing
11.0,Manfinity Homme Men Striped Trim Polo Shirt,400+ sold recently,6.69,0.0,,,Men's Clothing
4.0,Manfinity LEGND Men's Hollow Out Round Neck T-shirt,600+ sold recently,3.91,0.0,,,Men's Clothing
1.0,Manfinity Homme Men Rainbow Striped Print Tee,1.0k+ sold recently,6.15,0.0,,,Men's Clothing
9.0,Manfinity Swimmode Men's Random Printed Simple Daily Beach Shorts,,11.77,0.0,#3 Best Seller,in Animal Men Beach Shorts,Men's Clothing
4.0,Manfinity RSRT Men Ombre Shirt & Drawstring Waist Shorts,2.5k+ sold recently,18.39,0.0,,,Men's Clothing
14.0,Straight Outta Giants Nation   Mens T-Shirt,,21.0,0.0,,,Men's Clothing
6.0,Men's Drop-Shoulder T-Shirt With Slogan And Face Print,900+ sold recently,7.99,0.0,,,Men's Clothing
4.0,Manfinity RSRT Men Solid Pocket Patched Shirt & Shorts,10k+ sold recently,18.99,0.0,,,Men's Clothing
10.0,Manfinity Homme Men T-Shirts Fit Crew Neck Short Sleeve Summer,2.9k+ sold recently,9.69,0.0,,,Men's Clothing
5.0,Manfinity Homme Men Two Tone Letter Graphic Kangaroo Pocket Drawstring Thermal Lined Hoodie,200+ sold recently,10.55,0.0,,,Men's Clothing
4.0,Men Slogan & Tropical Print Tee,,7.69,0.0,#5 Best Seller,in Khaki Men T-Shirts,Men's Clothing
14.0,"In  A World Full Of Mondays, Be A Wednesday Mens T-Shirt",,22.0,0.0,,,Men's Clothing
7.0,Manfinity Chillmode Men Simple Daily Printed Round Neck Short Sleeve T-Shirt,900+ sold recently,9.09,0.0,,,Men's Clothing
7.0,Manfinity Homme Men Cotton Eagle Print Tee & Letter Graphic Drawstring Waist Pants,,19.29,0.0,#9 Best Seller,in Animal Men T-Shirt Co-ords,Men's Clothing
1.0,Rick and Morty X SHEIN Men Cartoon And Letter Graphic Drop Shoulder Tee,4.9k+ sold recently,11.99,0.0,,,Men's Clothing
1.0,Men's Casual Round Neck Teddy Bear Print Commuter T-Shirt,500+ sold recently,6.85,0.0,,,Men's Clothing
13.0,"Manfinity Hypemode Solid Color Drawstring Knit Casual Shorts, Suitable For Summer",,5.15,0.0,#7 Best Seller,in Orange Men Bottoms,Men's Clothing
14.0,Team Green HotD Mens T-Shirt,,21.0,0.0,,,Men's Clothing
5.0,Manfinity Homme Men Solid Notched Neck Tee,3.3k+ sold recently,9.09,0.0,,,Men's Clothing
1.0,Men's Casual Round Neck T-Shirt With Slogan Print,60+ sold recently,3.61,0.0,,,Men's Clothing
1.0,Men Casual Letter Printed Short Sleeve T-Shirt And Shorts Set For Summer,,15.19,0.0,#4 Best Seller,in Loose Men Co-ords,Men's Clothing
10.0,Manfinity Homme Men's Rose Printed T-Shirt And Solid Color Drawstring Waist Shorts Casual Two Piece Set,,15.79,0.0,#8 Best Seller,in Knitted Fabric Men Co-ords,Men's Clothing
15.0,Manfinity Homme Men's Seagull Pattern Contrast Color Short Sleeve T-Shirt,1.9k+ sold recently,7.79,0.0,,,Men's Clothing
1.0,Nearly There Spain Solo Cups Mens Graphic Cotton Tank Top,,14.99,0.0,,,Men's Clothing
4.0,Manfinity LEGND Men Cross Print Tee,7.2k+ sold recently,7.19,0.0,,,Men's Clothing
10.0,Manfinity RSRT Men T-Shirts Fit Crew Neck Short Sleeve Graphic Tee Palm Tree Casual Simple Summer Polyester,1.3k+ sold recently,7.79,0.0,,,Men's Clothing
8.0,Manfinity Swimmode Men Solid Swim Trunks,,8.54,0.0,#1 Best Seller,in Red Men Swimwear,Men's Clothing
1.0,Manfinity Homme Men Fashionable Summer Classic Simple All Match Shorts Dress Holographic Plain Work,600+ sold recently,10.89,0.0,,,Men's Clothing
1.0,Manfinity Homme Men T-Shirts Fit V Neck Short Sleeve Casual Summer Polyester,,7.39,0.0,#9 Best Seller,In Patched Men Clothing,Men's Clothing
11.0,DAZY Men Plaid Pattern Polo Shirt,400+ sold recently,10.19,0.0,,,Men's Clothing
1.0,Manfinity Chillmode Men Coconut Tree Print Tee & Tropical Print Drawstring Waist Shorts,5.0k+ sold recently,15.19,0.0,,,Men's Clothing
1.0,SHEIN Manfinity Homme Men's Washed Workwear Denim Shorts,,21.49,0.0,#7 Best Seller,in Blue Men Denim Shorts,Men's Clothing
11.0,Men's Solid Color Simple Casual Short Sleeve T-Shirt For Summer,2.2k+ sold recently,17.99,0.0,,,Men's Clothing
1.0,Manfinity Basics Men 2pcs Round Neck Tee,10k+ sold recently,11.92,0.0,,,Men's Clothing
1.0,Men's Summer American Flag Printed Round Neck Casual Loose Tank Top,2.2k+ sold recently,3.19,0.0,,,Men's Clothing
14.0,Weathervane Coffee Shop Mens T-Shirt,,19.0,0.0,,,Men's Clothing
11.0,Manfinity Homme Men Color Block Short Sleeve T-Shirt With Notch Collar For Casual Daily Wear In Spring And Summer,800+ sold recently,8.99,0.0,,,Men's Clothing
9.0,Manfinity Homme Men's Contrast Color Trim Polo Shirt,,10.29,0.0,#2 Best Seller,in Green Men Polo Shirts,Men's Clothing
7.0,"Manfinity Homme Men's Casual Plain Color Flap Pocket Drawstring Waist Cargo Shorts, Summer",600+ sold recently,11.69,0.0,,,Men's Clothing
8.0,Manfinity Homme Men's Round Neck T-Shirt With Print Pattern,600+ sold recently,5.55,0.0,,,Men's Clothing
7.0,Manfinity Hypemode Loose Men's Heart Printed T-Shirt,1.7k+ sold recently,9.69,0.0,,,Men's Clothing
17.0,"It's A Philly Thing, You Wouldn't Understand Mens T-Shirt",,20.0,0.0,,,Men's Clothing
7.0,TOM & JERRY X SHEIN Manfinity Hypemode Men Cartoon And Letter Graphic Tee,1.6k+ sold recently,11.29,0.0,,,Men's Clothing
1.0,Manfinity Homme Men Tropical Print Tee,3.0k+ sold recently,4.87,0.0,,,Men's Clothing
1.0,Manfinity RSRT Men's Color Block Round Neck Short Sleeve T-Shirt And Pocket Design Shorts 2pcs/Set,,15.89,0.0,#1 Best Seller,in All Over Print Men T-Shirt Co-ords,Men's Clothing
8.0,Men's Casual Letter Printed Round Neck Commuter T-Shirt,5.1k+ sold recently,8.69,0.0,,,Men's Clothing
5.0,Manfinity EMRG Loose Fit Men's Alien & Letter Print Elastic Waist Shorts,1.6k+ sold recently,8.29,0.0,,,Men's Clothing
14.0,Straight Outta Bills Nation Mens T-Shirt,,19.0,0.0,,,Men's Clothing
4.0,Manfinity Homme Men Slogan Graphic Tee,3.8k+ sold recently,8.29,0.0,,,Men's Clothing
1.0,Men's Plus Size Solid Color Drawstring Hooded T-Shirt,100+ sold recently,6.97,0.0,,,Men's Clothing
8.0,Manfinity Hypemode Men Cartoon Graphic Tee & Drawstring Waist Shorts,3.0k+ sold recently,14.43,0.0,,,Men's Clothing
6.0,Manfinity Mode Solid Color Turn-Down Collar Front Button Short-Sleeved Shirt,,7.52,0.0,#10 Best Seller,in Purple Men Shirts,Men's Clothing
6.0,Manfinity Swimmode Men Ombre Drawstring Waist Swim Trunks,5.6k+ sold recently,10.35,0.0,,,Men's Clothing
15.0,Feeling Purdy Good Mens T-Shirt,,19.0,0.0,,,Men's Clothing
6.0,Men's Animal Printed Round Neck Short Sleeve Summer T-Shirt,1.8k+ sold recently,7.19,0.0,,,Men's Clothing
7.0,Men's Sunglasses Print Short Sleeve T-Shirt,,3.78,0.0,#9 Best Seller,in Tropical Men T-Shirts,Men's Clothing
1.0,Manfinity RSRT 2pcs/Set Men Knitted Fashionable Daily Leisure Beach Surfing Vacation Floral & Leaf Patterned Tight Tank Top & Shorts Outfit,,14.83,0.0,#1 Best Seller,in Black Men Tank Top Co-ords,Men's Clothing
1.0,Manfinity EMRG Men's Drawstring Waist Graffiti Print Casual Shorts,1.3k+ sold recently,5.15,0.0,,,Men's Clothing
7.0,Manfinity Homme Men Patched Detail Tee & Drawstring Waist Shorts,,16.39,0.0,#7 Best Seller,in Patched Men Co-ords,Men's Clothing
1.0,Manfinity Basics Men 2pcs Scoop Neck Solid Tank Top,100+ sold recently,8.73,0.0,,,Men's Clothing
4.0,Manfinity Basics Men 4pcs Round Neck Solid Tee,5.1k+ sold recently,23.74,0.0,,,Men's Clothing
10.0,Manfinity Homme Men Summer Daily Wear Plain Hoodie And Shorts Set,1.9k+ sold recently,18.23,0.0,,,Men's Clothing
6.0,TOM & JERRY X SHEIN Manfinity Hypemode Men Cartoon And Letter Graphic Drawstring Waist Shorts,3.2k+ sold recently,17.39,0.0,,,Men's Clothing
4.0,Manfinity Homme Men's Letter Print Short Sleeve T-Shirt,,7.79,0.0,#1 Best Seller,In Slim Fit Men Clothing,Men's Clothing
10.0,Manfinity Homme Men's Letter Printed Short Sleeve T-Shirt,,6.64,0.0,#5 Best Seller,in Red Men Tops,Men's Clothing
18.0,"She's Everything, He's Just Ken Mens T-Shirt",,21.0,0.0,,,Men's Clothing
5.0,Men Fashion Casual Loose Fit Printed Round Neck Short Sleeve T-Shirt And Shorts Set,2.8k+ sold recently,15.89,0.0,,,Men's Clothing
9.0,Manfinity Men Drawstring Waist Slant Pocket Shorts,1.4k+ sold recently,11.39,0.0,,,Men's Clothing
7.0,Men's Short Sleeve T-Shirt With Headphone Print,3.4k+ sold recently,7.49,0.0,,,Men's Clothing
1.0,Plus Size Men's Summer Round Neck Letter & Pentagram Printed Short Sleeve Casual T-Shirt,,4.85,0.0,,,Men's Clothing
12.0,Manfinity RSRT Men's Coconut Tree Printed Short Sleeve T-Shirt,,7.89,0.0,#6 Best Seller,in Tropical Men Tops,Men's Clothing
18.0,Grit Don't Quit Detroit Mens T-Shirt,,21.0,0.0,,,Men's Clothing
5.0,ROMWE Prep Men Letter Graphic Contrast Trim Drawstring Waist Shorts,7.7k+ sold recently,11.49,0.0,,,Men's Clothing
5.0,Manfinity RSRT Men's Graphic Print Short Sleeve T-Shirt And Shorts 2pcs/Set,,16.39,0.0,#8 Best Seller,in Tropical Men T-Shirt Co-ords,Men's Clothing
1.0,Manfinity Homme Men Color Block Tee & Drawstring Waist Shorts,,14.72,0.0,#5 Best Seller,in Colorblock Men T-Shirt Co-ords,Men's Clothing
4.0,Men Tape & Slogan Graphic Tee,1.7k+ sold recently,7.49,0.0,,,Men's Clothing
1.0,Manfinity RSRT Loose Fit Men's Drawstring Waist Paisley & Patchwork Print Shorts,2.2k+ sold recently,5.43,0.0,,,Men's Clothing
15.0,Embroidered Strawberry Patch (Pocket Print) Mens T-Shirt,,20.0,0.0,,,Men's Clothing
7.0,Men Slogan Graphic Tee,1.1k+ sold recently,5.65,0.0,,,Men's Clothing
1.0,Manfinity VCAY Men Beach Outfits Summer Vacation Basic Knit Casual Surfing Seaside Beach Oversize Boho Hawaiian T Shirt Beachwear,20+ sold recently,10.09,0.0,,,Men's Clothing
7.0,Men Slogan Graphic Tee,2.3k+ sold recently,3.26,0.0,,,Men's Clothing
11.0,Manfinity Homme Men Round Neck Pocket Printed Short Sleeve T-Shirt For Summer,400+ sold recently,6.55,0.0,,,Men's Clothing
9.0,Manfinity Swimmode Men's Palm Tree Printed Beach Shorts,,11.59,0.0,#4 Best Seller,in Boho Men Beach Shorts,Men's Clothing
14.0,Ork Miniature Tabletop Wargaming Waagh Mens T-Shirt,,19.0,0.0,,,Men's Clothing
6.0,Manfinity Homme Men Solid Button Up Shirt,2.0k+ sold recently,14.99,0.0,,,Men's Clothing
1.0,Manfinity Swimmode Men Drawstring Waist Phone Pocket Swim Trunks,600+ sold recently,9.05,0.0,,,Men's Clothing
1.0,Men Astronaut And Letter Graphic Tee,1.1k+ sold recently,6.71,0.0,,,Men's Clothing
1.0,Manfinity LEGND Men's Drawstring Waist 2 In 1 Shorts Jersey Graphic Poker Boyfriend Gift,,10.39,0.0,#2 Best Sellers,in Men Jersey,Men's Clothing
7.0,Manfinity Homme Men Letter Graphic Tee & Drawstring Waist Shorts,,14.24,0.0,#1 Best Seller,in Yellow Men Clothing,Men's Clothing
1.0,"Manfinity RSRT Men's Printed Single Button Slim Fit Short Sleeve Shirt And Solid Color Shorts Set, Perfect For Summer Vacation",,17.29,0.0,,,Men's Clothing
1.0,ROMWE Street Life Men Tropical Print Shorts,700+ sold recently,5.92,0.0,,,Men's Clothing
1.0,Men's Letter Printed Round Neck Casual Comfy T-Shirt For Work And Leisure,4.9k+ sold recently,8.26,0.0,,,Men's Clothing
8.0,Manfinity Hypemode Men Cartoon Graphic Tee & Drawstring Waist Shorts,,14.79,0.0,#6 Best Seller,in Green Men T-Shirt Co-ords,Men's Clothing
4.0,Manfinity RSRT Men Tropical Print Tee & Drawstring Waist Shorts,,12.82,0.0,#1 Best Seller,in Orange Men T-Shirt Co-ords,Men's Clothing
1.0,Manfinity Hypemode Men 3Pcs Letter Patched Drawstring Waist Track Shorts Sweat Plain Light Blue,,26.5,0.0,#10 Best Seller,in Patched Men Shorts,Men's Clothing
1.0,Nearly There Camping Without Beer Black Father'S Day Mens Graphic Cotton Tank Top,,24.99,0.0,,,Men's Clothing
1.0,Manfinity Sporsity Men Letter Graphic Shorts,2.4k+ sold recently,9.09,0.0,,,Men's Clothing
1.0,ROMWE Street Life Men Letter Graphic Drawstring Waist Shorts,,9.3,0.0,#5 Best Seller,in Khaki Men Shorts,Men's Clothing
1.0,Men's Letter Print Round Neck T-Shirt,3.3k+ sold recently,8.09,0.0,,,Men's Clothing
1.0,Manfinity Basics Men Zip Front Thermal Hoodie,200+ sold recently,14.95,0.0,,,Men's Clothing
16.0,Men's Letter Print Short Sleeve T-Shirt,1.0k+ sold recently,5.33,0.0,,,Men's Clothing
10.0,Nuts Quote George Washington Carver Mens T-Shirt,,19.0,0.0,,,Men's Clothing
7.0,Manfinity Swimmode Men Letter Patched Cut And Sew Swim Trunks,5.0k+ sold recently,12.89,0.0,,,Men's Clothing
1.0,Men's Striped Patchwork Edge Short Sleeve T-Shirt And Shorts Set,700+ sold recently,13.64,0.0,,,Men's Clothing
1.0,Manfinity Homme Loose Fit Men's Floral & Japanese Letter Printed Shorts With Drawstring Waist,1.6k+ sold recently,8.89,0.0,,,Men's Clothing
7.0,Manfinity Homme Loose Men's Drawstring Waist Shorts With Zippered Pockets,,8.99,0.0,#10 Best Seller,In Zipper Men Clothing,Men's Clothing
5.0,Men Short Sleeve And Shorts Set New Summer Button Closure Henry Shirt And Elastic Waist Drawstring Shorts Solid Color Outfit,300+ sold recently,11.89,0.0,,,Men's Clothing
1.0,ROMWE Street Life Men's Palm Tree & Letter Print Drawstring Waist Basketball Shorts,,11.26,0.0,#3 Best Seller,in Tropical Men Shorts,Men's Clothing
1.0,Manfinity Homme Men's Floral Printed Casual Summer Shorts Pattern Graphic Colorful Going Out,,12.69,0.0,#8 Best Seller,in All Over Print Men Bottoms,Men's Clothing
1.0,"Manfinity LEGND Loose Men's Plus Size Letter Print Cargo Pants With Flap Pockets, Drawstring Waist And Side Stripes",,15.05,0.0,#3 Best Seller,in Street Men Plus Size Pants,Men's Clothing
6.0,Manfinity Homme Men's Colorblock Short Sleeve Round Neck T-Shirt,,9.49,0.0,#4 Best Seller,in Yellow Men Clothing,Men's Clothing
1.0,Men's Gaming Console Printed Short Sleeve T-Shirt,,7.31,0.0,#5 Best Seller,in Graphic Men T-Shirts,Men's Clothing
1.0,Manfinity Homme Men Floral & Slogan Graphic Tee & Drawstring Waist Shorts Set,,15.59,0.0,#2 Best Seller,in Slogan Men T-Shirt Co-ords,Men's Clothing
4.0,ROMWE Street Life Men Paisley Print Drawstring Waist Shorts,2.8k+ sold recently,10.63,0.0,,,Men's Clothing
1.0,Manfinity Hypemode Manfinity Sporsity Men's Color Block Woven Belt Splice Drawstring Waist Grey Shorts,1.0k+ sold recently,7.74,0.0,,,Men's Clothing
4.0,Manfinity LEGND Men Summer Casual Color-Block Striped Short Sleeve T-Shirt,200+ sold recently,8.29,0.0,,,Men's Clothing
8.0,Manfinity UrbanChill Men Cotton Slogan Graphic Tee,1.0k+ sold recently,9.39,0.0,,,Men's Clothing
14.0,Manfinity Homme Men's Casual Short Sleeve T-Shirt With Letter Print For Summer,,6.83,0.0,#9 Best Seller,in Red Men T-Shirts,Men's Clothing
1.0,"Manfinity UrbanChill Men Color Block Striped Short-Sleeved T-Shirt With Letter Logo, Casual Summer Outfit",400+ sold recently,9.09,0.0,,,Men's Clothing
5.0,Men's Summer Casual Letter Printed Tank Top,90+ sold recently,6.63,0.0,,,Men's Clothing
4.0,Men American Flag & Letter Graphic Tee,1.6k+ sold recently,8.19,0.0,,,Men's Clothing
1.0,Men's Fashionable Summer Coconut Tree Printed Solid Color Tank Top,2.0k+ sold recently,7.56,0.0,,,Men's Clothing
4.0,Men's Summer Letter Striped Printed Short Sleeve Casual T-Shirt And Drawstring Waist Shorts Set,,14.69,0.0,#3 Best Seller,in Colorblock Men Co-ords,Men's Clothing
1.0,Geometric Sunset Beach Men's T-Shirt,,7.61,0.0,#10 Best Seller,in Plants Men Tops,Men's Clothing
9.0,Manfinity RSRT Loose Fit Solid Color Men's Shirt With Pocket Detail Accompanied By Matching Shorts,1.6k+ sold recently,18.09,0.0,,,Men's Clothing
4.0,Manfinity LEGND Men's Solid Color Drawstring Waist Cargo Shorts,1.0k+ sold recently,12.69,0.0,,,Men's Clothing
1.0,Manfinity Men's Slim Fit Jeans With Slant Pockets And Tapered Leg,1.7k+ sold recently,19.79,0.0,,,Men's Clothing
1.0,Manfinity Mode Men Spring And Autumn Classic Notched Collar Single Breasted Long Sleeve Suit Jacket And Pants Business Travel Suit,900+ sold recently,39.49,0.0,,,Men's Clothing
7.0,Manfinity Homme Men Letter Embroidered Polo Shirt,1.1k+ sold recently,9.99,0.0,,,Men's Clothing
1.0,Manfinity Basics Men's Plus Size Solid Color Tank Top,100+ sold recently,21.48,0.0,,,Men's Clothing
6.0,Manfinity Nomadique Men Summer Solid Color Casual Mesh Texture  Short Sleeve Shirt,,12.06,0.0,#7 Best Seller,in Plain Men Shirts,Men's Clothing
1.0,Manfinity Swimmode Men Tropical Print Swim Trunks,,7.36,0.0,#10 Best Seller,in Tropical Men Beach Shorts,Men's Clothing
10.0,Manfinity Homme Men Half-Placket Short-Sleeved Summer Polo Shirt,600+ sold recently,11.99,0.0,,,Men's Clothing
6.0,"Manfinity Homme Men Loose Fit Cargo Shorts With Letter Patches And Flap Pockets, Drawstring Waist For Summer",1.2k+ sold recently,13.49,0.0,,,Men's Clothing
8.0,Manfinity Hypemode Men Slogan & Cartoon Graphic Tee & Drawstring Waist Shorts,,14.34,0.0,#5 Best Seller,in Slogan Men T-Shirt Co-ords,Men's Clothing
1.0,Men's Color Block T-Shirt And Shorts Set,900+ sold recently,14.34,0.0,,,Men's Clothing
1.0,"ROMWE Street Life Men's Space Printed Woven Drawstring Shorts, Suitable For Daily Wear In Spring And Summer",,11.49,0.0,#10 Best Seller,in Animal Men Shorts,Men's Clothing
7.0,Manfinity LEGND Men Cartoon Graphic Tee,,8.19,0.0,#10 Best Seller,in White Men T-Shirts,Men's Clothing
1.0,Men's Summer Plaid Printed Round Neck Short Sleeve Casual T-Shirt And Drawstring Waist Shorts Set,40+ sold recently,14.69,0.0,,,Men's Clothing
1.0,Men Plus Size Casual Short Sleeve T-Shirt With Skull Print And Round Neck For Summer,100+ sold recently,7.27,0.0,,,Men's Clothing
8.0,Manfinity Swimmode Men Allover Print Drawstring Waist Swim Trunks,,11.08,0.0,#9 Best Seller,in Black Men Beach Shorts,Men's Clothing
4.0,Manfinity RSRT Men Tropical Print Shirt & Shorts,1.1k+ sold recently,18.49,0.0,,,Men's Clothing
1.0,"Men's Swim Trunks, Hawaii Holiday Coconut Tree Ombre 3D Printed Casual Outdoor Beach Shorts, Drawstring Waistband, Single Layer Without Lining, Perfect For Casual, Vacation, Beachwear",,8.19,0.0,#10 Best Seller,in All Over Print Men Swimwear,Men's Clothing
13.0,Manfinity Homme Men's Oversized Carrot Pants With Drawstring Waist,,14.29,0.0,#4 Best Seller,in Casual Men Pants,Men's Clothing
1.0,"Manfinity RSRT Men Knitted Fashion Casual Short Sleeve Polo Shirt With Printed Pattern, Suitable For Daily Wear, Beach, Surfing And Vacation",,9.09,0.0,#4 Best Seller,in Floral Men Polo Shirts,Men's Clothing
4.0,Manfinity Homme Men Striped Print Tank Top,700+ sold recently,8.29,0.0,,,Men's Clothing
1.0,"Manfinity RSRT Men's Coconut Tree Printed Sleeveless Tank Top And Shorts Set,Hawaiian Suit",,15.79,0.0,#2 Best Seller,in Tropical Men Tank Top Co-ords,Men's Clothing
1.0,Men's Casual & Commuting Round Neck T-Shirt With Teddy Bear & Letter Print,100+ sold recently,4.8,0.0,,,Men's Clothing
1.0,ROMWE Men Short Sleeved Y2k T-Shirt With Slogan/Character Print For Summer,,11.19,0.0,#9 Best Seller,in Animal Men T-Shirts,Men's Clothing
8.0,Manfinity Basics Men Drawstring Waist Slant Pocket Sweatpants,100+ sold recently,8.7,0.0,,,Men's Clothing
9.0,Manfinity Swimmode Men Solid Drawstring Waist Swim Trunks,2.7k+ sold recently,10.25,0.0,,,Men's Clothing
4.0,Manfinity Homme Loose Fit Men's Color Block Polo Collar Long Sleeve Sweatshirt,,11.89,0.0,#8 Best Seller,in Fabric Men Hoodies & Sweatshirts,Men's Clothing
4.0,Manfinity Homme Men's Drawstring Waist Letter Printed Knit Shorts Baggy Knee Plain Khaki Urban Casual,1.3k+ sold recently,13.29,0.0,,,Men's Clothing
1.0,Men's Americana Printed Short Sleeve T-Shirt,1.7k+ sold recently,7.21,0.0,,,Men's Clothing
5.0,ROMWE Street Life Men's Hoodie With Letter And Skull Print,3.5k+ sold recently,17.59,0.0,,,Men's Clothing
1.0,Manfinity Modomio Men's Striped Knitted Shorts Sweat Plain Black Urban Casual,200+ sold recently,9.79,0.0,,,Men's Clothing
4.0,ROMWE Street Life Men Star Paisley Print Drawstring Waist Shorts,800+ sold recently,11.49,0.0,,,Men's Clothing
1.0,Manfinity RSRT Men's Solid Color Ribbed Tank Top,200+ sold recently,7.49,0.0,,,Men's Clothing
1.0,Manfinity Hypemode Men Letter Graphic Drawstring Waist Sweatpants,60+ sold recently,3.57,0.0,,,Men's Clothing
1.0,Manfinity LEGND Men Plus Allover Print Tee,500+ sold recently,8.97,0.0,,,Men's Clothing
1.0,Men's Casual Lion Pattern T-shirt,1.7k+ sold recently,8.39,0.0,,,Men's Clothing
7.0,Manfinity Men Solid Tank Top,10k+ sold recently,8.89,0.0,,,Men's Clothing
6.0,Manfinity Swimmode Men's Drawstring Beach Shorts With Little Yellow Duck Pattern,1.7k+ sold recently,11.99,0.0,,,Men's Clothing
1.0,Manfinity Homme Men Cotton Drawstring Waist Shorts Dress Plain All White Urban Casual,400+ sold recently,6.16,0.0,,,Men's Clothing
1.0,Men Tropical Plant Printed Short Sleeve Casual Shirt With Lapel Collar And Front Buttons For Summer,200+ sold recently,9.59,0.0,,,Men's Clothing
1.0,Men's Summer Color Block Patchwork Letter Print Fashionable Casual Short Sleeve T-Shirt And Shorts Set,,15.79,0.0,#6 Best Seller,in Colorblock Men T-Shirt Co-ords,Men's Clothing
1.0,Men's Summer Holiday Slogan Palm Tree Printed Casual Tank Top,100+ sold recently,7.71,0.0,,,Men's Clothing
1.0,ROMWE Street Life Men Car & Letter Graphic Tee,,10.49,0.0,#7 Best Seller,in Blue Men Tops,Men's Clothing
1.0,Men's Sports Training Shorts Fitness Pants,20+ sold recently,8.89,0.0,,,Men's Clothing
1.0,Manfinity Homme Men Colorblock Letter Graphic Thermal Pullover & Drawstring Waist Sweatpants,100+ sold recently,14.51,0.0,,,Men's Clothing
5.0,Manfinity Homme Men's Solid Color Drawstring Elastic Waist Summer Shorts Knee Plain All White Casual Dad And Me,,8.89,0.0,#4 Best Seller,in White Men Bottoms,Men's Clothing
1.0,Manfinity LEGND Men Camo Print Drawstring Hooded Tee & Shorts,1.4k+ sold recently,22.99,0.0,,,Men's Clothing
7.0,SHEIN Manfinity Homme Men's Casual V-Neck Short Sleeve T-Shirt For Spring And Summer,1.6k+ sold recently,8.49,0.0,,,Men's Clothing
1.0,Manfinity Chillmode Men Tropical Print Tee & Drawstring Waist Shorts,2.1k+ sold recently,14.53,0.0,,,Men's Clothing
10.0,Manfinity Homme Men Summer Leisure ECG Cross Print Short Sleeve T-Shirt,200+ sold recently,3.65,0.0,,,Men's Clothing
6.0,Manfinity Homme Men's Gradient Color T-Shirt And Shorts Set,2.2k+ sold recently,12.89,0.0,,,Men's Clothing
1.0,Men's Short Sleeve Polo Shirt,3.1k+ sold recently,9.99,0.0,,,Men's Clothing
8.0,Men's Mt.Fuji And Cherry Blossom Printed Short Sleeve T-Shirt,1.0k+ sold recently,8.49,0.0,,,Men's Clothing
8.0,Manfinity LEGND Men T-Shirts Fit Crew Neck Short Sleeve Graphic Tee Smile Face Casual Summer Polyester,1.3k+ sold recently,8.59,0.0,,,Men's Clothing
1.0,Manfinity CasualCool Men's Solid Color Short Sleeve Shirt And Shorts Casual Vacation Set,20+ sold recently,21.59,0.0,,,Men's Clothing
1.0,Manfinity Homme Men Plaid Print Shirt & Shorts Without Tee,500+ sold recently,14.65,0.0,,,Men's Clothing
1.0,Manfinity Homme Men's Summer Short-Sleeved Casual T-Shirt With Slogan Print,200+ sold recently,6.99,0.0,,,Men's Clothing
7.0,Men's Short Sleeve T-Shirt With Slogan Print,,8.49,0.0,#10 Best Seller,in Long Sleeve Men Tops,Men's Clothing
6.0,Men Solid Curved Hem Tee,1.0k+ sold recently,11.69,0.0,,,Men's Clothing
7.0,Men Coconut Tree & Letter Graphic Tee,,7.99,0.0,#3 Best Sellers,in Hawaiian Shirt,Men's Clothing
7.0,Men's Casual Jacquard Shorts,,10.79,0.0,#1 Best Seller,in White Men Bottoms,Men's Clothing
9.0,ROMWE Street Life Men Coconut Tree & Letter Graphic Drawstring Waist Shorts,,6.43,0.0,#2 Best Seller,in Yellow Men Bottoms,Men's Clothing
5.0,Manfinity Hypemode Loose Fit Men's Color Block Drawstring Waist Corduroy Shorts,1.8k+ sold recently,7.25,0.0,,,Men's Clothing
1.0,Men's Drawstring Letter Detail Summer Shorts,,17.59,0.0,#4 Best Seller,in Woven Fabric Men Clothing,Men's Clothing
1.0,Manfinity Homme Loose Fit Men's Drop Shoulder Jacket With Flap Pockets,200+ sold recently,17.35,0.0,,,Men's Clothing
4.0,Men's Casual Short Sleeve T-Shirt With Printed Text,,8.59,0.0,#10 Best Seller,in Khaki Men T-Shirts,Men's Clothing
4.0,ROMWE Street Life Men Cotton Letter Graphic Drop Shoulder Tee,1.0k+ sold recently,7.32,0.0,,,Men's Clothing
7.0,Men's Colorblock Round Neck T-shirt,,8.09,0.0,#5 Best Seller,in Colorblock Men T-Shirts,Men's Clothing
12.0,Manfinity RSRT Men Summer Casual Flamingo Printed Short Sleeve Polo Shirt,300+ sold recently,10.39,0.0,,,Men's Clothing
1.0,Manfinity RSRT Men Paisley Scarf Print Drawstring Waist Shorts,2.8k+ sold recently,10.44,0.0,,,Men's Clothing
1.0,Manfinity Hypemode Men's Drawstring Waist Knitted Shorts With Slogan And Pattern,,10.59,0.0,#8 Best Seller,in Slogan Men Bottoms,Men's Clothing
1.0,"ROMWE Street Life 2pcs Men's Portrait Printed Short Sleeve T-Shirt And Shorts, Suitable For Daily Wear In Spring And Summer",3.4k+ sold recently,18.69,0.0,,,Men's Clothing
6.0,Manfinity Homme Men Color Block Contrast Trim Polo Shirt,1.1k+ sold recently,7.53,0.0,,,Men's Clothing
1.0,Men's Slogan Printed Drawstring Waist Shorts,,9.39,0.0,#2 Best Seller,in Slogan Men Shorts,Men's Clothing
1.0,Men's Zipper Front Hoodie Sweatshirt,100+ sold recently,11.05,0.0,,,Men's Clothing
1.0,Manfinity Homme Men Summer Casual Color-Block Pocket Short Sleeve T-Shirt And Shorts Set,1.3k+ sold recently,17.99,0.0,,,Men's Clothing
4.0,Manfinity Hypemode Men Rose Print Drawstring Waist Shorts,1.9k+ sold recently,8.89,0.0,,,Men's Clothing
7.0,Manfinity EMRG Men Letter Graphic Tee,700+ sold recently,5.08,0.0,,,Men's Clothing
5.0,Manfinity Homme Men Summer Casual Solid Button Up Short Sleeve Loose Shirt,400+ sold recently,8.97,0.0,,,Men's Clothing
7.0,"5pcs/Set Men's Summer Regular Fit Solid Color Basic T-Shirt, Casual Going-Out Clothing",,30.89,0.0,#6 Best Seller,in Plain Men T-Shirts,Men's Clothing
7.0,Manfinity RSRT Men's Flamingo & Palm Tree Print Short Sleeve Shirt And Shorts Set,1.0k+ sold recently,17.59,0.0,,,Men's Clothing
14.0,Manfinity Homme Men Half Button Roll Up Sleeve Shirt,3.6k+ sold recently,13.59,0.0,,,Men's Clothing
6.0,Manfinity Swimmode Men Letter Patched Drawstring Waist Swim Trunks,,11.39,0.0,#5 Best Seller,in Patched Men Beach Shorts,Men's Clothing
5.0,Manfinity Homme Men T-Shirts Fit Crew Neck Short Sleeve Casual Summer Polyester,600+ sold recently,5.96,0.0,,,Men's Clothing
1.0,"Men's Plus Size Casual Fit Chinese Dragon Printed Round Neck Oversized T-Shirt With Drop Shoulder Sleeves, Summer",,13.6,0.0,,,Men's Clothing
16.0,Manfinity Homme Men Mountain Print Tee,5.6k+ sold recently,7.59,0.0,,,Men's Clothing
1.0,Manfinity RSRT Men Letter & Tropical Print Tee and Shorts Set,500+ sold recently,10.89,0.0,,,Men's Clothing
6.0,Manfinity Streetrush Loose Fit Men's Drop Shoulder Cross Embroidery Vintage T-Shirt,1.8k+ sold recently,10.59,0.0,,,Men's Clothing
1.0,Manfinity Streetrush Men Star & Letter Printed Fleece Lined Zip-Up Hoodie,,18.09,0.0,#1 Best Sellers,in Men Zip-up Hoodies,Men's Clothing
1.0,Manfinity LEGND Men Reflective Cartoon Graphic Tee,2.5k+ sold recently,8.33,0.0,,,Men's Clothing
4.0,Manfinity Homme Men's Solid Color Knitted Casual Polo Shirt,1.0k+ sold recently,10.82,0.0,,,Men's Clothing
1.0,Manfinity Swimmode Men Striped Print Drawstring Waist Swim Trunks,,9.09,0.0,#10 Best Seller,in Blue Men Clothing,Men's Clothing
7.0,Men's Flag Print Round Neck Short Sleeve T-Shirt Usa Shirt,2.7k+ sold recently,8.49,0.0,,,Men's Clothing
1.0,Manfinity Homme Men Marled Knit Thermal Zip Up Cardigan,30+ sold recently,16.05,0.0,,,Men's Clothing
1.0,Manfinity Homme Men Striped Shirt & Drawstring Waist Shorts Without Tee,,17.39,0.0,#10 Best Seller,in Striped Men Co-ords,Men's Clothing
1.0,Men's Summer Casual Short Sleeve T-Shirt With American Flag Print,400+ sold recently,8.39,0.0,,,Men's Clothing
5.0,Manfinity RSRT Men's Tropical Print Short Sleeve Shirt And Shorts With Slanted Pocket Suit,2.9k+ sold recently,18.79,0.0,,,Men's Clothing
1.0,Men's Summer Color Block Patchwork Letter Print Fashionable Casual Short Sleeve T-Shirt And Shorts Set,,15.79,0.0,#6 Best Seller,in Colorblock Men T-Shirt Co-ords,Men's Clothing
1.0,Men's Summer Holiday Slogan Palm Tree Printed Casual Tank Top,100+ sold recently,7.71,0.0,,,Men's Clothing
1.0,ROMWE Street Life Men Car & Letter Graphic Tee,,10.49,0.0,#7 Best Seller,in Blue Men Tops,Men's Clothing
1.0,Men's Sports Training Shorts Fitness Pants,20+ sold recently,8.89,0.0,,,Men's Clothing
5.0,Manfinity Homme Men's Solid Color Drawstring Elastic Waist Summer Shorts Knee Plain All White Casual Dad And Me,,8.89,0.0,#4 Best Seller,in White Men Bottoms,Men's Clothing
1.0,Manfinity LEGND Men Camo Print Drawstring Hooded Tee & Shorts,1.4k+ sold recently,22.99,0.0,,,Men's Clothing
1.0,Manfinity Hypemode Men Solid Notched Neck Tee,200+ sold recently,5.17,0.0,,,Men's Clothing
7.0,SHEIN Manfinity Homme Men's Casual V-Neck Short Sleeve T-Shirt For Spring And Summer,1.6k+ sold recently,8.49,0.0,,,Men's Clothing
1.0,Manfinity Chillmode Men Tropical Print Tee & Drawstring Waist Shorts,2.1k+ sold recently,14.53,0.0,,,Men's Clothing
10.0,Manfinity Homme Men Summer Leisure ECG Cross Print Short Sleeve T-Shirt,200+ sold recently,3.65,0.0,,,Men's Clothing
1.0,Manfinity Men Striped Printed Drawstring Loose Beach Shorts For Vacation,20+ sold recently,8.61,0.0,,,Men's Clothing
1.0,Manfinity LEGND Men's Plus Size Summer Casual T-Shirt With American Flag Print And Round Neck,10+ sold recently,9.99,0.0,,,Men's Clothing
1.0,"ROMWE Street Life 2pcs Men's Portrait Printed Short Sleeve T-Shirt And Shorts, Suitable For Daily Wear In Spring And Summer",,18.69,0.0,#1 Best Seller,in Animal Men Co-ords,Men's Clothing
4.0,Manfinity Hypemode Men Rose Print Drawstring Waist Shorts,,8.89,0.0,#10 Best Seller,in Floral Men Shorts,Men's Clothing
1.0,Men's Color-Block Striped Shawl Collar Button-Down Cardigan,40+ sold recently,22.07,0.0,,,Men's Clothing
5.0,Manfinity Homme Men Summer Casual Solid Button Up Short Sleeve Loose Shirt,400+ sold recently,8.97,0.0,,,Men's Clothing
7.0,"5pcs/Set Men's Summer Regular Fit Solid Color Basic T-Shirt, Casual Going-Out Clothing",10k+ sold recently,30.89,0.0,,,Men's Clothing
7.0,Manfinity RSRT Men's Flamingo & Palm Tree Print Short Sleeve Shirt And Shorts Set,1.0k+ sold recently,17.59,0.0,,,Men's Clothing
14.0,Manfinity Homme Men Half Button Roll Up Sleeve Shirt,3.6k+ sold recently,13.59,0.0,,,Men's Clothing
5.0,Manfinity Homme Men T-Shirts Fit Crew Neck Short Sleeve Casual Summer Polyester,600+ sold recently,5.96,0.0,,,Men's Clothing
16.0,Manfinity Homme Men Mountain Print Tee,5.6k+ sold recently,7.59,0.0,,,Men's Clothing
1.0,Manfinity RSRT Men Letter & Tropical Print Tee and Shorts Set,500+ sold recently,10.89,0.0,,,Men's Clothing
5.0,Men's Plus Size Loose Fit Drawstring Waist Spring Sports Pants,30+ sold recently,12.55,0.0,,,Men's Clothing
6.0,Manfinity Streetrush Loose Fit Men's Drop Shoulder Cross Embroidery Vintage T-Shirt,1.8k+ sold recently,10.59,0.0,,,Men's Clothing
1.0,Manfinity LEGND Men Reflective Cartoon Graphic Tee,2.5k+ sold recently,8.33,0.0,,,Men's Clothing
7.0,Men's Flag Print Round Neck Short Sleeve T-Shirt Usa Shirt,2.7k+ sold recently,8.49,0.0,,,Men's Clothing
1.0,Men's Summer Casual Short Sleeve T-Shirt With American Flag Print,,8.39,0.0,#8 Best Seller,in Plants Men T-Shirts,Men's Clothing
1.0,Manfinity VCAY Men Beach Outfits Summer Vacation Woven Casual Surfing Seaside Paysage Graphic  Beach Fit Hawaiian Shorts Beachwear,,8.69,0.0,,,Men's Clothing
5.0,Manfinity RSRT Men's Tropical Print Short Sleeve Shirt And Shorts With Slanted Pocket Suit,2.9k+ sold recently,18.79,0.0,,,Men's Clothing
1.0,Men Slogan & Palm Tree Print Tee,1.4k+ sold recently,6.25,0.0,,,Men's Clothing
1.0,Manfinity Vacaylife Men's Casual Hollow Out Texture Round Neck Sleeveless Tank Top For Vacation,300+ sold recently,8.89,0.0,,,Men's Clothing
8.0,Manfinity Homme Men Solid Shirt & Drawstring Waist Shorts Without Tee,,16.59,0.0,#6 Best Seller,in Black Men Shirt Co-ords,Men's Clothing
10.0,Manfinity Swimmode Men Striped Print Drawstring Waist Swim Trunks,1.1k+ sold recently,12.29,0.0,,,Men's Clothing
1.0,Men's Summer Casual T-Shirt With Letter Print And Round Neck Short Sleeve,100+ sold recently,5.29,0.0,,,Men's Clothing
18.0,Manfinity Homme Men Solid Button Front Shirt,1.1k+ sold recently,6.69,0.0,,,Men's Clothing
8.0,Men's Summer Poker Printed Short Sleeve Round Neck Casual Commute T-Shirt,300+ sold recently,7.43,0.0,,,Men's Clothing
1.0,Men Drawstring Solid Color Casual Pants With Pockets Baggy Long Slacks Plain All White Going Out,,13.59,0.0,#2 Best Seller,in White Men Pants,Men's Clothing
1.0,Men's Zipper Leather Jacket,100+ sold recently,27.0,0.0,,,Men's Clothing
1.0,Manfinity Homme Men's Striped Printed Short Sleeve Casual Cotton Blend T-Shirt For Summer,300+ sold recently,9.19,0.0,,,Men's Clothing
1.0,Manfinity Homme Men T-Shirts Fit V Neck Short Sleeve Letter Graphic Business Summer Polyester,1.9k+ sold recently,8.09,0.0,,,Men's Clothing
6.0,Manfinity RSRT Men Coconut Tree & Slogan Graphic Tee,,3.75,0.0,#9 Best Sellers,in Hawaiian Shirt,Men's Clothing
15.0,SHEIN Manfinity EMRG Men's Letter Printed Short Sleeve T-Shirt,,7.99,0.0,#2 Best Seller,in Letter Men T-Shirts,Men's Clothing
1.0,Manfinity LEGND White Knitted Men's Summer Letter Printed Short Sleeve T-Shirt And Shorts Casual 2pcs Outfit,600+ sold recently,8.61,0.0,,,Men's Clothing
1.0,"Manfinity EMRG Men's Summer Casual Short Sleeve T-Shirt With Star And Character Print, Round Neck",400+ sold recently,12.69,0.0,,,Men's Clothing
5.0,Men's Solid Color Sweatshirt,,9.99,0.0,#5 Best Seller,in Plain Men Hoodies & Sweatshirts,Men's Clothing
5.0,Manfinity EMRG Men's Solid Color Drawstring Cargo Shorts With Pockets For Summer Leisure,200+ sold recently,10.69,0.0,,,Men's Clothing
7.0,Manfinity LEGND Loose Fit Men's Cargo Shorts With Flap Pockets And Drawstring Waist,1.5k+ sold recently,12.49,0.0,,,Men's Clothing
6.0,Men's Round Neck Letter Print Casual Commute T-Shirt,400+ sold recently,7.51,0.0,,,Men's Clothing
6.0,Manfinity Homme Men Solid Button Up Shirt,1.2k+ sold recently,11.29,0.0,,,Men's Clothing
6.0,Men Coconut Tree & Slogan Graphic Tee,1.9k+ sold recently,8.99,0.0,,,Men's Clothing
8.0,Manfinity Swimmode Men Color Block Striped Print Flap Detail Swim Trunks,3.6k+ sold recently,12.59,0.0,,,Men's Clothing
4.0,"Men Regular Fit Short Sleeve T-Shirt And Shorts Set, Personality Printed Pattern, Fashionable And Casual Outfit, Pocket Sports Elastic Drawstring Shorts, Summer",,15.49,0.0,#7 Best Seller,in Colorblock Men T-Shirt Co-ords,Men's Clothing
6.0,Manfinity Homme Men Striped Print Button Up Shirt,1.1k+ sold recently,14.09,0.0,,,Men's Clothing
7.0,Manfinity Sporsity Men's Loose Fit Sweatpants With Drawstring Waist & Contrast Side Tape Detail,1.2k+ sold recently,6.75,0.0,,,Men's Clothing
9.0,Men's Pattern Printed Short Sleeve Shirt,500+ sold recently,9.59,0.0,,,Men's Clothing
15.0,Manfinity LEGND Men's Summer Sporty & Casual Lion Printed Short Sleeve T-Shirt,500+ sold recently,7.25,0.0,,,Men's Clothing
1.0,Manfinity RSRT Men's Flower Printed Casual Shirt,100+ sold recently,14.79,0.0,,,Men's Clothing
1.0,Manfinity Homme Plus Size Solid Color Drawstring Pocketed Straight Leg Casual Pants,,12.1,0.0,,,Men's Clothing
1.0,Manfinity Homme Men's Gradient Short Sleeve Polo Shirt,,6.85,0.0,#6 Best Seller,in Loose Men Polo Shirts,Men's Clothing
4.0,Manfinity Men Figure Graphic Kangaroo Pocket Drawstring Hoodie,,14.39,0.0,#1 Best Seller,in Figure Men Hoodies,Men's Clothing
1.0,Manfinity RSRT Men Solid Drawstring Waist Shorts Baggy Board Linen Cool Plain All White Vacation Boho,2.6k+ sold recently,10.25,0.0,,,Men's Clothing
1.0,Manfinity Homme Men 3pcs Letter Patched Drawstring Waist Shorts,,24.31,0.0,#5 Best Seller,in Patched Men Bottoms,Men's Clothing
5.0,Manfinity RSRT Men Summer Palm Tree Printed Round Neck Short-Sleeve Knit T-Shirt And Woven Shorts Casual Two-Piece Set,,14.72,0.0,#8 Best Seller,in Khaki Men Co-ords,Men's Clothing
5.0,SUMWON Overhead Hoodie With Applique Embroidery,,20.69,0.0,#10 Best Seller,in Loose Men Sweatshirts,Men's Clothing
4.0,Men's Letter Print Round Neck Casual & Commute T-Shirt,800+ sold recently,6.85,0.0,,,Men's Clothing
1.0,Manfinity Homme Men'S Contrast Color Short Sleeve Polo Shirt,1.0k+ sold recently,11.09,0.0,,,Men's Clothing
8.0,Manfinity Homme Men Solid Color Simple Round Neck Short Sleeve T-Shirt And Shorts Set,,21.42,0.0,#10 Best Seller,in Patched Men T-Shirt Co-ords,Men's Clothing
1.0,"Manfinity LEGND Men's Plus Size American Flag Printed Round Neck Short Sleeve Casual T-Shirt, Summer",10+ sold recently,10.19,0.0,,,Men's Clothing
10.0,Manfinity Homme Men's Simple Solid Color Short Sleeve Polo Shirt,3.0k+ sold recently,10.16,0.0,,,Men's Clothing
6.0,Manfinity Homme Men Striped Print Drawstring Waist Flap Pocket Cargo Shorts,3.7k+ sold recently,10.09,0.0,,,Men's Clothing
1.0,Manfinity VCAY Men Cotton Letter Graphic Tee & Paisley Print Drawstring Waist Shorts,2.0k+ sold recently,19.89,0.0,,,Men's Clothing
4.0,Manfinity Homme Men'S Solid Color Short Sleeve Shirt,1.1k+ sold recently,12.29,0.0,,,Men's Clothing
7.0,Men Slogan Graphic Short Sleeve Round Neck Tee,200+ sold recently,7.49,0.0,,,Men's Clothing
10.0,Manfinity Homme Men's Ombre Long Sleeve Shirt,,13.49,0.0,#6 Best Seller,in Purple Men Shirts,Men's Clothing
6.0,Men's Casual/Commuting Round Neck T-Shirt,2.8k+ sold recently,8.69,0.0,,,Men's Clothing
8.0,Manfinity RSRT Men Tropical Print Shirt & Shorts Without Tee,,17.89,0.0,#10 Best Seller,in Short Sleeve Men Shirt Co-ords,Men's Clothing
6.0,Manfinity Homme Men's Drawstring Waist Casual Woven Striped Summer Shorts,100+ sold recently,8.69,0.0,,,Men's Clothing
1.0,"Manfinity Homme 2pcs Men's Green Casual Turn-Down Collar Short Sleeve Shirt Set ,Linen-Cotton Blend Comfortable Breathable Green Short-Sleeve Shorts Shirt Set , Casual Shirts Set ,Linen Shirt Set",,26.99,0.0,,,Men's Clothing
11.0,Manfinity Swimmode Men Tropical Print Drawstring Waist Swim Trunks,1.5k+ sold recently,10.06,0.0,,,Men's Clothing
5.0,Manfinity Homme Men T-Shirts Fit Crew Neck Short Sleeve Slogan Tee Casual,1.0k+ sold recently,8.29,0.0,,,Men's Clothing
1.0,"ROMWE Street Life Men Oversized Snow Wash T-Shirt With Printed Characters And Slogan, Summer",2.0k+ sold recently,15.19,0.0,,,Men's Clothing
11.0,Manfinity Mode Men Solid Tapered Suit Pants,400+ sold recently,16.19,0.0,,,Men's Clothing
1.0,Manfinity LEGND Men's Animal And Letter Print Drawstring 2 In 1 Summer Casual Shorts,,13.01,0.0,#10 Best Seller,in Knitted Fabric Men Shorts,Men's Clothing
5.0,Manfinity Homme Men Solid Slant Pocket Shorts,2.3k+ sold recently,12.29,0.0,,,Men's Clothing
4.0,Manfinity EMRG Men Butterfly & Slogan Graphic Tee,1.7k+ sold recently,6.59,0.0,,,Men's Clothing
1.0,Manfinity Hypemode Men Cotton Colorblock Pocket Detail Polo Shirt,1.7k+ sold recently,13.39,0.0,,,Men's Clothing
4.0,Men's Letter Print Short Sleeve T-Shirt,2.7k+ sold recently,7.65,0.0,,,Men's Clothing
7.0,Men's Summer Casual T-Shirt With EKG Heartbeat Print Round Neck Short Sleeve,80+ sold recently,7.19,0.0,,,Men's Clothing
1.0,Manfinity RSRT Men Coconut Tree Print Shirt,600+ sold recently,12.09,0.0,,,Men's Clothing
6.0,"Summer New Arrival Men's Solid Color Quick-Drying Casual Sports Shorts With Drawstring Waistband, Perfect For Fitness, Running, And Beachwear",,8.69,0.0,#8 Best Seller,in Black Men Shorts,Men's Clothing
7.0,Manfinity Swimmode Men's Palm Tree Printed Drawstring Waist Beach Shorts,1.2k+ sold recently,11.69,0.0,,,Men's Clothing
1.0,Manfinity Basics Men Summer Casual Solid Color Basic Round Neck Tank Top,200+ sold recently,15.19,0.0,,,Men's Clothing
9.0,"Men's Summer Geometric Pattern Printed T-Shirt And Shorts Set, Fashionable And Casual With Pocket, Elastic Drawstring Shorts",,15.49,0.0,#10 Best Seller,in Yellow Men T-Shirt Co-ords,Men's Clothing
4.0,Men Round Neck Casual And Commuting T-Shirt,700+ sold recently,8.69,0.0,,,Men's Clothing
1.0,"Manfinity Homme Knitted Round Neck Contrast Color Short Sleeve T-Shirt And Drawstring Pocket Shorts Set, Summer",500+ sold recently,11.1,0.0,,,Men's Clothing
1.0,Manfinity LEGND Men's Casual-Fit Solid Color Cargo Shorts With Pockets,200+ sold recently,12.59,0.0,,,Men's Clothing
1.0,ROMWE Street Life Men's Summer Fashion Artistic  Slogan Printed T-Shirt,400+ sold recently,11.19,0.0,,,Men's Clothing
1.0,"Manfinity StreetEZ Men's Loose Embroidered English Pattern Short Sleeve Woven Shirt, Suitable For Summer",,15.09,0.0,,,Men's Clothing
7.0,Manfinity Homme Men's Hooded Sweatshirt With Letter Print And Drawstring,1.4k+ sold recently,12.79,0.0,,,Men's Clothing
1.0,Manfinity EMRG Loose Fit Men's Striped Print Drawstring Waist Shorts Pattern Graffiti Colorful Funny,,8.89,0.0,#4 Best Seller,in Khaki Men Shorts,Men's Clothing
5.0,Manfinity Hypemode Men Flap Pocket Drawstring Waist Shorts,500+ sold recently,11.89,0.0,,,Men's Clothing
4.0,Manfinity Mode Men'S Solid Color Casual Polo Shirt,600+ sold recently,12.89,0.0,,,Men's Clothing
15.0,Manfinity Homme Men's Solid Color Casual Short Sleeve Shirt,2.7k+ sold recently,10.63,0.0,,,Men's Clothing
5.0,Men Cartoon Printed Casual Commuting T-Shirt With Round Neck For Summer,300+ sold recently,3.16,0.0,,,Men's Clothing
4.0,"Men Solid Color Drawstring Patchwork Shorts With Pockets, Summer Casual Shorts",,10.49,0.0,#10 Best Seller,in Khaki Men Shorts,Men's Clothing
1.0,Men Slant Pocket Slim Straight Jeans,6.8k+ sold recently,20.69,0.0,,,Men's Clothing
1.0,Men Summer Casual Drawstring Waist American Flag Printed Shorts,,7.35,0.0,#6 Best Seller,in Plants Men Bottoms,Men's Clothing
1.0,Men's Round Neck Casual/Office Style T-Shirt With Deer Head Print,200+ sold recently,7.43,0.0,,,Men's Clothing
7.0,Manfinity Hypemode Men Flap Pocket Drawstring Waist Pants,,17.69,0.0,#10 Best Seller,in Street Men Pants,Men's Clothing
7.0,DAZY Men Solid Round Neck Tee,400+ sold recently,2.8,0.0,,,Men's Clothing
1.0,Men Casual Fashion Color Block Jacquard Knitted Short Sleeve T-Shirt,300+ sold recently,13.89,0.0,,,Men's Clothing
4.0,Manfinity RSRT Men Graphic Print Shirt & Shorts Set,4.4k+ sold recently,18.29,0.0,,,Men's Clothing
1.0,Manfinity Homme Men Drawstring Waist Slant Pocket Pants,400+ sold recently,12.29,0.0,,,Men's Clothing
6.0,Men's Drawstring Waist Flip Pocket Cargo Pants,,13.89,0.0,#7 Best Seller,in Letter Men Pants,Men's Clothing
8.0,Manfinity Modomio Loose-Fit Men's Notched Neck Top & Drawstring Waist Pants,,25.69,0.0,#8 Best Seller,in Short Sleeve Men Polo Co-ords,Men's Clothing
7.0,ROMWE Street Life Men Slogan & Skeleton Print Drop Shoulder Tee,1.5k+ sold recently,4.79,0.0,,,Men's Clothing
1.0,Manfinity Homme Men Slogan Graphic Tee,900+ sold recently,7.19,0.0,,,Men's Clothing
6.0,Men's Round Neck Letter Print Casual Commute T-Shirt,200+ sold recently,7.43,0.0,,,Men's Clothing
4.0,Manfinity Homme Men T-Shirts Fit V Neck Short Sleeve Henley Colorblock Casual Simple Summer Polyester,500+ sold recently,10.39,0.0,,,Men's Clothing
1.0,DAZY Men Stylish Solid Color Printed Label Adhesive Summer Short Sleeve T-Shirt,300+ sold recently,14.39,0.0,,,Men's Clothing
7.0,Manfinity EMRG Men's Zipper Design Drawstring Waist Summer Shorts Cargo Plain Cream Street Wear,,12.29,0.0,#6 Best Seller,in Patched Men Bottoms,Men's Clothing
4.0,Manfinity RSRT Loose Fit Men's Geometric Print Drawstring Shorts,,9.21,0.0,#3 Best Seller,in All Over Print Men Shorts,Men's Clothing
5.0,Manfinity Mode Men's Color-Block Striped Polo Shirt With Eagle Embroidery,,10.89,0.0,#6 Best Seller,in Polyester Men Tops,Men's Clothing
1.0,Manfinity Sporsity Men T-Shirts Fit Crew Neck Short Sleeve Graphic Tee Los Angeles Casual Summer Polyester,2.3k+ sold recently,8.79,0.0,,,Men's Clothing
10.0,Manfinity Hypemode Men's Letter Print Knitted Casual 2-Piece Outfit,700+ sold recently,17.29,0.0,,,Men's Clothing
1.0,TEENAGE MUTANT NINJA TURTLES X SHEIN Men's Casual Oversized Back Cool Cartoon Pattern Loose T-Shirt With Drop Shoulders For Summer,700+ sold recently,10.99,0.0,,,Men's Clothing
9.0,Manfinity Homme Men'S Solid Color Stand Collar Casual Polo Shirt,4.8k+ sold recently,9.79,0.0,,,Men's Clothing
1.0,"Manfinity ResortEase Men's Plus-Size Palm Tree Printed Short Sleeve Casual Shirt, Beach Vacation Style",,13.99,0.0,,,Men's Clothing
1.0,Manfinity RSRT Men Random Print Shirt Without Tee,3.1k+ sold recently,10.69,0.0,,,Men's Clothing
1.0,Men Pineapple Print Tee,1.1k+ sold recently,6.99,0.0,,,Men's Clothing
11.0,Men's Fashionable Distressed & Frayed Denim Shorts,1.1k+ sold recently,16.29,0.0,,,Men's Clothing
1.0,Manfinity RSRT Men Hollow Out Shirt,,11.79,0.0,#6 Best Seller,in Black Men Shirts,Men's Clothing
4.0,Manfinity Swimmode Men Drawstring Waist 2 In 1 Swim Trunks,2.0k+ sold recently,13.29,0.0,,,Men's Clothing
1.0,ROMWE Street Life Men Cotton Planet & Slogan Graphic Tee,5.0k+ sold recently,11.69,0.0,,,Men's Clothing
1.0,Manfinity LEGND Men Camo Printed Denim Shorts With Pockets And Button Closure,,25.53,0.0,#1 Best Seller,in All Over Print Men Denim,Men's Clothing
6.0,"Men Fashionable Casual Gradient Color Seagull Print T-Shirt, Versatile Style",,8.89,0.0,#8 Best Seller,in Polyester Men T-Shirts,Men's Clothing
6.0,Manfinity Homme Men'S Solid Color Short Sleeve Polo Shirt,2.1k+ sold recently,11.97,0.0,,,Men's Clothing
1.0,DAZY Men's Summer Letter Printed Round Neck Short Sleeve Casual T-Shirt,,11.29,0.0,,,Men's Clothing
5.0,Manfinity Hypemode Men Japanese Letter & Floral Print Tee & Drawstring Waist Shorts,,15.79,0.0,#10 Best Seller,in Floral Men Co-ords,Men's Clothing
4.0,Manfinity Homme Oversized Men's Moon And Planet Print Hoodie,,12.49,0.0,#7 Best Seller,in Knitted Fabric Men Hoodies,Men's Clothing
1.0,SUMWON Denim Short With Raw Edge,,16.99,0.0,#3 Best Seller,in Plain Men Denim Shorts,Men's Clothing
1.0,Manfinity RSRT Men Tropical Print Shirt & Drawstring Waist Shorts Set,500+ sold recently,16.39,0.0,,,Men's Clothing
8.0,Manfinity Homme Men T-Shirts Fit Crew Neck Short Sleeve Casual Summer Polyester,1.2k+ sold recently,8.69,0.0,,,Men's Clothing
4.0,Manfinity EMRG Men's Letter And Star Patterned Long Sleeve Casual Hoodie,,14.79,0.0,#1 Best Seller,in Knitted Fabric Men Hoodies & Sweatshirts,Men's Clothing
1.0,Rick and Morty X SHEIN Men Cartoon Character And Letter Printed Drawstring Waist Casual Summer Shorts,400+ sold recently,13.19,0.0,,,Men's Clothing
4.0,Manfinity LEGND Men's Flip Pocket Drawstring Waist Shorts,3.3k+ sold recently,20.89,0.0,,,Men's Clothing
1.0,Men's Color Block T-Shirt Set,1.4k+ sold recently,14.29,0.0,,,Men's Clothing
5.0,Men's Summer Sunset Print Round Neck Casual Tank Top,100+ sold recently,6.39,0.0,,,Men's Clothing
14.0,Manfinity Homme Men's Casual Solid Color Cargo Pants With Flap Pockets And Drawstring Waist,,19.89,0.0,#10 Best Seller,in Pocket Men Pants,Men's Clothing
6.0,Men Slogan & Cartoon Graphic Tee,1.2k+ sold recently,4.06,0.0,,,Men's Clothing
4.0,Manfinity Basics Men Solid Round Neck Tee,100+ sold recently,2.97,0.0,,,Men's Clothing
1.0,Manfinity RSRT Men's Plant Printed Short Sleeve Shirt And Shorts Two Piece Set,800+ sold recently,16.99,0.0,,,Men's Clothing
12.0,Manfinity Homme Men Striped Shirt & Drawstring Waist Shorts Without Tee,6.7k+ sold recently,18.49,0.0,,,Men's Clothing
5.0,Manfinity RSRT Men Tropical Print Shirt & Shorts,,17.39,0.0,#2 Best Seller,in Tropical Men Shirt Co-ords,Men's Clothing
11.0,Manfinity Homme Men Letter Patched Detail Tee,,6.45,0.0,#6 Best Seller,in Patched Men T-Shirts,Men's Clothing
1.0,Manfinity RSRT Men Tropical Print Shirt & Shorts,2.4k+ sold recently,17.49,0.0,,,Men's Clothing
1.0,Men Slogan & Palm Tree Print Tee,900+ sold recently,10.09,0.0,,,Men's Clothing
1.0,Manfinity Homme Men's Plus Size Summer American Flag Letter Printed Round Neck Casual Short Sleeve T-Shirt,,9.19,0.0,,,Men's Clothing
6.0,Manfinity LEGND Loose Fit Men's Hoodie With Cross Print And Zipper,1.7k+ sold recently,13.59,0.0,,,Men's Clothing
5.0,Men Zip Up Drawstring Thermal Hoodie,,11.79,0.0,#10 Best Seller,in Drawstring Men Hoodies & Sweatshirts,Men's Clothing
6.0,Manfinity Hypemode Men's Camouflage Bear Printed Short Sleeve Anime T-Shirt And Shorts Set,,17.69,0.0,#5 Best Seller,in Animal Men T-Shirt Co-ords,Men's Clothing
1.0,"ROMWE Street Life Men's Summer Casual Skull Hand, Paisley & Letter Printed Drawstring 2 In 1 Basketball Shorts",1.3k+ sold recently,14.59,0.0,,,Men's Clothing
1.0,Men's Summer Casual Short Sleeve T-Shirt With Letter American Flag Print,700+ sold recently,6.83,0.0,,,Men's Clothing
8.0,Manfinity Swimmode Men Drawstring Waist Swim Trunks,,8.54,0.0,#2 Best Seller,in Drawstring Men Swimwear,Men's Clothing
5.0,Manfinity LEGND Men Floral & Slogan Graphic Tee,3.2k+ sold recently,8.79,0.0,,,Men's Clothing
1.0,Manfinity Modomio Men Drawstring Waist Patched Detail Striped Shorts,1.5k+ sold recently,10.09,0.0,,,Men's Clothing
1.0,ROMWE Street Life Men Cartoon & Letter Graphic Drawstring Waist Shorts,,9.79,0.0,#9 Best Seller,in Letter Men Shorts,Men's Clothing
1.0,Manfinity Chillmode Men's Colorful Minimalist Daily Style Buttoned Short Sleeve Knitted Top,,16.79,0.0,,,Men's Clothing
1.0,Men Summer Casual Short Sleeve T-Shirt With Letter Printing,900+ sold recently,7.59,0.0,,,Men's Clothing
7.0,Manfinity Homme Men Solid Polo Shirt,,13.89,0.0,#7 Best Seller,in Long Sleeve Men Clothing,Men's Clothing
1.0,SHEIN X Hangout Fest Manfinity Swimmode Men Pineapple Print Drawstring Waist Swim Trunks,4.5k+ sold recently,10.69,0.0,,,Men's Clothing
4.0,SHEIN Manfinity Homme Men's Button Front Sleeveless Tank Top,,8.29,0.0,#3 Best Seller,in Green Men Tank Tops,Men's Clothing
5.0,Men's Casual & Commuter Round Neck T-Shirt With Printed Car Slogan,1.2k+ sold recently,5.26,0.0,,,Men's Clothing
9.0,ROMWE Prep Men Star Print Denim Shorts,,21.09,0.0,#1 Best Seller,in Geometric Men Denim,Men's Clothing
1.0,Manfinity Homme Men Loose Fit Drawstring Waist Jogger Shorts With Letter Print,,5.15,0.0,#7 Best Seller,in Blue Men Bottoms,Men's Clothing
1.0,Men Fashionable Casual Loose-Fit Short Sleeve T-Shirt And Shorts Set,,9.77,0.0,#6 Best Seller,in Loose Men Co-ords,Men's Clothing
5.0,Manfinity Homme Men Solid Crew Neck Patched Tee,,8.79,0.0,#6 Best Seller,in Patched Men Tops,Men's Clothing
1.0,Manfinity ResortEase Men's Plus Size Solid Color Drawstring Casual Summer Shorts,,13.29,0.0,,,Men's Clothing
1.0,Manfinity Hypemode Men Slogan Graphic Tee & Drawstring Waist Shorts,,17.19,0.0,#9 Best Seller,in Green Men T-Shirt Co-ords,Men's Clothing
1.0,"Manfinity Vacaylife Men's Fashionable Breathable Summer Beach T-Shirt, Lightweight Coconut Tree Print Knit Casual Tee For Surfing And Vacation, White",50+ sold recently,10.69,0.0,,,Men's Clothing
1.0,Manfinity Homme Men's Summer Casual Short Sleeve T-Shirt With Letter And USA Flag Print,,5.63,0.0,#7 Best Sellers,in men usa tops,Men's Clothing
1.0,"Solid Color Drawstring Shorts With Pockets, Summer Casual Wear",200+ sold recently,10.99,0.0,,,Men's Clothing
4.0,Manfinity Homme Men'S Round Neck Colorblock T-Shirt,600+ sold recently,8.49,0.0,,,Men's Clothing
1.0,Manfinity LEGND Men Slogan Graphic Tee,1.6k+ sold recently,7.49,0.0,,,Men's Clothing
1.0,Manfinity Basics 3pcs/set Men's Solid Color Shorts,700+ sold recently,24.59,0.0,,,Men's Clothing
1.0,Manfinity Sporsity Men Letter Graphic Tee & Drawstring Waist Shorts,900+ sold recently,10.05,0.0,,,Men's Clothing
5.0,Manfinity Hypemode Men Figure & Letter Graphic Tee,700+ sold recently,5.15,0.0,,,Men's Clothing
4.0,Manfinity Homme Men Summer Short Sleeve Round Neck Casual T-Shirt And Shorts Set With Letter Print,,12.88,0.0,#8 Best Seller,in Striped Men T-Shirt Co-ords,Men's Clothing
1.0,"Men's 6pcs/Set Multicolor Sports & Casual Beach Shorts With Drawstring Elastic Waist, Pockets, Classic Design, Summer",1.3k+ sold recently,46.29,0.0,,,Men's Clothing
5.0,ROMWE Prep Men Letter Graphic Drawstring Waist Shorts,3.0k+ sold recently,9.69,0.0,,,Men's Clothing
6.0,Men Slogan Graphic Tee,2.1k+ sold recently,8.49,0.0,,,Men's Clothing
6.0,Manfinity EMRG Loose Fit Men's T-Shirt With Japanese Letter & Cartoon Graphic,1.0k+ sold recently,10.09,0.0,,,Men's Clothing
1.0,Manfinity RSRT Men's Coconut Tree Print Button Down Shirt And Shorts Set,1.3k+ sold recently,17.99,0.0,,,Men's Clothing
10.0,Men Cross Print Tee,,10.09,0.0,#7 Best Seller,In Slim Fit Men Clothing,Men's Clothing
1.0,ROMWE Anime Men'S Two-Dimensional Printed Loose T-Shirt Is Suitable For Daily Spring And Summer,1.6k+ sold recently,11.79,0.0,,,Men's Clothing
1.0,Manfinity EMRG Men'S Cartoon And Letter Print Short Sleeve T-Shirt And Knitted Shorts Casual 2pcs/Set,,17.47,0.0,#7 Best Seller,in White Men Co-ords,Men's Clothing
1.0,Manfinity Vacaylife Men's Drawstring Waist Woven Casual Shorts Baggy Board Cool Graphic Colorful Vacation Boho,,8.31,0.0,#10 Best Seller,in Geometric Men Shorts,Men's Clothing
1.0,Manfinity RSRT Men Summer Vacation Lounge Coconut Tree Printed Short Sleeve T-Shirt And Shorts Set,,18.99,0.0,#3 Best Seller,in All Over Print Men T-Shirt Co-ords,Men's Clothing
1.0,"Manfinity Homme Men's Solid Color Drawstring Elastic Waist Casual Shorts, Fashionable And Versatile",30+ sold recently,13.59,0.0,,,Men's Clothing
1.0,Men's Summer Mountain Printed Round Neck Short Sleeve Casual T-Shirt,300+ sold recently,7.69,0.0,,,Men's Clothing
13.0,Manfinity RSRT Men Floral Print Shirt & Drawstring Waist Shorts,,16.79,0.0,#7 Best Seller,In Floral Men Clothing,Men's Clothing
1.0,TEENAGE MUTANT NINJA TURTLES X SHEIN Men's Casual Cartoon And Letter Print Cool Tank Top For Summer,,9.89,0.0,#8 Best Seller,in Figure Men Tank Tops,Men's Clothing
1.0,Men Summer Striped Print Zipper Polo Shirt With Half Placket And Drawstring Waist Shorts Casual Set,,15.19,0.0,#2 Best Seller,in Colorblock Men Polo Co-ords,Men's Clothing
1.0,Manfinity Homme Men Solid Button Up Pocket Patched Shirt,1.7k+ sold recently,11.19,0.0,,,Men's Clothing
17.0,Manfinity Homme Men Solid Color Short-Sleeved Shirt With Front Button Placket And Pocket (Random Cut Print),400+ sold recently,7.95,0.0,,,Men's Clothing
1.0,Manfinity Men Ribbed Knit Polo Shirt,2.4k+ sold recently,11.49,0.0,,,Men's Clothing
4.0,Manfinity Homme Men Crown & Letter Graphic Tee,1.2k+ sold recently,6.13,0.0,,,Men's Clothing
5.0,Manfinity LEGND Men Ombre Round Neck Tee,1.9k+ sold recently,4.65,0.0,,,Men's Clothing
1.0,Men's Letter & American Flag Print Drawstring Hooded Long Sleeve Sweatshirt,1.3k+ sold recently,6.27,0.0,,,Men's Clothing
4.0,SUMWON Drop Crotch Short With All Over Print,1.6k+ sold recently,9.74,0.0,,,Men's Clothing
19.0,DAZY Men's Solid Color Tank Top,600+ sold recently,5.89,0.0,,,Men's Clothing
1.0,FeverCity Men Slant Pocket Pu Leather Shorts Rave Outfit Plain Black Party Sexy,400+ sold recently,13.99,0.0,,,Men's Clothing
1.0,"Manfinity Homme Men's Casual Color-Block Short Sleeve Polo Shirt & Solid Color Shorts Set, Suitable For Summer",1.5k+ sold recently,18.5,0.0,,,Men's Clothing
1.0,Manfinity Mode Men Solid Slant Pocket Suit Pants,,13.06,0.0,#1 Best Seller,in Plain Men Suit Pants,Men's Clothing
1.0,Manfinity LEGND Men Cotton Ripped Raw Hem Denim Shorts Jorts Plain Light Blue Vacation Vintage,,11.03,0.0,#5 Best Seller,in Pocket Men Denim Shorts,Men's Clothing
10.0,Manfinity Swimmode Men Allover Print Letter Patched Detail Drawstring Waist Swim Trunks,,8.07,0.0,#6 Best Seller,in Orange Men Swimwear,Men's Clothing
1.0,"Manfinity Hypemode Men Solid Color Rib-Knit Tank Top, For  Summer",,8.49,0.0,#9 Best Seller,in Plain Men Tank Tops,Men's Clothing
1.0,Manfinity RSRT Men Summer Holiday Style Tropical Plant Print Short Sleeve Shirt And Shorts Casual Set,2.3k+ sold recently,13.48,0.0,,,Men's Clothing
1.0,Manfinity Homme Loose Men's Colorblock Letter Patched Detail Shorts With Drawstring Waist,3.6k+ sold recently,9.89,0.0,,,Men's Clothing
1.0,Men Animal & Letter Graphic Tee,1.9k+ sold recently,7.15,0.0,,,Men's Clothing
1.0,Manfinity Homme Men Cotton Slant Pocket Skinny Jeans,1.8k+ sold recently,12.57,0.0,,,Men's Clothing
1.0,Men Plus Large Size Slogan Print Short Sleeve T-Shirt,2.2k+ sold recently,10.19,0.0,,,Men's Clothing
1.0,Men's Plus Size Round Neck Short Sleeve T-Shirt With Printed Planet,600+ sold recently,9.09,0.0,,,Men's Clothing
1.0,GARFIELD X SHEIN Unisex Cartoon Printed Round Neck T-Shirt,3.4k+ sold recently,12.09,0.0,,,Men's Clothing
4.0,Manfinity LEGND Men's Plus Size Summer Camouflage Casual Cargo Shorts,,12.69,0.0,#10 Best Seller,in Street Men Plus Size Shorts,Men's Clothing
1.0,Manfinity Homme Men Solid Button Up Shirt,1.1k+ sold recently,11.29,0.0,,,Men's Clothing
10.0,Men Slim-Fit  Button Linen Guayabera Shirt Short Sleeve Beachwear For Summer,900+ sold recently,10.89,0.0,,,Men's Clothing
1.0,Manfinity Homme Men's Plain Textured Short Sleeve Shirt And Shorts Set,300+ sold recently,18.93,0.0,,,Men's Clothing
5.0,Manfinity Hypemode Striped Print Front Button Short Sleeve Shirt And Solid Color Drawstring Shorts Casual Summer Outfit,,17.95,0.0,#10 Best Seller,in Striped Men Shirt Co-ords,Men's Clothing
12.0,Manfinity Sporsity Men's Summer Leisure Color Block Short-Sleeved Polo Shirt,100+ sold recently,6.55,0.0,,,Men's Clothing
1.0,Manfinity Homme Men Plus Size Gradient Button Front Short Sleeve Shirt And Shorts Set For Summer Casual,300+ sold recently,22.49,0.0,,,Men's Clothing
11.0,Men's Color Block Striped Polo Shirt,2.6k+ sold recently,9.68,0.0,,,Men's Clothing
23.0,Manfinity Homme Men's Solid Color Round Neck Short Sleeve T-Shirt,,6.69,0.0,#2 Best Seller,in Plain Men Tops,Men's Clothing
9.0,Manfinity Homme Loose Fit Men's Solid Color Waffle Knit T-Shirt,1.9k+ sold recently,8.79,0.0,,,Men's Clothing
11.0,Manfinity Homme Men Summer Casual Color-Block Polo Shirt With Short Sleeves,,9.49,0.0,#8 Best Seller,in Short Sleeve Men Polo Shirts,Men's Clothing
7.0,Manfinity EMRG Men Casual Hooded Sweatshirt With Letter Print,,14.19,0.0,#7 Best Seller,in Letter Men Hoodies,Men's Clothing
9.0,Manfinity Basics Men Slant Pocket Drawstring Waist Solid Shorts Baggy Sweat Daddy Khaki Going Out Basic Husband,,10.35,0.0,#7 Best Seller,in Khaki Men Clothing,Men's Clothing
8.0,Manfinity Homme Men's Solid Color Drop Shoulder T-Shirt With Letter Embossment,2.7k+ sold recently,7.97,0.0,,,Men's Clothing
23.0,Manfinity Homme Men's Solid Color Short Sleeve T-Shirt,,6.29,0.0,#7 Best Seller,in Plain Men T-Shirts,Men's Clothing
11.0,Manfinity Hypemode Men Flap Pocket Drawstring Waist Loose Cargo Shorts,,12.49,0.0,#6 Best Seller,in Patched Men Shorts,Men's Clothing
15.0,Manfinity Homme Loose Fit Men's Colorblock Short Sleeve Shirt With Collar,3.1k+ sold recently,11.89,0.0,,,Men's Clothing
6.0,Manfinity Homme Men Striped Print Colorblock Polo Shirt,1.5k+ sold recently,11.59,0.0,,,Men's Clothing
9.0,Manfinity Homme Men Striped Print Shirt,6.9k+ sold recently,11.19,0.0,,,Men's Clothing
19.0,Manfinity Homme Men Solid Lapel Neck Shirt & Shorts,1.9k+ sold recently,17.49,0.0,,,Men's Clothing
1.0,"3pcs Men's Sport Shorts Set, Summer, Plus Size, Thin Ice Silk Quick-Dry Shorts, Fashionable Casual Running Fitness Youth Beach Pants",700+ sold recently,19.19,0.0,,,Men's Clothing
12.0,Manfinity Basics Men Summer 3-Pack Solid Color Round Neck Knitted Casual Short-Sleeve T-Shirt,1.3k+ sold recently,19.89,0.0,,,Men's Clothing
10.0,Manfinity LEGND Men Fashionable Loose Fit Casual Elastic Waist Shorts With Drawstring,300+ sold recently,10.15,0.0,,,Men's Clothing
11.0,Manfinity Homme Men Flap Pockets Drawstring Cargo Shorts,10k+ sold recently,11.69,0.0,,,Men's Clothing
8.0,Manfinity Homme Men Loose Solid Color Round Neck T-Shirt And Drawstring Waist Shorts Set,1.1k+ sold recently,19.99,0.0,,,Men's Clothing
7.0,Manfinity RSRT Men Drawstring Waist Paisley Print Shorts,,8.89,0.0,#2 Best Seller,in Boho Men Shorts,Men's Clothing
11.0,Manfinity Homme Men Summer Palm Tree Print Ombre Round Neck Casual Short Sleeve T-Shirt,500+ sold recently,4.24,0.0,,,Men's Clothing
1.0,Manfinity RSRT Men's Floral Printed Short Sleeve Button-Down Shirt,,6.91,0.0,#10 Best Seller,in Boho Men Shirts,Men's Clothing
6.0,Manfinity Homme Men Plain Simple Daily Short Sleeve Two-Piece Set,,16.89,0.0,#1 Best Seller,in Blue Men T-Shirt Co-ords,Men's Clothing
7.0,SHEIN X Breakaway Manfinity RSRT Men Fashionable And Casual Woven Surfing Beach Holiday Swim Trunks With Waist Floral Pattern,6.6k+ sold recently,8.89,0.0,,,Men's Clothing
10.0,Manfinity Hypemode Loose Fit Men's Shorts With Slant Pockets And Drawstring Waist,2.8k+ sold recently,8.03,0.0,,,Men's Clothing
10.0,Manfinity Homme Men Patched Detail Polo Shirt,3.8k+ sold recently,9.3,0.0,,,Men's Clothing
13.0,Manfinity Homme Men's Color Block Striped Polo Shirt,,10.06,0.0,#6 Best Seller,In Striped Men Clothing,Men's Clothing
5.0,Manfinity Homme Men Striped Print Quarter Zip Polo Shirt,2.9k+ sold recently,10.29,0.0,,,Men's Clothing
11.0,Manfinity Homme Men's Short Sleeve Polo Shirt With Color Blocking Detail,2.6k+ sold recently,9.89,0.0,,,Men's Clothing
10.0,Manfinity Men's Loose Fit Cargo Shorts With Flap Pockets And Drawstring Waistband,1.3k+ sold recently,11.69,0.0,,,Men's Clothing
19.0,Manfinity Homme Men Solid Button Up Shirt & Drawstring Waist Shorts,,16.89,0.0,#7 Best Seller,in Blue Men Clothing,Men's Clothing
20.0,Manfinity Homme Men Expression Print Drop Shoulder Tee,1.4k+ sold recently,6.32,0.0,,,Men's Clothing
20.0,Manfinity Hypemode Men Expression Print Drop Shoulder Tee,6.3k+ sold recently,5.92,0.0,,,Men's Clothing
15.0,Manfinity Homme Loose Fit Men's Short Sleeve Shirt,5.1k+ sold recently,11.89,0.0,,,Men's Clothing
6.0,Manfinity LEGND Men Ripped Frayed Denim Shirt Without Tee,2.7k+ sold recently,19.99,0.0,,,Men's Clothing
23.0,Manfinity Homme Men's Solid Color Round Neck Short Sleeve Casual T-Shirt,5.1k+ sold recently,6.69,0.0,,,Men's Clothing
6.0,Manfinity Homme Men Solid Color Simple Short-Sleeved Shorts Two-Piece Set,,16.05,0.0,#5 Best Seller,in Plain Men T-Shirt Co-ords,Men's Clothing
14.0,Manfinity Chillmode Men Coconut Tree Print Tee & Drawstring Waist Shorts,,14.72,0.0,#7 Best Seller,in Green Men Clothing,Men's Clothing
7.0,Manfinity Homme Men Graphic Print Tee,3.0k+ sold recently,5.65,0.0,,,Men's Clothing
10.0,Manfinity EMRG Men's Loose-Fit Slogan Graphic Round Neck T-Shirt,2.0k+ sold recently,8.79,0.0,,,Men's Clothing
8.0,Manfinity Homme Loose Men Solid Drawstring Waist Shorts,900+ sold recently,8.19,0.0,,,Men's Clothing
8.0,Manfinity Mode Men's Short Sleeve Polo Shirt With Striped Hem,1.3k+ sold recently,10.89,0.0,,,Men's Clothing
9.0,"Manfinity EMRG Men's Casual Drawstring Waist Cargo Shorts With Flap Pockets, Summer",2.5k+ sold recently,12.69,0.0,,,Men's Clothing
23.0,Manfinity Homme Men's Solid Color Short Sleeve T-Shirt,,6.29,0.0,#7 Best Seller,in Khaki Men T-Shirts,Men's Clothing
8.0,Manfinity Mode Men Letter Embroidery Detail Polo Shirt,3.0k+ sold recently,10.78,0.0,,,Men's Clothing
11.0,Manfinity Hypemode Men Flap Pockets Drawstring Cargo Shorts,3.4k+ sold recently,12.66,0.0,,,Men's Clothing
6.0,Manfinity Homme Men's Drawstring Cargo Shorts Plain Navy Blue,2.9k+ sold recently,12.69,0.0,,,Men's Clothing
8.0,Manfinity Homme Men's Printed Alphabet T-Shirt,,8.39,0.0,#8 Best Seller,in Plain Men T-Shirts,Men's Clothing
13.0,Manfinity Hypemode Men Letter Patched Drawstring Waist Shorts,,10.44,0.0,#4 Best Seller,in White Men Shorts,Men's Clothing
7.0,Manfinity Homme Men Cartoon & Slogan Graphic Tee,3.0k+ sold recently,7.79,0.0,,,Men's Clothing
8.0,Manfinity Homme Men Summer Letter Embossed Print Casual Round Neck Short Sleeve T-Shirt,900+ sold recently,9.09,0.0,,,Men's Clothing
8.0,Manfinity Mode Men's Summer Casual Half-Button Short Sleeve Polo Shirt,,10.89,0.0,#9 Best Seller,in Yellow Men Tops,Men's Clothing
9.0,Manfinity RSRT Men'S Leaf Print Short Sleeve Shirt And Shorts Set,8.7k+ sold recently,17.79,0.0,,,Men's Clothing
4.0,Manfinity Homme Men Floral Print Shirt & Shorts Without Tee,600+ sold recently,18.39,0.0,,,Men's Clothing
19.0,Manfinity Homme Men Solid Button Up Shirt & Shorts,4.8k+ sold recently,17.49,0.0,,,Men's Clothing
10.0,Manfinity Homme Men'S Drawstring Short Sleeve Hooded Top And Shorts 2-Piece Set,2.7k+ sold recently,18.61,0.0,,,Men's Clothing
10.0,Manfinity EMRG Loose Men Letter & Bull Head Print Round Neck T-Shirt,600+ sold recently,8.79,0.0,,,Men's Clothing
7.0,Manfinity EMRG Men Floral & Slogan Graphic Drop Shoulder Tee,,8.79,0.0,#5 Best Seller,in Floral Men Tops,Men's Clothing
11.0,Manfinity Homme Men Flap Pocket Drawstring Oversize Cargo Shorts,4.4k+ sold recently,11.69,0.0,,,Men's Clothing
9.0,Manfinity Homme Men'S Gradient Letter Print Short Sleeve T-Shirt And Shorts Two Piece Set,,15.29,0.0,#4 Best Seller,in All Over Print Men T-Shirt Co-ords,Men's Clothing
11.0,Manfinity Hypemode Men's Tie Dye Letter Print Short Sleeve T-Shirt,,7.09,0.0,#7 Best Seller,in Letter Men Tops,Men's Clothing
7.0,TOM & JERRY X SHEIN Manfinity Hypemode Men 1pc Cotton Cartoon & Letter Graphic Tee,2.2k+ sold recently,11.29,0.0,,,Men's Clothing
9.0,Manfinity EMRG Men's Loose Fit Drawstring Waist Flip Pocket Cargo Shorts,1.4k+ sold recently,12.69,0.0,,,Men's Clothing
12.0,Manfinity RSRT Men's Coconut Tree Printed Short Sleeve T-Shirt,,7.5,0.0,#8 Best Seller,in Tropical Men T-Shirts,Men's Clothing
12.0,Manfinity RSRT Men's Coconut Tree Print Slim Fit T-Shirt,,7.89,0.0,#7 Best Sellers,in Hawaiian Shirt,Men's Clothing
10.0,Manfinity Homme Men's Round Neck Short Sleeve T-Shirt With Slogan Print,2.4k+ sold recently,6.99,0.0,,,Men's Clothing
10.0,ROMWE Street Life Men Floral Print Drawstring Summer Shorts,,10.67,0.0,#1 Best Seller,in Plants Men Shorts,Men's Clothing
12.0,Manfinity RSRT Manfinity RSRT Men's Coconut Tree Print Short Sleeve Slim Fit Summer T-Shirt,,7.89,0.0,#10 Best Sellers,in Hawaiian Shirt,Men's Clothing
13.0,Manfinity Hypemode Men Letter Patched Drawstring Waist Shorts,,10.49,0.0,#7 Best Seller,in Letter Men Shorts,Men's Clothing
9.0,SHEIN Men Simple Print Vacation Style Beach Shorts For Daily Wear,,11.59,0.0,#8 Best Seller,in Plants Men Swimwear,Men's Clothing
7.0,Men Drawstring Waist Zipper Pocket Shorts,10k+ sold recently,8.89,0.0,,,Men's Clothing
10.0,ROMWE Street Life Men Floral Print Drawstring Waist Shorts,,10.67,0.0,#10 Best Seller,in All Over Print Men Shorts,Men's Clothing
10.0,Manfinity RSRT Men's Palm Tree Printed Round Neck T-Shirt,1.9k+ sold recently,7.79,0.0,,,Men's Clothing
7.0,Men Summer Casual T-Shirt With Headphones Print And Round Neckline,,7.49,0.0,#7 Best Seller,in Red Men Tops,Men's Clothing
10.0,Manfinity EMRG Loose Men Letter & Bull Head Print Round Neck T-Shirt,1.8k+ sold recently,8.59,0.0,,,Men's Clothing
6.0,Manfinity Chillmode Men Tropical Print Tee & Drawstring Waist Shorts,2.9k+ sold recently,15.19,0.0,,,Men's Clothing
11.0,Manfinity Homme Men Flap Pockets Drawstring Cargo Shorts,4.7k+ sold recently,11.69,0.0,,,Men's Clothing
1.0,Manfinity Homme Men Letter Graphic Tee,900+ sold recently,8.39,0.0,,,Men's Clothing
11.0,Manfinity Homme Men T-Shirts Fit Crew Neck Short Sleeve Casual Summer Polyester,10k+ sold recently,9.09,0.0,,,Men's Clothing
10.0,ROMWE Street Life Men's Lucky Clover Print Drawstring Waist Shorts,,5.27,0.0,#8 Best Seller,in Floral Men Shorts,Men's Clothing
10.0,Manfinity Men's Letter Print Short Sleeve T-Shirt,800+ sold recently,3.35,0.0,,,Men's Clothing
6.0,Manfinity Chillmode Men Tropical Print Tee & Drawstring Waist Shorts,,15.1,0.0,#7 Best Seller,in Knitted Fabric Men Co-ords,Men's Clothing
5.0,Manfinity Homme Men's Summer Patchwork Printed Round Neck Short Sleeve Casual T-Shirt,90+ sold recently,4.83,0.0,,,Men's Clothing
8.0,Manfinity Mode Men's Solid Color Front Button Short Sleeve Polo Shirt,700+ sold recently,10.89,0.0,,,Men's Clothing
10.0,Manfinity Homme Men Solid Textured Tee,500+ sold recently,8.54,0.0,,,Men's Clothing
1.0,Manfinity Chillmode Men Tropical Print Tank Top & Drawstring Waist Shorts,2.4k+ sold recently,13.67,0.0,,,Men's Clothing
1.0,Men Summer Solid Color Casual Polo Shirt And Drawstring Waist Shorts Set,,15.69,0.0,#1 Best Seller,in Short Sleeve Men Polo Co-ords,Men's Clothing
7.0,Men Solid Distressed Jeans,2.7k+ sold recently,25.89,0.0,,,Men's Clothing
11.0,Manfinity Homme Men's Contrast Trim & Badge Detail Round Neck T-Shirt,,6.55,0.0,#9 Best Seller,in Blue Men T-Shirts,Men's Clothing
29.0,Men Solid Round Neck Tee,10k+ sold recently,7.12,0.0,,,Men's Clothing
7.0,Manfinity RSRT Men Drawstring Waist Paisley Print Shorts,2.3k+ sold recently,8.89,0.0,,,Men's Clothing
7.0,Manfinity Homme Men Cross Print Tee,1.3k+ sold recently,4.65,0.0,,,Men's Clothing
5.0,Men Casual Vacation Style Tropical And Letter Print Summer Tank Top,,5.25,0.0,#6 Best Seller,in Geometric Men Tank Tops,Men's Clothing
23.0,Manfinity Men's Solid Color Round Neck Casual T-Shirt,3.0k+ sold recently,6.69,0.0,,,Men's Clothing
8.0,Manfinity Homme Men Ombre Casual Daily Wear Short Sleeve T-Shirt For Spring/Summer,,7.99,0.0,#5 Best Seller,in All Over Print Men T-Shirts,Men's Clothing
6.0,Manfinity Homme Men Cotton Ripped Slant Pocket Jeans,1.0k+ sold recently,20.49,0.0,,,Men's Clothing
10.0,"Manfinity LEGND Solid Color Drawstring Shorts With Pockets, Summer Casual Wear",,11.89,0.0,#10 Best Seller,in Colorblock Men Bottoms,Men's Clothing
10.0,Manfinity Homme Men Summer Sports & Leisure Knit Rose Printed Short Sleeve T-Shirt And Drawstring Waist Shorts Set,1.6k+ sold recently,15.0,0.0,,,Men's Clothing
7.0,Manfinity Men Slogan Graphic Tee,1.0k+ sold recently,6.95,0.0,,,Men's Clothing
7.0,Manfinity EMRG Loose Fit Men's Cross Print Shorts With Drawstring Waist,1.5k+ sold recently,5.57,0.0,,,Men's Clothing
19.0,Manfinity Homme Men Solid Lapel Neck Shirt & Shorts,1.1k+ sold recently,16.89,0.0,,,Men's Clothing
11.0,Manfinity Homme Men Solid Color Texture Short Sleeve Shirt And Shorts Set For Summer,1.3k+ sold recently,24.09,0.0,,,Men's Clothing
9.0,Manfinity Homme Men Striped Trim Polo Shirt & Drawstring Waist Shorts,800+ sold recently,11.73,0.0,,,Men's Clothing
12.0,Manfinity EMRG Men Letter & Bear Print Tee & Drawstring Waist Shorts,2.4k+ sold recently,14.94,0.0,,,Men's Clothing
10.0,Manfinity Hypemode Loose Fit Men's Shorts With Slant Pockets And Drawstring Waist,,7.78,0.0,#2 Best Seller,in Loose Men Bottoms,Men's Clothing
23.0,Manfinity Homme Men's Solid Color Short Sleeve T-Shirt,,6.69,0.0,#4 Best Seller,in Blue Men Tops,Men's Clothing
4.0,Manfinity Homme Men\ Badge Letter Print Short Sleeve T-Shirt For Summer,1.1k+ sold recently,6.15,0.0,,,Men's Clothing
10.0,Manfinity Homme Men Fashionable Summer Solid Color Slim Fit Hooded Short Sleeve T-Shirt And Shorts Two-Piece Set,,18.59,0.0,#9 Best Seller,in Khaki Men T-Shirt Co-ords,Men's Clothing
11.0,Manfinity Homme Men Flap Pocket Drawstring Oversize Cargo Shorts,4.6k+ sold recently,11.69,0.0,,,Men's Clothing
10.0,Manfinity 3pcs Men's Solid Color Tank Top,400+ sold recently,12.08,0.0,,,Men's Clothing
4.0,Manfinity Homme Men's Printed Slogan Graphic Round Neck Short Sleeve T-Shirt,1.2k+ sold recently,8.29,0.0,,,Men's Clothing
9.0,Manfinity LEGND Men Simple Print Short Sleeve And Shorts Set,,15.49,0.0,#5 Best Seller,in All Over Print Men Co-ords,Men's Clothing
1.0,Manfinity Chillmode Men Coconut Tree Print Drawstring Waist Shorts,,9.79,0.0,#10 Best Seller,in Tropical Men Shorts,Men's Clothing
6.0,Manfinity EMRG Men's Eye & Letter Printed T-shirt,1.1k+ sold recently,5.55,0.0,,,Men's Clothing
14.0,Manfinity Homme Men's Letter & Number Printed Short Sleeve T-Shirt For Summer,2.8k+ sold recently,6.83,0.0,,,Men's Clothing
4.0,Men Building And Slogan Graphic Tee,600+ sold recently,6.21,0.0,,,Men's Clothing
5.0,"Manfinity Homme Men's Color Block Round Neck Short Sleeve Casual T-Shirt And Drawstring Waist Shorts Set, Summer",,13.19,0.0,#8 Best Seller,in All Over Print Men T-Shirt Co-ords,Men's Clothing
10.0,ROMWE Street Life Men Summer Flower Printed Shorts For Holiday And Beach,1.2k+ sold recently,6.4,0.0,,,Men's Clothing
6.0,Manfinity Homme Men's Drawstring Woven Shorts,,12.09,0.0,#2 Best Sellers,in Men Linen Shorts,Men's Clothing
9.0,Manfinity Swimmode Men's Palm Tree Printed Drawstring Waist Beach Shorts,,11.77,0.0,#7 Best Seller,in Pocket Men Beach Shorts,Men's Clothing
9.0,Manfinity RSRT Men Holiday Style Short Sleeve Shirt And Shorts Set,,17.79,0.0,#4 Best Seller,in Plants Men Shirt Co-ords,Men's Clothing
9.0,Manfinity RSRT Men's Beach Outfits Leaf Print Button Down Short Sleeve Shirt And Shorts,3.7k+ sold recently,17.79,0.0,,,Men's Clothing
7.0,Men Drawstring Waist Shorts,8.5k+ sold recently,9.29,0.0,,,Men's Clothing
23.0,Manfinity Homme Men's Solid Color Round Neck Short Sleeve T-Shirt,5.9k+ sold recently,6.29,0.0,,,Men's Clothing
13.0,Manfinity Homme Men Lapel Collar Button Front Shirt,2.0k+ sold recently,11.68,0.0,,,Men's Clothing
10.0,ROMWE Street Life Men's Random Printed Drawstring Simple Casual Shorts For Daily Life,700+ sold recently,6.19,0.0,,,Men's Clothing
10.0,ROMWE Street Life Men's Lucky Clover Print Drawstring Waist Shorts,2.7k+ sold recently,10.35,0.0,,,Men's Clothing
10.0,Manfinity Homme Men Ribbed Knit Polo Shirt,,11.49,0.0,#8 Best Seller,in Plain Men Polo Shirts,Men's Clothing
7.0,Manfinity EMRG Loose Fit Men's Cross Printed Drawstring Waist Shorts,1.8k+ sold recently,6.95,0.0,,,Men's Clothing
10.0,Manfinity Homme Men's Floral Print Round Neck Short Sleeve T-Shirt And Drawstring Waist Shorts Knitted Casual Two-Piece Set,,15.32,0.0,#1 Best Seller,in Khaki Men T-Shirt Co-ords,Men's Clothing
9.0,Men'S Short Sleeve Shirt With Plant Print,400+ sold recently,6.45,0.0,,,Men's Clothing
5.0,Manfinity Mode Men Plaid Contrast Color Polo Shirt,,11.08,0.0,#5 Best Seller,In Plaid Men Clothing,Men's Clothing
9.0,ROMWE Street Life Men Letter & Palm Tree Print Drawstring Waist Shorts,,10.06,0.0,#6 Best Seller,in Boho Men Shorts,Men's Clothing
7.0,Manfinity Swimmode Men's Drawstring Color Block Casual Beach Shorts,1.1k+ sold recently,12.89,0.0,,,Men's Clothing
1.0,Men's Coconut Tree & Letter Printed T-Shirt,800+ sold recently,8.49,0.0,,,Men's Clothing
4.0,Men Building & Slogan Graphic Tee,2.7k+ sold recently,6.21,0.0,,,Men's Clothing
7.0,Men's Color Block Letter Print T-Shirt,2.4k+ sold recently,5.95,0.0,,,Men's Clothing
7.0,"Men's Anti-Lost Drawstring Waist Sports Shorts With Zippered Pocket, 3/4 Length",600+ sold recently,6.23,0.0,,,Men's Clothing
1.0,Men's Round Neck Casual Commute T-Shirt,2.6k+ sold recently,8.69,0.0,,,Men's Clothing
7.0,Manfinity EMRG Loose-Fitting Cross Pattern Print Drawstring Waist Shorts For Men,2.0k+ sold recently,6.95,0.0,,,Men's Clothing
12.0,Manfinity Homme Men's Solid Color Short Sleeve Shirt,600+ sold recently,13.29,0.0,,,Men's Clothing
6.0,Manfinity Chillmode Men Letter Tropical Print Tee & Drawstring Waist Shorts,,15.1,0.0,#5 Best Seller,in Green Men T-Shirt Co-ords,Men's Clothing
4.0,Manfinity Homme Men's Short Sleeve T-Shirt With Slogan Print,1.1k+ sold recently,8.29,0.0,,,Men's Clothing
15.0,Manfinity Homme Men Bird Print Colorblock Tee,,7.89,0.0,#8 Best Seller,in Animal Men Clothing,Men's Clothing
10.0,Manfinity Loose Fit Men's Cargo Shorts With Flap Pocket And Drawstring Waist,3.1k+ sold recently,11.69,0.0,,,Men's Clothing
10.0,Manfinity Basics Men's 3pcs Round Neck Sleeveless Tank Tops,4.5k+ sold recently,14.05,0.0,,,Men's Clothing
11.0,Manfinity Homme Men T-Shirts Fit V Neck Short Sleeve Henley Colorblock Casual Summer Polyester,1.8k+ sold recently,9.29,0.0,,,Men's Clothing
7.0,Men's Summer Earphone Printed Round Neck Short Sleeve Casual T-Shirt,200+ sold recently,7.49,0.0,,,Men's Clothing
9.0,"Manfinity RSRT Men Tropical Plant Print Round Neck Short Sleeve T-Shirt And Shorts Set, Suitable For Summer",,14.15,0.0,#4 Best Seller,in Graphic Men Co-ords,Men's Clothing
16.0,Manfinity Homme Men's Solid Color Textured Short Sleeve T-Shirt For Summer,300+ sold recently,3.59,0.0,,,Men's Clothing
7.0,Men's Anti-Lost Zippered Pocket Drawstring Waistband 3/4 Sports Shorts With Unique Features,600+ sold recently,6.39,0.0,,,Men's Clothing
11.0,Manfinity Homme Men's Embroidered Short Sleeve T-Shirt For Summer,300+ sold recently,6.55,0.0,,,Men's Clothing
8.0,Manfinity RSRT Men's Floral Print Short Sleeve Shirt And Shorts Two Piece Set (random Cutting),,18.49,0.0,#7 Best Seller,in Tropical Men Shirt Co-ords,Men's Clothing
9.0,Manfinity Homme Men Striped Print Shirt,500+ sold recently,11.19,0.0,,,Men's Clothing
7.0,Men's Summer Short Sleeve Casual T-Shirt With Headphone Print,,5.35,0.0,#5 Best Seller,in Yellow Men T-Shirts,Men's Clothing
10.0,Manfinity Homme Loose Fit Men's Cargo Shorts With Flap Pocket And Drawstring Waist,1.5k+ sold recently,11.69,0.0,,,Men's Clothing
4.0,Men's Casual Short Sleeve T-Shirt With Printed Text,900+ sold recently,8.79,0.0,,,Men's Clothing
11.0,Manfinity Homme Loose Fit Men's Cargo Pants With Flap Pockets And Drawstring Waist,1.0k+ sold recently,14.79,0.0,,,Men's Clothing
1.0,Manfinity Homme Men Plaid Print Shirt & Shorts Without Tee,2.5k+ sold recently,16.39,0.0,,,Men's Clothing
7.0,Manfinity Men Cartoon & Slogan Graphic Tee,400+ sold recently,6.71,0.0,,,Men's Clothing
6.0,Manfinity Homme Men'S Color-Blocked Embroidery Detail Crew Neck Short Sleeve T-Shirt,,10.09,0.0,#3 Best Seller,in Polyester Men Tops,Men's Clothing
10.0,Manfinity EMRG Men's Fashion Printed Short Sleeve Slim Fit T-Shirt,1.6k+ sold recently,7.65,0.0,,,Men's Clothing
1.0,ROMWE Street Life Men Car & Letter Graphic Tee,5.2k+ sold recently,10.49,0.0,,,Men's Clothing
5.0,Manfinity Homme Men Cotton Solid Skinny Jeans Slim Fit Long Washed Dark Wash Jean Cargo Plain Black Party Casual Friends,3.7k+ sold recently,19.69,0.0,,,Men's Clothing
9.0,Manfinity Loose Fit Men Summer Cargo Shorts With Flap Pocket & Side Pockets,600+ sold recently,13.49,0.0,,,Men's Clothing
9.0,Manfinity Mode Men Solid Color Simple Daily Outfit With Spring Summer Shorts,300+ sold recently,12.03,0.0,,,Men's Clothing
10.0,Manfinity EMRG Men Fashionable Loose Fit Printed Casual T-Shirt For All Occasions,500+ sold recently,7.89,0.0,,,Men's Clothing
6.0,Manfinity Homme Men Striped Print Colorblock Polo Shirt,1.1k+ sold recently,5.91,0.0,,,Men's Clothing
9.0,Manfinity Homme Men Fashion Plaid Solid Color Short Sleeve Polo Shirt,,13.06,0.0,#8 Best Seller,in All Over Print Men Polo Shirts,Men's Clothing
1.0,"Manfinity Homme Men's Colorblock Round Neck Short Sleeve Casual T-Shirt And Drawstring Waist Shorts Set, Summer",100+ sold recently,15.49,0.0,,,Men's Clothing
9.0,Manfinity Homme Men's Summer Color Block Short Sleeve Casual Polo Shirt,,5.16,0.0,#10 Best Seller,in Pocket Men Polo Shirts,Men's Clothing
11.0,Manfinity Sporsity Men Letter Graphic Drawstring Waist Shorts,,9.09,0.0,#8 Best Seller,in White Men Shorts,Men's Clothing
9.0,Manfinity Homme Men's Contrast Color Trim Polo Shirt,,5.22,0.0,#1 Best Seller,in Pocket Men Polo Shirts,Men's Clothing
9.0,Manfinity Basics Men's Simple Summer Basic Solid Woven Shorts,1.0k+ sold recently,10.49,0.0,,,Men's Clothing
9.0,Manfinity RSRT Men's Summer Palm Tree Letter Print Short Sleeve Casual T-Shirt And Drawstring Waist Shorts Set,100+ sold recently,14.59,0.0,,,Men's Clothing
15.0,Manfinity EMRG Men Letter Graphic Contrast Trim Tee,,7.99,0.0,#3 Best Seller,in Slogan Men Clothing,Men's Clothing
6.0,Manfinity Homme Men Solid Button Up Shirt,1.1k+ sold recently,14.99,0.0,,,Men's Clothing
8.0,Manfinity Homme Men Solid Shirt & Drawstring Waist Shorts,,16.59,0.0,#4 Best Sellers,in Men Shirt Co-ords,Men's Clothing
4.0,Men's Textured Button-down Shirt,1.2k+ sold recently,13.89,0.0,,,Men's Clothing
11.0,Manfinity Homme Men's Summer Pocket Round Neck Short Sleeve Casual T-Shirt,700+ sold recently,6.55,0.0,,,Men's Clothing
9.0,Manfinity Homme Men Contrast Trim Polo Shirt,1.5k+ sold recently,10.29,0.0,,,Men's Clothing
12.0,Manfinity Men Horse Print Striped Trim Polo Shirt,,10.89,0.0,#4 Best Seller,in Animal Men Polo Shirts,Men's Clothing
4.0,Men Tape & Slogan Graphic Tee,800+ sold recently,4.25,0.0,,,Men's Clothing
10.0,Manfinity Hypemode Men's Loose Fit Drawstring Waist Shorts With Slant Pockets,,8.19,0.0,#1 Best Seller,in Red Men Shorts,Men's Clothing
6.0,Manfinity Homme Men Striped Tape Drawstring Waist Shorts,1.1k+ sold recently,10.09,0.0,,,Men's Clothing
7.0,Manfinity Homme Baggy Men's Drawstring Waist Cargo Shorts With Flap Pockets,,11.69,0.0,#9 Best Sellers,in Baggy Shorts,Men's Clothing
9.0,Manfinity Homme Loose-Fit Men's Solid Color Waffle Knit T-Shirt,800+ sold recently,8.89,0.0,,,Men's Clothing
6.0,Men's Summer New Pure Color Casual Sports Drawstring Waist Shorts,,8.26,0.0,#10 Best Sellers,in Men Jogger Shorts,Men's Clothing
11.0,Manfinity Homme Men Striped Trim Polo Shirt,300+ sold recently,6.69,0.0,,,Men's Clothing
7.0,Manfinity RSRT Men Drawstring Waist Paisley Print Shorts,2.0k+ sold recently,8.89,0.0,,,Men's Clothing
9.0,Manfinity Homme Men's Spring/Summer Solid Textured Short Sleeve Polo Shirt,,12.53,0.0,#5 Best Seller,in Black Men Polo Shirts,Men's Clothing
15.0,Manfinity Homme Men Solid Button Up Shirt,2.2k+ sold recently,12.24,0.0,,,Men's Clothing
1.0,Manfinity Hypemode Men'S Star Pattern Drawstring Shorts,800+ sold recently,4.92,0.0,,,Men's Clothing
10.0,Manfinity Homme Men Color Block Striped Trim Tee,3.4k+ sold recently,4.75,0.0,,,Men's Clothing
15.0,Manfinity Hypemode Men's Textured Short Sleeve Shirt,1.1k+ sold recently,12.99,0.0,,,Men's Clothing
6.0,Manfinity Homme Men Solid Button Up Shirt,,11.29,0.0,#8 Best Seller,in Orange Men Tops,Men's Clothing
12.0,ROMWE Prep Men Letter Graphic Shorts,2.7k+ sold recently,10.25,0.0,,,Men's Clothing
12.0,Manfinity Homme Men Stylish Red And White Polo Shirt In Summer,,6.55,0.0,#9 Best Seller,in Red Men Polo Shirts,Men's Clothing
12.0,Manfinity Sporsity Men's Color Block Panel Short Sleeve Polo Shirt,5.9k+ sold recently,12.09,0.0,,,Men's Clothing
7.0,Manfinity Homme Men Simple Solid Color Daily Shorts,1.6k+ sold recently,10.59,0.0,,,Men's Clothing
10.0,Manfinity Homme Men Solid Ribbed Knit Polo Shirt,2.4k+ sold recently,11.49,0.0,,,Men's Clothing
5.0,Manfinity Homme Men's Solid Color Drawstring Waist Fashionable Casual Shorts,100+ sold recently,8.89,0.0,,,Men's Clothing
8.0,Manfinity Mode Men's Striped Patchwork Polo Shirt With Letter Embroidery,1.2k+ sold recently,10.89,0.0,,,Men's Clothing
6.0,Manfinity Homme Men's Summer Gradient Color Print Round Neck Short Sleeved Casual T-Shirt And Drawstring Waist Shorts Set,400+ sold recently,12.72,0.0,,,Men's Clothing
1.0,Manfinity Basics Loose Men's 3pcs Drawstring Waist Athletic Shorts,5.2k+ sold recently,20.83,0.0,,,Men's Clothing
15.0,Manfinity Men Lion Print Tee,800+ sold recently,7.5,0.0,,,Men's Clothing
8.0,Manfinity Homme Men Summer Leisure Solid Texture Short Sleeve T-Shirt And Shorts Set,800+ sold recently,22.19,0.0,,,Men's Clothing
10.0,Manfinity Hypemode Men's Solid Color Rib-Knit Polo Shirt,2.1k+ sold recently,11.96,0.0,,,Men's Clothing
9.0,Manfinity Loose Fit Men's Cargo Shorts With Flap Pockets On The Side,6.9k+ sold recently,13.19,0.0,,,Men's Clothing
19.0,Manfinity Homme Men Solid Button Up Shirt & Drawstring Waist Shorts,,17.49,0.0,#3 Best Sellers,in Men Shirt Co-ords,Men's Clothing
14.0,Men Solid Drop Shoulder Tee,2.8k+ sold recently,9.39,0.0,,,Men's Clothing
1.0,Manfinity Homme Men Solid Shirt & Shorts,1.5k+ sold recently,19.19,0.0,,,Men's Clothing
10.0,ROMWE Street Life Men's Clover Print Pocket Shorts,,6.4,0.0,#10 Best Seller,in Green Men Bottoms,Men's Clothing
5.0,Men's Summer American Flag Printed Round Neck Casual Tank Top,,6.63,0.0,#10 Best Seller,in Letter Men Tank Tops,Men's Clothing
9.0,Manfinity Swimmode Men Solid Drawstring Waist Swim Trunks,,10.44,0.0,#6 Best Seller,in Casual Men Swimwear,Men's Clothing
11.0,Men's Color Block Short Sleeve Polo Shirt,2.8k+ sold recently,9.99,0.0,,,Men's Clothing
9.0,Manfinity Homme Men Drawstring Waist Slant Pocket Shorts,2.3k+ sold recently,11.89,0.0,,,Men's Clothing
13.0,Manfinity Mode Men's Fashionable Casual Printed Patchwork Long Sleeve Orange Shirt,,12.99,0.0,#2 Best Seller,in Pocket Men Shirts,Men's Clothing
13.0,Manfinity RSRT Men Tropical Print Tee,1.0k+ sold recently,7.99,0.0,,,Men's Clothing
12.0,Manfinity RSRT Men's Palm Tree Print Short Sleeve Slim Fit T-Shirt,800+ sold recently,7.89,0.0,,,Men's Clothing
9.0,Manfinity Loose Fit Men Summer Cargo Shorts With Flap Pocket & Side Pockets,600+ sold recently,13.49,0.0,,,Men's Clothing
9.0,Manfinity Mode Men Solid Color Simple Daily Outfit With Spring Summer Shorts,300+ sold recently,12.03,0.0,,,Men's Clothing
10.0,Manfinity EMRG Men Fashionable Loose Fit Printed Casual T-Shirt For All Occasions,500+ sold recently,7.89,0.0,,,Men's Clothing
6.0,Manfinity Homme Men Striped Print Colorblock Polo Shirt,1.1k+ sold recently,5.91,0.0,,,Men's Clothing
9.0,Manfinity Homme Men Fashion Plaid Solid Color Short Sleeve Polo Shirt,,13.06,0.0,#8 Best Seller,in All Over Print Men Polo Shirts,Men's Clothing
1.0,"Manfinity Homme Men's Colorblock Round Neck Short Sleeve Casual T-Shirt And Drawstring Waist Shorts Set, Summer",100+ sold recently,15.49,0.0,,,Men's Clothing
9.0,Manfinity Homme Men's Summer Color Block Short Sleeve Casual Polo Shirt,,5.16,0.0,#10 Best Seller,in Pocket Men Polo Shirts,Men's Clothing
11.0,Manfinity Sporsity Men Letter Graphic Drawstring Waist Shorts,,9.09,0.0,#8 Best Seller,in White Men Shorts,Men's Clothing
9.0,Manfinity Homme Men's Contrast Color Trim Polo Shirt,,5.22,0.0,#1 Best Seller,in Pocket Men Polo Shirts,Men's Clothing
9.0,Manfinity Basics Men's Simple Summer Basic Solid Woven Shorts,1.0k+ sold recently,10.49,0.0,,,Men's Clothing
10.0,Manfinity Hypemode Men's Loose Fit Drawstring Waist Shorts With Slant Pockets,3.5k+ sold recently,8.19,0.0,,,Men's Clothing
8.0,Manfinity Mode Men's Striped Patchwork Polo Shirt With Letter Embroidery,1.2k+ sold recently,10.89,0.0,,,Men's Clothing
6.0,Manfinity Homme Men's Summer Gradient Color Print Round Neck Short Sleeved Casual T-Shirt And Drawstring Waist Shorts Set,400+ sold recently,12.72,0.0,,,Men's Clothing
1.0,Manfinity Basics Loose Men's 3pcs Drawstring Waist Athletic Shorts,5.2k+ sold recently,20.83,0.0,,,Men's Clothing
15.0,Manfinity Men Lion Print Tee,800+ sold recently,7.5,0.0,,,Men's Clothing
8.0,Manfinity Homme Men Summer Leisure Solid Texture Short Sleeve T-Shirt And Shorts Set,,22.19,0.0,#5 Best Seller,in Patched Men T-Shirt Co-ords,Men's Clothing
14.0,Men Solid Drop Shoulder Tee,2.8k+ sold recently,9.39,0.0,,,Men's Clothing
1.0,Manfinity Homme Men Solid Shirt & Shorts,1.5k+ sold recently,19.19,0.0,,,Men's Clothing
11.0,Men's Color Block Short Sleeve Polo Shirt,2.8k+ sold recently,9.99,0.0,,,Men's Clothing
9.0,Manfinity Homme Men Drawstring Waist Slant Pocket Shorts,2.3k+ sold recently,11.89,0.0,,,Men's Clothing
13.0,Manfinity RSRT Men Tropical Print Tee,1.0k+ sold recently,7.99,0.0,,,Men's Clothing
12.0,Manfinity RSRT Men's Palm Tree Print Short Sleeve Slim Fit T-Shirt,800+ sold recently,7.89,0.0,,,Men's Clothing
7.0,SHEIN Manfinity Homme Men's Solid Color Notched V-Neck Short Sleeve Henley Shirt With Texture For Summer,600+ sold recently,7.53,0.0,,,Men's Clothing
9.0,Manfinity Homme Men's Loose-Fit Shorts With Slant Pockets,800+ sold recently,11.39,0.0,,,Men's Clothing
1.0,Men's Plain And Simple Daily Polo Set,,15.57,0.0,#3 Best Seller,in Mesh Fabric Men Clothing,Men's Clothing
10.0,Manfinity LEGND Men Flap Pocket Drawstring Waist Cargo Shorts Plain Black Boyfriend Gift,400+ sold recently,12.39,0.0,,,Men's Clothing
4.0,Manfinity Basics Men 4pcs Round Neck Solid Tee,1.1k+ sold recently,24.34,0.0,,,Men's Clothing
6.0,Men's Slogan And Drop Sleeve T-Shirt,300+ sold recently,3.65,0.0,,,Men's Clothing
11.0,Manfinity Homme Men's Solid Color Short Sleeve Polo Shirt,,10.19,0.0,#2 Best Seller,in Orange Men Tops,Men's Clothing
4.0,Manfinity Homme Men Anchor Printed Casual Shorts With Pockets For Summer,100+ sold recently,11.59,0.0,,,Men's Clothing
5.0,Manfinity Homme Men Summer Casual Solid Color Crewneck Short-Sleeved T-Shirt And Drawstring Waist Shorts Set,100+ sold recently,17.49,0.0,,,Men's Clothing
1.0,TEENAGE MUTANT NINJA TURTLES X SHEIN Men's Loose Fit Tie-Dye Knitted Short Sleeve T-Shirt With Cartoon And Letter Print,600+ sold recently,9.79,0.0,,,Men's Clothing
10.0,Men's Collar Button Down Short Sleeve Shirt For Summer Beach,4.1k+ sold recently,9.69,0.0,,,Men's Clothing
10.0,Manfinity Hypemode Men Solid Button Up Shirt & Drawstring Waist Pants Without Tee,1.5k+ sold recently,22.19,0.0,,,Men's Clothing
1.0,Manfinity RSRT Colorblock Lapel Collar Short Sleeve Shirt With Contrast Trim And Front Button Closure,300+ sold recently,9.2,0.0,,,Men's Clothing
8.0,Manfinity Hypemode Men Letter Patched Flap Pocket Cargo Pants,400+ sold recently,12.72,0.0,,,Men's Clothing
10.0,Manfinity Basics Men Solid Waffle Knit Polo Shirt,2.0k+ sold recently,9.5,0.0,,,Men's Clothing
16.0,Men Drawstring Waist Slant Pocket Shorts,,8.35,0.0,#10 Best Seller,in Loose Men Bottoms,Men's Clothing
10.0,Manfinity LEGND Men's Short Sleeve Ripped Denim Shirt,,22.04,0.0,#8 Best Seller,In Ripped Men Clothing,Men's Clothing
1.0,Manfinity Sporsity Men's Letter Print T-shirt And Drawstring Waist Shorts 2pcs/set,3.8k+ sold recently,17.89,0.0,,,Men's Clothing
4.0,Men Summer Letter And Waves Print Round Neck Short Sleeve Casual T-Shirt,200+ sold recently,8.79,0.0,,,Men's Clothing
1.0,Manfinity RSRT Men Color Block Plant Printed Short Sleeve Shirt For Summer,,10.39,0.0,#9 Best Seller,in Orange Men Tops,Men's Clothing
1.0,Manfinity Homme Men Solid Button Up Shirt & Drawstring Waist Shorts,,21.94,0.0,#5 Best Seller,in Red Men Co-ords,Men's Clothing
7.0,TOM & JERRY X SHEIN Manfinity Hypemode Men Cartoon And Letter Graphic Tee,800+ sold recently,11.09,0.0,,,Men's Clothing
4.0,Manfinity EMRG Men's Summer Cross Printed Round Neck Short Sleeve Casual T-Shirt And Drawstring Waist Shorts Set,200+ sold recently,10.97,0.0,,,Men's Clothing
1.0,Men Cartoon & Letter Graphic Drawstring Waist Shorts,,9.2,0.0,#9 Best Seller,in Animal Men Bottoms,Men's Clothing
1.0,"Men's Summer Solid Color Drawstring Waist Pocket Casual Shorts, Trendy",300+ sold recently,19.69,0.0,,,Men's Clothing
1.0,Manfinity Homme Men's Letter Print Knit Short Sleeve T-Shirt And Shorts 2pcs/Set,100+ sold recently,15.69,0.0,,,Men's Clothing
9.0,Manfinity Homme Men Solid Ribbed Knit Tee,300+ sold recently,6.25,0.0,,,Men's Clothing
1.0,"Manfinity RSRT Men's Tropical Plant Print Short Sleeve Casual Shirt, Summer Vacation",100+ sold recently,11.09,0.0,,,Men's Clothing
5.0,Manfinity EMRG Men's Loose Fit Denim Bermuda Shorts With Flap Pockets And Side Detail,,21.99,0.0,#10 Best Seller,in Loose Men Denim Shorts,Men's Clothing
1.0,Manfinity Sporsity Men's Drawstring Waist Letter Printed Casual Shorts,40+ sold recently,11.49,0.0,,,Men's Clothing
4.0,"ROMWE Street Life Men's Number 23 Icon Printed Short Sleeve Athletic T-Shirt, Street Style Vintage",,11.19,0.0,#1 Best Seller,In Polyester Men Clothing,Men's Clothing
12.0,Manfinity EMRG Men Cotton Flap Pocket Cargo Loose Jeans Straight Leg Long Washed Jean Plain Maroon Going Out Y2K Friends,,26.69,0.0,#7 Best Seller,in Loose Men Jeans,Men's Clothing
5.0,ROMWE Street Life Men's Palm Tree Letter Printed Drawstring Waist Casual Shorts,100+ sold recently,10.99,0.0,,,Men's Clothing
12.0,Men's Striped Short Sleeve Polo Shirt,,10.39,0.0,#6 Best Seller,in Animal Men Tops,Men's Clothing
1.0,Manfinity Homme Men Slogan Graphic Tee,400+ sold recently,5.85,0.0,,,Men's Clothing
1.0,Summer New Men Shorts Trendy Coconut Tree & Letter Pattern Printed Jogging Running Casual Sports Shorts Beach Shorts With Elastic Drawstring Waist,40+ sold recently,4.35,0.0,,,Men's Clothing
10.0,Men Slim Fit  Button Short-Sleeved Linen Guayabera Shirt Summer Beach Top,1.6k+ sold recently,10.69,0.0,,,Men's Clothing
9.0,Manfinity Nomadique Men Slant Pocket Bermuda Shorts,1.0k+ sold recently,13.99,0.0,,,Men's Clothing
10.0,Manfinity Hypemode Men's Ribbed Short Sleeve Polo Shirt,4.5k+ sold recently,11.96,0.0,,,Men's Clothing
1.0,Men's Round Neck Casual Letter & Eyes Pattern Commuting T-Shirt,3.1k+ sold recently,8.69,0.0,,,Men's Clothing
7.0,Manfinity Homme Men Pocket Patched Shirt & Drawstring Waist Shorts Set,,19.47,0.0,#10 Best Seller,in White Men Shirt Co-ords,Men's Clothing
1.0,Manfinity RSRT Men's Plus Size Summer Holiday Floral Printed Round Neck Short Sleeve Casual T-Shirt And Drawstring Waist Shorts Set,30+ sold recently,8.96,0.0,,,Men's Clothing
11.0,Manfinity Homme Men Striped Trim Polo Shirt,600+ sold recently,6.69,0.0,,,Men's Clothing
5.0,Manfinity Homme Men's Crown & Letter Print Short Sleeve T-Shirt,2.8k+ sold recently,3.54,0.0,,,Men's Clothing
1.0,Manfinity Homme Men Color Block Trimmed Casual Daily Matching Short Sleeve Shirt,1.4k+ sold recently,13.69,0.0,,,Men's Clothing
1.0,Men's Short Sleeve Plus Size T-shirt With Simple Letter Print And Round Neck,500+ sold recently,9.99,0.0,,,Men's Clothing
6.0,ROMWE Street Life Men Alien & Slogan Graphic Y2k T-Shirt,1.9k+ sold recently,9.89,0.0,,,Men's Clothing
1.0,Manfinity Homme Men Random Colorful Striped Shirt & Drawstring Waist Shorts Without Tee,800+ sold recently,17.19,0.0,,,Men's Clothing
5.0,"Men's Summer Casual Drawstring Waist Letter Printed Shorts, Black & Dark Blue & Grey",400+ sold recently,19.49,0.0,,,Men's Clothing
9.0,Manfinity Homme Men Striped Trim Polo Shirt & Drawstring Waist Shorts,,18.14,0.0,#4 Best Sellers,in Men Polo Co-ords,Men's Clothing
4.0,Manfinity Men's Drawstring Waist Beach Shorts With Diagonal Pockets,,10.69,0.0,#6 Best Seller,in Patched Men Beach Shorts,Men's Clothing
1.0,Manfinity ZONE917 White Knitted Plus Size Men's Round-Neck Short Sleeve T-Shirt,,10.69,0.0,#3 Best Seller,in White Men Plus Size T-Shirts,Men's Clothing
1.0,Men's Plus-Size Letter Print Short Sleeve T-Shirt,1.0k+ sold recently,9.99,0.0,,,Men's Clothing
6.0,Men's Summer Sporty Casual Letter Print Short Sleeve T-Shirt,100+ sold recently,5.39,0.0,,,Men's Clothing
1.0,Manfinity Homme Men Solid Drawstring Hooded Tee,400+ sold recently,5.35,0.0,,,Men's Clothing
1.0,Manfinity RSRT Men Plus Size Tropical Letter Printed Oversized Drop Shoulder T-Shirt And Shorts Set For Summer,600+ sold recently,18.78,0.0,,,Men's Clothing
7.0,Manfinity Sporsity Men Slogan Graphic Two Tone Varsity Jacket,1.7k+ sold recently,20.19,0.0,,,Men's Clothing
5.0,Manfinity Homme Men Striped Print Colorblock Polo Shirt,800+ sold recently,8.07,0.0,,,Men's Clothing
9.0,"ROMWE Street Life Men's Vacation Alphabet & Palm Tree Print Woven Shorts, Suitable For Daily Wear In Spring And Summer",900+ sold recently,5.09,0.0,,,Men's Clothing
1.0,Manfinity NiteLyfe Men Knit Casual Straight Glitter Sequin Club Shorts Festival Baggy Reflective Rave Outfit Cool Plain Silver Party,200+ sold recently,14.89,0.0,,,Men's Clothing
1.0,Manfinity EMRG Men's Letter Print Drawstring Waist Shorts Sweat Plain Dark Red,,9.79,0.0,#2 Best Seller,in Red Men Shorts,Men's Clothing
5.0,Men's Cartoon Print Short Sleeve T-Shirt And Shorts 2pcs/Set,5.2k+ sold recently,11.17,0.0,,,Men's Clothing
1.0,ROMWE Men Cotton Pocket Detail Stacked Jeans,2.5k+ sold recently,18.47,0.0,,,Men's Clothing
12.0,Manfinity Basics Men Summer Knitted Solid Color Casual Short Sleeve T-Shirt,600+ sold recently,18.52,0.0,,,Men's Clothing
1.0,"Manfinity RSRT Men's Striped Printed Round Neck Casual Tank Top, Summer",,8.09,0.0,#5 Best Seller,in Blue Men Tank Tops,Men's Clothing
6.0,Manfinity Bizwear Men's Solid Color Woven Shorts,400+ sold recently,13.79,0.0,,,Men's Clothing
1.0,Manfinity RSRT Men Tropical Print Shirt & Shorts,800+ sold recently,18.69,0.0,,,Men's Clothing
5.0,Manfinity Homme Men Allover Print Button Up Shirt,1.2k+ sold recently,11.59,0.0,,,Men's Clothing
15.0,Manfinity Swimmode Men Animal Embroidery Drawstring Waist Swim Trunks,,9.87,0.0,#7 Best Seller,in Animal Men Beach Shorts,Men's Clothing
7.0,Manfinity Homme Loose Fit Men Summer Plain Color Cargo Shorts With Flap Pockets And Drawstring,800+ sold recently,11.99,0.0,,,Men's Clothing
1.0,Manfinity LEGND Men Camo Print Drawstring Waist Shorts,,8.29,0.0,#10 Best Sellers,in Men Camo Shorts,Men's Clothing
1.0,Manfinity RSRT Men's Plus Size Textured Short Sleeve Shirt Set,,27.19,0.0,#1 Best Seller,in White Men Plus Size Shirt Co-ords,Men's Clothing
1.0,ROMWE Street Life Men Vintage Washed Snowflake Frayed T-Shirt For Summer,1.4k+ sold recently,15.19,0.0,,,Men's Clothing
6.0,Manfinity KASUA Loosemen's Drawstring Waist Shorts,2.2k+ sold recently,10.73,0.0,,,Men's Clothing
1.0,Men Fashion Color Block Short Sleeve Button-Down Shirt,100+ sold recently,10.09,0.0,,,Men's Clothing
1.0,Men's Fashionable Casual Tank Top With Letter And Flag Print,,7.39,0.0,#2 Best Seller,in Sleeveless Men Tops,Men's Clothing
5.0,Manfinity Men's Palm Tree Cartoon Print Drawstring Waist Beach Shorts,400+ sold recently,11.19,0.0,,,Men's Clothing
5.0,Manfinity Homme Men's Solid Color Textured T-Shirt And Shorts Set,700+ sold recently,16.19,0.0,,,Men's Clothing
14.0,Manfinity Chillmode Men Coconut Tree Print Tee & Drawstring Waist Shorts,2.8k+ sold recently,15.22,0.0,,,Men's Clothing
10.0,Manfinity Hypemode Loose Men's Drawstring Waist Shorts With Slant Pockets,,8.49,0.0,#7 Best Seller,in Plain Men Shorts,Men's Clothing
1.0,Manfinity Homme Men Bear & Slogan Graphic Tee,700+ sold recently,6.85,0.0,,,Men's Clothing
4.0,Manfinity Homme Men's Anchor Pattern Printed Shorts With Slant Pockets Graphic Colorful Work,1.4k+ sold recently,11.29,0.0,,,Men's Clothing
1.0,Manfinity LEGND Men Ombre Print High Low Hem Tee,600+ sold recently,6.0,0.0,,,Men's Clothing
1.0,"Manfinity Homme Loose-Fit Men's Side Pocket Cargo Shorts With Flap, Without Belt",1.7k+ sold recently,12.99,0.0,,,Men's Clothing
1.0,Manfinity Homme Men's Summer Floral Print Short Sleeve Casual Shirt For Vacation,100+ sold recently,10.59,0.0,,,Men's Clothing
6.0,"2pcs Summer Men's Solid Drawstring Sport Shorts, Quick-Drying Fitness Running Shorts",,15.89,0.0,#3 Best Seller,in Knitted Fabric Men Bottoms,Men's Clothing
11.0,Men Drawstring Waist Sweatpants,,11.59,0.0,#1 Best Seller,in Loose Men Sweatpants,Men's Clothing
5.0,Manfinity Homme Men Color Block Letter Graphic Tee,400+ sold recently,4.87,0.0,,,Men's Clothing
6.0,Men Star Print Tee,1.3k+ sold recently,8.99,0.0,,,Men's Clothing
8.0,Manfinity Hypemode Men Drawstring Waist Letter Patched Shorts,2.1k+ sold recently,11.73,0.0,,,Men's Clothing
1.0,Manfinity Homme Men's Plus Size Monochrome Shorts With Side Pockets Dress Plain All White Business Casual,,16.59,0.0,#3 Best Seller,in White Men Plus Size Bottoms,Men's Clothing
11.0,Manfinity RSRT Men Paisley Print Shirt & Drawstring Waist Pants Without Tee,1.2k+ sold recently,18.49,0.0,,,Men's Clothing
1.0,Manfinity Homme Men's Solid Color Round Neck Ribbed Short Sleeve T-shirt,400+ sold recently,6.18,0.0,,,Men's Clothing
4.0,Men Daily Wear Pure Color Short-Sleeved Shirt For Spring And Summer,400+ sold recently,14.59,0.0,,,Men's Clothing
4.0,Manfinity RSRT Loose Fit Men's Solid Color Drawstring Waist Pants,400+ sold recently,13.19,0.0,,,Men's Clothing
10.0,Men's Creative Tassel Design Denim Jeans,4.0k+ sold recently,29.39,0.0,,,Men's Clothing
9.0,ROMWE Prep Men Star Print Denim Shorts,,21.09,0.0,#2 Best Seller,in Geometric Men Denim,Men's Clothing
5.0,Manfinity Homme Men Summer Casual Striped Trim Patchwork Short Sleeve Polo Shirt,600+ sold recently,5.92,0.0,,,Men's Clothing
6.0,Manfinity LEGND Men Graphic Print Shirt,300+ sold recently,10.69,0.0,,,Men's Clothing
8.0,Manfinity Homme Men Solid Shirt & Drawstring Waist Shorts,1.0k+ sold recently,16.59,0.0,,,Men's Clothing
4.0,Manfinity RSRT Men's Plus Size Striped Button-Front Short Sleeve Shirt,,13.59,0.0,#9 Best Seller,in Striped Men Plus Size Clothing,Men's Clothing
7.0,Manfinity Men Cartoon & Slogan Graphic Tee,400+ sold recently,7.02,0.0,,,Men's Clothing
5.0,Manfinity RSRT Men Coconut Tree Printed Short Sleeve Shirt And Solid Color Shorts Two-Piece Set For Summer,200+ sold recently,12.69,0.0,,,Men's Clothing
1.0,Manfinity Independence Day 2-Piece Men Fashionable Casual American Flag Print Short Sleeve T-Shirt And Athletic Shorts Set Family Matching Outfits Mommy And Me (4 Sets Sold Separately),2.4k+ sold recently,12.72,0.0,,,Men's Clothing
6.0,Manfinity EMRG Loose Fit Men's Hooded Sweatshirt With Letter Printing And Drawstring,1.4k+ sold recently,12.79,0.0,,,Men's Clothing
13.0,SHEIN X Virginia & ZeFelipe Men Flap Pocket Button Front Overcoat,,20.29,0.0,#2 Best Seller,in Casual Men Overcoats,Men's Clothing
1.0,Men's Summer Cartoon Monkey Printed Round Neck Short Sleeve Casual T-Shirt,200+ sold recently,8.49,0.0,,,Men's Clothing
4.0,Manfinity Homme Men's Geometric Pattern Short Sleeve Shirt,1.1k+ sold recently,12.39,0.0,,,Men's Clothing
5.0,Men's Summer American Flag Printed Round Neck Casual Tank Top,80+ sold recently,4.79,0.0,,,Men's Clothing
9.0,Manfinity Homme Men Single Striped Trim Polo Shirt,1.5k+ sold recently,10.69,0.0,,,Men's Clothing
1.0,ROMWE Street Life Men's Star Print Shorts Suitable For Daily Wear In Spring And Summer,500+ sold recently,4.75,0.0,,,Men's Clothing
5.0,Men Classic Car Print Round Neck Casual Commuting T-Shirt Summer,100+ sold recently,6.76,0.0,,,Men's Clothing
1.0,"Manfinity LEGND Men Solid Color Work Shorts With Pockets, Suitable For Summer",400+ sold recently,11.39,0.0,,,Men's Clothing
9.0,Manfinity Homme Men Contrast Trim Polo Shirt,800+ sold recently,5.92,0.0,,,Men's Clothing
1.0,Manfinity RSRT Men's Plus Size Plant & Flower Print Shirt With Solid Color Shorts Set,200+ sold recently,11.7,0.0,,,Men's Clothing
9.0,"Manfinity Homme Men's Solid Color Casual Spring/Summer Polo Shirt, All-Match Style",1.2k+ sold recently,9.79,0.0,,,Men's Clothing
1.0,Manfinity EMRG Men Slogan Graphic Tee & Drawstring Waist Shorts,,16.43,0.0,#6 Best Seller,in Khaki Men T-Shirt Co-ords,Men's Clothing
5.0,Manfinity Homme Men's Letter Printed Round Neck Sweatshirt,,10.09,0.0,#3 Best Seller,in Loose Men Sweatshirts,Men's Clothing
19.0,Manfinity Homme Men Summer Pure Color Patchwork Collar Short Sleeve Shirt And Shorts Casual Commute Two-Piece Set,700+ sold recently,16.89,0.0,,,Men's Clothing
1.0,Manfinity Homme Men Button Through Tee & Drawstring Waist Pants,400+ sold recently,16.33,0.0,,,Men's Clothing
1.0,Men's Black+Dark Blue+ Green Drawstring Waist Loose Fit Casual Shorts With Pockets,30+ sold recently,20.39,0.0,,,Men's Clothing
10.0,Manfinity Homme Loose Fit Men's Cargo Shorts With Flap Pockets And Drawstring Waist Plain Cream Street Wear,800+ sold recently,11.69,0.0,,,Men's Clothing
1.0,Manfinity Hypemode Loose Men's Drawstring Waist Waffle Knit Shorts,100+ sold recently,12.19,0.0,,,Men's Clothing
1.0,Manfinity Homme Men Floral & Slogan Graphic Drawstring Oversize Hoodie,,7.53,0.0,#9 Best Seller,in Slogan Men Hoodies,Men's Clothing
1.0,Manfinity Homme Men Bird Print Tee & Drawstring Waist Shorts,1.5k+ sold recently,12.03,0.0,,,Men's Clothing
8.0,Manfinity Swimmode Men Graphic Print Drawstring Waist Swim Trunks & Compression Liner,2.8k+ sold recently,10.63,0.0,,,Men's Clothing
1.0,Manfinity VCAY Men Lightweight Breathable Knitted Leisure Beach Vacation Textured Hollow Out Mesh Summer Wide Shoulder White Round Neck Tank Top,100+ sold recently,13.39,0.0,,,Men's Clothing
5.0,Manfinity RSRT Men's Solid Color Ribbed Knit Two Piece Set,,23.13,0.0,#3 Best Seller,in Fabric Men Polo Co-ords,Men's Clothing
1.0,Manfinity Mode Men Single Button Blazer & Pants,,39.79,0.0,#1 Best Seller,in Plain Men Suits & Separates,Men's Clothing
4.0,Manfinity Homme Men Solid Tank Top,100+ sold recently,5.99,0.0,,,Men's Clothing
5.0,Manfinity LEGND Men Eye & Slogan Graphic Drop Shoulder Tee,800+ sold recently,6.81,0.0,,,Men's Clothing
11.0,Men's Short-Sleeved Polo Shirt In Color Block Design,,9.68,0.0,#9 Best Seller,in Red Men Tops,Men's Clothing
4.0,ROMWE Anime Men's Simple Printed Drawstring Casual Camo Mesh Shorts,,12.39,0.0,#10 Best Seller,in Knitted Fabric Men Bottoms,Men's Clothing
1.0,Manfinity Hypemode Men Mountain Slogan Printed T-Shirt And Solid Woven Shorts Set For Summer,100+ sold recently,15.79,0.0,,,Men's Clothing
1.0,Men'S Short Sleeve T-Shirt With Portrait Print,4.2k+ sold recently,8.59,0.0,,,Men's Clothing
1.0,Manfinity Men's Shark Printed Drawstring Beach Shorts,300+ sold recently,11.09,0.0,,,Men's Clothing
1.0,Manfinity Fever City Men Floral Print See Through Shirt,800+ sold recently,11.99,0.0,,,Men's Clothing
5.0,Manfinity Hypemode Men's Cartoon Slogan Printed Drop Shoulder Loose Casual T-Shirt,700+ sold recently,9.49,0.0,,,Men's Clothing
12.0,Manfinity Homme Men's Summer Casual Solid Color Short Sleeve Shirt,700+ sold recently,13.29,0.0,,,Men's Clothing
5.0,Manfinity Homme Men's Half Zipper Short Sleeve T-Shirt And Shorts Set,900+ sold recently,22.89,0.0,,,Men's Clothing
10.0,Manfinity LEGND Men's Pattern Printed Short Sleeve T-Shirt,4.4k+ sold recently,6.99,0.0,,,Men's Clothing
7.0,Manfinity Homme Loose Fit Men's Solid Color V-Neck Shirt & Pants Set,1.8k+ sold recently,23.55,0.0,,,Men's Clothing
1.0,Manfinity Mode Set Of 2 Men's Solid Color Suit With Belted Long Sleeve Jacket And Pants,400+ sold recently,36.19,0.0,,,Men's Clothing
1.0,Manfinity Homme Summer Casual Striped Printed Short Sleeve Polo Shirt And Solid Color Pocket Shorts Set,50+ sold recently,8.44,0.0,,,Men's Clothing
9.0,Manfinity RSRT Men's Summer Palm Tree Letter Print Short Sleeve Casual T-Shirt And Drawstring Waist Shorts Set,,14.79,0.0,#4 Best Seller,in Plants Men Co-ords,Men's Clothing
1.0,Manfinity RSRT Men's Summer Holiday Floral Print Short Sleeve Casual Shirt,,10.69,0.0,#10 Best Seller,in Blue Men Shirts,Men's Clothing
1.0,Manfinity LEGND Men's Solid Color Drawstring Cargo Shorts With Pockets And Patched Detail Summer Leisure Plain Light Blue,300+ sold recently,12.69,0.0,,,Men's Clothing
1.0,Manfinity LEGND Men Slogan Graphic Tee,800+ sold recently,4.45,0.0,,,Men's Clothing
1.0,Manfinity Homme Men's Summer Casual Short Sleeve T-Shirt With Slogan Print And Round Neck,300+ sold recently,6.09,0.0,,,Men's Clothing
6.0,Manfinity Homme Men Solid Polo Shirt,,9.79,0.0,#9 Best Seller,in Plain Men Polo Shirts,Men's Clothing
13.0,Manfinity Mode Men's Patchwork Floral Long Sleeve Dress Shirt,,12.79,0.0,#8 Best Seller,in Green Men Shirts,Men's Clothing
5.0,Men Car Slogan Print Round Neck Casual Commute T-Shirt For Summer,100+ sold recently,5.26,0.0,,,Men's Clothing
4.0,Men Slant Pocket Jeans,1.4k+ sold recently,20.99,0.0,,,Men's Clothing
4.0,Manfinity Homme Men Patched Detail Drawstring Waist Sweatpants,,13.69,0.0,#3 Best Seller,in Patched Men Sweatpants,Men's Clothing
4.0,Manfinity RSRT Men Plus Coconut Tree Print Tee & Shorts,,17.24,0.0,#2 Best Seller,in Woven Fabric Men Plus Size Clothing,Men's Clothing
11.0,Manfinity Homme Men's Crew Neck Short Sleeve T-Shirt With Patch Pocket,1.3k+ sold recently,6.55,0.0,,,Men's Clothing
6.0,Manfinity RSRT Men's Color-Block Coconut Tree & Letter Print T-Shirt,800+ sold recently,5.15,0.0,,,Men's Clothing
6.0,Manfinity Homme Men Solid Button Up Shirt,1.0k+ sold recently,14.99,0.0,,,Men's Clothing
6.0,Manfinity Homme Men Solid Round Neck Tee,800+ sold recently,6.0,0.0,,,Men's Clothing
1.0,Manfinity Homme Loose Fit Men's Solid Color T-Shirt & Drawstring Waist Shorts Set,1.5k+ sold recently,14.59,0.0,,,Men's Clothing
1.0,Manfinity RSRT Men's Coconut Tree Print Vacation Tank Top,1.7k+ sold recently,8.39,0.0,,,Men's Clothing
4.0,Manfinity Mode Men Single Breasted Blazer & Suit Pants,1.5k+ sold recently,39.59,0.0,,,Men's Clothing
13.0,Manfinity Swimmode Men Zip Pocket Drawstring Waist Swim Trunks,7.4k+ sold recently,10.44,0.0,,,Men's Clothing
1.0,"Manfinity Hypemode Men's City Letter Print Short Sleeve Shirt And Solid Color Woven Shorts, 2pcs/Set",600+ sold recently,17.09,0.0,,,Men's Clothing
1.0,Manfinity Homme Men Plus Letter Graphic Tee & Shorts,300+ sold recently,22.69,0.0,,,Men's Clothing
1.0,SUMWON Flare Fit Jogger With Paint Print,,17.99,0.0,#8 Best Seller,in Pocket Men Sweatpants,Men's Clothing
1.0,Manfinity EMRG Men's Mona Lisa Printed Crew Neck Short Sleeve T-Shirt,2.8k+ sold recently,8.19,0.0,,,Men's Clothing
1.0,Men's Virgin Mary Print Short Sleeve T-Shirt,2.5k+ sold recently,8.29,0.0,,,Men's Clothing
1.0,Manfinity Basics Men's 3pcs Round-Neck Tank Tops,400+ sold recently,8.55,0.0,,,Men's Clothing
1.0,Men's Elastic Waist Ice Silk Casual Shorts With Pockets,200+ sold recently,8.59,0.0,,,Men's Clothing
11.0,Rick and Morty | ROMWE Men Cartoon & Letter Graphic Striped Trim Drawstring Waist Shorts,,12.99,0.0,#1 Best Seller,in Striped Men Bottoms,Men's Clothing
1.0,Manfinity Hypemode Men's Checkered Bear Print Short Sleeve T-Shirt And Drawstring Waist Shorts Set,2.9k+ sold recently,18.79,0.0,,,Men's Clothing
9.0,Manfinity Homme Men Drawstring Waist Shorts,3.4k+ sold recently,7.4,0.0,,,Men's Clothing
9.0,Manfinity Homme Men's Casual Texture Button Front Short Sleeve Shirt And Shorts,1.0k+ sold recently,17.19,0.0,,,Men's Clothing
1.0,Manfinity Homme Men's Geometric Print Short Sleeve Button Down Shirt And Shorts Set With Collar,,18.59,0.0,#8 Best Seller,in Woven Fabric Men Shirt Co-ords,Men's Clothing
1.0,Manfinity LEGND Men Plus Cross Print Tee,,4.65,0.0,#1 Best Seller,in Black Men Plus Size T-Shirts,Men's Clothing
8.0,"Manfinity Homme Men Solid Color Casual Daily Outfit, Short Sleeve Shirt And Shorts 2-Piece Set For Spring And Summer",,19.49,0.0,#3 Best Seller,in Blue Men Shirt Co-ords,Men's Clothing
6.0,Men Solid Round Neck Tee,200+ sold recently,6.69,0.0,,,Men's Clothing
6.0,Manfinity Homme Men Slogan Graphic Flap Pocket Drawstring Waist Loose Cargo Shorts Plain Black Street Wear,2.9k+ sold recently,13.49,0.0,,,Men's Clothing
1.0,"Manfinity VCAY Men Lightweight Breathable Knitted Leisure Beachwear With Surf Pattern, Hawaiian Palm Tree & Letter Print Grey Tank Top For Summer",700+ sold recently,8.49,0.0,,,Men's Clothing
7.0,Manfinity Hypemode Loose Fit Men's Corduroy Pants With Letter Patch Detail Baggy Long Slacks Plain Going Out,3.2k+ sold recently,18.99,0.0,,,Men's Clothing
1.0,Men's Letter Printed Round Neck Casual Commuting T-Shirt,60+ sold recently,5.05,0.0,,,Men's Clothing
8.0,Manfinity Loose Fit Men's Solid T-Shirt & Shorts Set,4.8k+ sold recently,20.23,0.0,,,Men's Clothing
1.0,Manfinity LEGND Men Colorblock Drawstring Waist Slant Pocket Shorts,800+ sold recently,10.99,0.0,,,Men's Clothing
5.0,Manfinity Homme Men Solid Color Textured Short-Sleeved T-Shirt And Shorts Set For Summer,200+ sold recently,18.19,0.0,,,Men's Clothing
1.0,Men's Solid Color Simple Knitted Short Sleeve Top For Daily Wear,100+ sold recently,15.09,0.0,,,Men's Clothing
1.0,Manfinity Nomadique Men Color-Block Embroidery Detail Turn Down Collar Short Sleeve Summer Casual Polo Shirt,,12.09,0.0,#3 Best Seller,in Geometric Men Polo Shirts,Men's Clothing
5.0,Men's Vintage Letter Printed Short Sleeve T-Shirt,4.0k+ sold recently,7.59,0.0,,,Men's Clothing
1.0,Men Solid Color Casual Loose Fit Cargo Shorts With Pockets,100+ sold recently,10.09,0.0,,,Men's Clothing
9.0,Manfinity RSRT Men's Summer Holiday Letter & Palm Tree Printed Short Sleeve Casual T-Shirt And Drawstring Waist Shorts Set,,14.05,0.0,#7 Best Seller,in Graphic Men Co-ords,Men's Clothing
1.0,Manfinity RSRT Men Plus Contrast Tropical Print Casual T-Shirt & Shorts Summer Set,,19.49,0.0,#5 Best Seller,in Boho Men Plus Size T-Shirt Co-ords,Men's Clothing
5.0,"SHEIN Manfinity Homme Men's Solid Color Short Sleeve T-Shirt, Summer",200+ sold recently,7.77,0.0,,,Men's Clothing
15.0,Manfinity Homme Loose-Fit Men's Solid Color Short Sleeve Shirt,2.6k+ sold recently,12.09,0.0,,,Men's Clothing
1.0,Manfinity Homme Men's Plus Size Knitted Casual Straight Shorts,,14.19,0.0,#4 Best Seller,in White Men Plus Size Bottoms,Men's Clothing
6.0,Manfinity Homme Men Color Blocked Print Short Sleeve Casual T-Shirt And Drawstring Waist Shorts Set For Summer,100+ sold recently,14.89,0.0,,,Men's Clothing
5.0,Manfinity Men Cotton Letter Graphic Ripped Jeans,,14.95,0.0,#6 Best Seller,in Letter Men Jeans,Men's Clothing
5.0,Men's Kangaroo Pocket Drawstring Hoodie With Warm Lining And Zipper Closure,,10.68,0.0,#8 Best Seller,in Fabric Men Zip-up Hoodies,Men's Clothing
7.0,Manfinity Swimmode Men Vacation Casual Gradient Printed Swimming Trunks With Badge Detail,200+ sold recently,12.09,0.0,,,Men's Clothing
1.0,Manfinity LEGND Men Cotton Ripped Skinny Jeans,,18.85,0.0,#3 Best Seller,in White Men Jeans,Men's Clothing
1.0,Manfinity Chillmode Men Coconut Tree Print Tee & Tropical Print Drawstring Waist Shorts,1.0k+ sold recently,14.34,0.0,,,Men's Clothing
1.0,Manfinity RSRT Men Coconut Tree Printed Beach Vacation Short Sleeve Shirt And Shorts Set,200+ sold recently,13.89,0.0,,,Men's Clothing
1.0,Manfinity Homme Men'S Denim Pants With Diagonal Pockets And Straight Legs,100+ sold recently,7.52,0.0,,,Men's Clothing
1.0,Men's Solid Color Quick-Dry Sports Shorts For Casual Wear,300+ sold recently,8.39,0.0,,,Men's Clothing
6.0,Manfinity LEGND Men's Geometric Printed Tank Top,,7.59,0.0,#5 Best Sellers,in Men Tank Tops,Men's Clothing
1.0,Manfinity Hypemode Men's Summer Letter Printed Round Neck Short Sleeve Casual T-Shirt And Drawstring Waist Shorts Set,,25.73,0.0,#6 Best Seller,in Patched Men T-Shirt Co-ords,Men's Clothing
5.0,"Summer New Casual Men's Short Sleeve T-Shirt With Henley Neckline, American Style Printing For Travel/Holiday/Outdoor Camping, Regular Plus Size Clothing",100+ sold recently,9.39,0.0,,,Men's Clothing
1.0,Men's Summer Headphone Print Short Sleeve Casual T-Shirt And Drawstring Waist Shorts Set,,14.99,0.0,,,Men's Clothing
10.0,Manfinity Homme Men's Short Sleeve Shirt With Geo Pattern,3.5k+ sold recently,10.99,0.0,,,Men's Clothing
4.0,Men Casual Solid Color Rolled Cuff Daily Spring And Summer Shirt,,12.79,0.0,#8 Best Seller,in Khaki Men Shirts,Men's Clothing
6.0,Manfinity ModaGents Men Slant Pockets Bermuda Shorts Dress Plain Light Green Going Out Casual,800+ sold recently,13.49,0.0,,,Men's Clothing
6.0,Manfinity Homme Men's Loose Fit Drawstring Waist Shorts With Slanted Pockets,,8.89,0.0,#6 Best Seller,in White Men Shorts,Men's Clothing
1.0,Manfinity RSRT Men Tropical Print Shirt & Drawstring Waist Shorts Without Tee,600+ sold recently,13.02,0.0,,,Men's Clothing
4.0,Men Plus Size Summer Short-Sleeve Round Neck Casual T-Shirt With Letter Print,,9.89,0.0,#4 Best Seller,in Loose Men Plus Size Tops,Men's Clothing
7.0,Manfinity Homme Men's Solid Color Casual Elastic Waist Shorts,4.1k+ sold recently,10.59,0.0,,,Men's Clothing
1.0,Manfinity Homme Men Single-Breasted Casual Spring/Summer Short Sleeve POLO Shirt And Shorts Outfits,200+ sold recently,19.2,0.0,,,Men's Clothing
8.0,Manfinity EMRG Loose-Fit Men's Spider Web Print Zip-Up Hoodie Without T-Shirt,1.2k+ sold recently,20.19,0.0,,,Men's Clothing
6.0,Manfinity Homme Men's Solid Color Short Sleeve Polo Shirt,900+ sold recently,12.09,0.0,,,Men's Clothing
1.0,Manfinity Homme Men Plus Size Loose Fit Summer Wave Printed Short Sleeve Casual Shirt And Shorts Two-Piece Set,90+ sold recently,9.32,0.0,,,Men's Clothing
1.0,Manfinity RSRT Men's Plus Size Summer Solid Color Half-Placket Short Sleeve T-Shirt And Shorts Casual Set,200+ sold recently,22.13,0.0,,,Men's Clothing
1.0,Men's Plus Size Summer Round Neck Short Sleeve Letter Printed Casual T-Shirt,20+ sold recently,4.65,0.0,,,Men's Clothing
1.0,Manfinity EMRG Loose Fit Men's Slogan & Figure Graphic Print Drawstring Waist Shorts,500+ sold recently,9.69,0.0,,,Men's Clothing
6.0,Manfinity Homme Men Drawstring Waist Slant Pocket Shorts,,12.07,0.0,#4 Best Sellers,in Men Linen Shorts,Men's Clothing
1.0,Men's Slogan Print T-Shirt,1.4k+ sold recently,7.69,0.0,,,Men's Clothing
10.0,Manfinity Swimmode Men Allover Print Letter Patched Detail Drawstring Waist Swim Trunks,900+ sold recently,8.07,0.0,,,Men's Clothing
1.0,Men's Summer Patchwork Checkered Printed Short Sleeve Casual Shirt,100+ sold recently,4.75,0.0,,,Men's Clothing
1.0,Manfinity CasualMax Men's Plus Size Simple Solid Color Short Sleeve Shirt And Shorts Set,,9.24,0.0,#10 Best Seller,in Khaki Men Plus Size Shirt Co-ords,Men's Clothing
1.0,Manfinity Homme Men's Letter Print Drawstring Waist Shorts Sweat Plain Going Out,3.1k+ sold recently,20.18,0.0,,,Men's Clothing
13.0,Manfinity Swimmode Men Letter Graphic Drawstring Waist Swim Trunks & Compression Liner,,14.29,0.0,#8 Best Seller,in Letter Men Beach Shorts,Men's Clothing
1.0,ROMWE Street Life Men's Skull & Cross Print Drop Shoulder Sweater,,23.09,0.0,#5 Best Seller,in Fabric Men Knitwear,Men's Clothing
15.0,Manfinity Homme Men's Casual Short Sleeve Textured Shirt For Summer,1.1k+ sold recently,12.09,0.0,,,Men's Clothing
6.0,ROMWE Street Life Men Cartoon Bear & Letter Print T-Shirt With Drawstring Shorts Two-Piece Set,,18.99,0.0,#3 Best Seller,in Striped Men T-Shirt Co-ords,Men's Clothing
6.0,Manfinity Homme Men's Drawstring Waist Woven Trousers,1.2k+ sold recently,17.89,0.0,,,Men's Clothing
4.0,"Manfinity Homme Men's Casual Pocket Shorts, Suitable For Spring And Summer",400+ sold recently,10.39,0.0,,,Men's Clothing
11.0,Manfinity Homme Men's Loose Fit Cargo Pants With Flap Pockets And Drawstring Waist,1.0k+ sold recently,14.79,0.0,,,Men's Clothing
1.0,Manfinity Homme Men'S Gradient Print Polo Shirt,300+ sold recently,11.29,0.0,,,Men's Clothing
4.0,Manfinity Hypemode Loose Men Contrast Collar Shirt Without Tee,,13.29,0.0,#8 Best Seller,in Pocket Men Shirts,Men's Clothing
13.0,Manfinity Hypemode Men Letter Patched Drawstring Waist Shorts,,10.99,0.0,#7 Best Seller,in Patched Men Shorts,Men's Clothing
4.0,Manfinity Homme Men Plus Solid Button Up Shirt & Drawstring Waist Shorts,,12.46,0.0,#2 Best Seller,in Plain Men Plus Size Shirt Co-ords,Men's Clothing
1.0,"Men Summer Letter Printed Round Neck Casual Short Sleeve T-Shirt And Drawstring Waist Shorts Set, Waffle Fabric",20+ sold recently,15.63,0.0,,,Men's Clothing
1.0,Manfinity StreetEZ Men's Woven Casual Shorts With Flame Letter Print Pattern Graphic Fire,1.8k+ sold recently,13.96,0.0,,,Men's Clothing
1.0,Manfinity LEGND Men Abstract Animal Print Tee,200+ sold recently,8.39,0.0,,,Men's Clothing
1.0,Manfinity Homme Men Flap Pocket Drawstring Waist Cargo Shorts Plain Khaki,1.1k+ sold recently,14.89,0.0,,,Men's Clothing
7.0,ROMWE Street Life Men Slogan & Skeleton Print Tee,1.6k+ sold recently,10.49,0.0,,,Men's Clothing
4.0,Men's Summer Solid Color Short Sleeve Casual & Commute Polo Shirt,60+ sold recently,10.49,0.0,,,Men's Clothing
7.0,Manfinity Men Ripped Frayed Flap Pocket Denim Jacket Without Tee,,33.89,0.0,#6 Best Seller,in Casual Men Denim Jackets,Men's Clothing
7.0,Manfinity Homme Men Solid Shirt & Drawstring Waist Shorts Without Tee,900+ sold recently,19.19,0.0,,,Men's Clothing
10.0,Manfinity Swimmode Men Vertical Striped Drawstring Waist Swim Trunks,,12.29,0.0,#6 Best Seller,in Striped Men Swimwear,Men's Clothing
5.0,Men's Summer Earphone Print Casual Round Neck Sleeveless Tank Top,,3.58,0.0,#9 Best Seller,in Letter Men Tank Tops,Men's Clothing
1.0,"Men's Flame Printed Drawstring Waist Casual Shorts, Versatile",,9.39,0.0,,,Men's Clothing
5.0,Manfinity Homme Men Color Block Figure Graphic Shirt & Shorts Without Tee,2.6k+ sold recently,12.75,0.0,,,Men's Clothing
1.0,Men's Plus Size Summer Casual Round Neck Short Sleeve T-Shirt With Slogan Print,100+ sold recently,8.79,0.0,,,Men's Clothing
15.0,Manfinity Homme Men's Color Blocking Short Sleeve T-Shirt,2.4k+ sold recently,6.67,0.0,,,Men's Clothing
1.0,Manfinity Homme Men Plus Size Pocket Design Spring Summer Casual Short Sleeve T-Shirt And Pocket Design Shorts Set,,21.49,0.0,#9 Best Seller,in Colorblock Men Plus Size Co-ords,Men's Clothing
6.0,Manfinity Hypemode Men 2pcs Rose Print High Low Hem Tee,,14.89,0.0,#10 Best Seller,In Floral Men Clothing,Men's Clothing
4.0,"ROMWE Prep Men's Five-Pointed Star Printed Short-Sleeved Y2k T-Shirt, Suitable For Daily Wear In Spring And Summer",,10.89,0.0,#7 Best Seller,In Graphic Men Clothing,Men's Clothing
1.0,Men Solid Tee,500+ sold recently,7.25,0.0,,,Men's Clothing
1.0,Men's Floral Printed Drawstring Waist Loose Beach Shorts,4.1k+ sold recently,8.49,0.0,,,Men's Clothing
11.0,Manfinity RSRT Loose Fit Solid Color Men's Button-Front Shirt & Shorts Set,3.4k+ sold recently,22.92,0.0,,,Men's Clothing
10.0,Manfinity LEGND Men Loose-Fit Cargo Shorts With Pockets And Drawstring Waist,600+ sold recently,12.19,0.0,,,Men's Clothing
6.0,Manfinity RSRT Men's Summer Striped Printed Short Sleeve Casual Shirt,500+ sold recently,11.89,0.0,,,Men's Clothing
1.0,Manfinity Homme Men Zip Up Drawstring Thermal Lined Hoodie Without Tee,300+ sold recently,8.26,0.0,,,Men's Clothing
7.0,Manfinity Homme Men Solid Button Up Shirt & Shorts Set,600+ sold recently,12.15,0.0,,,Men's Clothing
1.0,SHEIN Manfinity Mode Men's Peak Lapel Double Breasted Suit Jacket And Pants Set,2.1k+ sold recently,37.29,0.0,,,Men's Clothing
1.0,Manfinity Homme Men Slogan Graphic Tee,1.0k+ sold recently,6.05,0.0,,,Men's Clothing
4.0,Men's Cartoon Bear Pattern Printed Round Neck Short Sleeve T-Shirt,3.6k+ sold recently,8.09,0.0,,,Men's Clothing
11.0,Manfinity Homme Men Contrast Trim Polo Shirt,200+ sold recently,6.69,0.0,,,Men's Clothing
7.0,Manfinity Homme Men Contrast Trim Pocket Patched Tee,,9.59,0.0,#3 Best Seller,in Pocket Men Tops,Men's Clothing
4.0,Manfinity Men'S Plus Size Color Block T-Shirt,500+ sold recently,5.35,0.0,,,Men's Clothing
1.0,Manfinity Homme Men's Casual Solid Color Tapered Jeans,40+ sold recently,8.99,0.0,,,Men's Clothing
1.0,"Men's Summer Casual Fit Casual T-Shirt With Round Neck, Drop Shoulder Sleeves And Frog Slogan Print",,7.99,0.0,#8 Best Seller,in Plants Men Tops,Men's Clothing
4.0,"Men Summer New Contrast Color Short Sleeve Polo Shirt With Turn-Down Collar For Casual, Sports, Tourism, Outdoor Camping And Business",,9.99,0.0,#3 Best Seller,in Plain Men Polo Shirts,Men's Clothing
1.0,Manfinity Homme Men Allover Print Contrast Trim Polo Shirt,,8.55,0.0,#6 Best Seller,in All Over Print Men Polo Shirts,Men's Clothing
14.0,Manfinity Chillmode Men's Knitted 2pcs/Set Coconut Tree Print Short Sleeve T-Shirt And Drawstring Waist Shorts,500+ sold recently,15.99,0.0,,,Men's Clothing
1.0,Manfinity EMRG Men Japanese Letter And Grapes Print Tee,1.6k+ sold recently,6.13,0.0,,,Men's Clothing
1.0,Manfinity Mode Men's Plaid Print Buttoned Half Placket Short Sleeve Polo Shirt,300+ sold recently,10.89,0.0,,,Men's Clothing
1.0,Manfinity RSRT Men's Summer Casual Tropical Leaf Printed Short Sleeve Shirt And Shorts 2pcs/Set,,16.99,0.0,#5 Best Seller,in All Over Print Men Shirt Co-ords,Men's Clothing
6.0,Men Drawstring Waist 2 In 1 Beach Shorts With Phone Pocket,,11.19,0.0,#2 Best Seller,in Casual Men Beach Shorts,Men's Clothing
1.0,Manfinity RSRT Men Plus Size Gradient Color Patchwork Crew Neck Short Sleeve T-Shirt + Pocket Shorts Set For Summer,400+ sold recently,20.19,0.0,,,Men's Clothing
7.0,Manfinity Swimmode Men Allover Geo Print Drawstring Waist Swim Trunks,1.1k+ sold recently,10.48,0.0,,,Men's Clothing
1.0,Men Letter & Cartoon Graphic Tee,1.1k+ sold recently,8.09,0.0,,,Men's Clothing
1.0,"Manfinity Vacaylife Men's Summer Lightweight Breathable Knit Casual Coconut Trees & Heat Print Round Neck Short-Sleeved Khaki T-Shirt, Ideal For Beach Vacation And Father's/Mother's Day And Festivals",200+ sold recently,8.19,0.0,,,Men's Clothing
9.0,Manfinity RSRT Men's Tropical Plant Printed Short Sleeve Shirt And Shorts Set,2.9k+ sold recently,17.79,0.0,,,Men's Clothing
1.0,Manfinity RSRT Men Tropical Print Ombre Polo Shirt,,12.99,0.0,#2 Best Seller,in Tropical Men Polo Shirts,Men's Clothing
7.0,Manfinity Homme Men's Turn-Down Collar Casual Short Sleeve T-Shirt And Shorts 2pcs/Set,400+ sold recently,13.76,0.0,,,Men's Clothing
8.0,"Manfinity Men's Casual Solid Color Drop Shoulder T-Shirt & Shorts Set, Summer",2.1k+ sold recently,19.66,0.0,,,Men's Clothing
4.0,Manfinity Homme Men Plus Round Neck Green Printed Short Sleeve T-Shirt And Shorts Set,,21.79,0.0,#7 Best Seller,in Letter Men Plus Size Co-ords,Men's Clothing
1.0,Manfinity Homme Men Colorblock Tee & Drawstring Waist Shorts,,16.99,0.0,#10 Best Seller,in Colorblock Men Co-ords,Men's Clothing
4.0,Manfinity Homme Men Button Front Tee,500+ sold recently,8.09,0.0,,,Men's Clothing
7.0,Manfinity RSRT Men Floral Print Ombre Shirt Without Tee,,8.7,0.0,#9 Best Seller,in Boho Men Tops,Men's Clothing
4.0,ROMWE Prep Men Fashion Sporty Striped And Printed Mesh Shorts,,11.49,0.0,#1 Best Seller,in Graphic Men Clothing,Men's Clothing
9.0,Manfinity Mode Men Slant Pocket Bermuda Shorts,800+ sold recently,13.79,0.0,,,Men's Clothing
6.0,Summer Street Wear Mesh Shorts For Men Gym Fitness Mesh Drawstring Shorts With Lightning Print,600+ sold recently,8.89,0.0,,,Men's Clothing
7.0,Manfinity LEGND Men's Summer American Eagle Printed Round Neck Short Sleeve Casual T-Shirt,1.0k+ sold recently,7.59,0.0,,,Men's Clothing
1.0,Manfinity Homme Men's Pocket Jeans,200+ sold recently,14.2,0.0,,,Men's Clothing
5.0,Manfinity EMRG Men's Loose Fit Car & Letter Printed T-Shirt And Drawstring Waist Shorts,500+ sold recently,13.85,0.0,,,Men's Clothing
1.0,Manfinity Hypemode Men Spring Summer Letter Graphic Casual Tank Top,200+ sold recently,8.79,0.0,,,Men's Clothing
1.0,Manfinity Homme Men Plus Letter Graphic Tee,300+ sold recently,9.99,0.0,,,Men's Clothing
1.0,Manfinity Homme Men Plus Letter Graphic Two Tone Tee & Shorts,800+ sold recently,19.39,0.0,,,Men's Clothing
1.0,Manfinity Homme Men Striped Print Shirt Without Tee,1.4k+ sold recently,10.59,0.0,,,Men's Clothing
4.0,Manfinity EMRG Men's Solid Color Round Neck Tank Top,4.3k+ sold recently,7.89,0.0,,,Men's Clothing
1.0,Men's Plus Size Letter Printed Drawstring Waist Fleece Shorts,300+ sold recently,10.09,0.0,,,Men's Clothing
5.0,Manfinity Homme Men Fashionable Solid Color Mesh Hollow Out Short Sleeve Knit Shirt,200+ sold recently,11.79,0.0,,,Men's Clothing
10.0,Manfinity Swimmode Men Vertical Striped Drawstring Waist Swim Trunks,,12.29,0.0,#6 Best Seller,in Striped Men Swimwear,Men's Clothing
5.0,Men's Summer Earphone Print Casual Round Neck Sleeveless Tank Top,,3.58,0.0,#9 Best Seller,in Letter Men Tank Tops,Men's Clothing
1.0,"Men's Flame Printed Drawstring Waist Casual Shorts, Versatile",,9.39,0.0,,,Men's Clothing
5.0,Manfinity Homme Men Color Block Figure Graphic Shirt & Shorts Without Tee,2.6k+ sold recently,12.75,0.0,,,Men's Clothing
1.0,Men's Plus Size Summer Casual Round Neck Short Sleeve T-Shirt With Slogan Print,100+ sold recently,8.79,0.0,,,Men's Clothing
15.0,Manfinity Homme Men's Color Blocking Short Sleeve T-Shirt,2.4k+ sold recently,6.67,0.0,,,Men's Clothing
1.0,Manfinity Homme Men Plus Size Pocket Design Spring Summer Casual Short Sleeve T-Shirt And Pocket Design Shorts Set,,21.49,0.0,#9 Best Seller,in Colorblock Men Plus Size Co-ords,Men's Clothing
6.0,Manfinity Hypemode Men 2pcs Rose Print High Low Hem Tee,,14.89,0.0,#10 Best Seller,In Floral Men Clothing,Men's Clothing
4.0,"ROMWE Prep Men's Five-Pointed Star Printed Short-Sleeved Y2k T-Shirt, Suitable For Daily Wear In Spring And Summer",,10.89,0.0,#7 Best Seller,In Graphic Men Clothing,Men's Clothing
1.0,Men Solid Tee,500+ sold recently,7.25,0.0,,,Men's Clothing
11.0,Manfinity RSRT Loose Fit Solid Color Men's Button-Front Shirt & Shorts Set,,22.92,0.0,#7 Best Seller,in Woven Fabric Men Co-ords,Men's Clothing
1.0,Manfinity RSRT Men Tropical Print Ombre Polo Shirt,400+ sold recently,12.99,0.0,,,Men's Clothing
7.0,Manfinity Homme Men's Turn-Down Collar Casual Short Sleeve T-Shirt And Shorts 2pcs/Set,400+ sold recently,13.76,0.0,,,Men's Clothing
8.0,"Manfinity Men's Casual Solid Color Drop Shoulder T-Shirt & Shorts Set, Summer",2.1k+ sold recently,19.66,0.0,,,Men's Clothing
4.0,Manfinity Homme Men Plus Round Neck Green Printed Short Sleeve T-Shirt And Shorts Set,600+ sold recently,21.79,0.0,,,Men's Clothing
4.0,Manfinity Homme Men Button Front Tee,500+ sold recently,8.09,0.0,,,Men's Clothing
9.0,Manfinity Mode Men Slant Pocket Bermuda Shorts,800+ sold recently,13.79,0.0,,,Men's Clothing
7.0,Manfinity LEGND Men's Summer American Eagle Printed Round Neck Short Sleeve Casual T-Shirt,,7.59,0.0,#9 Best Seller,in Graphic Men T-Shirts,Men's Clothing
1.0,Manfinity Homme Men's Pocket Jeans,200+ sold recently,14.2,0.0,,,Men's Clothing
5.0,Manfinity EMRG Men's Loose Fit Car & Letter Printed T-Shirt And Drawstring Waist Shorts,500+ sold recently,13.85,0.0,,,Men's Clothing
1.0,Manfinity Homme Men Striped Print Shirt Without Tee,1.4k+ sold recently,10.59,0.0,,,Men's Clothing
4.0,Manfinity EMRG Men's Solid Color Round Neck Tank Top,4.3k+ sold recently,7.89,0.0,,,Men's Clothing
5.0,Manfinity Homme Men Fashionable Solid Color Mesh Hollow Out Short Sleeve Knit Shirt,200+ sold recently,11.79,0.0,,,Men's Clothing
15.0,Manfinity Men's Lion Printed Round Neck T-Shirt,700+ sold recently,6.45,0.0,,,Men's Clothing
1.0,Men's Summer Plaid & Printed Round Neck Short Sleeve Casual T-Shirt And Shorts Set,40+ sold recently,14.69,0.0,,,Men's Clothing
5.0,Manfinity Homme Men'S Shirt & T-Shirt Casual 2pcs/Set Letter Print,900+ sold recently,16.99,0.0,,,Men's Clothing
6.0,Manfinity Homme Men's Solid Color Round Neck Short Sleeve T-Shirt And Work Shorts Set,2.0k+ sold recently,16.89,0.0,,,Men's Clothing
1.0,Men Coconut Tree Print Shirt Without Tee,1.3k+ sold recently,10.49,0.0,,,Men's Clothing
9.0,Manfinity Basics Men Woven Drawstring Waistband Shorts With Slanted Pockets For Casual Summer,1.1k+ sold recently,10.39,0.0,,,Men's Clothing
1.0,Manfinity Mode Men Allover Anchor Print Shirt,400+ sold recently,8.45,0.0,,,Men's Clothing
1.0,Manfinity Modomio Men Cotton Striped Print Drawstring Waist Shorts,2.0k+ sold recently,9.19,0.0,,,Men's Clothing
6.0,Manfinity Homme Men's Solid Color Simple Versatile Short Sleeve Shirt For Spring And Summer,,12.89,0.0,#9 Best Seller,in Colorblock Men Shirts,Men's Clothing
1.0,Manfinity Hypemode Men'S Floral And Slogan Printed Drawstring Waist Shorts,,10.19,0.0,#4 Best Seller,in Slogan Men Shorts,Men's Clothing
4.0,ROMWE Prep Men Letter Striped Drawstring Shorts,,10.89,0.0,#8 Best Seller,in Striped Men Shorts,Men's Clothing
1.0,Manfinity Basics Men's 4pcs/Set Summer Solid Color Round Neck Short Sleeve T-Shirt,1.1k+ sold recently,22.13,0.0,,,Men's Clothing
1.0,"Manfinity RSRT Men's Plus Size Round Neck Short Sleeve T-Shirt With Plant And Letter Print, Drawstring Pocket Shorts Casual Summer Two-Piece Set",,18.79,0.0,#8 Best Seller,in Slogan Men Plus Size Co-ords,Men's Clothing
1.0,Manfinity RSRT Men Tropical Print Tee & Drawstring Waist Shorts,600+ sold recently,10.37,0.0,,,Men's Clothing
1.0,Forever 21 Men's Knitted Muscle Vest With Contrast Rib In White,40+ sold recently,7.69,0.0,,,Men's Clothing
1.0,Men'S Half-Zip Short Sleeve Casual T-Shirt And Shorts Set,200+ sold recently,14.29,0.0,,,Men's Clothing
1.0,Men's Short Sleeve T-Shirt With Letter Print,100+ sold recently,5.09,0.0,,,Men's Clothing
7.0,Manfinity Men's Elastic Waist Joggers With Drawstring,700+ sold recently,6.48,0.0,,,Men's Clothing
1.0,Manfinity Swimmode Men American Flag Print Drawstring Waist Swim Trunks,,11.59,0.0,#1 Best Seller,in Fabric Men Swimwear,Men's Clothing
1.0,"Manfinity VCAY Men's Fashion Clothes, Summer Lightweight Breathable Beach Surfing Plant/Floral/USA Theme Knitted Casual Printed T-Shirt For Independence Day 4th Of July Holiday",100+ sold recently,9.99,0.0,,,Men's Clothing
1.0,"Men's Quick Dry Sports Shorts For Summer Fitness, Basketball, And Running",,9.19,0.0,#8 Best Seller,In Zipper Men Clothing,Men's Clothing
4.0,Manfinity Homme Men Plus Slogan Graphic Tee,500+ sold recently,9.29,0.0,,,Men's Clothing
7.0,Manfinity Homme Men Slant Pocket Drawstring Waist Pants,300+ sold recently,13.49,0.0,,,Men's Clothing
4.0,Manfinity Homme Men Solid Waffle Knit Polo Shirt,2.4k+ sold recently,10.73,0.0,,,Men's Clothing
1.0,Plus Size Men's Spring/Summer Casual Sports Style Baggy Cargo Shorts With Two Side Stripes And Large Pockets,,11.39,0.0,#6 Best Seller,in Street Men Plus Size Shorts,Men's Clothing
1.0,Men's Summer Casual Round Neck Short Sleeve T-Shirt With Letter & Car Print,200+ sold recently,8.69,0.0,,,Men's Clothing
5.0,Manfinity Homme Men Colorblock Tee,1.6k+ sold recently,7.49,0.0,,,Men's Clothing
7.0,Manfinity Homme Men T-Shirts Fit Crew Neck Short Sleeve Basic Tee Casual Summer Polyester,,10.09,0.0,#3 Best Seller,in Pocket Men T-Shirts,Men's Clothing
1.0,Manfinity Homme Men's Summer Solid Color Short-Sleeved Casual Daily Commute Shirt,300+ sold recently,10.89,0.0,,,Men's Clothing
1.0,Manfinity EMRG Men Color Block & Letter Graphic Polo Shirt,400+ sold recently,8.69,0.0,,,Men's Clothing
1.0,Manfinity Homme Men Sculpture & Floral Print Tee,1.2k+ sold recently,7.79,0.0,,,Men's Clothing
1.0,Manfinity LEGND Men Flag Print Tee,2.2k+ sold recently,5.57,0.0,,,Men's Clothing
1.0,Manfinity UrbanChill Men Cartoon And Letter Print Loose Casual T-Shirt And Drawstring Waist Shorts Set For Summer,700+ sold recently,15.49,0.0,,,Men's Clothing
4.0,Manfinity Homme Men Crown & Letter Graphic Tee,1.3k+ sold recently,6.13,0.0,,,Men's Clothing
1.0,Men's Summer Casual Commute Short Sleeve T-Shirt With Slogan & Smile Face Print,10+ sold recently,8.09,0.0,,,Men's Clothing
1.0,"Manfinity Homme Men's Striped Round Neck Short Sleeve T-Shirt, Summer Casual",200+ sold recently,8.79,0.0,,,Men's Clothing
1.0,Manfinity RSRT Men's Holiday Casual Turn-Down Collar Cotton & Linen Shirt Set,300+ sold recently,22.99,0.0,,,Men's Clothing
1.0,Manfinity Chillmode Men Drawstring Waist Flamingo Print Shorts Baggy Board Cool Graphic Colorful Vacation Beach,1.4k+ sold recently,8.88,0.0,,,Men's Clothing
11.0,Manfinity Homme Men Gradient Coconut Tree Print Crew Neck Short Sleeve Casual T-Shirt For Summer,,4.24,0.0,#10 Best Seller,in Yellow Men T-Shirts,Men's Clothing
1.0,Manfinity LEGND Men Cotton Slant Pocket Ripped Jeans,900+ sold recently,12.79,0.0,,,Men's Clothing
1.0,Men Ripped Frayed Raw Hem Denim Shorts,,15.99,0.0,#8 Best Seller,in Plain Men Denim Shorts,Men's Clothing
8.0,Manfinity Hypemode Men Letter Patched Detail Drawstring Waist Shorts,800+ sold recently,10.79,0.0,,,Men's Clothing
6.0,Manfinity Homme Men's Slogan Printed T-Shirt And Shorts Set,,14.79,0.0,#2 Best Seller,in Polyester Men Co-ords,Men's Clothing
5.0,Manfinity Homme Men's Solid Color Summer Casual Short Sleeve Polo Shirt,500+ sold recently,12.09,0.0,,,Men's Clothing
6.0,Manfinity Homme Men Funny Astronaut Printed Short Sleeve Summer T-Shirt,500+ sold recently,7.79,0.0,,,Men's Clothing
6.0,Manfinity EMRG Loose Fit Men's Drop Shoulder Cross Pattern T-Shirt,2.3k+ sold recently,10.69,0.0,,,Men's Clothing
1.0,Manfinity LEGND Men Contrast Color Short Sleeve Button Up Shirt And Shorts Set With Pockets,,17.39,0.0,#3 Best Seller,in Geometric Men Co-ords,Men's Clothing
4.0,Manfinity Homme Men Ombre Button Up Shirt,400+ sold recently,7.25,0.0,,,Men's Clothing
1.0,Manfinity Homme Men's Plus Size Textured Alphabet Print T-Shirt And Shorts Set,,23.39,0.0,#6 Best Seller,in Patched Men Plus Size Co-ords,Men's Clothing
7.0,Manfinity Homme Men's Single-Breasted Solid Color Long Sleeve Shirt And Pants Set,,24.09,0.0,#4 Best Seller,in Long Sleeve Men Shirt Co-ords,Men's Clothing
4.0,Men Simple Solid Color Casual Long Sleeve Shirt,400+ sold recently,12.59,0.0,,,Men's Clothing
4.0,"Men's Summer Color Block Short Sleeve T-shirt And Shorts Set, Casual Pocket Drawstring Elastic Waistband Sports Outfit, 2pcs",,14.99,0.0,#10 Best Seller,in Colorblock Men T-Shirt Co-ords,Men's Clothing
5.0,Manfinity Swimmode Men Striped Print Ombre Drawstring Waist Swim Trunks,,9.59,0.0,#6 Best Seller,in Blue Men Beach Shorts,Men's Clothing
8.0,Manfinity Homme Men Colorblock Raglan Sleeve Patched Detail Tee,2.0k+ sold recently,8.39,0.0,,,Men's Clothing
4.0,"Men 4-Piece Set Sports & Casual Dark Matte Color Long Pants With Drawstring Waist And Elastic Cuff, Ideal For Outdoor Running In Spring And Autumn",100+ sold recently,44.69,0.0,,,Men's Clothing
7.0,"Manfinity LEGND Loose-Fit Men's Cargo Shorts With Flap Pockets, Side Drawstring Waist",1.1k+ sold recently,12.49,0.0,,,Men's Clothing
1.0,Manfinity Homme Men Cotton Tropical Print Polo Shirt,,9.99,0.0,#9 Best Seller,in Tropical Men Polo Shirts,Men's Clothing
8.0,Manfinity Homme Men's Loose Fit Solid Color Lapel Neck Shirt & Pants Set,2.8k+ sold recently,19.99,0.0,,,Men's Clothing
6.0,Men Star Print Tee,2.1k+ sold recently,8.79,0.0,,,Men's Clothing
6.0,"Ultra Performance Mens 5 Pack Athletic Running Shorts, Basketball Gym Workout Shorts For Men With Zippered Pockets",700+ sold recently,39.99,0.0,,,Men's Clothing
1.0,FeverCity Men'S Knitted Casual Mesh Tank Top And Shorts Set,400+ sold recently,19.99,0.0,,,Men's Clothing
9.0,Manfinity StreetEZ Men's Print Knit Casual T-Shirt,1.3k+ sold recently,10.39,0.0,,,Men's Clothing
1.0,Manfinity EMRG Men's Letter And Bear Print Round Neck Short Sleeve T-Shirt,100+ sold recently,8.99,0.0,,,Men's Clothing
11.0,Manfinity Homme Loose Men's Drawstring Waist Jogger Shorts,,12.79,0.0,#7 Best Sellers,in Men Linen Shorts,Men's Clothing
4.0,Manfinity Homme Men's Patchwork Plaid Knitted Polo Shirt And Woven Shorts Set,,18.59,0.0,#8 Best Seller,In Plaid Men Clothing,Men's Clothing
1.0,Manfinity RSRT Men Random Tropical Print Shirt & Shorts Without Tee,800+ sold recently,14.37,0.0,,,Men's Clothing
4.0,Men's Straight-Leg Casual Pants With Pockets,,17.59,0.0,#4 Best Seller,in Khaki Men Pants,Men's Clothing
1.0,Men's Summer USA Flag Printed Round Neck Short Sleeve Casual T-Shirt,200+ sold recently,8.19,0.0,,,Men's Clothing
1.0,Manfinity RSRT Men's Plus Size Tropical Plant Printed Casual Short Sleeve Shirt For Vacation,,13.29,0.0,#6 Best Seller,in Orange Men Plus Size Clothing,Men's Clothing
1.0,Manfinity Homme Men's Plus Size Summer Casual Plain Short Sleeve T-Shirt And Shorts Set,50+ sold recently,22.49,0.0,,,Men's Clothing
1.0,ROMWE Grunge Punk Men's Summer Fashionable Short Sleeve T-Shirt With Punk Elements Print,700+ sold recently,10.89,0.0,,,Men's Clothing
9.0,Manfinity Homme Men Single Striped Trim Polo Shirt,400+ sold recently,10.89,0.0,,,Men's Clothing
6.0,Manfinity Homme Men Drawstring Waist Slant Pocket Shorts,1.5k+ sold recently,12.09,0.0,,,Men's Clothing
1.0,"2pcs Men's Casual Sportswear Elastic Waist Drawstring Solid Color Cargo Pants, Camping, Traveling, Holiday",,19.15,0.0,#8 Best Seller,in Plain Men Sweatpants,Men's Clothing
1.0,Men Spring/Summer Casual Color Block Striped Short Sleeve Knitwear,,12.79,0.0,#2 Best Seller,in Pocket Men Knitwear,Men's Clothing
1.0,Men Simple Printed Round Neck Summer Short Sleeve T-Shirt,1.3k+ sold recently,7.19,0.0,,,Men's Clothing
12.0,Manfinity Basics Men Solid Color Casual Short Sleeve T-Shirt For Summer,200+ sold recently,13.21,0.0,,,Men's Clothing
1.0,Manfinity Homme Men's Slim Fit Knitted Sweater And Woven Shorts Set,100+ sold recently,13.79,0.0,,,Men's Clothing
6.0,Manfinity Homme Men's Solid Loose Tee & Drawstring Waist Shorts,,17.38,0.0,#7 Best Seller,in Khaki Men T-Shirt Co-ords,Men's Clothing
12.0,Manfinity Mode Loose Fit Men's Solid Color Button-Up Shirt,1.2k+ sold recently,13.29,0.0,,,Men's Clothing
6.0,Manfinity Homme Men Plus Size Woven Casual Short Sleeve Shirt For Summer Leisure,,8.93,0.0,#1 Best Seller,in Purple Men Plus Size Clothing,Men's Clothing
1.0,Men's Letter Print Short Sleeve T-Shirt,400+ sold recently,7.53,0.0,,,Men's Clothing
1.0,"Manfinity Homme Men's Casual Round Neck Short Sleeve T-Shirt With Letter Print, Summer",30+ sold recently,5.99,0.0,,,Men's Clothing
7.0,Manfinity Hypemode Men T-Shirts Fit V Neck Short Sleeve Henley Casual Urban Summer Knit Top,200+ sold recently,7.32,0.0,,,Men's Clothing
1.0,SHEIN Manfinity Homme Men's Round Neck Long Sleeve T-Shirt With Letter Print,100+ sold recently,4.15,0.0,,,Men's Clothing
1.0,Manfinity Homme Men Random Colorful Striped Shirt & Drawstring Waist Shorts Without Tee,1.3k+ sold recently,11.73,0.0,,,Men's Clothing
1.0,Manfinity Modomio Men Woven Vertical Striped Casual Shorts For Summer,100+ sold recently,9.79,0.0,,,Men's Clothing
10.0,Manfinity Basics Men Solid Waffle Knit Polo Shirt,500+ sold recently,9.59,0.0,,,Men's Clothing
1.0,Manfinity LEGND Men's Nautical Ship Print Round Neck Short Sleeve T-Shirt,1.4k+ sold recently,4.25,0.0,,,Men's Clothing
1.0,Round Neck Rabbit Printed Short Sleeve T-Shirt,3.2k+ sold recently,7.69,0.0,,,Men's Clothing
1.0,Men's Solid Color Simple Casual Pants For Everyday Wear,10+ sold recently,20.29,0.0,,,Men's Clothing
4.0,Men Fashion Solid Color Sleeveless Tank Top,,3.25,0.0,#4 Best Seller,in Pocket Men Tank Tops,Men's Clothing
1.0,Manfinity Homme Men's Solid-Colored Simple Shirt And Shorts Set,,18.23,0.0,#2 Best Seller,in Khaki Men Shirt Co-ords,Men's Clothing
12.0,"Manfinity Hypemode Loose Fit Men's Cargo Pants With Flap Pockets, Side Drawstring Waist",4.6k+ sold recently,20.68,0.0,,,Men's Clothing
5.0,Manfinity Mode Men Summer Striped Short Sleeve Casual Commuting Polo Shirt,1.6k+ sold recently,10.63,0.0,,,Men's Clothing
7.0,Manfinity Swimmode Men Hawaiian Style Coconut Tree Printed Swimming Trunks (Tailored Fit),400+ sold recently,6.81,0.0,,,Men's Clothing
4.0,Manfinity Mode Men's Solid Color Single Button Long Sleeve Suit Jacket And Pants Suit Set,,37.29,0.0,#1 Best Seller,in Woven Fabric Men Suits,Men's Clothing
5.0,"3D Digital Print Breathable And Soft Casual Hawaiian Beach Vacation Casual Men's Shorts For Daily Wear, Summer",,8.99,0.0,#4 Best Seller,in Green Men Plus Size Swimwear,Men's Clothing
4.0,ROMWE Goth Men Cotton Solid Skinny Jeans,2.9k+ sold recently,13.41,0.0,,,Men's Clothing
6.0,Manfinity Basics Men Solid Drawstring Waist Sweatpants,700+ sold recently,8.97,0.0,,,Men's Clothing
10.0,Manfinity Homme Men's Short Sleeve Ribbed Knit Polo Shirt,1.0k+ sold recently,11.49,0.0,,,Men's Clothing
1.0,Manfinity Hypemode Loose Fit Men's Sweatpants With Flap Pockets And Drawstring Waistband Straight Leg Long Cargo Plain Light Grey Going Out Casual,800+ sold recently,17.39,0.0,,,Men's Clothing
1.0,Manfinity Homme Men's Color Block Simple Casual Shorts Daily Wear Basketball Letter Gym,200+ sold recently,9.79,0.0,,,Men's Clothing
1.0,Men Flag Print Tee,,8.69,0.0,#3 Best Seller,in Black Men T-Shirts,Men's Clothing
7.0,Manfinity Men Cartoon & Slogan Graphic Tee,400+ sold recently,6.95,0.0,,,Men's Clothing
5.0,Manfinity Homme Men's Plus Size Solid Color Simple Style Casual Shorts,,13.49,0.0,#3 Best Seller,in Blue Men Plus Size Bottoms,Men's Clothing
6.0,Manfinity Homme Men Solid Slant Pocket Shorts,800+ sold recently,13.29,0.0,,,Men's Clothing
1.0,Manfinity Homme Men Casual Patch Detail Cargo Shorts For Summer,300+ sold recently,11.39,0.0,,,Men's Clothing
1.0,"Manfinity EMRG Men's Solid Color Cargo Shorts With Pockets And Drawstring, Casual Fit Casual Style",80+ sold recently,10.19,0.0,,,Men's Clothing
4.0,Manfinity RSRT Men's Leaf Printed Casual Vacation Short Sleeve Shirt And Shorts Set,,19.99,0.0,#2 Best Seller,in Blue Men Plus Size Co-ords,Men's Clothing
1.0,Manfinity Men's Random Printed Simple Style Casual Beach Shorts,200+ sold recently,12.99,0.0,,,Men's Clothing
4.0,Manfinity Homme Men Solid Color Simple Daily Casual Shorts,300+ sold recently,15.39,0.0,,,Men's Clothing
5.0,ROMWE Street Life Men Letter Graphic Drop Shoulder Tee,2.7k+ sold recently,15.19,0.0,,,Men's Clothing
1.0,Manfinity RSRT Men's Plus Size Striped Printed Shirt And Plain Shorts Two Piece Set,,20.09,0.0,#8 Best Seller,in Casual Men Plus Size Shirt Co-ords,Men's Clothing
1.0,Manfinity Basics Men 3pcs Solid Raglan Sleeve Tee,,20.09,0.0,#9 Best Seller,in Long Sleeve Men T-Shirts,Men's Clothing
1.0,ROMWE Prep Men Street Style Drawstring Waistband Letter And Camouflage Print Shorts For Summer,,12.09,0.0,#9 Best Sellers,in Back to school clothes,Men's Clothing
1.0,Manfinity LEGND Men's Plus Size Floral And Slogan Printed T-Shirt,900+ sold recently,9.19,0.0,,,Men's Clothing
1.0,Men Floral Print Shirt Without Tee,,10.39,0.0,#2 Best Seller,in Figure Men Shirts,Men's Clothing
7.0,Men's Plant Print Vacation Style Short Sleeve Button-Down Shirt,300+ sold recently,11.29,0.0,,,Men's Clothing
4.0,Manfinity Homme Men's Plus Size Solid Color Shirt And Shorts Set,1.0k+ sold recently,20.96,0.0,,,Men's Clothing
6.0,Manfinity Homme Men's Solid Color Turn-Down Collar Short Sleeve Shirt With Front Button Closure,800+ sold recently,13.79,0.0,,,Men's Clothing
1.0,"Summer New Polyester Digital Printed Anti-Embarrassment Quick-Drying Plus Size Boxer Swim Trunks, Suitable For Hot Springs. Men's Beach Shorts, Swimming Trunks With Milk Silk Lining",100+ sold recently,12.19,0.0,,,Men's Clothing
5.0,Men's Solid Color Drawstring Waist Joggers With Slant Pockets,800+ sold recently,7.39,0.0,,,Men's Clothing
1.0,Manfinity Basics Men's 3pcs/Set Solid Color Round Neck Casual Tank Top,400+ sold recently,14.89,0.0,,,Men's Clothing
4.0,Manfinity Homme Men's Color Block Patch Detail Polo Shirt,,11.29,0.0,#9 Best Seller,in Pocket Men Polo Shirts,Men's Clothing
8.0,Manfinity Swimmode Men Drawstring Waist Slant Pocket Swim Trunks,,8.54,0.0,#2 Best Seller,in Black Men Beach Shorts,Men's Clothing
7.0,Men's Cat Print Japanese Words Pullover Sweatshirt,1.0k+ sold recently,9.59,0.0,,,Men's Clothing
1.0,Men's Letter Print Pullover Sweatshirt,300+ sold recently,7.55,0.0,,,Men's Clothing
11.0,Manfinity Homme Men's Solid Short-Sleeved Polo Shirt,,9.99,0.0,#3 Best Seller,in Khaki Men Polo Shirts,Men's Clothing
5.0,Manfinity Homme Men Plus Letter Graphic Drop Shoulder Tee & Shorts,200+ sold recently,20.49,0.0,,,Men's Clothing
8.0,Manfinity Hypemode Men Mountain Print Tee,1.9k+ sold recently,8.25,0.0,,,Men's Clothing
1.0,Rick and Morty X SHEIN Men Cartoon And Letter Graphic Drop Shoulder Tee,500+ sold recently,10.99,0.0,,,Men's Clothing
1.0,Manfinity Hypemode Plus Size Men Skinny Denim Shorts With Ripped Details And Pockets Jorts Plain All White Work Basic,,22.73,0.0,#5 Best Sellers,in Men Plus Size Denim,Men's Clothing
1.0,Manfinity CozeMod 2pcs/Set Men Plus Size Short Sleeve T-Shirt Set,,17.49,0.0,#4 Best Seller,in Street Men Plus Size T-Shirt Co-ords,Men's Clothing
1.0,Manfinity RSRT Men Solid Button Up Shirt & Shorts,,24.11,0.0,#10 Best Seller,in Khaki Men Shirt Co-ords,Men's Clothing
1.0,Manfinity RSRT Men's Summer Colorblocking Stripe Shirt And Solid Color Shorts Set,700+ sold recently,19.19,0.0,,,Men's Clothing
4.0,Manfinity RSRT Men's Knitted Coconut Tree Pattern Print Short Sleeve Round Neck T-Shirt And Drawstring Waist Shorts Set For Casual Wear,800+ sold recently,13.39,0.0,,,Men's Clothing
11.0,Manfinity Homme Men Striped Trim Polo Shirt,200+ sold recently,6.69,0.0,,,Men's Clothing
1.0,Men Plus Slogan Graphic Tee,500+ sold recently,8.29,0.0,,,Men's Clothing
4.0,Men's Plaid Notched Lapel Long Sleeve Casual Blazer,,29.59,0.0,#8 Best Sellers,in Men Blazers,Men's Clothing
4.0,Manfinity Homme Men Summer Cartoon Animal Printed Short Sleeve Casual Daily Polo Shirt For Work Commutes,300+ sold recently,11.09,0.0,,,Men's Clothing
1.0,Manfinity Solid Color Men's Lapel Single Breasted Suit Jacket,200+ sold recently,16.29,0.0,,,Men's Clothing
1.0,Manfinity Homme Men's Plus Size Summer Striped Printed Round Neck Short Sleeve Casual T-Shirt And Drawstring Waist Shorts Set,30+ sold recently,23.59,0.0,,,Men's Clothing
1.0,Manfinity Homme Men Knitted Casual Short Sleeve T-Shirt Set,800+ sold recently,13.99,0.0,,,Men's Clothing
10.0,Manfinity Homme Men Solid Ribbed Knit Button Front Shirt,1.4k+ sold recently,13.39,0.0,,,Men's Clothing
9.0,Men Striped Print Shirt,,9.59,0.0,#2 Best Seller,in Yellow Men Shirts,Men's Clothing
1.0,Manfinity Men Cotton Ripped Frayed Roll Hem Denim Shorts,800+ sold recently,15.99,0.0,,,Men's Clothing
9.0,Manfinity Swimmode Men Coconut Tree Print Drawstring Waist Swim Trunks,1.5k+ sold recently,11.59,0.0,,,Men's Clothing
1.0,Manfinity Hypemode Loose Fit Men's Letter Patch Decor Flap Pocket Cargo Pants,100+ sold recently,15.39,0.0,,,Men's Clothing
6.0,Manfinity Homme Men Plus Size Fashionable Solid Color Short-Sleeve Top And Shorts Two Piece Set With Twisted Knit Pattern,,23.66,0.0,#9 Best Seller,in Plain Men Plus Size T-Shirt Co-ords,Men's Clothing
1.0,Men's Plus Size Mountain And Letter Print Short Sleeve T-Shirt,,9.29,0.0,#3 Best Seller,in Graphic Men Plus Size Tops,Men's Clothing
1.0,Manfinity Hypemode Men Random Geo Print Shirt Without Tee,700+ sold recently,11.69,0.0,,,Men's Clothing
9.0,"ROMWE Street Life Men's Holiday Printed Woven Shorts, Suitable For Daily Wear During Spring And Summer",300+ sold recently,5.64,0.0,,,Men's Clothing
1.0,Manfinity ResortEase Men Plus Plant Printed T-Shirt And Solid Color Shorts Set,200+ sold recently,17.59,0.0,,,Men's Clothing
1.0,Men Summer Slim Fit Solid Color Tank Top With Stand Neck,,7.79,0.0,#7 Best Seller,in Plain Men Tank Tops,Men's Clothing
4.0,Manfinity Mode Men's White Casual Shorts With Pockets Dress Holographic Plain Work,700+ sold recently,15.39,0.0,,,Men's Clothing
9.0,Manfinity Homme Men Floral Jacquard Shirt,1.3k+ sold recently,11.89,0.0,,,Men's Clothing
1.0,Men Playing Card Print Tee,500+ sold recently,6.72,0.0,,,Men's Clothing
1.0,SHEIN X Care Bears Men's Summer Cartoon Dreamy Fun Dopamine Rainbow Care Bear Pattern Casual Loose Short-Sleeved T-Shirt,100+ sold recently,10.19,0.0,,,Men's Clothing
9.0,Manfinity Swimmode Men Drawstring Waist Slant Pocket Swim Trunks,,10.25,0.0,#9 Best Seller,in Pocket Men Swimwear,Men's Clothing
4.0,Manfinity Swimmode Men 2 In 1 Drawstring Waist Swim Trunks,,12.63,0.0,#2 Best Seller,in Khaki Men Beach Shorts,Men's Clothing
1.0,Manfinity Basics Men's 3pcs Solid Color Round Neck Casual Tank Top,300+ sold recently,16.39,0.0,,,Men's Clothing
1.0,Manfinity Homme Men Cotton Bleach Wash Straight Leg Jeans,600+ sold recently,21.89,0.0,,,Men's Clothing
6.0,"Manfinity RSRT Men's Floral Printed Short Sleeve Shirt, Perfect For Summer And Beach",4.0k+ sold recently,10.39,0.0,,,Men's Clothing
1.0,Manfinity Homme Men's Colorblock Striped Casual Tank Top,100+ sold recently,7.49,0.0,,,Men's Clothing
1.0,Manfinity Homme Men's Plus Size Letter Printed Round Neck Short Sleeve T-Shirt And Drawstring Shorts Set,,20.89,0.0,#6 Best Seller,in Striped Men Plus Size T-Shirt Co-ords,Men's Clothing
5.0,Men Paisley Scarf Print Drawstring Waist Swim Trunks,,8.19,0.0,#1 Best Seller,in Woven Fabric Men Beach Shorts,Men's Clothing
1.0,Manfinity Men's Slim Fit Casual Cartoon Print Long Sleeve Surfing T-Shirt With Heat Transfer Pattern,,8.89,0.0,#6 Best Seller,in White Men Swimwear,Men's Clothing
6.0,Manfinity Homme Men Solid Button Up Shirt,4.5k+ sold recently,10.73,0.0,,,Men's Clothing
1.0,Manfinity ResortEase Men's Plus Size Summer Casual Vacation Button-Front Short Sleeve Shirt,,20.49,0.0,#10 Best Seller,in Fabric Men Plus Size Shirts,Men's Clothing
4.0,Manfinity Homme Men's Fashionable 3D Textured Casual Shirt Set,,23.45,0.0,#5 Best Seller,in Loose Men Co-ords,Men's Clothing
1.0,Manfinity LEGND Men's Plus Size Fashionable Tiger Printed T-Shirt Set,600+ sold recently,19.99,0.0,,,Men's Clothing
4.0,Manfinity LEGND Men Plus Flap Pocket Side Drawstring Waist Cargo Shorts,1.6k+ sold recently,14.49,0.0,,,Men's Clothing
1.0,Manfinity EMRG Men Figure & Letter Graphic Tee,4.4k+ sold recently,5.41,0.0,,,Men's Clothing
8.0,Manfinity Mode Men's Plain And Simple Daily Polo Shirt,200+ sold recently,10.89,0.0,,,Men's Clothing
1.0,Manfinity RSRT Men's Summer Vacation Floral Print Short Sleeve Casual Shirt,100+ sold recently,11.49,0.0,,,Men's Clothing
1.0,Manfinity Homme Loose Fit Men's Half Button Shirt & Pants,1.7k+ sold recently,20.88,0.0,,,Men's Clothing
1.0,Manfinity Mode Men Zipper Fly Pocket Shorts,400+ sold recently,11.99,0.0,,,Men's Clothing
1.0,Manfinity EMRG Men's Fitted Street-Style Fun Bear Print T-Shirt And Shorts Set,300+ sold recently,14.09,0.0,,,Men's Clothing
1.0,"Manfinity LEGND Men's American Flag Printed Round Neck Casual Tank Top, Summer",700+ sold recently,7.97,0.0,,,Men's Clothing
1.0,Manfinity Homme Men Fashionable Solid Color Loose Fit Casual Pants For Any Occasion,10+ sold recently,8.07,0.0,,,Men's Clothing
1.0,Forever 21 Men's 90s Loose Cargo Denim Shorts,90+ sold recently,19.89,0.0,,,Men's Clothing
1.0,Manfinity Homme Plus Size Men Summer Fashion Three-Color Splice T-Shirt Set,700+ sold recently,21.89,0.0,,,Men's Clothing
6.0,Manfinity Hypemode Men Holiday Loose Weave Casual Shorts With Paisley Print And Drawstring Waist,900+ sold recently,9.89,0.0,,,Men's Clothing
11.0,Manfinity Homme Men's Solid Short-Sleeved Polo Shirt,,9.99,0.0,#3 Best Seller,in Khaki Men Polo Shirts,Men's Clothing
5.0,Manfinity Homme Men Plus Letter Graphic Drop Shoulder Tee & Shorts,200+ sold recently,20.49,0.0,,,Men's Clothing
8.0,Manfinity Hypemode Men Mountain Print Tee,1.9k+ sold recently,8.25,0.0,,,Men's Clothing
1.0,Rick and Morty X SHEIN Men Cartoon And Letter Graphic Drop Shoulder Tee,500+ sold recently,10.99,0.0,,,Men's Clothing
1.0,Manfinity Hypemode Plus Size Men Skinny Denim Shorts With Ripped Details And Pockets Jorts Plain All White Work Basic,,22.73,0.0,#5 Best Sellers,in Men Plus Size Denim,Men's Clothing
1.0,Manfinity CozeMod 2pcs/Set Men Plus Size Short Sleeve T-Shirt Set,,17.49,0.0,#4 Best Seller,in Street Men Plus Size T-Shirt Co-ords,Men's Clothing
1.0,Manfinity RSRT Men Solid Button Up Shirt & Shorts,,24.11,0.0,#10 Best Seller,in Khaki Men Shirt Co-ords,Men's Clothing
1.0,Manfinity RSRT Men's Summer Colorblocking Stripe Shirt And Solid Color Shorts Set,700+ sold recently,19.19,0.0,,,Men's Clothing
4.0,Manfinity RSRT Men's Knitted Coconut Tree Pattern Print Short Sleeve Round Neck T-Shirt And Drawstring Waist Shorts Set For Casual Wear,800+ sold recently,13.39,0.0,,,Men's Clothing
11.0,Manfinity Homme Men Striped Trim Polo Shirt,200+ sold recently,6.69,0.0,,,Men's Clothing
1.0,Manfinity Solid Color Men's Lapel Single Breasted Suit Jacket,,16.29,0.0,#4 Best Seller,in Woven Fabric Men Blazers,Men's Clothing
1.0,Manfinity Homme Men's Plus Size Summer Striped Printed Round Neck Short Sleeve Casual T-Shirt And Drawstring Waist Shorts Set,,23.59,0.0,#7 Best Seller,in Green Men Plus Size Co-ords,Men's Clothing
1.0,Men Summer Slim Fit Solid Color Tank Top With Stand Neck,1.0k+ sold recently,7.79,0.0,,,Men's Clothing
1.0,Manfinity Men's Slim Fit Casual Cartoon Print Long Sleeve Surfing T-Shirt With Heat Transfer Pattern,1.0k+ sold recently,8.89,0.0,,,Men's Clothing
6.0,Manfinity Homme Men Solid Button Up Shirt,4.5k+ sold recently,10.73,0.0,,,Men's Clothing
1.0,Manfinity LEGND Men's Plus Size Fashionable Tiger Printed T-Shirt Set,,19.99,0.0,#1 Best Seller,in Animal Men Plus Size T-Shirt Co-ords,Men's Clothing
4.0,Manfinity LEGND Men Plus Flap Pocket Side Drawstring Waist Cargo Shorts,,14.49,0.0,#2 Best Seller,in Pocket Men Plus Size Shorts,Men's Clothing
1.0,Manfinity EMRG Men Figure & Letter Graphic Tee,,5.41,0.0,#7 Best Seller,in Figure Men T-Shirts,Men's Clothing
8.0,Manfinity Mode Men's Plain And Simple Daily Polo Shirt,200+ sold recently,10.89,0.0,,,Men's Clothing
1.0,Manfinity Homme Loose Fit Men's Half Button Shirt & Pants,1.7k+ sold recently,20.88,0.0,,,Men's Clothing
1.0,Manfinity Mode Men Zipper Fly Pocket Shorts,400+ sold recently,11.99,0.0,,,Men's Clothing
6.0,Manfinity Hypemode Men Holiday Loose Weave Casual Shorts With Paisley Print And Drawstring Waist,900+ sold recently,9.89,0.0,,,Men's Clothing
4.0,Manfinity EMRG Men's Knitted Short Sleeve Bear & Letter Printed T-Shirt And Woven Shorts 2pcs/Set,5.7k+ sold recently,15.38,0.0,,,Men's Clothing
1.0,Manfinity Homme Men's Summer Plaid Simple All-Match Casual Polo Shirt,60+ sold recently,7.2,0.0,,,Men's Clothing
10.0,Manfinity Homme Men Color-Block Striped Short Sleeve Shirt For Summer,2.0k+ sold recently,10.99,0.0,,,Men's Clothing
10.0,Manfinity Homme Men Summer Solid Color Stand Collar Short Sleeve Woven Casual Shirt,4.6k+ sold recently,9.99,0.0,,,Men's Clothing
1.0,Manfinity RSRT Men Random Tropical Print Shirt & Drawstring Waist Shorts Without Tee,,18.59,0.0,#5 Best Seller,in Tropical Men Shirt Co-ords,Men's Clothing
1.0,Manfinity NiteLyfe Men's Glitter Contrast Color Round Neck Short Sleeve T-Shirt,100+ sold recently,16.79,0.0,,,Men's Clothing
1.0,Manfinity Chillmode Men Coconut Tree Print Tank Top & Drawstring Waist Shorts,400+ sold recently,15.99,0.0,,,Men's Clothing
13.0,Manfinity Swimmode Men Coconut Tree & Bird Print Drawstring Waist Swim Trunks,700+ sold recently,6.81,0.0,,,Men's Clothing
1.0,Manfinity Mode Men's Anchor Pattern Printed Summer Casual Short-Sleeved Polo Shirt,,11.89,0.0,#2 Best Seller,in All Over Print Men Polo Shirts,Men's Clothing
9.0,Manfinity Loose Fit Men's Flap Pocket Side Cargo Shorts,,13.49,0.0,#9 Best Seller,in Woven Fabric Men Clothing,Men's Clothing
5.0,"ROMWE Street Life Men's Printed Short Sleeve T-Shirt, Suitable For Daily Wear In Spring And Summer",3.4k+ sold recently,10.29,0.0,,,Men's Clothing
4.0,SUMWON Crop Fit Tee With Number Print,,7.49,0.0,#10 Best Sellers,in Cotton T Shirt,Men's Clothing
6.0,Men's Summer Casual Fun Teeth Printed Drop-Shoulder T-Shirt,1.8k+ sold recently,10.59,0.0,,,Men's Clothing
1.0,Manfinity Homme Men's Checkered Short Sleeve Polo Shirt,100+ sold recently,10.59,0.0,,,Men's Clothing
5.0,Manfinity Mode Men's Solid Color Button Open Long Sleeve Shirt,4.5k+ sold recently,11.87,0.0,,,Men's Clothing
19.0,Men Solid Drawstring Thermal Lined Hoodie,1.5k+ sold recently,11.29,0.0,,,Men's Clothing
1.0,Manfinity Homme Men's Summer Solid Color Round Neck Short Sleeve Casual T-Shirt,20+ sold recently,9.69,0.0,,,Men's Clothing
6.0,Manfinity RSRT Men Tropical Print Shirt Without Tee,300+ sold recently,6.71,0.0,,,Men's Clothing
4.0,Men's Casual Casual Fit Drawstring Waist Shorts With Pockets,30+ sold recently,8.69,0.0,,,Men's Clothing
5.0,Men's Drop Shoulder T-shirt With Printed Character,1.1k+ sold recently,5.41,0.0,,,Men's Clothing
11.0,Manfinity Homme Loose Fit Men's Drawstring Waist Shorts Dress Linen Cool Plain Khaki Tropical Boho,,11.77,0.0,#1 Best Sellers,in Men Linen Shorts,Men's Clothing
14.0,Manfinity EMRG Men Graphic Pattern Sweater,1000+ sold recently,15.29,0.0,,,Men's Clothing
5.0,Manfinity Homme Loose Fit Men's Solid Color Button-Up Shirt,2.4k+ sold recently,11.11,0.0,,,Men's Clothing
1.0,Men's Black + Grey Drawstring Waist Casual Fit Casual Shorts,200+ sold recently,13.69,0.0,,,Men's Clothing
1.0,Rick and Morty X SHEIN Men 1pc Cartoon Character & Letter Printed Drop Shoulder Loose Casual Summer T-Shirt,100+ sold recently,9.39,0.0,,,Men's Clothing
1.0,Manfinity RSRT Men's Plus Size Solid Color Drawstring Shorts With Pockets Summer Casual Linen Knee Plain,,15.39,0.0,#10 Best Seller,in Khaki Men Plus Size Shorts,Men's Clothing
1.0,Manfinity Mode Men Color Block Short Sleeve Polo Shirt For Summer,,10.49,0.0,#8 Best Seller,in Polyester Men Polo Shirts,Men's Clothing
1.0,ROMWE Academia Men Corduroy Drawstring Shorts,1.7k+ sold recently,5.64,0.0,,,Men's Clothing
1.0,SHEIN Men Floral Print Straight Leg Jeans Baggy Long Washed Light Jean Cargo Graphic Plain Blue Party Funny Couple Matching,800+ sold recently,24.09,0.0,,,Men's Clothing
1.0,Men Summer Printed Slogan Tank Top,40+ sold recently,4.79,0.0,,,Men's Clothing
1.0,Manfinity Homme Men Solid Shirt & Shorts,,19.79,0.0,#10 Best Seller,in Pocket Men Shirt Co-ords,Men's Clothing
6.0,Men Drawstring Waist Flap Pocket Side Swim Trunks,1.3k+ sold recently,11.19,0.0,,,Men's Clothing
9.0,Men's Solid Color Breathable Tank Top,500+ sold recently,6.79,0.0,,,Men's Clothing
1.0,Manfinity Vacaylife Men's Short Sleeve Woven Shirt With Plant Print,400+ sold recently,11.79,0.0,,,Men's Clothing
1.0,"Manfinity LEGND Men's Plus Size Geometric Printed Round Neck Short Sleeve Casual T-Shirt, Summer",,10.39,0.0,#10 Best Seller,in Colorblock Men Plus Size T-Shirts,Men's Clothing
1.0,Manfinity Homme Loose-Fitting Men's Notched Neckline Drop Shoulder T-Shirt,900+ sold recently,12.5,0.0,,,Men's Clothing
1.0,Manfinity Basics Men's Solid Color Round Neck Casual Tank Top For Summer,100+ sold recently,9.87,0.0,,,Men's Clothing
1.0,Manfinity RSRT Men's Summer Geometric Print Short Sleeve Casual Loose Shirt With Pocket,20+ sold recently,11.39,0.0,,,Men's Clothing
4.0,"Digital Printed Gradient Men's Polo Shirt With Short Sleeve, Chest Pocket Design, Leisure Wear For Summer",100+ sold recently,6.35,0.0,,,Men's Clothing
1.0,Manfinity Nomadique Men Solid Color Drawstring Waist Pockets Straight Leg Loose Fit Casual Pants,500+ sold recently,14.29,0.0,,,Men's Clothing
8.0,SHEIN X Hangout Fest Manfinity Swimmode Men Solid Swim Trunks,1.8k+ sold recently,9.49,0.0,,,Men's Clothing
1.0,Manfinity EMRG Men's Summer Casual Oil Painting Print Short Sleeve T-Shirt And Shorts Set,100+ sold recently,14.39,0.0,,,Men's Clothing
8.0,Men Solid Round Neck Tee,200+ sold recently,3.03,0.0,,,Men's Clothing
4.0,Manfinity Homme Men's Plus Size Summer Solid Color Textured Round Neck Short Sleeve Casual T-Shirt And Shorts Set,,23.59,0.0,#4 Best Seller,in White Men Plus Size Co-ords,Men's Clothing
1.0,DAZY Men's Solid Color Drop Shoulder Loose Fit T-Shirt And Drawstring Waist Shorts Summer Outfit,100+ sold recently,9.47,0.0,,,Men's Clothing
9.0,DAZY Men Polo Neck Ribbed Knit Sweater,,10.97,0.0,#5 Best Seller,in Plain Men Sweaters,Men's Clothing
1.0,Men's Letter Printed Short Sleeve T-Shirt,100+ sold recently,4.25,0.0,,,Men's Clothing
11.0,Manfinity Homme Men's Moon Printed T-shirt,500+ sold recently,6.69,0.0,,,Men's Clothing
1.0,Men's Printed Casual Hawaiian Shirt,500+ sold recently,9.09,0.0,,,Men's Clothing
10.0,Manfinity Homme Men's Short-Sleeved Polo Shirt,,10.58,0.0,#9 Best Seller,in Pocket Men Tops,Men's Clothing
1.0,Manfinity Homme Men's Solid Color Half Button Loose Fit Shirt & Shorts Set,1.0k+ sold recently,19.57,0.0,,,Men's Clothing
8.0,Manfinity Swimmode Men Color Block Striped Print Flap Detail Swim Trunks,800+ sold recently,8.97,0.0,,,Men's Clothing
1.0,Manfinity RSRT Flamingo Print Collared Button-Front Short Sleeve Shirt,300+ sold recently,8.79,0.0,,,Men's Clothing
5.0,Men's Solid Color Drawstring Hooded Sleeveless Casual Tank Top,,7.19,0.0,#6 Best Seller,in Drawstring Men Tank Tops,Men's Clothing
1.0,Manfinity Homme Men Plus Striped Shirt & Drawstring Waist Shorts Without Tee,,12.15,0.0,#5 Best Sellers,in Men Plus Size Shirt Co-ords,Men's Clothing
10.0,"Men's Slim-Fit Guayabera Button Down Short Sleeve Linen Beach Shirt, Summer",,10.69,0.0,#1 Best Seller,in Khaki Men Shirts,Men's Clothing
1.0,Manfinity Homme Men Striped & Letter Graphic Tee,400+ sold recently,8.79,0.0,,,Men's Clothing
1.0,Men Playing Card Print Tee,700+ sold recently,3.57,0.0,,,Men's Clothing
1.0,Men Summer Casual Letter Print Short Sleeve T-Shirt And Shorts Set,,9.12,0.0,#2 Best Seller,in Figure Men T-Shirt Co-ords,Men's Clothing
1.0,Manfinity Chillmode Men's Letter Printed T-Shirt And Shorts Set For Summer,100+ sold recently,15.49,0.0,,,Men's Clothing
7.0,Manfinity Swimmode Men's Striped Printed Drawstring Wide-Leg Beach Shorts For Vacation,400+ sold recently,12.89,0.0,,,Men's Clothing
4.0,Manfinity Basics Men's Summer 3pcs Solid Color Knitted Casual Short Sleeve T-Shirt With Round Collar,200+ sold recently,16.29,0.0,,,Men's Clothing
6.0,Manfinity RSRT Men T-Shirts Fit Crew Neck Short Sleeve Graphic Tee Palm Tree Casual Summer Polyester,700+ sold recently,3.75,0.0,,,Men's Clothing
5.0,Manfinity Hypemode Men Summer Cartoon Printed Round Neck Short Sleeve Casual T-Shirt With Slogan,,8.89,0.0,#3 Best Seller,in Green Men T-Shirts,Men's Clothing
4.0,Manfinity Homme Men Color Block Quarter Zipper Polo Shirt,,9.6,0.0,#6 Best Seller,in Long Sleeve Men Polo Shirts,Men's Clothing
7.0,Manfinity RSRT Men's Plus Size Fashionable Contrast Color Short Sleeve Shirt,50+ sold recently,12.39,0.0,,,Men's Clothing
9.0,"Manfinity Basics Men Summer Solid Color Drawstring Waistband Shorts With Pockets, Casual Woven Shorts",,10.49,0.0,#2 Best Seller,in Blue Men Shorts,Men's Clothing
1.0,Manfinity Homme Men Solid Color Minimalist Short Sleeve Polo Set,,23.55,0.0,#9 Best Seller,in Short Sleeve Men Polo Co-ords,Men's Clothing
6.0,Manfinity Nomadique Men's Summer Solid Color Casual Mesh Texture Camp Collar Short Sleeve Shirt,90+ sold recently,13.59,0.0,,,Men's Clothing
6.0,Manfinity Homme Men Playing Card Print Tee & Drawstring Waist Shorts,700+ sold recently,9.25,0.0,,,Men's Clothing
5.0,Manfinity Chillmode Men's Cartoon Print Wide Shoulder Tank Top For Summer,200+ sold recently,7.19,0.0,,,Men's Clothing
1.0,Manfinity Homme Men Water Washed Straight Leg Jeans With Diagonal Pockets Fashionable Casual Streetwear All Match Baggy Long Light Jean Cargo Plain Teal Going Out Hip Hop Rapper,100+ sold recently,22.59,0.0,,,Men's Clothing
1.0,Manfinity RSRT Men Random Floral Print Shirt Without Tee,700+ sold recently,11.49,0.0,,,Men's Clothing
1.0,Manfinity Homme Men Textured Button-Up Short Sleeve Casual Shirt For Summer,500+ sold recently,10.59,0.0,,,Men's Clothing
6.0,Manfinity RSRT Solid Color Button-Front Suit Collar Short-Sleeve Shirt For Summer Casual Wear,100+ sold recently,6.97,0.0,,,Men's Clothing
10.0,Manfinity Swimmode Men Letter Patched Detail Drawstring Waist Swim Trunks,,11.69,0.0,#7 Best Seller,in Drawstring Men Swimwear,Men's Clothing
4.0,Manfinity RSRT Men Plus Size Fashionable Summer Holiday Style Printed Shirt And Shorts Two-Piece Set,100+ sold recently,19.99,0.0,,,Men's Clothing
1.0,Manfinity RSRT Men Geo Print Shirt & Shorts,400+ sold recently,17.69,0.0,,,Men's Clothing
1.0,Rick and Morty | ROMWE Men Tie Dye Letter & Figure Graphic Tee,1.9k+ sold recently,13.49,0.0,,,Men's Clothing
5.0,Manfinity Homme Loose Fit Men's Solid Color Elastic Waist Drawstring Running Shorts,1.3k+ sold recently,8.79,0.0,,,Men's Clothing
9.0,Manfinity Basics Men's Summer Casual Drawstring Waist Woven Shorts,800+ sold recently,10.39,0.0,,,Men's Clothing
1.0,ROMWE Prep Men Solid Kangaroo Pocket Drawstring Hoodie,,7.13,0.0,#6 Best Seller,in Plain Men Hoodies,Men's Clothing
1.0,"Men's Star & Letter Printed Short Sleeve T-Shirt, Suitable For Summer Casual Wear",300+ sold recently,7.17,0.0,,,Men's Clothing
1.0,Men Summer Casual T-Shirt With Round Neckline And Slogan Print,,6.06,0.0,#6 Best Seller,in Yellow Men T-Shirts,Men's Clothing
7.0,Manfinity Men'S Color Block Drawstring Waist Banana Print Two-In-One Beach Shorts,2.1k+ sold recently,12.79,0.0,,,Men's Clothing
1.0,ROMWE Prep Men Striped Drawstring Shorts,1.6k+ sold recently,12.07,0.0,,,Men's Clothing
10.0,SHEIN X Hangout Fest Manfinity Swimmode Men Vertical Striped Drawstring Waist Swim Trunks,2.5k+ sold recently,12.29,0.0,,,Men's Clothing
1.0,Manfinity Swimmode Men Random Flamingo Print Drawstring Waist Swim Trunks,700+ sold recently,5.71,0.0,,,Men's Clothing
6.0,Manfinity Hypemode Men's Palm Tree Letter Print Summer Round Neck Short Sleeve Casual T-Shirt And Drawstring Waist Shorts Set,,16.43,0.0,#6 Best Seller,in Woven Fabric Men T-Shirt Co-ords,Men's Clothing
1.0,Manfinity Hypemode Loose Fit Men's Denim Shorts With Flap Pockets And Side Design Baggy Distressed Jorts Plain Black Work Basic Friends,400+ sold recently,24.89,0.0,,,Men's Clothing
1.0,Manfinity Men's Flag Print Drawstring Waist Beach Shorts,,11.29,0.0,#4 Best Seller,in Woven Fabric Men Beach Shorts,Men's Clothing
1.0,Manfinity Homme Men Plus Slogan Printed Short Sleeve T-Shirt,,9.89,0.0,#10 Best Seller,in Black Men Plus Size T-Shirts,Men's Clothing
8.0,Manfinity Homme Men's Solid Color Letter Print Round Neck T-Shirt,1.1k+ sold recently,8.22,0.0,,,Men's Clothing
1.0,Manfinity Homme Men's Plus Size Monochrome Shirt And Shorts Outfit,,21.16,0.0,#6 Best Seller,in Woven Fabric Men Plus Size T-Shirt Co-ords,Men's Clothing
7.0,Men's Seagull Print Round Neck Tank Top,,6.56,0.0,#2 Best Seller,in Animal Men Tank Tops,Men's Clothing
1.0,Manfinity Homme Men's Plus Size Summer Casual Solid Color Short Sleeve Shirt And Shorts Set,,27.53,0.0,#6 Best Seller,in White Men Plus Size Shirt Co-ords,Men's Clothing
1.0,"Plus Size Men's Axe Skull Printed T-Shirt, Casual Comfortable Top",20+ sold recently,8.99,0.0,,,Men's Clothing
1.0,Manfinity Swimmode Men Random Paisley Print Drawstring Waist Swim Trunks,2.0k+ sold recently,9.79,0.0,,,Men's Clothing
1.0,Manfinity Homme Men's Ribbed Knit Casual Short Sleeve T-Shirt,400+ sold recently,28.79,0.0,,,Men's Clothing
7.0,Men's Plus Size Short Sleeve T-Shirt,,25.79,0.0,#2 Best Seller,in Plain Men Plus Size T-Shirts,Men's Clothing
1.0,Men's Graffiti Printed Denim Shorts,300+ sold recently,14.73,0.0,,,Men's Clothing
1.0,MkngProject Men Slogan Graphic Tee,1.3k+ sold recently,10.69,0.0,,,Men's Clothing
1.0,Men Solid V Neck Tee,100+ sold recently,5.06,0.0,,,Men's Clothing
6.0,Manfinity Homme Men Drawstring Waist Shorts,,11.97,0.0,#3 Best Sellers,in Men Linen Shorts,Men's Clothing
1.0,"Men's All-Over Allover Print Button Front Short Sleeve Shirt And Drawstring Pocket Shorts Set, Summer Vacation Style",,14.79,0.0,#7 Best Seller,in Polyester Men Shirt Co-ords,Men's Clothing
15.0,Manfinity Homme Men Plain Casual Daily Wear Short Sleeve Shirt For Spring And Summer Outfit,1.4k+ sold recently,11.19,0.0,,,Men's Clothing
4.0,Manfinity Basics Men Drop Shoulder Solid Tee,1.2k+ sold recently,7.79,0.0,,,Men's Clothing
4.0,"Men's Jeans, Traceable , Sold On Us E-commerce Platform",1.1k+ sold recently,20.69,0.0,,,Men's Clothing
10.0,Manfinity Homme Men Solid Button Front Shirt,1.7k+ sold recently,10.71,0.0,,,Men's Clothing
1.0,Manfinity Homme Men Summer Cartoon Cat Printed Loose Casual Short Sleeve Shirt,400+ sold recently,10.99,0.0,,,Men's Clothing
1.0,Manfinity Homme Men's Summer Striped Short-Sleeved Casual Polo Shirt,800+ sold recently,8.87,0.0,,,Men's Clothing
1.0,DAZY Men Cotton Ripped Frayed Raw Hem Bermuda Denim Shorts,1.6k+ sold recently,18.52,0.0,,,Men's Clothing
6.0,Manfinity Mode Men Solid Color Long Sleeve Casual Daily Shirt For Spring/Summer Commute,200+ sold recently,13.49,0.0,,,Men's Clothing
19.0,Manfinity Homme Men Solid Button Up Shirt & Shorts,1.3k+ sold recently,16.89,0.0,,,Men's Clothing
1.0,Manfinity Homme Men's Plus Size Woven Casual Overall Shorts With Slant Pockets,,28.89,0.0,#1 Best Sellers,in Men Plus Size Jumpsuits & Overalls,Men's Clothing
19.0,Manfinity Homme Men Solid Button Up Shirt & Shorts,700+ sold recently,16.89,0.0,,,Men's Clothing
1.0,Manfinity RSRT Men's Summer Tropical Plant Printed Short Sleeve Casual Shirt,,10.54,0.0,#7 Best Seller,in Blue Men Shirts,Men's Clothing
5.0,Manfinity LEGND Men Floral & Slogan Graphic Tee,1.6k+ sold recently,8.79,0.0,,,Men's Clothing
9.0,Men Tropical Print Shirt,400+ sold recently,6.45,0.0,,,Men's Clothing
1.0,"3pcs/Set Summer New Solid Color Men's Shorts With Regular & Plus Size, Casual Sports Fitness Running Drawstring Shorts, Versatile Bottoms With Elastic Waistband",70+ sold recently,23.09,0.0,,,Men's Clothing
6.0,Manfinity Mode Men Houndstooth Blazer & Suit Pants,900+ sold recently,41.49,0.0,,,Men's Clothing
1.0,Rick and Morty X SHEIN Men Cartoon Graphic Drop Shoulder Tee,600+ sold recently,11.49,0.0,,,Men's Clothing
4.0,Men Solid Color Loose Fit Straight-Leg Casual Pants With Pockets,,12.45,0.0,#5 Best Seller,in Striped Men Pants,Men's Clothing
1.0,Manfinity Homme Men Plus Size Color Block Short Sleeve Polo Shirt And Shorts Set,,24.79,0.0,#3 Best Seller,in Casual Men Plus Size Polo Co-ords,Men's Clothing
4.0,"ROMWE Prep Men's Stars And Slogan Printed Woven Shorts For Casual Wear, Spring And Summer",1.6k+ sold recently,11.19,0.0,,,Men's Clothing
4.0,Men's Loose Fit Sweatpants With Letter Print And Color Blocking,,15.89,0.0,#3 Best Seller,in Letter Men Sweatpants,Men's Clothing
1.0,Men's Flamingo Pattern Short Sleeve Shirt,600+ sold recently,9.09,0.0,,,Men's Clothing
1.0,Manfinity Modomio Men Woven Casual Half Button Short Sleeve Shirt & Shorts Summer Set,,21.91,0.0,#8 Best Seller,in Blue Men Shirt Co-ords,Men's Clothing
1.0,"Manfinity Modomio Men's Knitted Jacquard Solid Color Round Neck Slim Fit Regular Style Short Sleeve Casual T-Shirt, Suitable For Daily Wear In Spring And Summer",40+ sold recently,8.09,0.0,,,Men's Clothing
5.0,Manfinity Hypemode Loose Fit Men's Straight Leg Jeans With Slant Pockets Baggy Oversize Long Washed Skater Jean Cargo Plain Light Blue Going Out Y2K Friends,,25.09,0.0,#2 Best Seller,in Loose Men Jeans,Men's Clothing
1.0,Manfinity Homme Men Plus Solid Tee & Shorts,,19.85,0.0,#4 Best Seller,in Short Sleeve Men Plus Size T-Shirt Co-ords,Men's Clothing
5.0,Manfinity Chillmode Men Crewneck Letter Printed Short Sleeve T-Shirt + Shorts With Pockets Set For Summer,300+ sold recently,16.39,0.0,,,Men's Clothing
1.0,Manfinity Homme Men's Fashionable King Printed Short Sleeve T-Shirt And Shorts Combo Set,200+ sold recently,13.1,0.0,,,Men's Clothing
1.0,Men's Floral Print Button Front Shirt,1.8k+ sold recently,9.59,0.0,,,Men's Clothing
1.0,Manfinity Vacaylife Men's Spring / Summer Plant Print Casual Round Neck Short Sleeve T-Shirt For Beach Vacation,200+ sold recently,8.19,0.0,,,Men's Clothing
1.0,"Manfinity EMRG Men's Loose-Fitting Retro Style Blue And White Los Angeles Street Racing Pattern Knitted T-Shirt And Shorts Set, Suitable For Summer.",100+ sold recently,14.29,0.0,,,Men's Clothing
8.0,Manfinity EMRG Loose Men's Cargo Pants With Drawstring Waist Baggy Long Plain Black Going Out,4.5k+ sold recently,18.21,0.0,,,Men's Clothing
1.0,The Powerpuff Girls | ROMWE Men's Cartoon Letter Print T-shirt,1.8k+ sold recently,17.09,0.0,,,Men's Clothing
4.0,Manfinity Hypemode Loose Fit Men's Letter Applique Design Drawstring Waist Shorts,1.1k+ sold recently,7.19,0.0,,,Men's Clothing
4.0,Men's Solid Color Short Sleeve Shirt,700+ sold recently,14.39,0.0,,,Men's Clothing
11.0,Manfinity Homme Men Vertical Striped Button Up Shirt,1.8k+ sold recently,10.99,0.0,,,Men's Clothing
1.0,Manfinity LEGND Men's Black Denim Pants With Frayed Hem,1.9k+ sold recently,26.29,0.0,,,Men's Clothing
13.0,Manfinity Homme Men Solid Button Up Lapel Neck Shirt,1.5k+ sold recently,11.99,0.0,,,Men's Clothing
17.0,Manfinity Homme Men Flap Pocket Button Up Shirt,700+ sold recently,12.39,0.0,,,Men's Clothing
4.0,Manfinity RSRT Men's Tropical Plant Print Short Sleeve Shirt,1.4k+ sold recently,11.49,0.0,,,Men's Clothing
1.0,Men Solid Slant Pocket Suit Pants Dress Pants,3.0k+ sold recently,13.39,0.0,,,Men's Clothing
1.0,Men's Casual Short Sleeve T-Shirt With Letter Print For Summer,,9.19,0.0,#8 Best Seller,in White Men T-Shirts,Men's Clothing
10.0,Men's Round Neck Short Sleeve T-shirt,7.4k+ sold recently,21.79,0.0,,,Men's Clothing
10.0,Manfinity Homme Men's Summer Holiday Printed Short-Sleeve Shirt,700+ sold recently,11.49,0.0,,,Men's Clothing
1.0,"Men's Letter And Embroidered Pattern Toweling Casual Shorts, Summer",1.5k+ sold recently,17.59,0.0,,,Men's Clothing
4.0,Manfinity Homme Men's Plus Size Striped Trim Short Sleeve Polo Shirt,,12.49,0.0,#2 Best Seller,in Short Sleeve Men Plus Size Polo Shirts,Men's Clothing
1.0,Manfinity Homme Men Plus Solid Hooded Tank Top,,6.26,0.0,#2 Best Seller,in White Men Plus Size Tank Tops,Men's Clothing
1.0,Men Flamingo Print Half Zip Casual Polo Shirt For Holiday,100+ sold recently,7.81,0.0,,,Men's Clothing
1.0,Manfinity EMRG Men's Plus Size Slogan Print Crew Neck T-Shirt,,10.09,0.0,#3 Best Seller,in Street Men Plus Size T-Shirts,Men's Clothing
15.0,Manfinity Homme Loose Men's Solid Color Button Up Shirt,,11.99,0.0,#1 Best Seller,in Loose Men Shirts,Men's Clothing
1.0,Manfinity EMRG Men Cartoon & Letter Graphic Drop Shoulder Oversized Tee,2.2k+ sold recently,12.19,0.0,,,Men's Clothing
12.0,Manfinity Homme Men Solid Button Front Shirt & Drawstring Waist Shorts Without Tee,1.8k+ sold recently,16.69,0.0,,,Men's Clothing
4.0,3-Pack Mens Flex Stretch Cotton Chino Shorts,50+ sold recently,19.99,0.0,,,Men's Clothing
1.0,Manfinity LEGND Men's Solid Color Simple Casual Shorts,100+ sold recently,12.59,0.0,,,Men's Clothing
9.0,Manfinity Homme Men Striped Trim Polo Shirt & Drawstring Waist Shorts,1.1k+ sold recently,18.39,0.0,,,Men's Clothing
10.0,Manfinity Mode Men Zip Up Bomber Jacket,4.7k+ sold recently,16.79,0.0,,,Men's Clothing
6.0,Manfinity RSRT Men Cotton Coconut Tree & Slogan Graphic Tee,2.4k+ sold recently,9.11,0.0,,,Men's Clothing
4.0,Stevenrhodes Guys Cotton Figure & Slogan Graphic Tee,1.7k+ sold recently,9.99,0.0,,,Men's Clothing
4.0,Manfinity RSRT Men Random Paisley Scarf Print Shirt & Shorts Without Tee,1.1k+ sold recently,14.89,0.0,,,Men's Clothing
4.0,ROMWE Street Life Men Letter & Skull Print Drawstring Waist Shorts,2.4k+ sold recently,7.55,0.0,,,Men's Clothing
1.0,Manfinity Homme Men Letter Patched Drawstring Waist Sweatpants,,6.48,0.0,#2 Best Seller,in Patched Men Sweatpants,Men's Clothing
1.0,Manfinity Homme Solid Color Button-Front Casual Long-Sleeve Shirt With Point Collar (Unisex),20+ sold recently,4.88,0.0,,,Men's Clothing
1.0,Manfinity Homme Men Plaid Print Polo Shirt,800+ sold recently,9.91,0.0,,,Men's Clothing
1.0,Manfinity EMRG Men Summer Short Sleeve Casual T-Shirt With Slogan Print,,8.29,0.0,#7 Best Seller,in Striped Men Tops,Men's Clothing
1.0,Men  Collar Short Sleeve Button-Up Shirt Beach Casual Summer Shirt,,10.89,0.0,#3 Best Seller,In Linen Men Clothing,Men's Clothing
7.0,ROMWE Street Life Men's Skull & Slogan Print T-shirt,,11.79,0.0,#8 Best Seller,In Cartoon Men Clothing,Men's Clothing
1.0,"Manfinity RSRT Men Coconut Tree Print Short Sleeve Button-Up Shirt, Vacation Style",200+ sold recently,10.89,0.0,,,Men's Clothing
6.0,Manfinity Homme Men's Summer Green Woven Drawstring Waist Shorts,,11.99,0.0,#5 Best Sellers,in Men Linen Shorts,Men's Clothing
1.0,Men's American Flag Printed Drawstring Waist Loose Beach Shorts For Vacation,,9.02,0.0,#3 Best Seller,in Woven Fabric Men Swimwear,Men's Clothing
1.0,"DAZY Men Solid Color Denim Shorts For Summer,  Casual Daily",500+ sold recently,18.71,0.0,,,Men's Clothing
4.0,Manfinity Homme Men's Plus Size Summer Solid Color Short Sleeve Shirt And Drawstring Waist Shorts Casual Two Piece Set,80+ sold recently,21.29,0.0,,,Men's Clothing
5.0,SHEIN Manfinity Homme Men Notched Collar Waffle Knit Long Sleeve T-Shirt,100+ sold recently,11.09,0.0,,,Men's Clothing
1.0,Manfinity Homme Men's Solid Color Half Button Front Polo Shirt,300+ sold recently,8.99,0.0,,,Men's Clothing
1.0,Manfinity Homme Men's Camouflage Print Knit Short Sleeve T-Shirt And Shorts Set,,16.45,0.0,#10 Best Seller,in All Over Print Men T-Shirt Co-ords,Men's Clothing
5.0,Men Summer Sports Round Neck Short Sleeve Casual Commuting T-Shirt With Car And Letter Prints,200+ sold recently,5.26,0.0,,,Men's Clothing
5.0,Manfinity Homme Men's Short Sleeve Knitted Casual Shirt,2.0k+ sold recently,12.89,0.0,,,Men's Clothing
14.0,Manfinity VCAY Men Coconut Tree Print Tee & Drawstring Waist Shorts,,18.42,0.0,#8 Best Seller,in Green Men Co-ords,Men's Clothing
15.0,Manfinity Homme Men's Solid Color Stand Collar Short Sleeve Shirt,1.1k+ sold recently,11.19,0.0,,,Men's Clothing
4.0,Men's Galaxy Printed Short Sleeve T-Shirt,200+ sold recently,3.45,0.0,,,Men's Clothing
5.0,SHEIN X Hangout Fest Manfinity Swimmode Men Drawstring Waist Swim Trunks,,10.69,0.0,#5 Best Seller,in White Men Beach Shorts,Men's Clothing
1.0,Men's Marble Print Short Sleeve Shirt,100+ sold recently,9.09,0.0,,,Men's Clothing
6.0,Men Solid Color Casual Daily Wear All-Match Short Sleeve Polo Shirt For Spring And Summer,300+ sold recently,5.45,0.0,,,Men's Clothing
5.0,Manfinity Swimmode Men Slant Pockets Drawstring Waist Swim Trunks,,10.39,0.0,#2 Best Seller,in Orange Men Swimwear,Men's Clothing
1.0,Manfinity Homme Men's Loose Fitting Drop Shoulder Sleeve T-Shirt And Pants Set With Letter Print,1.3k+ sold recently,19.99,0.0,,,Men's Clothing
1.0,Manfinity Homme Letter Print Drawstring Shorts,700+ sold recently,5.99,0.0,,,Men's Clothing
1.0,Manfinity RSRT Men's Floral Printed Short Sleeve Shirt,100+ sold recently,6.25,0.0,,,Men's Clothing
1.0,Manfinity Homme Men's Casual Solid Color Vest And Shorts Set,200+ sold recently,13.29,0.0,,,Men's Clothing
1.0,Manfinity Homme Men's Solid Color Button Design Casual Short Sleeve Polo Shirt For Spring/Summer,200+ sold recently,7.67,0.0,,,Men's Clothing
1.0,Manfinity UrbanChill Woven Drawstring Casual Shorts For Daily Wear In Spring And Summer,100+ sold recently,9.67,0.0,,,Men's Clothing
1.0,Manfinity Homme Men Solid Button Up Shirt & Drawstring Waist Shorts,4.5k+ sold recently,20.28,0.0,,,Men's Clothing
1.0,Men's Striped Color Block Button-Down Shirt And Solid Color Shorts Set,100+ sold recently,10.74,0.0,,,Men's Clothing
10.0,Manfinity Homme Men Solid Round Neck Tee,1.3k+ sold recently,10.19,0.0,,,Men's Clothing
6.0,Manfinity Homme Men's Solid Drop Shoulder Short Sleeve T-Shirt And Shorts 2pcs/Set,,16.89,0.0,#2 Best Seller,in Plain Men T-Shirt Co-ords,Men's Clothing
7.0,Manfinity Homme Men Solid Button Up Shirt,700+ sold recently,11.19,0.0,,,Men's Clothing
1.0,Manfinity Homme Men Solid Drawstring Waist Pants,1.6k+ sold recently,19.2,0.0,,,Men's Clothing
5.0,Manfinity Hypemode Men Solid Button Up Shirt Without Tee,800+ sold recently,12.39,0.0,,,Men's Clothing
5.0,Manfinity Homme Men Floral & Slogan Graphic Tee,,7.17,0.0,#9 Best Seller,in Floral Men T-Shirts,Men's Clothing
1.0,"Men Fashionable And Casual Loose-Fit T-Shirt With Game Controller Print, Perfect For Any Occasion",500+ sold recently,4.59,0.0,,,Men's Clothing
14.0,Manfinity Homme Men Button Up Curved Hem Shirt,,7.67,0.0,#4 Best Seller,in Yellow Men Shirts,Men's Clothing
6.0,Manfinity Homme Men's Beach Holiday Casual Allover Print Short Sleeve Shirt,,10.89,0.0,#7 Best Seller,in Colorblock Men Shirts,Men's Clothing
1.0,Men's Summer Solid Color V-Neck Short Sleeve T-Shirt And Pocketed Pants Daily Casual Outfit,40+ sold recently,10.15,0.0,,,Men's Clothing
4.0,Manfinity Homme Men's Color-Block Short-Sleeved Polo Shirt,600+ sold recently,12.99,0.0,,,Men's Clothing
13.0,Manfinity Swimmode Men Slant Pockets Drawstring Waist Swim Trunks,,8.39,0.0,#4 Best Seller,in Plain Men Beach Shorts,Men's Clothing
1.0,Men'S Short Sleeve T-Shirt With Slogan Prints,800+ sold recently,5.55,0.0,,,Men's Clothing
8.0,Manfinity Swimmode Men Solid Swim Trunks,,4.69,0.0,#7 Best Seller,in Orange Men Beach Shorts,Men's Clothing
1.0,ROMWE Street Life Men Paisley Print Shorts,1.1k+ sold recently,11.79,0.0,,,Men's Clothing
4.0,Manfinity RSRT Men Coconut Tree Print Shirt & Shorts,5.8k+ sold recently,17.79,0.0,,,Men's Clothing
1.0,Men's Summer Letter Printed Round Neck Short Sleeve Casual T-Shirt,50+ sold recently,7.49,0.0,,,Men's Clothing
8.0,Manfinity Homme Men Sun & Tree Print Tee,100+ sold recently,7.89,0.0,,,Men's Clothing
1.0,Manfinity EMRG Loose Fit Men's Letter & Wings Print Drawstring Track Shorts,,7.08,0.0,#3 Best Seller,in Orange Men Shorts,Men's Clothing
11.0,Manfinity Swimmode Men Tropical Print Drawstring Waist Swim Trunks,2.0k+ sold recently,10.06,0.0,,,Men's Clothing
1.0,Manfinity RSRT Men Geo Print Shirt & Drawstring Waist Shorts Without Tee,100+ sold recently,11.59,0.0,,,Men's Clothing
1.0,Men's Plus Size American Flag Printed T-Shirt,,5.15,0.0,#4 Best Seller,in Knitted Fabric Men Plus Size Tops,Men's Clothing
7.0,Manfinity Men's Striped Drawstring Waist Swimming Trunks,1.5k+ sold recently,12.09,0.0,,,Men's Clothing
6.0,Men Simple Printed Round Neck Short Sleeve T-Shirt,400+ sold recently,5.85,0.0,,,Men's Clothing
1.0,Manfinity UrbanChill Men's Casual Washed Denim Shorts Light Blue Baggy Jorts Plain Navy Going Out Basic Friends,1.8k+ sold recently,18.01,0.0,,,Men's Clothing
7.0,"Manfinity RSRT Men's Printed Woven Casual Shirt And Shorts Set With Botanical Pattern, Summer",20+ sold recently,18.99,0.0,,,Men's Clothing
6.0,Manfinity Hypemode Men Solid Color Button Down Short Sleeve Shirt (Random Cut Printed),300+ sold recently,14.89,0.0,,,Men's Clothing
1.0,Men's Summer Cartoon Bear Printed Short Sleeve Crewneck Casual Work T-Shirt,100+ sold recently,8.69,0.0,,,Men's Clothing
1.0,"Men's Plus Size Casual Striped Trimmed Short Sleeve Polo Shirt With Patchwork Design, Summer",,8.99,0.0,#4 Best Seller,in Red Men Plus Size Clothing,Men's Clothing
9.0,Manfinity Hypemode Men Cotton Solid Button Front Shirt,400+ sold recently,12.89,0.0,,,Men's Clothing
4.0,Manfinity Vacaylife Men's Lapel Short Sleeve Top & Shorts Knitted Casual 2pcs/Set,100+ sold recently,28.01,0.0,,,Men's Clothing
10.0,Manfinity KASUA Men Solid Waffle Knit Polo Shirt,1.0k+ sold recently,9.59,0.0,,,Men's Clothing
1.0,Manfinity LEGND Men's Colorblock Printed Round Neck T-Shirt,1.1k+ sold recently,6.91,0.0,,,Men's Clothing
10.0,Manfinity Swimmode Men Geo Print Drawstring Waist Swim Trunks,1.1k+ sold recently,10.09,0.0,,,Men's Clothing
5.0,Manfinity Mode Men Solid Button Front Shirt,6.1k+ sold recently,12.27,0.0,,,Men's Clothing
1.0,Manfinity Homme Men's Summer Round Neck Short Sleeve Casual T-Shirt With Letter Print,90+ sold recently,5.99,0.0,,,Men's Clothing
1.0,Men's Cat Print Short Sleeve Shirt,,6.07,0.0,#7 Best Seller,in Pocket Men Shirts,Men's Clothing
11.0,Manfinity LEGND Men Allover Print Zipper Fly Cargo Jeans,,24.79,0.0,#1 Best Seller,in Plants Men Denim,Men's Clothing
4.0,Manfinity Homme Men's Solid Color Drawstring Waist Casual Pants Tapered Long Slacks Plain Khaki Going Out,700+ sold recently,13.69,0.0,,,Men's Clothing
6.0,Manfinity Hypemode Men's Solid Color Half-zipper Stand Collar Sweater,,14.05,0.0,#9 Best Seller,in Fabric Men Sweaters,Men's Clothing
9.0,Manfinity Homme Men Single Striped Trim Polo Shirt,2.7k+ sold recently,10.58,0.0,,,Men's Clothing
1.0,Manfinity RSRT Men Tropical Plant Print Short Sleeve Shirt And Shorts Casual Set For Summer Vacation Style,80+ sold recently,10.21,0.0,,,Men's Clothing
1.0,ROMWE Street Life Men Car & Letter Graphic Drop Shoulder Tee,900+ sold recently,5.43,0.0,,,Men's Clothing
5.0,"Men's Palm Tree Printed Beach Shorts With Pockets And Drawstring Waist For Vacation, Brown",200+ sold recently,11.59,0.0,,,Men's Clothing
1.0,Manfinity UrbanChill Men's Summer American Flag Print Short Sleeve Woven Casual Shirt,100+ sold recently,12.09,0.0,,,Men's Clothing
6.0,ROMWE Street Life Men'S Denim Baggy Jeans With Star-Shaped Patches,,29.99,0.0,#8 Best Seller,in Loose Men Denim,Men's Clothing
10.0,Manfinity Homme Men's Solid Color Polo Shirt With Pocket And Short Sleeve,,10.69,0.0,#9 Best Seller,in Letter Men Polo Shirts,Men's Clothing
1.0,"Men's Striped Printed Round Neck Short Sleeve Casual T-Shirt And Drawstring Waist Shorts Set, Summer",30+ sold recently,14.69,0.0,,,Men's Clothing
6.0,"Ultra Performance Mens 5 Pack Athletic Running Shorts, Basketball Gym Workout Shorts For Men With Zippered Pockets",500+ sold recently,39.99,0.0,,,Men's Clothing
1.0,Manfinity EMRG Men Raw Hem Ripped Jeans Baggy Long Distressed Dark Jean Cargo Plain Light Blue Going Out Street Wear Rapper,200+ sold recently,19.16,0.0,,,Men's Clothing
11.0,Men'S Color Block Striped Letter Printed Polo Shirt,400+ sold recently,4.26,0.0,,,Men's Clothing
4.0,Men Spider & Letter Graphic Drop Shoulder Tee,1.6k+ sold recently,8.49,0.0,,,Men's Clothing
4.0,Men Figure Graphic Raglan Sleeve Jacket,,21.09,0.0,#8 Best Seller,in Woven Fabric Men Outerwear,Men's Clothing
1.0,"Manfinity Homme Men's Contrast Color Trim Oversized Short Sleeve Polo Shirt, Summer",10+ sold recently,3.92,0.0,,,Men's Clothing
1.0,"2pcs Men's Summer Casual Outfit, Colorblock Short Sleeve Round Neck T-Shirt & Drawstring Shorts Set, Beach Wear, Sports Outfit, Plus Size",,16.19,0.0,,,Men's Clothing
1.0,Manfinity Homme Loose Fit Men's Drawstring Waist Sweatpants With Flap Pocket,1.0k+ sold recently,13.68,0.0,,,Men's Clothing
8.0,Manfinity EMRG Loose-Fit Men's Cargo Pants With Drawstring Waist,1.4k+ sold recently,18.39,0.0,,,Men's Clothing
1.0,Manfinity Homme Men Summer Casual Solid Color Zipper Fly Cargo Shorts,30+ sold recently,14.19,0.0,,,Men's Clothing
1.0,Manfinity EMRG Black Streetwear Contrast Color Spliced Skull Flame Printed Pants,,14.79,0.0,#5 Best Seller,in Figure Men Bottoms,Men's Clothing
1.0,Men's Plus Size Letter Printed Short Sleeve T-shirt,200+ sold recently,4.95,0.0,,,Men's Clothing
12.0,"Manfinity Basics Men Summer Solid Color Round Neck Knitted Casual Short Sleeve T-Shirt, 3pcs",500+ sold recently,18.99,0.0,,,Men's Clothing
1.0,Men Summer Holiday Casual Coconut Tree And Letter Printed Short Sleeve T-Shirt,300+ sold recently,7.39,0.0,,,Men's Clothing
1.0,Manfinity RSRT Men's Plus Size Palm Tree Print Short Sleeve Shirt And Shorts Two Piece Set,500+ sold recently,19.79,0.0,,,Men's Clothing
9.0,Men's Plant Printed Short Sleeve Shirt,700+ sold recently,6.45,0.0,,,Men's Clothing
1.0,Men Summer Color-Block Short Sleeve Casual Shirt With Stripes And Geometric Pattern Print,300+ sold recently,11.29,0.0,,,Men's Clothing
4.0,Men's Eagle And Letter Printed Short Sleeve T-Shirt,,3.09,0.0,#9 Best Seller,in Street Men Tops,Men's Clothing
5.0,SUMWON Heavyweight Crop Fit Tank Top,,4.99,0.0,#7 Best Seller,in Khaki Men Tank Tops,Men's Clothing
1.0,Manfinity Homme Men Solid Color Simple Daily Short Sleeve Shirt,200+ sold recently,10.95,0.0,,,Men's Clothing
1.0,ROMWE Street Life Men's Summer Casual Short-Sleeved T-Shirt With Letter And Car Print Round Neck,300+ sold recently,10.89,0.0,,,Men's Clothing
6.0,Manfinity Homme Men Casual Solid Color Shorts For Spring And Summer,300+ sold recently,10.39,0.0,,,Men's Clothing
1.0,Manfinity Hypemode Men's Loose Drawstring Waist Sweatpants With Slant Pockets,1.2k+ sold recently,13.41,0.0,,,Men's Clothing
7.0,Men Drawstring Waist Zipper Pocket Shorts,,9.29,0.0,#4 Best Seller,in Blue Men Shorts,Men's Clothing
1.0,Manfinity Homme Men's Plus Size Summer Casual Solid Color Texture Short Sleeve Shirt And Shorts Set,,30.49,0.0,#5 Best Seller,in White Men Plus Size Shirt Co-ords,Men's Clothing
1.0,Men's Short-Sleeved T-Shirt With Heart Pattern,900+ sold recently,9.19,0.0,,,Men's Clothing
1.0,Men's Digit Printed Round Neck Short-Sleeved T-Shirt,1.0k+ sold recently,4.45,0.0,,,Men's Clothing
7.0,Manfinity Homme Loose Fit Men's Solid Color V-Neck Shirt & Pants,400+ sold recently,17.19,0.0,,,Men's Clothing
1.0,Manfinity Men Plus 3pcs Solid Tank Top,,9.2,0.0,#1 Best Sellers,in Men Plus Size Tank Tops,Men's Clothing
1.0,Manfinity LEGND Men Cotton Ripped Frayed Slant Pocket Denim Shorts,1.7k+ sold recently,14.69,0.0,,,Men's Clothing
1.0,Men's Loose-Fit Drawstring Cuffed 3/4 Length Casual Pants,100+ sold recently,13.59,0.0,,,Men's Clothing
1.0,Manfinity LEGND Men Mouth And Slogan Graphic Tee & Drawstring Waist Shorts,,15.69,0.0,#1 Best Seller,in Street Men Co-ords,Men's Clothing
1.0,Manfinity RSRT Men's Solid Color Fringed Cardigan Drop Shoulder Oversize Long Plain Khaki Vacation Boho Boyfriend Gift,,14.09,0.0,#6 Best Seller,in Sleeveless Men Knitwear,Men's Clothing
12.0,Manfinity Mode Men Button Up Blazer Vest & Pants Without Shirt,1.0k+ sold recently,34.89,0.0,,,Men's Clothing
4.0,Manfinity Homme Men's Cartoon Printed T-shirt And Shorts,2.4k+ sold recently,14.79,0.0,,,Men's Clothing
1.0,Manfinity Swimmode Men Tropical Print Drawstring Waist Swim Trunks,1.0k+ sold recently,14.89,0.0,,,Men's Clothing
1.0,Manfinity RSRT Men's Plus Size Palm Tree Print Short Sleeve Shirt And Shorts Set,200+ sold recently,20.79,0.0,,,Men's Clothing
4.0,Men Simple Solid Color Casual Long Sleeve Shirt,500+ sold recently,12.79,0.0,,,Men's Clothing
1.0,Manfinity Homme Men Letter Patched Half Zip Oversize Teddy Sweatshirt,,11.97,0.0,#8 Best Seller,in Patched Men Hoodies,Men's Clothing
7.0,Manfinity Homme Men Argyle Print Shirt,500+ sold recently,10.99,0.0,,,Men's Clothing
4.0,Manfinity EMRG Men's Camouflage Print Straight Leg Jeans Baggy Long Washed Camo Jean Cargo Plain Going Out Fashion Friends,,20.89,0.0,#4 Best Seller,in Graphic Men Jeans,Men's Clothing
9.0,Manfinity Mode Men Solid Color Simple Daily Style Buttoned Long Sleeve Shirt,300+ sold recently,10.21,0.0,,,Men's Clothing
6.0,Manfinity Streetrush Men\ Cross Printed Wide Shoulder Tank Top For Summer,500+ sold recently,6.07,0.0,,,Men's Clothing
1.0,Manfinity Hypemode Men Solid Tank Top,200+ sold recently,7.39,0.0,,,Men's Clothing
4.0,Men's Letter Printed Striped Baseball Jacket,,16.99,0.0,#1 Best Seller,in Black Men Jackets & Coats,Men's Clothing
4.0,Manfinity RSRT Men's Plus Size Tropical Plant Printed Short Sleeve Shirt And Shorts 2 Pcs Set,,19.99,0.0,#2 Best Seller,in Polyester Men Plus Size Shirt Co-ords,Men's Clothing
1.0,Manfinity Homme Men Solid Button Front Shirt Without Tee,600+ sold recently,15.19,0.0,,,Men's Clothing
9.0,Manfinity Homme Men's Solid Color Knitted Short Sleeve T-Shirt,300+ sold recently,6.25,0.0,,,Men's Clothing
1.0,Manfinity Homme Men's Plus Size Summer Casual Color Block Short Sleeve Polo Shirt And Shorts Set,30+ sold recently,22.39,0.0,,,Men's Clothing
1.0,Manfinity Homme Men'S Printed Short Sleeve Shirt And Shorts Set,1.3k+ sold recently,16.59,0.0,,,Men's Clothing
7.0,Men I Love My Girlfriend Slogan Printed Short Sleeve Tee,10k+ sold recently,8.89,0.0,,,Men's Clothing
4.0,Men's Short Sleeve Polo Shirt,600+ sold recently,11.19,0.0,,,Men's Clothing
1.0,ROMWE Anime Guys Sakura Print Shorts,600+ sold recently,6.41,0.0,,,Men's Clothing
1.0,Manfinity EMRG Men's Letter Print Round Neck Short Sleeve T-Shirt,1.6k+ sold recently,9.19,0.0,,,Men's Clothing
1.0,Manfinity UrbanChill Men's Color Block Knit Leisure Tank Top,100+ sold recently,9.19,0.0,,,Men's Clothing
1.0,Men's Solid Color Deep V-Neck Casual T-Shirt,100+ sold recently,6.27,0.0,,,Men's Clothing
4.0,Men's Spring And Summer Loose Fit Long Sleeve Poker Printed Round Neck Casual T-Shirt,50+ sold recently,3.03,0.0,,,Men's Clothing
18.0,Manfinity Homme Men's Solid Short Sleeve Button-Front Shirt,300+ sold recently,11.89,0.0,,,Men's Clothing
11.0,Men'S Color Block Striped Letter Printed Polo Shirt,400+ sold recently,4.26,0.0,,,Men's Clothing
4.0,Men Spider & Letter Graphic Drop Shoulder Tee,1.6k+ sold recently,8.49,0.0,,,Men's Clothing
4.0,Men Figure Graphic Raglan Sleeve Jacket,,21.09,0.0,#8 Best Seller,in Woven Fabric Men Outerwear,Men's Clothing
1.0,"Manfinity Homme Men's Contrast Color Trim Oversized Short Sleeve Polo Shirt, Summer",10+ sold recently,3.92,0.0,,,Men's Clothing
1.0,"2pcs Men's Summer Casual Outfit, Colorblock Short Sleeve Round Neck T-Shirt & Drawstring Shorts Set, Beach Wear, Sports Outfit, Plus Size",,16.19,0.0,,,Men's Clothing
1.0,,,,0.0,,,Men's Clothing
1.0,Manfinity Basics Men's 3pcs Knitted Leisure Short Sleeve T-Shirt,,16.89,0.0,#7 Best Seller,in Green Men T-Shirts,Men's Clothing
9.0,"ROMWE Street Life Men's Holiday Palm Tree Printed Shorts, Suitable For Daily Wear In Spring And Summer",900+ sold recently,5.18,0.0,,,Men's Clothing
1.0,Men's Plus Size Letter Printed T-shirt,,9.49,0.0,#2 Best Seller,in Purple Men Plus Size Clothing,Men's Clothing
19.0,DAZY Men's Solid Color Slim Fit Tank Top,900+ sold recently,11.09,0.0,,,Men's Clothing
1.0,"Manfinity Vacaylife Men's Summer Beach Outfits - Lightweight, Breathable Hawaiian Palm Tree Patterned Knitted Casual Tank Top And Ombre Shorts 2pcs Beachwear Set",,19.49,0.0,#9 Best Seller,in Plants Men Tank Top Co-ords,Men's Clothing
6.0,Manfinity Swimmode Men Ombre Flap Pocket Drawstring Waist Swim Trunks,1.5k+ sold recently,13.29,0.0,,,Men's Clothing
1.0,Manfinity EMRG Men T-Shirts Fit Crew Neck Short Sleeve Graphic Tee Street Summer Polyester,1.0k+ sold recently,7.9,0.0,,,Men's Clothing
7.0,"3D Digital Printed Breathable And Soft Casual Men Shorts For Summer Beach Holiday Daily, Hawaii Style",,6.69,0.0,#2 Best Seller,in Blue Men Plus Size Swimwear,Men's Clothing
4.0,Men Building & Slogan Graphic Tee,800+ sold recently,6.21,0.0,,,Men's Clothing
1.0,Manfinity Mode Men 1pc Plaid Single Breasted Blazer & 1pc Suit Pants,400+ sold recently,61.29,0.0,,,Men's Clothing
1.0,Manfinity EMRG Men Figure & Slogan Graphic Tee,,8.29,0.0,#2 Best Seller,in Figure Men Tops,Men's Clothing
1.0,Manfinity Hypemode Men's Drawstring Knit Shorts,500+ sold recently,22.73,0.0,,,Men's Clothing
4.0,Manfinity Homme Men T-Shirts Fit V Neck Short Sleeve Henley Yes Daddy Casual Simple Husband Summer Knit Top,800+ sold recently,8.09,0.0,,,Men's Clothing
1.0,Manfinity Basics 4pcs Knitted Men's Plus Size Arc Hem T-Shirt Set,100+ sold recently,22.3,0.0,,,Men's Clothing
6.0,Men Solid Pocket Patched Drawstring Waist Shorts,1.1k+ sold recently,7.99,0.0,,,Men's Clothing
1.0,Manfinity Homme Loose-Fit Men's Letter Graphic Two-Tone Drop Shoulder T-Shirt & Shorts Set,400+ sold recently,10.05,0.0,,,Men's Clothing
1.0,DAZY Men Summer Letter Print Summer T-Shirt & Shorts Set,100+ sold recently,21.99,0.0,,,Men's Clothing
1.0,Men's Letter Print Drawstring Hooded Fleece Sweatshirt,1.0k+ sold recently,7.46,0.0,,,Men's Clothing
1.0,Manfinity RSRT Men T-Shirts Fit Crew Neck Short Sleeve Graphic Tee Palm Tree Casual Fashion Men Clothes Summer,700+ sold recently,8.69,0.0,,,Men's Clothing
4.0,Men Daily Outfit Solid Color Short Sleeve Shirt For Spring/Summer,100+ sold recently,14.39,0.0,,,Men's Clothing
6.0,Men Headphone Print Tee,,7.49,0.0,#10 Best Seller,in Graphic Men T-Shirts,Men's Clothing
1.0,Manfinity Hypemode Men's Drawstring Waist Wide Leg Loose Fit Sweatpants,,15.69,0.0,#3 Best Seller,in Pocket Men Sweatpants,Men's Clothing
4.0,Manfinity Homme Men's Contrast Color Striped & Checkerboard Splice T-Shirt And Shorts Two Piece Set,700+ sold recently,17.79,0.0,,,Men's Clothing
5.0,Manfinity Homme Men T-Shirts Fit Crew Neck Long Sleeve Slogan Tee Casual Spring,300+ sold recently,7.73,0.0,,,Men's Clothing
14.0,Men Solid Drop Shoulder Tee,2.4k+ sold recently,8.89,0.0,,,Men's Clothing
1.0,Manfinity RSRT Men's Button Down Short Sleeve Shirt With Dinosaur Print,,8.48,0.0,#10 Best Seller,in Animal Men Shirts,Men's Clothing
1.0,Manfinity RSRT Men Coconut Tree Printed Short Sleeve Casual Shirt For Summer,,10.79,0.0,#5 Best Seller,in All Over Print Men Shirts,Men's Clothing
4.0,"Manfinity EMRG Men's Summer Casual T-Shirt With Slogan Print, Round Neckline And Dropped Shoulder Sleeves",100+ sold recently,5.89,0.0,,,Men's Clothing
6.0,Manfinity Swimmode Men O-ring Detail Solid Swim Brief,,5.99,0.0,#1 Best Seller,in Plain Men Swim Shorts,Men's Clothing
5.0,Manfinity Hypemode Loose-Fit Men's Solid Color Wide Leg Denim Jeans Baggy Jeans,1.6k+ sold recently,24.24,0.0,,,Men's Clothing
9.0,Manfinity Homme Men's Summer Casual Striped Colorblock Short Sleeve Polo Shirt And Shorts Set,,17.47,0.0,#8 Best Seller,in Striped Men Polo Co-ords,Men's Clothing
1.0,Manfinity NiteLyfe Men's Festival Clothing Knitted Leisure Snake Skin Print Pu Leather Broad Shoulder Black Tank Top,300+ sold recently,7.79,0.0,,,Men's Clothing
11.0,Manfinity Homme Men's Solid Color Button-front Long Sleeve Shirt,1.8k+ sold recently,13.79,0.0,,,Men's Clothing
1.0,ROMWE Grunge Punk Men Skeleton Print Tee,2.1k+ sold recently,10.79,0.0,,,Men's Clothing
10.0,Manfinity Swimmode Men Striped Drawstring Waist Swim Trunks,1.4k+ sold recently,9.59,0.0,,,Men's Clothing
1.0,Men Striped Print Shirt,300+ sold recently,8.97,0.0,,,Men's Clothing
1.0,Men Summer Sport Casual American Flag Print Short Sleeve T-Shirt,100+ sold recently,5.75,0.0,,,Men's Clothing
1.0,Manfinity Homme Men's Loose Fit Corduroy Jacket With Letter Patchwork Detail And Teddy Lining,,21.89,0.0,#3 Best Seller,in Khaki Men Outerwear,Men's Clothing
1.0,Manfinity EMRG Men's Deep Gray Drop Shoulder T-Shirt,1.5k+ sold recently,9.09,0.0,,,Men's Clothing
1.0,Manfinity Homme Men Zip Up Sleeveless Hooded Puffer Coat,,17.39,0.0,#1 Best Seller,in Black Men Winter Coats,Men's Clothing
1.0,Manfinity NiteLyfe Men's Printed Knit Casual Bell Bottom Sweatpants Straight Leg Long Plain Silver Party Husband,400+ sold recently,17.59,0.0,,,Men's Clothing
4.0,Manfinity Homme Men's Summer Solid Color Short Sleeve Shirt And Pants Two-Piece Set,100+ sold recently,22.31,0.0,,,Men's Clothing
7.0,Men Mountain & Letter Graphic Tee,3.9k+ sold recently,8.19,0.0,,,Men's Clothing
5.0,"Manfinity Hypemode Loose Fit Men's Drawstring Waist Pants With Letter Patchwork, Contrast Piping Detail",,17.81,0.0,#6 Best Seller,in Casual Men Pants,Men's Clothing
1.0,Men Floral & Slogan Graphic Jacket,,19.99,0.0,#7 Best Seller,in Pocket Men Jackets & Coats,Men's Clothing
6.0,Manfinity Homme Men Cotton Ribbed Knit Polo Shirt,500+ sold recently,10.79,0.0,,,Men's Clothing
4.0,Manfinity Swimmode Men Random Watermelon Print Drawstring Waist Swim Trunks,700+ sold recently,11.59,0.0,,,Men's Clothing
8.0,Manfinity Hypemode Loosemen's Green Pocketed Pants,500+ sold recently,10.55,0.0,,,Men's Clothing
1.0,Manfinity Swimmode Men Ditsy Floral Print Letter Patched Detail Drawstring Waist Swim Trunks,,11.89,0.0,#10 Best Seller,in Blue Men Swimwear,Men's Clothing
9.0,Manfinity Homme Men Contrast Trim Polo Shirt,500+ sold recently,5.94,0.0,,,Men's Clothing
1.0,Elvis Presley X SHEIN Unisex 1pc Letter & Character Printed T-Shirt,100+ sold recently,9.39,0.0,,,Men's Clothing
1.0,Manfinity RSRT Men's Summer Solid Color Casual Daily Commute Short Sleeve Shirt,10+ sold recently,14.69,0.0,,,Men's Clothing
1.0,Manfinity RSRT Loose-Fit Tropical Printed Men's Shirt (Without Inner Tee),1.8k+ sold recently,11.3,0.0,,,Men's Clothing
5.0,"Men's Polo Shirt With Collar And Long Sleeves, Spring & Autumn New Arrival, Classic & Vintage Polo Shirt, Simple Style, Business & Fashionable Solid Color Top, Loose Fit For Sports, Leisure & Vacation, Anti-wrinkle & Breathable",,11.69,0.0,#3 Best Seller,in Striped Men Polo Shirts,Men's Clothing
1.0,FeverCity Men Rhinestone Hot Drilling Fishnet Hollow Out Sexy Fashion Tank Top Suitable For Nightclubs,,11.09,0.0,#10 Best Seller,in All Over Print Men Tank Tops,Men's Clothing
1.0,"Manfinity ZONE917 Men's Street Retro Style Loose Short-Sleeve T-Shirt With Creative Pattern Of Jesus Portrait, Suitable For Summer.",600+ sold recently,13.29,0.0,,,Men's Clothing
1.0,Manfinity Mode Men's Plus Size Color Block Striped Double Breasted Blazer,,28.29,0.0,#6 Best Seller,in Long Sleeve Men Plus Size Blazers,Men's Clothing
1.0,"Spring And Autumn New Men's Casual Sports Pants, Solid Light Board, Elastic Waist Drawstring Jogging Pants, Simple And Comfortable Pants",300+ sold recently,10.75,0.0,,,Men's Clothing
5.0,Manfinity Men Cotton Splash Ink Ripped Slim Jeans,,23.99,0.0,#5 Best Seller,in Graphic Men Denim,Men's Clothing
1.0,Manfinity Men Flamingo Print Swim Brief,,3.05,0.0,#3 Best Seller,in Fabric Men Swim Shorts,Men's Clothing
1.0,DAZY Men Cotton Contrast Trim Drop Shoulder Tee & Shorts,100+ sold recently,22.59,0.0,,,Men's Clothing
1.0,Manfinity ZONE917 Men Plus Size Knitted Loose Short Sleeve T-Shirt,,15.19,0.0,#8 Best Seller,in Patched Men Plus Size Tops,Men's Clothing
1.0,Men's Hooded Knitted Fleece Sweatshirt For Outdoor Activities,,15.39,0.0,#5 Best Seller,in Animal Men Hoodies,Men's Clothing
1.0,DAZY Men Summer Letter Print T-Shirt,80+ sold recently,12.89,0.0,,,Men's Clothing
1.0,Manfinity Mode Men's Plus Size Woven Casual Short Sleeve Shirt,300+ sold recently,12.59,0.0,,,Men's Clothing
4.0,Manfinity Homme Men's Loose Allover Printed Shorts With Drawstring Waist,1.4k+ sold recently,9.5,0.0,,,Men's Clothing
1.0,FeverCity Men Summer Loose Short Sleeve Shirt With Character Print,,11.79,0.0,#8 Best Seller,in Figure Men Shirts,Men's Clothing
1.0,Manfinity Mode Men Single Button Blazer & Pants,,39.79,0.0,#9 Best Seller,in Fabric Men Suits,Men's Clothing
8.0,Manfinity Hypemode Men Wide Leg Loose Casual Pants With Letter Print And Color-Block Pockets,200+ sold recently,16.59,0.0,,,Men's Clothing
1.0,ROMWE Street Life Men Summer Casual Frayed Hem Denim Shorts With Star Patch,100+ sold recently,21.79,0.0,,,Men's Clothing
1.0,Men Colorblock Sleeveless Fashion Pointelle Knit Top For Holiday Outfit,,10.79,0.0,#8 Best Sellers,in Men Knit Tops,Men's Clothing
1.0,Men's Plus Size Summer Cartoon Gorilla Printed Round Neck Short Sleeve Casual T-Shirt,,9.99,0.0,,,Men's Clothing
4.0,"Manfinity Homme Men's Plus Size Fashionable Casual Plaid Casual Straight Pants, Versatile",,15.89,0.0,#9 Best Seller,in Street Men Plus Size Pants,Men's Clothing
1.0,Manfinity Homme Men's Spring/Summer Casual Button-Down Long-Sleeved Shirt,600+ sold recently,10.77,0.0,,,Men's Clothing
4.0,Manfinity AFTRDRK Men Solid Color Lapel Collar Suit With Chain Decoration,,23.0,0.0,#3 Best Seller,in Plain Men Plus Size Suits & Separates,Men's Clothing
1.0,Manfinity Homme Men's Contrast Wing Print Polo Shirt,400+ sold recently,6.0,0.0,,,Men's Clothing
6.0,DAZY Men Half Button Ribbed Knit Sweater,,22.39,0.0,#9 Best Seller,in White Men Sweaters,Men's Clothing
6.0,Men Letter Graphic Tee,900+ sold recently,8.19,0.0,,,Men's Clothing
1.0,Manfinity Sporsity Men's Plus Size Knitted Leisure Short Sleeve T-Shirt With Letter Print,,11.09,0.0,#7 Best Seller,in Green Men Plus Size T-Shirts,Men's Clothing
1.0,ROMWE Street Life Men Summer Vacation Drawstring Printed Shorts,700+ sold recently,11.49,0.0,,,Men's Clothing
1.0,GAWX Men's Summer Casual Cartoon Printed Short Sleeve T-Shirt,20+ sold recently,13.09,0.0,,,Men's Clothing
1.0,SUMWON Denim Short With Back Applique,,21.24,0.0,#8 Best Seller,in Blue Men Denim Shorts,Men's Clothing
8.0,Manfinity Swimmode Men Solid Drawstring Waist Swim Trunks,1.0k+ sold recently,5.29,0.0,,,Men's Clothing
1.0,FeverCity Men Cotton Letter Graphic Tank Top,700+ sold recently,12.09,0.0,,,Men's Clothing
7.0,Manfinity Homme Men Plus Solid Patched Pocket Shirt,300+ sold recently,13.69,0.0,,,Men's Clothing
1.0,Manfinity Hypemode Men's Loose Straight Leg Jeans Oversize Long Washed Skater Jean Cargo Plain Light Blue Going Out Y2K Friends,1.1k+ sold recently,24.99,0.0,,,Men's Clothing
1.0,FeverCity Men's Summer Contrast Mesh Round Neck Short Sleeve Slim Fit T-Shirt With Raglan Sleeve,100+ sold recently,6.69,0.0,,,Men's Clothing
5.0,DAZY Men Cotton Drop Shoulder Solid Tee,1.2k+ sold recently,7.05,0.0,,,Men's Clothing
10.0,DAZY Men Ribbed Knit Top,300+ sold recently,16.09,0.0,,,Men's Clothing
1.0,"Manfinity CozeMod 2pcs Men's Plus-Size Knitted Loose Fit Drop-Shoulder Printed Short Sleeve T-Shirt And Waist Drawstring Straight-Cut Shorts, Suitable For Summer",60+ sold recently,28.89,0.0,,,Men's Clothing
11.0,DAZY Men Solid Button Front Corduroy Shirt,1.2k+ sold recently,22.89,0.0,,,Men's Clothing
4.0,Manfinity Swimmode Men Cow Print Drawstring Waist Swim Trunks,,4.87,0.0,#9 Best Seller,in Animal Men Beach Shorts,Men's Clothing
1.0,Men's Striped T-Shirt With Letter Print,2.2k+ sold recently,9.39,0.0,,,Men's Clothing
1.0,Manfinity Men's Floral Print Beach Shorts,,9.59,0.0,#7 Best Seller,in All Over Print Men Beach Shorts,Men's Clothing
6.0,Manfinity Men Half Button Solid Tee,200+ sold recently,9.31,0.0,,,Men's Clothing
1.0,Manfinity Men's Vacation Zebra-Print Drawstring Wide-Leg Beach Shorts (Random Cut Print),,11.39,0.0,#9 Best Seller,in Graphic Men Swimwear,Men's Clothing
1.0,"GAWX Men's Casual Color-Block Slogan Printed T-Shirt, Summer",10+ sold recently,13.09,0.0,,,Men's Clothing
1.0,Manfinity Hypemode Men Pocket Front Drawstring Hooded Corduroy Shirt Without Tee,,14.29,0.0,#8 Best Seller,in Drawstring Men Shirts,Men's Clothing
1.0,DAZY Men Patched Pocket Denim Shirt,,25.39,0.0,#6 Best Seller,in Long Sleeve Men Denim Shirts,Men's Clothing
4.0,Manfinity Hypemode Men's Loose Fit Pleated Fold & Slant Pocket Pants,600+ sold recently,20.19,0.0,,,Men's Clothing
