available_color,title_href,rank-title,rank-sub,price,discount,selling_proposition,product_title,main_category
18.0,https://us.shein.com/Korean-Style-Casual-Flat-Sandals-Women-Shoes-Outdoor-Wear-Open-Toe-Spring-Summer-New-Woven-Roman-Beach-Sandals-Fashionable-French-Flats-For-Women-With-Skirts-When-Going-Out-To-The-Beach-Or-Apartment-White-Flat-One-Strap-Beige-Black-Orange-White-Yellow-Purple-Grey-Gold-Silver-Blue-Green-Rose-Red-Brown-French-Leopard-Print-Formal-Shoes-Holiday-Sandals-Bohemian-Style-Toe-Beach-Navy-Blue-Walking-Shoes-Crystal-Shoes-For-Women-Cute-Flat-Loafers-Flat-Sandals-With-Thick-Soles-Tie-Up-Shiny-Glittering-Mule-Shoes-Slippers-p-34474517.html?src_identifier=fc%3DShoes%60sc%3DShoes%60tc%3D0%60oc%3D0%60ps%3Dtab08navbar08%60jc%3DitemPicking_017172966&src_module=topcat&src_tab_page_id=page_select_class1718914852609&mallCode=1&pageListType=2,#1 Best Seller,In Beige Women Sandals,5.25,50.0,,"Korean Style Casual Flat Sandals Women Shoes, Outdoor Wear, Open Toe, Spring Summer New Woven Roman Beach Sandals, Fashionable French Flats For Women With Skirts When Going Out To The Beach Or Apartment, White, Flat, One-Strap, Beige, Black, Orange, White, Yellow, Purple, Grey, Gold, Silver, Blue, Green, Rose Red, Brown, French Leopard Print, Formal Shoes, Holiday Sandals, Bohemian Style Toe Beach Navy Blue Walking Shoes, Crystal Shoes For Women, Cute Flat Loafers, Flat Sandals With Thick Soles, Tie-Up, Shiny Glittering, Mule Shoes, Slippers",Shoes
8.0,https://us.shein.com/Sports-Shoes-Street-Sports-Shoes-Men-s-And-Women-s-Sports-Shoes-Couple-Shoes-p-34766886.html?src_identifier=fc%3DShoes%60sc%3DShoes%60tc%3D0%60oc%3D0%60ps%3Dtab08navbar08%60jc%3DitemPicking_017172966&src_module=topcat&src_tab_page_id=page_select_class1718914852609&mallCode=1&pageListType=2,#1 Best Seller,In Black and White Men Sneakers,88.7,24.0,,"Sports Shoes, Street Sports Shoes, Men's And Women's Sports Shoes, Couple Shoes",Shoes
4.0,https://us.shein.com/New-Style-Plush-Slippers-With-Toe-Thick-Sole-Slides-That-Can-Be-Worn-Outdoors-Indoor-Cozy-Shoes-For-Autumn-And-Winter-p-33197353.html?src_identifier=fc%3DShoes%60sc%3DShoes%60tc%3D0%60oc%3D0%60ps%3Dtab08navbar08%60jc%3DitemPicking_017172966&src_module=topcat&src_tab_page_id=page_select_class1718914852609&mallCode=1&pageListType=2,#1 Best Seller,In Hot Pink Women Home Slippers,52.7,21.0,,"New Style Plush Slippers With Toe, Thick Sole Slides That Can Be Worn Outdoors, Indoor Cozy Shoes For Autumn And Winter",Shoes
5.0,https://us.shein.com/New-Arrival-Women-s-Pointed-Toe-Shallow-Mouth-High-Heels-With-Thin-Heels-And-Decorative-Buckle-p-35142979.html?src_identifier=fc%3DShoes%60sc%3DShoes%60tc%3D0%60oc%3D0%60ps%3Dtab08navbar08%60jc%3DitemPicking_017172966&src_module=topcat&src_tab_page_id=page_select_class1718914852609&mallCode=1&pageListType=2,#2 Best Seller,In Blue Women Pumps,22.4,19.0,,New Arrival Women's Pointed Toe Shallow Mouth High Heels With Thin Heels And Decorative Buckle,Shoes
1.0,https://us.shein.com/Summer-Men-s-Casual-Slippers-Trendy-Slippers-Couples-Soft-Bottom-Sports-Sandals-p-31670882.html?src_identifier=fc%3DShoes%60sc%3DShoes%60tc%3D0%60oc%3D0%60ps%3Dtab08navbar08%60jc%3DitemPicking_017172966&src_module=topcat&src_tab_page_id=page_select_class1718914852609&mallCode=1&pageListType=2,#5 Best Seller,In Beige Men Shoes,3.16,63.0,,"Summer Men's Casual Slippers, Trendy Slippers Couples' Soft-Bottom Sports Sandals",Shoes
1.0,https://us.shein.com/Wide-Fit-Women-s-Popular-Snake-Print-Square-Toe-Flat-Sandals-Summer-Holiday-Style-Black-Slippers-p-36413671.html?src_identifier=fc%3DShoes%60sc%3DShoes%60tc%3D0%60oc%3D0%60ps%3Dtab08navbar08%60jc%3DitemPicking_017172966&src_module=topcat&src_tab_page_id=page_select_class1718914852609&mallCode=1&pageListType=2,#6 Best Sellers,in Flat Wide Fit Sandals,9.6,16.0,,"Wide Fit Women's Popular Snake Print Square Toe Flat Sandals, Summer Holiday Style Black Slippers",Shoes
5.0,https://us.shein.com/SHUZIA-Women-s-Fashionable-And-Versatile-Flat-Sandals-p-24875720.html?src_identifier=fc%3DShoes%60sc%3DShoes%60tc%3D0%60oc%3D0%60ps%3Dtab08navbar08%60jc%3DitemPicking_017172966&src_module=topcat&src_tab_page_id=page_select_class1718914852609&mallCode=1&pageListType=2,#1 Best Seller,In Camel Women Flat Sandals,14.0,0.0,,SHUZIA Women's Fashionable And Versatile Flat Sandals,Shoes
1.0,https://us.shein.com/1-Pair-Of-Korean-Style-Women-s-Fashion-New-Casual-Sneakers-p-20775490.html?src_identifier=fc%3DShoes%60sc%3DShoes%60tc%3D0%60oc%3D0%60ps%3Dtab08navbar08%60jc%3DitemPicking_017172966&src_module=topcat&src_tab_page_id=page_select_class1718914852609&mallCode=1&pageListType=2,,,14.0,55.0,10+ sold recently,1 Pair Of Korean Style Women's Fashion New Casual Sneakers,Shoes
1.0,https://us.shein.com/CUCCOO-BASICS-Chain-Decor-Flat-Loafers-Vacation-Shoes-Summer-Sale-p-10300861.html?src_identifier=fc%3DShoes%60sc%3DShoes%60tc%3D0%60oc%3D0%60ps%3Dtab08navbar08%60jc%3DitemPicking_017172966&src_module=topcat&src_tab_page_id=page_select_class1718914852609&mallCode=1&pageListType=2,,,6.4,68.0,30+ sold recently,CUCCOO BASICS Chain Decor Flat Loafers Vacation Shoes Summer Sale,Shoes
1.0,https://us.shein.com/Unisex-Beach-Shoes-Water-Shoes-Fitness-Shoes-Five-Finger-Swimming-Shoes-Outdoor-Wading-Shoes-For-Couples-p-34116831.html?src_identifier=fc%3DShoes%60sc%3DShoes%60tc%3D0%60oc%3D0%60ps%3Dtab08navbar08%60jc%3DitemPicking_017172966&src_module=topcat&src_tab_page_id=page_select_class1718914852609&mallCode=1&pageListType=2,#7 Best Sellers,in Women Water Shoes,11.63,25.0,,"Unisex Beach Shoes, Water Shoes, Fitness Shoes, Five-Finger Swimming Shoes, Outdoor Wading Shoes For Couples",Shoes
1.0,https://us.shein.com/One-Pair-Leather-Forefoot-Cushions-For-High-Heels-Soft-Anti-Shock-Sweat-Absorbent-And-Slip-Resistant-Self-Adhesive-Invisible-Anti-Slip-Front-Foot-Pads-For-Summer-Sandals-p-33072069.html?src_identifier=fc%3DShoes%60sc%3DShoes%60tc%3D0%60oc%3D0%60ps%3Dtab08navbar08%60jc%3DitemPicking_017172966&src_module=topcat&src_tab_page_id=page_select_class1718914852609&mallCode=1&pageListType=2,#4 Best Sellers,in RECOMMENDED Happiness Products,1.7,0.0,,"One Pair Leather Forefoot Cushions For High Heels, Soft Anti-Shock, Sweat Absorbent And Slip Resistant, Self-Adhesive Invisible Anti-Slip Front Foot Pads For Summer Sandals.",Shoes
1.0,https://us.shein.com/24pcs-Set-Shoe-Charms-With-Butterflies-Flowers-Hearts-And-Diamonds-For-Perforated-Shoes-The-Buckles-Are-Golden-Color-With-Separate-Insert-Buckle-p-33558903.html?src_identifier=fc%3DShoes%60sc%3DShoes%60tc%3D0%60oc%3D0%60ps%3Dtab08navbar08%60jc%3DitemPicking_017172966&src_module=topcat&src_tab_page_id=page_select_class1718914852609&mallCode=1&pageListType=2,,,3.4,26.0,800+ sold recently,"24pcs/Set Shoe Charms With Butterflies, Flowers, Hearts, And Diamonds For Perforated Shoes, The Buckles Are Golden Color With Separate Insert Buckle",Shoes
6.0,https://us.shein.com/26pcs-Detachable-Butterfly-Flower-Faux-Pearl-Decorative-Chain-For-Jelly-Shoes-Sandals-Beach-Shoes-p-34242757.html?src_identifier=fc%3DShoes%60sc%3DShoes%60tc%3D0%60oc%3D0%60ps%3Dtab08navbar08%60jc%3DitemPicking_017172966&src_module=topcat&src_tab_page_id=page_select_class1718914852609&mallCode=1&pageListType=2,,,3.35,41.0,100+ sold recently,"26pcs Detachable Butterfly, Flower & Faux Pearl Decorative Chain For Jelly Shoes, Sandals, Beach Shoes",Shoes
7.0,https://us.shein.com/2pcs-Sandals-Non-Slip-Stickers-Forefoot-Pads-Women-s-High-Heels-Foot-Care-Insoles-p-29155826.html?src_identifier=fc%3DShoes%60sc%3DShoes%60tc%3D0%60oc%3D0%60ps%3Dtab08navbar08%60jc%3DitemPicking_017172966&src_module=topcat&src_tab_page_id=page_select_class1718914852609&mallCode=1&pageListType=2,#4 Best Sellers,in Outdoor Athletic Shoes,1.49,17.0,,"2pcs Sandals Non-Slip Stickers, Forefoot Pads, Women's High Heels, Foot Care Insoles",Shoes
1.0,https://us.shein.com/2pcs-Women-s-Sponge-Forefoot-Inserts-To-Relieve-Pain-Reduce-Shoe-Size-And-Enhance-Fit-Comfort-And-Protection-For-High-Heeled-Shoes-p-31685241.html?src_identifier=fc%3DShoes%60sc%3DShoes%60tc%3D0%60oc%3D0%60ps%3Dtab08navbar08%60jc%3DitemPicking_017172966&src_module=topcat&src_tab_page_id=page_select_class1718914852609&mallCode=1&pageListType=2,#6 Best Sellers,in RECOMMENDED Happiness Products,1.4,0.0,,"2pcs Women's Sponge Forefoot Inserts To Relieve Pain, Reduce Shoe Size And Enhance Fit, Comfort And Protection For High-Heeled Shoes",Shoes
5.0,https://us.shein.com/Men-s-And-Women-s-Water-Shoes-For-Sports-Outdoors-Quick-Drying-Breathable-Flexible-Sole-Anti-Slip-Suitable-For-Swimming-Snorkeling-Water-Activities-Boating-Hiking-Camping-p-36303598.html?src_identifier=fc%3DShoes%60sc%3DShoes%60tc%3D0%60oc%3D0%60ps%3Dtab08navbar08%60jc%3DitemPicking_017172966&src_module=topcat&src_tab_page_id=page_select_class1718914852609&mallCode=1&pageListType=2,,,3.5,0.0,100+ sold recently,"Men's And Women's Water Shoes For Sports & Outdoors: Quick-Drying, Breathable, Flexible Sole, Anti-Slip, Suitable For Swimming, Snorkeling, Water Activities, Boating, Hiking, Camping",Shoes
1.0,https://us.shein.com/8-20-30-38Pcs-Pink-Series-Shoe-Charms-For-Clogs-Sandals-Colorful-Weekly-Shoe-Decoration-Premium-Quality-Popular-Charms-Accessories-Great-Gift-For-Teens-Men-Women-And-Adults-p-33285133.html?src_identifier=fc%3DShoes%60sc%3DShoes%60tc%3D0%60oc%3D0%60ps%3Dtab08navbar08%60jc%3DitemPicking_017172966&src_module=topcat&src_tab_page_id=page_select_class1718914852609&mallCode=1&pageListType=2,#3 Best Seller,In Multicolor Shoe Decorations,1.5,32.0,,"8/20/30/38Pcs Pink Series Shoe Charms For Clogs Sandals, Colorful Weekly Shoe Decoration Premium Quality Popular Charms Accessories Great Gift For Teens Men Women And Adults",Shoes
1.0,https://us.shein.com/Women-s-Fashionable-College-Style-Chain-Decor-Slip-on-Loafers-p-23218653.html?src_identifier=fc%3DShoes%60sc%3DShoes%60tc%3D0%60oc%3D0%60ps%3Dtab08navbar08%60jc%3DitemPicking_017172966&src_module=topcat&src_tab_page_id=page_select_class1718914852609&mallCode=1&pageListType=2,,,11.17,45.0,,Women's Fashionable College Style Chain Decor Slip-on Loafers,Shoes
1.0,https://us.shein.com/Women-s-White-Shoes-British-Style-Pure-White-Lace-Up-Leather-Athletic-Shoes-Round-Toe-Low-Top-Flat-Skate-Shoes-Trendy-Breathable-Slip-Resistant-White-Sneakers-For-Students-p-30016594.html?src_identifier=fc%3DShoes%60sc%3DShoes%60tc%3D0%60oc%3D0%60ps%3Dtab08navbar08%60jc%3DitemPicking_017172966&src_module=topcat&src_tab_page_id=page_select_class1718914852609&mallCode=1&pageListType=2,#5 Best Sellers,in Skate Shoes Women Shoes,8.36,49.0,,"Women's White Shoes, British Style Pure White Lace-Up Leather Athletic Shoes, Round Toe Low-Top Flat Skate Shoes, Trendy Breathable Slip-Resistant White Sneakers For Students",Shoes
9.0,https://us.shein.com/Women-s-Anti-Skid-Soft-Bottom-Wear-Resistant-Thick-Soled-Slippers-Thick-Eva-Soles-Indoor-House-Home-Slides-p-27848855.html?src_identifier=fc%3DShoes%60sc%3DShoes%60tc%3D0%60oc%3D0%60ps%3Dtab08navbar08%60jc%3DitemPicking_017172966&src_module=topcat&src_tab_page_id=page_select_class1718914852609&mallCode=1&pageListType=2,#1 Best Seller,In Red Violet Women Shoes,3.55,61.0,,"Women's Anti-Skid Soft Bottom Wear-Resistant Thick-Soled Slippers, Thick Eva Soles Indoor House Home Slides",Shoes
1.0,https://us.shein.com/Women-Summer-Flat-Sandals-With-Ankle-Strap-Square-Toe-Vintage-Minimalist-Roman-Style-Suitable-For-Beach-Vacation-Anti-Slip-Women-Flat-Sandals-p-28783811.html?src_identifier=fc%3DShoes%60sc%3DShoes%60tc%3D0%60oc%3D0%60ps%3Dtab08navbar08%60jc%3DitemPicking_017172966&src_module=topcat&src_tab_page_id=page_select_class1718914852609&mallCode=1&pageListType=2,,,4.13,64.0,800+ sold recently,"Women Summer Flat Sandals With Ankle Strap, Square Toe, Vintage Minimalist Roman Style, Suitable For Beach Vacation, Anti-Slip Women Flat Sandals",Shoes
1.0,https://us.shein.com/2-4pcs-Women-s-High-Heel-Foot-Pads-Anti-Slip-Half-Insole-Forefoot-Pad-Foot-Care-Shoe-Cushion-p-30094732.html?src_identifier=fc%3DShoes%60sc%3DShoes%60tc%3D0%60oc%3D0%60ps%3Dtab08navbar08%60jc%3DitemPicking_017172966&src_module=topcat&src_tab_page_id=page_select_class1718914852609&mallCode=1&pageListType=2,,,0.6,60.0,600+ sold recently,2/4pcs Women's High-Heel Foot Pads Anti-Slip Half Insole Forefoot Pad Foot Care Shoe Cushion,Shoes
7.0,https://us.shein.com/Women-s-Comfortable-Breathable-Flat-Slip-On-Casual-Sports-Shoes-Versatile-Design-p-28247089.html?src_identifier=fc%3DShoes%60sc%3DShoes%60tc%3D0%60oc%3D0%60ps%3Dtab08navbar08%60jc%3DitemPicking_017172966&src_module=topcat&src_tab_page_id=page_select_class1718914852609&mallCode=1&pageListType=2,#4 Best Seller,In Camel Women Shoes,7.36,45.0,,"Women's Comfortable Breathable Flat Slip-On Casual Sports Shoes, Versatile Design",Shoes
1.0,https://us.shein.com/Women-s-Transparent-Strap-Chunky-Heel-Wide-Version-Sandals-French-Inspired-Chunky-Heel-High-Heels-New-Style-Comfortable-And-Fashionable-Crystal-Heel-Women-s-Summer-High-Heel-Sandals-p-36817541.html?src_identifier=fc%3DShoes%60sc%3DShoes%60tc%3D0%60oc%3D0%60ps%3Dtab08navbar08%60jc%3DitemPicking_017172966&src_module=topcat&src_tab_page_id=page_select_class1718914852609&mallCode=1&pageListType=2,,,18.2,17.0,,"Women's Transparent Strap Chunky Heel Wide Version Sandals, French Inspired Chunky Heel High Heels, New Style Comfortable And Fashionable Crystal Heel Women's Summer High Heel Sandals",Shoes
16.0,https://us.shein.com/Ladies-Outdoor-Sports-Skateboarding-Shoes-In-White-Fluorescent-Green-Comfortable-Flat-Bottom-Walking-Casual-Shoes-p-31834865.html?src_identifier=fc%3DShoes%60sc%3DShoes%60tc%3D0%60oc%3D0%60ps%3Dtab08navbar08%60jc%3DitemPicking_017172966&src_module=topcat&src_tab_page_id=page_select_class1718914852609&mallCode=1&pageListType=2,,,8.96,64.0,80+ sold recently,"Ladies' Outdoor Sports Skateboarding Shoes In White & Fluorescent Green, Comfortable Flat Bottom Walking Casual Shoes",Shoes
1.0,https://us.shein.com/Travel-Shoe-Bags-Set-Of-20-Or-50-Keep-Your-Shoes-Clean-And-Tidy-On-The-Go-p-33009492.html?src_identifier=fc%3DShoes%60sc%3DShoes%60tc%3D0%60oc%3D0%60ps%3Dtab08navbar08%60jc%3DitemPicking_017172966&src_module=topcat&src_tab_page_id=page_select_class1718914852609&mallCode=1&pageListType=2,#4 Best Sellers,in Shoe Storage,2.5,29.0,,Travel Shoe Bags - Set Of 20 Or 50 - Keep Your Shoes Clean And Tidy On The Go,Shoes
1.0,https://us.shein.com/2024-New-Style-Cross-Suede-Thick-Heeled-Women-Daily-Versatile-Sandals-p-33952982.html?src_identifier=fc%3DShoes%60sc%3DShoes%60tc%3D0%60oc%3D0%60ps%3Dtab08navbar08%60jc%3DitemPicking_017172966&src_module=topcat&src_tab_page_id=page_select_class1718914852609&mallCode=1&pageListType=2,,,9.36,46.0,300+ sold recently,2024 New Style Cross Suede Thick Heeled Women Daily Versatile Sandals!,Shoes
1.0,https://us.shein.com/Women-Pointed-Toe-Slip-On-Loafers-Flat-Walking-Shoes-p-21712601.html?src_identifier=fc%3DShoes%60sc%3DShoes%60tc%3D0%60oc%3D0%60ps%3Dtab08navbar08%60jc%3DitemPicking_017172966&src_module=topcat&src_tab_page_id=page_select_class1718914852609&mallCode=1&pageListType=2,,,25.2,18.0,50+ sold recently,Women Pointed Toe Slip-On Loafers Flat Walking Shoes,Shoes
1.0,https://us.shein.com/1-Pair-Heel-Grips-Liner-Cushions-Inserts-For-Loose-Shoes-Heel-Pads-Snugs-For-Shoe-Too-Big-Men-Women-Filler-Improved-Shoe-Fit-And-Comfort-Prevent-Heel-Slip-And-Blister-p-32386665.html?src_identifier=fc%3DShoes%60sc%3DShoes%60tc%3D0%60oc%3D0%60ps%3Dtab08navbar08%60jc%3DitemPicking_017172966&src_module=topcat&src_tab_page_id=page_select_class1718914852609&mallCode=1&pageListType=2,,,1.14,29.0,200+ sold recently,"1 Pair Heel Grips Liner Cushions Inserts For Loose Shoes, Heel Pads Snugs For Shoe Too Big Men Women, Filler Improved Shoe Fit And Comfort, Prevent Heel Slip And Blister",Shoes
1.0,https://us.shein.com/Women-s-Elegant-Fold-Over-Chunky-Heel-Pointed-Toe-Crocodile-Print-Mid-Calf-Slouchy-Boots-p-36819640.html?src_identifier=fc%3DShoes%60sc%3DShoes%60tc%3D0%60oc%3D0%60ps%3Dtab08navbar08%60jc%3DitemPicking_017172966&src_module=topcat&src_tab_page_id=page_select_class1718914852609&mallCode=1&pageListType=2,,,45.99,34.0,,Women's Elegant Fold Over Chunky Heel Pointed Toe Crocodile Print Mid-Calf Slouchy Boots,Shoes
7.0,https://us.shein.com/Women-s-High-Heeled-Lightweight-Comfortable-And-Fashionable-Wedge-Sandals-With-Elastic-Straps-Simple-Style-Slippers-Round-Toe-Suitable-For-Students-Summer-Or-Hawaii-Beach-Vacations-p-34499894.html?src_identifier=fc%3DShoes%60sc%3DShoes%60tc%3D0%60oc%3D0%60ps%3Dtab08navbar08%60jc%3DitemPicking_017172966&src_module=topcat&src_tab_page_id=page_select_class1718914852609&mallCode=1&pageListType=2,,,4.86,53.0,60+ sold recently,"Women's High-Heeled, Lightweight, Comfortable And Fashionable Wedge Sandals With Elastic Straps, Simple Style Slippers, Round Toe, Suitable For Students, Summer Or Hawaii Beach Vacations",Shoes
1.0,https://us.shein.com/Women-s-Summer-Flat-Beach-Flip-Flops-Wear-Outdoors-2024-New-Arrivals-Suitable-For-Seaside-Vacation-Large-Size-41-43-p-30922560.html?src_identifier=fc%3DShoes%60sc%3DShoes%60tc%3D0%60oc%3D0%60ps%3Dtab08navbar08%60jc%3DitemPicking_017172966&src_module=topcat&src_tab_page_id=page_select_class1718914852609&mallCode=1&pageListType=2,#10 Best Seller,In Black Women Flat Sandals,6.94,38.0,,"Women's Summer Flat Beach Flip Flops, Wear Outdoors 2024 New Arrivals, Suitable For Seaside Vacation, Large Size 41-43",Shoes
1.0,https://us.shein.com/1pc-Simple-Versatile-Heart-Faux-Pearl-Chain-Lobster-Clasp-Shoe-Accessory-For-Canvas-Shoes-p-24113592.html?src_identifier=fc%3DShoes%60sc%3DShoes%60tc%3D0%60oc%3D0%60ps%3Dtab08navbar08%60jc%3DitemPicking_017172966&src_module=topcat&src_tab_page_id=page_select_class1718914852609&mallCode=1&pageListType=2,,,1.66,50.0,200+ sold recently,1pc Simple & Versatile Heart & Faux Pearl Chain Lobster Clasp Shoe Accessory For Canvas Shoes,Shoes
1.0,https://us.shein.com/15-Pairs-Lady-Shoe-Heel-Repair-Tips-For-Shoes-Pins-Dowel-Lifts-Wedding-Heels-Care-Kit-Protectors-Caps-Women-Heeltaps-Accessories-p-30084247.html?src_identifier=fc%3DShoes%60sc%3DShoes%60tc%3D0%60oc%3D0%60ps%3Dtab08navbar08%60jc%3DitemPicking_017172966&src_module=topcat&src_tab_page_id=page_select_class1718914852609&mallCode=1&pageListType=2,#1 Best Seller,In Black Shoe Tools,3.8,24.0,,15 Pairs Lady Shoe Heel Repair Tips For Shoes Pins Dowel Lifts Wedding Heels Care Kit Protectors Caps Women Heeltaps Accessories,Shoes
1.0,https://us.shein.com/New-Leopard-Print-Bowknot-Simple-Pointed-Toe-Flat-Mules-Women-s-Slip-On-Shoes-p-35554575.html?src_identifier=fc%3DShoes%60sc%3DShoes%60tc%3D0%60oc%3D0%60ps%3Dtab08navbar08%60jc%3DitemPicking_017172966&src_module=topcat&src_tab_page_id=page_select_class1718914852609&mallCode=1&pageListType=2,,,9.5,17.0,10+ sold recently,"New Leopard Print Bowknot Simple Pointed Toe Flat Mules, Women's Slip-On Shoes",Shoes
4.0,https://us.shein.com/SHEIN-SHUZIA-Women-s-Hollow-Out-Breathable-Shoes-p-26082916.html?src_identifier=fc%3DShoes%60sc%3DShoes%60tc%3D0%60oc%3D0%60ps%3Dtab08navbar08%60jc%3DitemPicking_017172966&src_module=topcat&src_tab_page_id=page_select_class1718914852609&mallCode=1&pageListType=2,#1 Best Seller,In Khaki Women Clogs,18.81,1.0,,SHEIN SHUZIA Women's Hollow Out Breathable Shoes,Shoes
1.0,https://us.shein.com/Women-Summer-Square-Open-Toe-Slides-Backless-Mules-Slippers-Flip-Flops-Heeled-Sandals-p-17820450.html?src_identifier=fc%3DShoes%60sc%3DShoes%60tc%3D0%60oc%3D0%60ps%3Dtab08navbar08%60jc%3DitemPicking_017172966&src_module=topcat&src_tab_page_id=page_select_class1718914852609&mallCode=1&pageListType=2,,,22.14,10.0,50+ sold recently,Women Summer Square Open Toe Slides Backless Mules Slippers Flip Flops Heeled Sandals,Shoes
5.0,https://us.shein.com/Men-s-Casual-Sports-Sneakers-Non-slip-White-Shoes-For-All-Seasons-Suitable-For-Students-p-21502534.html?src_identifier=fc%3DShoes%60sc%3DShoes%60tc%3D0%60oc%3D0%60ps%3Dtab08navbar08%60jc%3DitemPicking_017172966&src_module=topcat&src_tab_page_id=page_select_class1718914852609&mallCode=1&pageListType=2,#3 Best Sellers,in Men Casual Shoes,18.43,27.0,,"Men's Casual Sports Sneakers, Non-slip White Shoes For All Seasons, Suitable For Students",Shoes
9.0,https://us.shein.com/Women-Criss-Cross-Sculptural-Heeled-Ankle-Strap-Sandals-Glamorous-Outdoor-Heeled-Sandals-p-13856366.html?src_identifier=fc%3DShoes%60sc%3DShoes%60tc%3D0%60oc%3D0%60ps%3Dtab08navbar08%60jc%3DitemPicking_017172966&src_module=topcat&src_tab_page_id=page_select_class1718914852609&mallCode=1&pageListType=2,#4 Best Seller,In Gold Women Heeled Sandals,20.4,21.0,,"Women Criss Cross Sculptural Heeled Ankle Strap Sandals, Glamorous Outdoor Heeled Sandals",Shoes
10.0,,,,10.7,21.0,40+ sold recently,Women's Fashion Plus Size Casual Outdoor Flat Sandals With Toe Separator,Shoes
1.0,,,,19.59,30.0,,MOTF PREMIUM WOMEN SOLID COLOR SIMPLE BOWKNOT DECORATION POINTED TOE FLAT SHOES,Shoes
1.0,,,,7.28,44.0,700+ sold recently,SHUZIA Curve Toe Perspex Caged In Jelly Flats,Shoes
39.0,,,,20.5,21.0,10k+ sold recently,"Women's Thick Heel Platform Wedge Sandals, Summer 2023 New Arrivals, Outdoor Beach Roman Style Slippers",Shoes
18.0,,,,13.0,0.0,10k+ sold recently,"SHEIN SHUZIA All Time Bestseller Women's White Blanc Iconic ""H"" Cut-Out O'lan Replica Flat Sandal: Enhanced Comfort, Timeless Style, Most Popular Slide,Over 50k Sold.",Shoes
1.0,,#9 Best Seller,In Black Men Sneakers,30.9,24.0,,Men's Strap Flat Casual Sports Shoes With Laces And Low Cut Design In Fashionable Black,Shoes
1.0,,#1 Best Seller,In White Men Flip Flops & Slides,6.5,25.0,,"Men's Summer Slippers, Soft Non-Slip Sole Indoor/Outdoor Bath Shower Couple Anti-Odor Daily Home Big Size Slippers",Shoes
1.0,,,,13.3,20.0,,"Women Minimalist Slingback Sandals, Elegant Sandals",Shoes
4.0,,,,19.8,18.0,90+ sold recently,Women's Elegant Feng Shui Rhinestone Decorated Silver Mesh Pointed Toe Hollow Out Ankle Strap Comfortable Daily/Party Flat Shoes,Shoes
30.0,,#2 Best Seller,In Black Women Flats,10.09,20.0,,Women's Spring And Autumn Fashion Pointed Toe Black Flat Shoes,Shoes
1.0,,#7 Best Sellers,in Women Casual Athletic Shoes,7.17,51.0,,Fashionable And Versatile Comfortable White Sneakers With Soft Soles For Casual And Sports Activities,Shoes
4.0,,,,13.2,25.0,2.0k+ sold recently,Men's Comfortable Ultralight Breathable Mesh Athletic Shoes,Shoes
7.0,,#3 Best Seller,In Purple Women Home Slippers,17.6,0.0,,SHEIN SHUZIA Women's Indoor Slippers,Shoes
1.0,,,,10.7,21.0,,"New European And American Style 2024 Women's Clip-Toe Buckle Flat Sandals With Side Hollow Design, Plus Size For Summer",Shoes
1.0,,,,2.0,31.0,60+ sold recently,4pcs/Set Cute Butterfly Diamond Buckle Shoe Clip For Sport & Casual Shoes With Detachable Shoelace Decoration,Shoes
4.0,,#4 Best Seller,In Silver Women Heeled Sandals,22.1,21.0,,"Women's High Heel Sandals Summer New European And American Banquet Simple Square Toe Sandals Popular Slippers, Coral Pearls, Metal Silver High Heels, Vacation, Camping, Sexy, Light Weight, Outside Wearing High Heel Sandals, Lightweight, Beach, Fashionable Sandals",Shoes
27.0,,#1 Best Seller,In Grey Women Slides,14.7,23.0,,"New Arrival Women's Casual Home Slipper, Street Style Flat Flip Flop With Double Straps Soft Wood Grain Pattern, Water Proof",Shoes
1.0,,,,22.4,6.0,30+ sold recently,"Women Bow & Buckle Decor Chunky Heeled Sandals, Elegant Outdoor White Ankle Strap Sandals",Shoes
1.0,,,,15.9,21.0,800+ sold recently,"Women Buckle Decor Solid White Ankle Strap Wedge Sandals, Vacation Wedge Sandals",Shoes
1.0,,,,21.5,20.0,,"New Women's Fashionable Comfortable Green Round Toe Velvet Lace-Up Booties With Rhinestone Decor, Vintage Simple Casual Chunky Heel Mid-Calf Boots",Shoes
1.0,,#7 Best Sellers,in Women's Outdoor Athletic Shoes,10.46,48.0,,"Women's Casual Sports Shoes, Fashionable Sneakers With Thick Soles, Low-Cut Lace-Up White Shoes, Outdoor Sports Running Shoes,Suitable For Any Season",Shoes
1.0,,#9 Best Seller,In Silver Women Flat Sandals,8.5,21.0,,"2024 Summer New Arrival Fashionable Women's Silver Sandals & Slippers For Walking, Beach Trip, Traveling, TPR Anti-Skid",Shoes
15.0,,,,20.2,20.0,60+ sold recently,"Women's High Heel Wedge Sandals, New Style, Waterproof Platform, Fashionable Butterfly Decoration, Rhinestones, Popular Among Girls",Shoes
1.0,,,,3.5,0.0,100+ sold recently,"2pcs/1 Pair Compression Arch Support Brace For Men & Women - For Flat Feet, High Arches, Fallen Arches, Heel Fatigue - Unisex Orthotic Support - Ideal For Weight 40~70kg",Shoes
23.0,,#3 Best Seller,In Multicolor Women Flats,12.6,18.0,,"Ladies' Fashionable Hollow Out Flat Shoes, Comfortable & Non-slip",Shoes
5.0,,,,19.99,71.0,,Womens Slip On Mules Round Toe Slippers,Shoes
32.0,,#2 Best Seller,In Khaki Women Flats,17.3,18.0,,"Summer Hollow Out New Style Pu Leather Driving Loafers For Middle Aged & Elderly Women, Soft Bottom Wedge Heels Loafers",Shoes
1.0,,,,21.6,13.0,10+ sold recently,Women Minimalist Platform Lace-Up Combat Boots Side Zipper Fashion Boots Chunky Heel Ankle Booties,Shoes
4.0,,#7 Best Sellers,in Edgy,11.3,20.0,,"Women's Circle Gold Decorative Buckle Hollow Out Clip-Toe Flat Sandals, Summer Holiday Style Lightweight Fashionable Flat Sandals",Shoes
1.0,,,,1.7,29.0,3.5k+ sold recently,"6pcs 3pairs Silent, Slip-resistant Heel Protectors For High Heels, Transparent",Shoes
9.0,,#3 Best Sellers,in Causal,10.2,18.0,,Metallic Crocodile Patterned Fancy Stylish Outdoor Sandals,Shoes
1.0,,,,9.6,23.0,,"New Women's Simple And Comfortable Warm Indoor Slippers For Autumn And Winter, Home/Bedroom Use",Shoes
6.0,,#1 Best Sellers,in Men Canvas Shoes,18.2,25.0,,"Sporty Running Shoes For Men, Canvas Geometric Pattern Lace-up Front Sneakers",Shoes
1.0,,,,10.6,21.0,200+ sold recently,Rainbow Bow Tie Women's Flat Sandals Comfortable Massage Insole Multicolored Beach Sandals,Shoes
1.0,,,,2.1,28.0,500+ sold recently,Clear Shoe Repair Adhesive Low Odor Strong Adhesive Soft Resin Shoe Glue For Fixing Worn Shoes Or Boots,Shoes
1.0,,#2 Best Seller,In Brown Women Slides,9.8,23.0,,"Women Simple And Comfortable Open Toe Plastic Slippers, Lightweight Waterproof Anti-Skid Thick-Soled Sandals, Suitable For Wearing In Bathroom, Student Dormitory, Swimming Pool, Beach",Shoes
24.0,,,,10.6,20.0,2.4k+ sold recently,Women's Flat Heel & Loafers & Fashionable Sandals & Comfortable Slippers,Shoes
1.0,,,,33.6,21.0,40+ sold recently,"Women's Pink High-top Thick-soled Sneakers With Thin Straps, Round Toe And Shoelaces",Shoes
1.0,,#1 Best Seller,In Beige Women Sports Sandals,20.9,21.0,,"Fashionable Wedge Slide Sandals For Women, All Over Print Lace-up Front Metal & Chain Decor Sandals",Shoes
1.0,,,,14.4,25.0,60+ sold recently,Women's Casual Outdoor Flat Sports Shoes PU All-Match Minimalist  Shoes,Shoes
6.0,,,,22.34,19.0,2.2k+ sold recently,Women Black Bow & Fringe Decor Slip On Loafers Breathable Flats Shoes,Shoes
11.0,,,,13.8,21.0,3.1k+ sold recently,"Women Multi Strap Chunky Heeled Sandals, Elegant White Slingback Sandals",Shoes
6.0,,#4 Best Seller,In Black Women Pumps,21.3,19.0,,Fashionable Black Patent Leather High Heels With Pointed Toe And Decorated Buckle For Women,Shoes
1.0,,,,30.94,14.0,,Isotoner Women's Embroidered Pearl Satin Ballerina Slippers,Shoes
8.0,,#3 Best Seller,In White Women Flats,14.6,24.0,,"Ladies"" Fashionable Daily Simple Casual Shoes 2024 New Model Comfortable Cow Tendon Soft Bottom Sewing Thread Mom Shoes",Shoes
7.0,,,,11.3,20.0,70+ sold recently,2024 Women's New Summer Elegant Comfortable Strap Holiday Plus Size Flat Sandals Khaki,Shoes
6.0,,#1 Best Seller,In White Shoe Decorations,3.8,24.0,,20pcs Removable Vintage Diy Faux Pearl Flower Garden Shoe Buckle & Chain Decoration For Holey Shoes,Shoes
1.0,,,,15.75,30.0,10+ sold recently,Women Slip On Flat Mule Comfortable Backless Shoes Slide On Loafers,Shoes
1.0,,,,9.99,49.0,1.7k+ sold recently,Womens Sandals Shoes Summer Beach Shoes Comfort Walking With Non Slip On Casual,Shoes
1.0,,,,6.86,57.0,400+ sold recently,"Women's High Heel Peep Toe Shoes, Fashionable French Style Pointed Pumps For Spring And Summer",Shoes
1.0,,,,13.9,21.0,800+ sold recently,Women's Wedge Platform Sandals 2024 New Summer Woven Rope Wedge Slippers Waterproof Platform Sandals With Metal Buckle White Slippers,Shoes
33.0,,#1 Best Seller,In Hot Pink Women Shoes,12.3,21.0,,Multicolor Rhinestone Bow & Multiple Straps Two Way Wear Women's Slippers For Summer/Autumn/French Style/Chic Silver Color,Shoes
1.0,,,,1.9,30.0,600+ sold recently,"1pair 100cm Silicone Invisible Adhesive Cushion Insole Pads For High Heels, Anti-Slip And Anti-Wear Foot Protectors",Shoes
4.0,,#5 Best Seller,In Red Women Flats,6.16,47.0,,Cross-Border Ladies Fashionable & Gorgeous & Personalized Sandals,Shoes
1.0,,,,1.3,35.0,50+ sold recently,"2pcs High Heel Caps Heel Protectors Replacement, Non-Slip And Noise Reduction",Shoes
13.0,,,,14.7,21.0,400+ sold recently,New Summer Fashionable Casual Hollow Out Breathable Women French High Heel Sandals,Shoes
1.0,,,,11.44,45.0,30+ sold recently,New Arrival Elegant Women's Thick Bottom Boots For Autumn/winter,Shoes
1.0,,,,12.23,25.0,600+ sold recently,"Couple's Water Shoes For Hiking, Diving, Swimming, Outdoors, Anti-Slip, Sandproof, Beach Shoes Swim Shoes Aqua Shoes Barefoot Shoes",Shoes
1.0,,#9 Best Sellers,in Mid Heel Women Platforms & Wedge Sandals,20.71,25.0,,"Women Pom Pom Trim Sandals, Vacation Summer Wedge Slide Sandals",Shoes
6.0,,#5 Best Seller,In Brown Women Shoes,9.6,24.0,,Women's Fashionable Crystal Clear One-strap Flat Sandals Slippers,Shoes
1.0,,,,2.5,26.0,2.4k+ sold recently,"5-toe Sticky Forefoot Pad, Arch Support & Massage & Half Metatarsal Pads, Anti-slip Insoles For High Heels Women",Shoes
1.0,,#2 Best Sellers,in Basic Slides for Men,7.6,25.0,,"Men's Soft Sole Breathable Water Shoes For Beach, Swimming, Outdoor And Wading",Shoes
15.0,,#2 Best Seller,In Beige Women Shoes,12.2,20.0,,Women Summer Woven Flat Sandals Lightweight Slip Resistant Beach Sandals Randomly Patterned Bohemian Style Vacation Sandals,Shoes
1.0,,#2 Best Seller,In Green Women Platforms & Wedge Sandals,13.11,43.0,,SHEIN SHUZIA Open Toe One Band Wedge Slide Sandals,Shoes
1.0,,#2 Best Seller,In Blue Shoe DIY Decorations,1.6,33.0,,8pcs Blue Devil Eye Pattern Detachable Shoe Charms For Diy Accessories,Shoes
1.0,,#1 Best Sellers,in Women Slippers Below $3.99,2.26,54.0,,Fashion Women Soft Shower Slippers Indoor Bathroom Anti-Slip Flat EVA Sandals Beach Flip Flops,Shoes
1.0,,,,4.59,67.0,300+ sold recently,"New Fashion Women's Slip-On Thick-Soled Sandals With Soft And Comfortable Double Buckle, Non-Slip Sole And Cushioning Effect, Simple But Soft Shoes",Shoes
7.0,,#5 Best Seller,In Orange Women Platforms & Wedge Sandals,11.0,20.0,,"Cross-Border Foreign Trade Summer New Orange Casual Toe-Hole Slippers, Size 35-45, Ideal For Daily And Beach Wear, Round-Toe, Soft Bottom, Women's Wedge And Thick-Soled Sandals",Shoes
1.0,,,,1.7,0.0,100+ sold recently,"1pair Super Soft Women's Comfort Insoles - Self-Adaptive Elasticity, Breathable, Sweat-Absorbent - Ideal For Sports And Casual Shoes, Pink",Shoes
15.0,,#1 Best Sellers,in Women Pumps,20.0,18.0,,"New Thick-Soled Wedge Heel Shoes, Pointed Toe, High Heel, Platform, Low Heel, Chunky Heel, British Style, Fashionable, All-Match, Deep Mouth, Bow Tie, Women's Shoes",Shoes
9.0,,,,7.5,20.0,200+ sold recently,"New Spring/Summer H Slippers Women Fashionable And Casual Style Roman Style Flat Slippers, Comfortable Slip-On With Embossed Design, In Black/Beige/Brown Colors. Recommended By Fashion Bloggers, These Slippers Are The Perfect Sandals For The Beach. They Have A French High-End Feel, Crystal Decoration And A Thick Bottom, As A New Fairy Style Flat Slipper. The Simple And Chic Indoor And Outdoor Anti-Odor, Non-Slip Flat Slippers With Crocodile Pattern And Metallic Decor Are Easy To Match. Enjoy The True Spirit Of Summer With These Casual, Trendy And Comfortable Slippers.",Shoes
1.0,,,,2.5,26.0,400+ sold recently,"Extra Long Handled Shoe Horn (Adjustable10-24.8 Inches) - Metal Shoehorn For Men And Women- Large Standing Reach Assist For Seniors,Shoe Spoon, Shoehorn Long-Handle",Shoes
1.0,,,,2.8,26.0,2.6k+ sold recently,"19pcs The Disney Characters Family Shoe Decorations Shoe Accessories Charms For Clogs  Bubble Slides Sandals, Gift Idea For Birthday Christmas  Halloween Party Favors",Shoes
1.0,,,,12.67,21.0,500+ sold recently,Women's Fashionable And Sexy Bowknot Flat Slide Sandals Vacation Shoes Summer Sale,Shoes
17.0,,,,13.3,25.0,900+ sold recently,"Women Casual Sports Shoes Mesh Breathable Comfortable Lightweight Lace-Up Sneakers In Solid/Bright Colors, Anti-Slip & Wear-Resistant",Shoes
4.0,,,,2.3,28.0,1.2k+ sold recently,"Lots Of Random Style Shoe Charms For Clogs Sandals 20Pcs PVC Shoe Decorations Accessories For Christmas, Birthday, Party, Gift Shoes Pins For Teens Men Women And Adults",Shoes
4.0,,,,10.28,47.0,70+ sold recently,"Quick-Drying Breathable Water Shoes For Men And Women, Best For Swimming, Diving, Surfing, Fishing And Beach Play, Couples And Parent-Child Style Available",Shoes
4.0,,,,2.1,0.0,200+ sold recently,"2 Pairs/ Of Summer Ankle Support Silicone Invisible Anti-Wear Heel Patches, Can Be Used For High Heels, Sports Shoes, Leather Shoes, Suitable For Various Shoe Types To Adjust The Patches",Shoes
22.0,,,,10.68,21.0,7.4k+ sold recently,Ladies' Crossed Fabric Strap Lightweight Outdoor Sandals,Shoes
1.0,,#2 Best Seller,In Green Women Platforms & Wedge Sandals,13.11,43.0,,SHEIN SHUZIA Open Toe One Band Wedge Slide Sandals,Shoes
1.0,,#10 Best Seller,In Multicolor Shoe Decorations,2.8,26.0,,"19pcs The Disney Characters Family Shoe Decorations Shoe Accessories Charms For Clogs  Bubble Slides Sandals, Gift Idea For Birthday Christmas  Halloween Party Favors",Shoes
1.0,,#2 Best Sellers,in Basic Slides for Men,7.6,25.0,,"Men's Soft Sole Breathable Water Shoes For Beach, Swimming, Outdoor And Wading",Shoes
1.0,,,,2.5,26.0,400+ sold recently,"Extra Long Handled Shoe Horn (Adjustable10-24.8 Inches) - Metal Shoehorn For Men And Women- Large Standing Reach Assist For Seniors,Shoe Spoon, Shoehorn Long-Handle",Shoes
22.0,,#8 Best Seller,In Beige Women Sandals,10.68,21.0,,Ladies' Crossed Fabric Strap Lightweight Outdoor Sandals,Shoes
4.0,,,,2.3,28.0,1.2k+ sold recently,"Lots Of Random Style Shoe Charms For Clogs Sandals 20Pcs PVC Shoe Decorations Accessories For Christmas, Birthday, Party, Gift Shoes Pins For Teens Men Women And Adults",Shoes
17.0,,#9 Best Seller,In White Women Casual Shoes,13.3,25.0,,"Women Casual Sports Shoes Mesh Breathable Comfortable Lightweight Lace-Up Sneakers In Solid/Bright Colors, Anti-Slip & Wear-Resistant",Shoes
1.0,,,,1.26,61.0,60+ sold recently,"12pcs Sleeping Stars Series Shoe Decoration Flower, Used For Diy Flip Flop Ornament Buckle",Shoes
4.0,,,,2.1,0.0,200+ sold recently,"2 Pairs/ Of Summer Ankle Support Silicone Invisible Anti-Wear Heel Patches, Can Be Used For High Heels, Sports Shoes, Leather Shoes, Suitable For Various Shoe Types To Adjust The Patches",Shoes
1.0,,#1 Best Seller,In Gold Shoe DIY Decorations,3.4,24.0,,"24pcs/Set Hollow Shoes Decor With Butterfly, Flower, Heart, Rhinestone And Chain, Gold Shoe Buckles, Non-Integrated Insert Buckle",Shoes
1.0,,,,12.67,21.0,500+ sold recently,Women's Fashionable And Sexy Bowknot Flat Slide Sandals Vacation Shoes Summer Sale,Shoes
15.0,,#1 Best Sellers,in Women Pumps,20.0,18.0,,"New Thick-Soled Wedge Heel Shoes, Pointed Toe, High Heel, Platform, Low Heel, Chunky Heel, British Style, Fashionable, All-Match, Deep Mouth, Bow Tie, Women's Shoes",Shoes
14.0,,,,11.98,22.0,3.1k+ sold recently,Transparent Flat Fashionable And Comfortable Beach Sandals,Shoes
1.0,,,,2.3,28.0,300+ sold recently,"16 PCS Pink Series Theme Pattern Cute Shoe Charm Suitable For Crocodile Charm DIY Decorative , Pen Cases, Bags, Phone Case Accessories And Party Gifts",Shoes
19.0,,#8 Best Seller,In Blue Women Sneakers,19.0,21.0,,"Sporty Sneakers For Women, Two Tone Lace-up Front Running Shoes",Shoes
1.0,,,,1.77,46.0,40+ sold recently,"1pc Crystal Fringe Rhinestone Chain Shoe Decoration, Removable Chain Suitable For  Boots, Sports Shoes, Canvas Shoes",Shoes
1.0,,,,16.7,19.0,200+ sold recently,"Women's High Heel Sandals With Transparent Crystal Chunky Heels, Fairy Style, Unique Personality With Clear Straps Party Shoes, Pvc",Shoes
9.0,,,,11.84,38.0,100+ sold recently,Women's Fashion Casual Shoes Neutral Sports Shoes Comfortable Breathable Walking Shoes Mesh Workout Sneakers Lightweight Running Shoes Brown,Shoes
1.0,,,,18.4,21.0,700+ sold recently,"Women Rhinestone & Bow Decor Slide Sandals, Glamorous Sandals",Shoes
16.0,,#8 Best Seller,In Blue Women Heeled Sandals,22.3,21.0,,"Rhinestone Decor Clear Band Sculptural Heeled Mule Sandals, Blue Party Crystal Detail Solid Color Mules Heels",Shoes
4.0,,#1 Best Sellers,in Wide Fit Sandals,11.0,16.0,,"Women's Flat Round-Toe Soft Leather Braided Multi-Strap Bohemian Style Sandals, Solid Color, Perfect For Everyday Wear, Beach Parties, Music Festivals And Summer Gatherings",Shoes
1.0,,,,12.8,20.0,100+ sold recently,Espadrille Wedge Heel Women Sandals With Clear Strap And Thick Bottom,Shoes
24.0,,#1 Best Seller,In Hot Pink Women Flats,11.9,17.0,,"Plus Size Fashionable Sweet Bow Knot Pink Flat Shoes, Pointed Toe, Outdoor And Daily Spring & Autumn New Shallow Slip On Flat Shoes For Women, Work Shoes",Shoes
1.0,,,,9.98,24.0,4.9k+ sold recently,"Women's Elegant And Fashionable Beige And Black Flat Slippers, Suitable For Spring And Summer, With Square Toe And Versatile Design, Ladies' Comfortable Soft-Sole Flat Slides, Anti-Slip And Wear-Resistant Indoor And Outdoor Flat Slippers, Women's Lightweight And Casual Flat Sandals, Simple And Versatile Design",Shoes
7.0,,,,16.7,20.0,400+ sold recently,"Women Retro Round Toe Lace-Up Comfortable  Flat Sneakers, Casual And Breathable For Daily Wear, Running, Solid Color Athletic Shoes",Shoes
10.0,,,,20.8,21.0,1.3k+ sold recently,Women's Fashionable Silver One Word Diamond Square Toe Crystal 5.5cm Pc High Heel Sandals For Evening Party Outing,Shoes
1.0,,,,5.29,50.0,100+ sold recently,"Unisex Warm Embroidered Plush Pet Dachshund Cute Design Slipper With Thick Sole, Festival Gift",Shoes
1.0,,,,12.34,43.0,80+ sold recently,Platform Thick Sole Roman Women Sandals Summer New Korean Round Toe Fish Mouth Crystal Flat Bottom Wedge Heels,Shoes
31.0,,#8 Best Seller,In Gold Women Platforms & Wedge Sandals,15.1,21.0,,"Women Metallic Braided Detail Ankle Strap Wedge Sandals, Glamorous Summer Sandals",Shoes
16.0,,,,16.2,21.0,1.6k+ sold recently,"Women's Flat Sandals, 2024 New Arrival, Simple And Elegant Style, Popular In Europe And America, Perfect For Parties. These Roman Sandals Are Decorated With Rhinestones And Silver Trim, Which Are Great For Casual Events Or Camping Trips.",Shoes
1.0,,,,8.2,50.0,60+ sold recently,2024 New Arrival Women's Casual Pagoda Tower Sport Sandals,Shoes
1.0,,,,20.1,21.0,1.2k+ sold recently,"Women Snakeskin Embossed Ankle Strap Wedge Sandals, Vacation Summer Sandals",Shoes
1.0,,,,19.4,18.0,400+ sold recently,"Minimalist Point Toe Penny Loafers, Black Elegant Women's Solid Color Flat Shoes",Shoes
1.0,,,,20.0,18.0,200+ sold recently,"Bow Decor Square Toe Flats, Black Preppy Style Bowknot Solid Color Women's Flat Shoes",Shoes
8.0,,#4 Best Seller,In Apricot Women Flats,12.4,18.0,,"Women Faux Pearl Decor Point Toe Ankle Strap Flats, Elegant Apricot Faux Suede Pumps",Shoes
4.0,,,,13.9,21.0,1.6k+ sold recently,"Women Summer New Style Flat Toe Sandals With Butterfly Decoration, Elastic Strap And Beach Flip Flops",Shoes
14.0,,,,2.7,27.0,20+ sold recently,"60pcs Silicone Gel Shoe Patch Pad, High-Sticking Foot Care Glue, Colloidal Pad, Transparent Ultra-Thin Heel Patch",Shoes
1.0,,,,1.34,39.0,70+ sold recently,"Summer Thin High Heel Insoles And Invisible Breathable Anti-Slip Shallow Socks, Suitable For Sneakers And White Shoes",Shoes
7.0,,#4 Best Seller,In Black and White Women Pumps,25.7,18.0,,Chunky Heel Pointed Toe Color Block Waterproof Platform Hollow Out Pumps,Shoes
1.0,,,,13.97,41.0,600+ sold recently,"Women's Glitter Lace-Up Sports Shoes, Lightweight Casual Walking Shoes, Anti-Skid Running Shoes",Shoes
1.0,,#1 Best Seller,In Green Women Flats,9.7,37.0,,SHUZIA Pointed Toe Penny Loafer Slip On Flats,Shoes
14.0,,#5 Best Sellers,in Women Slippers,13.4,23.0,,Double Buckle Strap Slide Sandals,Shoes
1.0,,,,21.4,20.0,80+ sold recently,"Women's Wedge Heels, Thick-Soled, Silver/Gold-Colored Sandals, Water Platform Slippers, Holiday Style, Casual, Black Slippers, Flower-Shaped Beach Sandals, Elegant, Summer, Fashionable, Women's Thick-Soled Slippers, Comfortable And Well-Fitted Shoes, Party/Evening Dress Shoes",Shoes
1.0,,#10 Best Seller,In Blue Women Casual Shoes,12.15,60.0,,"Women's Thick-Soled Increased Height Casual Shoes For All Seasons, Breathable Comfortable Design, Lace-Up Closure, Trendy Style, Versatile Lightweight, Suitable For Sports And Everyday Wear",Shoes
24.0,,#6 Best Seller,In Gold Women Platforms & Wedge Sandals,14.7,21.0,,"New Arrival Summer Fashionable Wedge Sandals For Women With Back Strap, Gold, Middle-Aged, Simple And Comfortable Style",Shoes
1.0,,#1 Best Seller,In Black and White Women Pumps,21.3,19.0,,Women's High Heel Pointed Toe Color Block Shoes With Bowknot & Back Strap,Shoes
1.0,,,,0.8,50.0,20+ sold recently,"1pc Self-Cut Shoe Insoles, DIY Customizable, Dual-Use, Mesh Design, Moisture-Wicking, Breathable Insoles For All Seasons",Shoes
16.0,,#1 Best Seller,In Blue Women Flats,11.0,17.0,,Women's Blue Fashion Foreign Trade Large Size Breathable Slip-On Comfortable Flat Shoes,Shoes
4.0,,#5 Best Seller,In Red Women Sneakers,34.2,21.0,,Women's Candy-colored Thick-soled Personality Couple Sneakers With Wide Straps,Shoes
1.0,,#10 Best Sellers,in Shoe Spare Parts,1.9,30.0,,Sandal Insoles For Women Anti-Slip Foot Pad Sweat-Absorbing Deodorant High-Heeled Shoes Sole Stickers Seven-Point Pad Soft Sole,Shoes
1.0,,,,6.56,52.0,80+ sold recently,"Women\ Autumn Lace-Up Sports Shoes, Fashionable, Versatile, Comfortable And Soft White Shoes, Suitable For Outdoor Running And Walking.",Shoes
11.0,,,,9.8,21.0,5.3k+ sold recently,"Elegant White Sandals For Women, Minimalist Single Band Slide Sandals",Shoes
1.0,,#4 Best Seller,In Clear Women Sandals,8.53,61.0,,"New Summer Clear High Heels Transparent Crystal Sandals Women's Slipper, Versatile, Comfortable, Sexy And Elegant",Shoes
1.0,,,,1.36,53.0,200+ sold recently,"10pcs/Set 3D Shoe Charms Set, Cute Transparent Resin Bear Cloud Shoes Charms, Diy Women Sandals Decorative Buckle Gifts",Shoes
5.0,,,,3.5,0.0,200+ sold recently,"New Style Women's Beach Socks Shoes For Scuba Diving, Snorkeling, Water Trekking - Non-Slip, Cut-Proof, Barefoot Skin-Friendly",Shoes
6.0,,,,6.9,25.0,700+ sold recently,"Women's Quick-Dry Water Shoes For Casual Sports, Swimming, Beach, Hiking, Barefoot Skin-Friendly Socks Shoes, Plus Size Available",Shoes
1.0,,,,17.39,26.0,300+ sold recently,Women's Fashionable Outdoor Winter Boots In White,Shoes
4.0,,#6 Best Sellers,in EVA Shoes,1.5,32.0,,1pair Sponge Forefoot Cushion - Beige,Shoes
39.0,,,,18.41,21.0,6.3k+ sold recently,"Women's Black High Heels Sandals, Square Toe Chunky Heels Dual-use Slippers, Soft Pu Leather, Comfortable & Versatile, Thick Heels For Height & Long Leg Appearance, Solid Color Slipper Shoes For Women",Shoes
1.0,,,,10.3,21.0,400+ sold recently,Women Fashionable Round Toe Foreign Trade Large Size Open Toe Letter Print Graffiti Blue Transparent Strap Beach Flat Slipper,Shoes
18.0,,,,12.2,18.0,10k+ sold recently,Fashionable Women Casual Open-Toe Woven Straw Thick-Soled Wedge Sandals,Shoes
16.0,,,,8.9,21.0,300+ sold recently,Women Summer Beach Sandals Flat Open Toe Slippers,Shoes
1.0,,,,16.9,21.0,20+ sold recently,"Women's Colorful Casual Sports Shoes, Breathable Fashionable Running Shoes",Shoes
1.0,,,,9.2,21.0,100+ sold recently,"2024 New Fashion Women's Flat Slipper, Outdoor Beach Wear Colorful Slipper, Flat Sandals For Women",Shoes
6.0,,#8 Best Sellers,in Women Water Shoes,12.6,18.0,,Women Outdoor Wading Shoes Quick-Drying Sand Beach Shoes Anti-Slip Water Shoes For Stream Hiking Walking Fishing Swimming Lightweight Breathable Shoes,Shoes
5.0,,#7 Best Seller,In Black Women Slides,13.0,0.0,,CUCCOO EASI Woman Shoes Rhinestone Decor Single Band Slides For Summer Vacation Shoes Summer Sale,Shoes
1.0,,#8 Best Seller,In Hot Pink Women Shoes,2.09,73.0,,"Leopard Print Home Slippers For Women, All Seasons",Shoes
1.0,,,,25.5,11.0,,"Women's Pointy Toe Fashionable Short Boots, Black, Autumn And Winter",Shoes
1.0,,,,6.06,42.0,400+ sold recently,Newfor2024Women Double Strap Ankle Strap Espadrille Platform Wedge Sandals,Shoes
1.0,,#4 Best Seller,In Hot Pink Women Platforms & Wedge Sandals,17.7,21.0,,"Women Hot Pink Minimalist Flatform Slide Sandals, Funky Sandals",Shoes
7.0,,#2 Best Seller,In Orange Women Platforms & Wedge Sandals,12.5,20.0,,"Women's Open-Toe Metal Ornament Chunky Heel Platform Wedges, Plus Size",Shoes
15.0,,#6 Best Seller,In Blue Women Heeled Sandals,20.5,21.0,,"Fashionable Blue Women's High Heeled Sandals With Peep Toe, Stiletto Heel And Non-Slip Sole For Spring And Summer Parties",Shoes
1.0,,#3 Best Seller,In Champagne Women Sandals,5.86,52.0,,"Women Rhinestone Two-Strap Round Toe Flat Sandals, Fashionable And Elegant Colorful PU Leather Flat Sandals",Shoes
8.0,,#1 Best Seller,In Blue Women Sandals,9.0,20.0,,"Women Graphic Print Buckle Decor Slide Sandals, Fashion Summer Flat Sandals",Shoes
1.0,,#1 Best Seller,In Black Wide Fit Sandals,15.0,25.0,,"CUCCOO CURVES Women's Wide Fit Fashionable Black Ankle Strap High Heel Sandals With Classic Design And Comfortable Buckle, Plus Size",Shoes
7.0,,#2 Best Seller,In Silver Women Platforms & Wedge Sandals,20.4,20.0,,"Women's Metallic Style Slip-on Thick Bottom Muffin Beach Slippers With Pu Straps In Silver Color, Women's Wedge Heel Platform Sandals",Shoes
1.0,,,,8.2,24.0,2.4k+ sold recently,Crystal Slides Women Flat Open Toe Outdoor Slippers Solid Color Home Jelly Beach Sandals,Shoes
1.0,,,,22.7,18.0,10+ sold recently,Women Round Toe V Cut Slip On Flat Loafers Soft Shoes,Shoes
6.0,,,,3.3,0.0,90+ sold recently,Beach Shoes/Water Shoes/Diving Shoes/Quick-Dry Non-Slip Shoes For Beach/Swimming/Diving Sports - Unisex/Foldable And Convenient To Carry,Shoes
5.0,,#4 Best Sellers,in Men Loafers,14.2,25.0,,"Men Minimalist Espadrilles Canvas Loafers White, White Solid Color Woven Grass Shoes",Shoes
1.0,,,,4.92,48.0,70+ sold recently,"5 Pairs Officially Licensed Sanrios Kuromis Hellokitty  Cute Anime Cosplay Socks, Comfy & Breathable Low Cut Ankle Socks, Women's Stockings & Hosiery",Shoes
18.0,,#3 Best Seller,In Green Women Pumps,21.3,19.0,,Women's High Heel Pumps,Shoes
1.0,,,,15.7,18.0,1.4k+ sold recently,"Women Breathable Polka Dot Snaffle Decor Point Toe Flats, Fashionable Outdoor Mesh Loafer Flats",Shoes
10.0,,,,11.8,18.0,800+ sold recently,"Women's Comfortable Commuting Flat Shoes, Versatile",Shoes
12.0,,#5 Best Seller,In Blue Women Flat Sandals,8.4,21.0,,Women Blue Classic Retro Round Toe Anti-Slip Flat Sandals Slippers,Shoes
8.0,,#9 Best Seller,In Beige Men Sneakers,22.6,25.0,,"New Men's Shoes, Fashionable All-Match Casual Sports Shoes In Microfiber Leather, Low-Cut Slip-Resistant Sole, Suitable For All Seasons",Shoes
18.0,,#2 Best Seller,In White Women Pumps,19.1,19.0,,"Women Faux Pearl Decor Point Toe Stiletto Heeled Pumps, Fashion White Ankle Strap Pumps",Shoes
17.0,,#9 Best Seller,In Multicolor Women Shoes,15.6,21.0,,"Women's Flat Summer Sandals, Mule Style With Weaved Bottom, Easy Slip-On Wrap Toe, Comfortable, Multicolor Rainbow",Shoes
6.0,,,,16.2,21.0,4.1k+ sold recently,"Glamorous Slide Sandals For Women, Metallic Gemstone Decor Single Band Flat Sandals",Shoes
9.0,,#1 Best Seller,In Khaki Women Flats,12.0,0.0,,SHUZIA Pointy Toe Front Knot Flats,Shoes
1.0,,#10 Best Sellers,in High Heel Women Wedges & Flatform,29.4,18.0,,"Women Minimalist Clear Strap Wedge Sandals, Fashion Ankle Strap Sandals",Shoes
1.0,,,,4.55,31.0,300+ sold recently,"2pcs Detachable Shoe Decoration, Flower & Faux Pearl Decor Glamorous Accessories For Bridal Shoes",Shoes
22.0,,#9 Best Seller,In Multicolor Women Flats,11.9,17.0,,"Women's Large Size 35-45 Pointed Toe Shallow Mouth Flat Shoes, Autumn New Outdoor Daily Soft-Sole Work Shoes, Driving Loafers, Flat Shoes",Shoes
10.0,,,,20.0,19.0,800+ sold recently,"Women White Metal Decor Pumps, Point Toe Heeled Slingback Pumps",Shoes
1.0,,#10 Best Seller,In Purple Women Flat Sandals,9.0,40.0,,"SHUZIA Ladies' Fashionable Flat Sandals, Versatile",Shoes
6.0,,,,4.18,68.0,300+ sold recently,"New Fashionable And Versatile Women's Slip-On Slippers, High Stretch, Comfortable, Soft, Lightweight, Wear-Resistant, Anti-Slip, Shock-Absorbing, And With Dual Buckle Straps",Shoes
1.0,,,,21.7,19.0,,"Women Rhinestone Decor Point Toe Stiletto Heeled Pumps, Fashionable Outdoor Ankle Strap Pumps",Shoes
5.0,,,,15.6,20.0,2.1k+ sold recently,"Women's Rhinestone Decor Flip-Flops Slipper, Fashionable Flat Beach Sandals, Soft Comfortable Anti-Slip Sole, Plus Size",Shoes
1.0,,,,13.9,21.0,100+ sold recently,Women Casual Cowhide Bottom Sandals 2024 New Flat Soft Bottom Summer  Anti-Slip Outdoor Leisure Mother Shoes,Shoes
5.0,,,,13.0,20.0,600+ sold recently,2023 Fashionable And Comfortable Women Wedge Heel Platform Sandals For Versatile Use,Shoes
1.0,,,,13.17,43.0,300+ sold recently,2024 New Women's Sports Shoes Thick-Soled Chunky Shoes Brown Breathable Mesh Platform High-Top Shoes For Spring And Summer,Shoes
1.0,,,,2.6,26.0,40+ sold recently,"2pcs/Set Simple & Stylish Removable Black Striped White Polka Dots Shoe Clips For Wedding, Party, High Heels",Shoes
7.0,,,,9.31,24.0,1.9k+ sold recently,Women's Casual Braided Round Toe Champagne Gold Fashion Flat Home Outdoor Sandals Slipper,Shoes
8.0,,,,19.5,21.0,500+ sold recently,"Women Metal Decor Chunky Heeled Mule Sandals, Elegant Summer Heeled Sandals",Shoes
1.0,,,,16.2,19.0,700+ sold recently,Women's Fashionable Pointy Toe Chunky High Heel Pumps,Shoes
8.0,,,,9.77,42.0,200+ sold recently,"Women Shoes, Fashionable And Stylish Roman-Style Summer Anti-Skid Thick-Soled Wedge Heel Slippers With Extra Soft And Comfortable Insoles, Making Walking Relaxing! High Heels, Sandals, Slippers, Thick-Soled Casual Beach Slippers, Low-Wedge Vacation Slippers.",Shoes
1.0,,,,18.6,21.0,30+ sold recently,Women Lightweight Lace Up Sneakers Breathable Running Sports Shoes,Shoes
5.0,,#4 Best Seller,In Apricot Women Flat Sandals,11.31,25.0,,"Vacation Apricot Slide Sandals For Women, Braid Detail Double Strap Flat Sandals",Shoes
6.0,,,,9.5,58.0,100+ sold recently,"Women Rhinestone & Floral Decor Clear Chunky Heeled Sandals, Fashionable Outdoor PVC Ankle Strap Sandals",Shoes
1.0,,,,13.43,22.0,7.0k+ sold recently,"Women Quilted Chain Decor Flat Sandals, Fashion White Slide Sandals",Shoes
1.0,,#6 Best Seller,In Gold Women Sandals,11.17,22.0,,"Women Minimalist Flat Sandals, Artificial Leather Glamorous Sandals",Shoes
4.0,,#2 Best Seller,In Grey Men Loafers,15.6,25.0,,"Men Lace Up Design Slip On Loafers, Fashionable Outdoor Fabric Boat Shoes",Shoes
28.0,,#2 Best Seller,In Yellow Women Flats,12.3,27.0,,"Women's Fashion Pointed Toe Shallow Mouth Purple Flat Shoes, Outdoor Leisure Shoes For Autumn; Champagne Color High-End Sense Red Casual Shoes; Versatile Yellow Shoes, Comfortable Black Shoes",Shoes
5.0,,,,19.0,0.0,500+ sold recently,CUCCOO SZL Woman Shoes Clear Single Band Vacation Beige Wedge Slide Sandals For Summer Vacation Shoes Summer Sale,Shoes
6.0,,#5 Best Sellers,in Summer Sandals,10.8,25.0,,2023 New Arrival Fashionable Men's Casual Sandals,Shoes
9.0,,,,15.3,18.0,2.2k+ sold recently,Heeled Sandals Women 2023 New Simple Back Zipper Fishmouth H,Shoes
1.0,,,,12.87,45.0,20+ sold recently,"Women's Spring/autumn Casual Knitted Mesh Shoes With Anti-skid And Abrasion Resistance For Sports, Camouflage Running Shoes",Shoes
4.0,,#2 Best Seller,In Multicolor Women Pumps,20.0,19.0,,"Women High Heel Fashionable New European And American Style Pointed Toes, Elegant And Slim Thin Heels, All-Season Versatile Color-Blocked Shoes",Shoes
4.0,,,,20.0,19.0,1.2k+ sold recently,"Women'S Buckle Closure Pointed Toe Hollow Out Splice Stiletto Heels, Color Block Party Shoes",Shoes
14.0,,,,11.5,20.0,100+ sold recently,"Plus Size Women's 35-43 European-Style Champagne Glitter Flip-Flops, Casual Beach Sandals, Daily Wear, Open-Toe, Fluorescent Pink Slippers With Slip-On",Shoes
6.0,,#3 Best Seller,In Green Women Flats,15.9,18.0,,Spring Pointed Toe Flat Slip-On Shoe With Diamond Decor For Women - Skidproof & Wearable,Shoes
14.0,,,,12.0,21.0,600+ sold recently,"Women Single Band Sandals, Vacation Outdoor Wedge Slide Sandals",Shoes
6.0,,,,23.3,17.0,1.8k+ sold recently,"(plus Size) Chunky Heel Sandals With Pleats, Square Toe, Comfortable Work Shoes, Peep Toe, Zippered Covered Back, Spring/summer",Shoes
7.0,,,,4.96,57.0,500+ sold recently,"Summer Fashion Women's Thick-Soled Flip-Flops With Handmade Bowknot Decoration, Anti-Slip, Soft, Suitable For Traveling And Beach, Plus Size Available, Multiple Colors Optional, Casual, Tropical Print, Bowknot Sandals",Shoes
5.0,,#1 Best Sellers,in Business,19.11,21.0,,"Women's White High-heeled Sandals, Pointed Toe Thick Heel Double-wear Slipper, Soft Leather Comfortable And Versatile, Solid Color Slippers Woman",Shoes
10.0,,#1 Best Seller,In Champagne Women Pumps,15.39,41.0,,Fashionable Women's Glistening Rhinestone Decorated High Heels,Shoes
1.0,,,,13.9,21.0,20+ sold recently,"Women Bead Decor Slingback Sandals, Fashion Sandals",Shoes
1.0,,,,13.7,21.0,80+ sold recently,Women's White Plus Size Woven Peep Toe Wedge Sandals With Thick Sole,Shoes
12.0,,,,17.1,20.0,40+ sold recently,"Ladies' New Summer Transparent Heeled Slippers, Silver Glitter Decoration Upper, Crystal High Heeled Sandals, Stylish Irregular Heeled Sandals",Shoes
4.0,,#9 Best Seller,In Apricot Wide Fit Sandals,21.76,20.0,,"Women Wide Fit Minimalist Chunky Heeled Ankle Strap Sandals, Elegant Summer Heeled Sandals",Shoes
6.0,,,,20.2,21.0,600+ sold recently,White Appliques Decor Chunky Heeled Ankle Strap Sandals For Women,Shoes
1.0,,,,13.9,21.0,40+ sold recently,"Women's Colorful Woven Wedge Heel Platform Sandals, 2024 New Arrival",Shoes
4.0,,#5 Best Seller,In Apricot Women Pumps,16.32,20.0,,"Womensâ Peep Toe Sandals, High Heel And Thin Heel, Pointed Toe, French Style Apricot Strappy Ankle Buckle Summer Pumps",Shoes
1.0,,,,1.5,32.0,2.0k+ sold recently,4pcs/Pack Transparent Silicone Anti-Slip Strips For Heel Grips And Shoe Pads Avoiding Grinding Feet,Shoes
17.0,,#7 Best Sellers,in Mid Heel Women Wedges & Flatform,20.9,18.0,,Women Beige Linen Strap Wedges With Slip-Resistant Sole,Shoes
1.0,,,,6.06,49.0,100+ sold recently,Women's Fashionable Metallic Gold And Silver Slide Sandals,Shoes
1.0,,,,23.9,10.0,,Women Summer Espadrille Open Toe Platform High Heel Braided Ankle Strap Buckle Wedge,Shoes
1.0,,,,10.9,17.0,300+ sold recently,New Cross-Border Women Plus Size Elegant Comfortable Loafers Casual Pointed Toe Breathable Slip-On Ladies Flats Shoes Size 36-43,Shoes
1.0,,#1 Best Seller,In Clear Women Platforms & Wedge Sandals,21.38,21.0,,"Women Clear Strap Espadrille Sole Sandals, Vacation Summer Wedge Slide Sandals",Shoes
1.0,,,,18.6,21.0,300+ sold recently,"Glamorous Sandals For Women, Rhinestone Decor Clear Strap Slingback Sandals",Shoes
1.0,,,,16.32,20.0,300+ sold recently,"Women Rhinestone Decor Ballets, Glamorous Point Toe Flats Gold",Shoes
11.0,,#10 Best Seller,In Black Women Home Slippers,6.27,28.0,,"Women's Home Plush Slippers, Silent, Bow Knot, Non-Slip",Shoes
1.0,,#9 Best Seller,In Multicolor Women Flat Sandals,12.92,25.0,,"Women Chain Decor Clear Strap Slide Sandals, Fashion Summer Flat Sandals",Shoes
1.0,,#5 Best Sellers,in Women Sneakers,22.6,21.0,,"Simple & Casual Ladies' Black Breathable Flat Sneakers, Suitable For Spring & Summer, Featuring Round Toe, Textile Upper And Lace-Up Closure",Shoes
10.0,,,,19.3,19.0,400+ sold recently,"New Arrivals Women's White High-Heeled Shoes With Chunky Heels, Pointed Toe And Mules Style",Shoes
5.0,,#1 Best Sellers,in Dress Shoes,26.9,25.0,,"Men Minimalist Slip On Chelsea Boots, Minimalist Black Faux Suede Boots",Shoes
1.0,,,,18.5,21.0,10+ sold recently,Women Floral Print Flat Loafers Slip on Lightweight Walking Shoes,Shoes
4.0,,,,23.7,21.0,800+ sold recently,"Women Gold Color Snakeskin Pattern Chunky Heeled Sandals, Fashionable Open Toe Ankle Strap",Shoes
1.0,,,,14.16,20.0,200+ sold recently,"Clear Strap Slingback Flats,Women's Flat Shoes with Crystal Heels, Transparent Straps, Pointed Toe, Suitable for Wedding, Outdoor and Daily Wear",Shoes
4.0,,#6 Best Sellers,in Slides Men Shoes,7.8,26.0,,"Men's Comfortable Anti-Slip Slippers, Fashion Sports Sandals For Outdoor Walking, With Eva Thick Sole, Beach Slides",Shoes
4.0,,#5 Best Seller,In Black Women Wedges & Flatform,24.0,18.0,,'s Wedge Heeled & Thick Bottomed Rope Sole Open Toe Laser Cut Fish Mouth Sandals,Shoes
6.0,,#3 Best Seller,In Black and White Women Flats,8.87,69.0,,Minimalist Fringe Decor Loafer Flats,Shoes
1.0,,#4 Best Sellers,in Wide Fit Slippers,8.5,16.0,,"European & American Women's Slipper, Casual Comfortable Lightweight Beach Flip-Flops, Fashionable Floral House Sandals, Large Size 36-45",Shoes
4.0,,#1 Best Seller,In Silver Women Flats,4.87,50.0,,"Summer Women Hollow Out Flat Crystal Jelly Shoes, Pointed Toe Soft Beach Sandals",Shoes
23.0,,,,10.6,20.0,4.0k+ sold recently,"Women Appliques Decor Slingback Thong Sandals, Fashion Summer Flat Sandals",Shoes
1.0,,,,13.4,21.0,20+ sold recently,2024 New Arrival Women's Colorful Platform Wedge Sandals With Ankle Strap,Shoes
1.0,,,,43.4,20.0,50+ sold recently,Women's Fashionable Fringed Short Boots With Metallic Fabric And Denim Material For Autumn/winter,Shoes
4.0,,,,7.5,21.0,300+ sold recently,"Vacation Slide Sandals For Women, Fringe Trim Single Band Flat Sandals",Shoes
9.0,,#9 Best Seller,In Yellow Women Flat Sandals,10.37,23.0,,"Women's Beaded Flat Sandals With Plus Size, Open Toe, Lightweight And Comfortable For Beach",Shoes
6.0,,,,9.2,23.0,200+ sold recently,"Women's Deep Grey Fashion Splice Solid Color Bedroom Slippers With Weaving Design, Fluffy Bedroom Slippers",Shoes
7.0,,#5 Best Seller,In Beige Women Casual Shoes,22.4,21.0,,Sporty Skate Shoes Women Two Tone Lace Up Front Sneakers White Beige,Shoes
7.0,,#4 Best Seller,In Grey Men Slippers,1.76,74.0,,"Summer Eva Slippers For Home, Travel, Couple Lightweight Quick-Drying Bathroom Slippers Anti-Slip Flat Sandals",Shoes
6.0,,#5 Best Sellers,in Ultra High Heel Women Pumps,24.8,18.0,,Women Minimalist Platform Chunky Heeled Faux Suede Ankle Strap Black Pumps,Shoes
1.0,,,,21.78,22.0,100+ sold recently,"Women's Multi-Colored High Heel Sandals With Pyramid Decoration, Glamorous One Shoe For Two Uses Outside Wearing High Heel Slippers For Parties",Shoes
4.0,,,,12.7,21.0,70+ sold recently,"Large Size Round Toe Pink Ankle Strap High Heel Sandals, Summer Fashionable Casual Fairy Style Versatile Chunky Heel Women's Shoes",Shoes
11.0,,,,17.46,3.0,4.4k+ sold recently,SHEIN SHUZIA Open Toe Slip-On Sliders,Shoes
1.0,,,,11.39,45.0,40+ sold recently,"Women's Ice Silk Breathable Shoes, Men's Low-heels Lightweight Knitted Sport Casual Shoes, Fashionable And Versatile Ice Silk Running Shoes",Shoes
1.0,,,,4.47,63.0,50+ sold recently,"EVA Platform High-Heel Water Slippers, Fashionable And Versatile, Suitable For Outdoor Activities, Beach, Casual Indoor & Home Use",Shoes
1.0,,#1 Best Seller,In Navy Blue Women Flat Sandals,9.0,20.0,,Women's Fashionable Summer Flat Slide Sandals,Shoes
5.0,,#5 Best Seller,In Silver Women Pumps,22.2,18.0,,"Women's French Style Metallic Buckle Stiletto Shoes, European And American Double Belt Buckle Pointed Toe Half Slippers, Spring/Summer Fashionable Head-Empty Silver High-Heeled Shoes",Shoes
13.0,,#9 Best Seller,In Multicolor Women Sports Sandals,10.0,21.0,,"Women's Plus-Size Printed Flat Beach Sandals, New Thick-Soled Hook And Loop Open-Toe Beach Shoes, Lightweight Soft Sole Outdoor Sandals For Seaside",Shoes
11.0,,#1 Best Seller,In Purple Women Sneakers,6.27,66.0,,"New Spring/Summer Shallow Mouth Mother Shoes, Flower Embroidery, Slip-On, Breathable, Soft And Non-Slip Women's Shoes, Casual Summer Style",Shoes
15.0,,#4 Best Seller,In Navy Blue Women Flat Sandals,11.8,20.0,,Women's Navy Blue Vacation Woven Strap Solid Color Slide Sandals With Braided Design,Shoes
5.0,,,,13.52,31.0,800+ sold recently,"Women's Breathable Slip-on Loafers With Bow-knot Detail, Black",Shoes
18.0,,,,9.7,20.0,3.8k+ sold recently,Women's Flat Sandals With Natural Jute Rope And Bow Knot Design For Comfortable Summer Wear,Shoes
16.0,,#4 Best Seller,In Brown Women Heeled Sandals,12.8,20.0,,European And American Style Women Thick Heel Slippers New Thick Bottom Platform High Heels Sandals For Women,Shoes
1.0,,,,20.6,20.0,,Women's Rainbow Printed Flat Casual Sneakers,Shoes
7.0,,,,9.0,21.0,90+ sold recently,"European & American Style Plus Size Women's Comfortable And Simple Square Toe Flat Sandals With Big Flowers, Casual & Fashionable Shoes For Beach & Outdoor In Summer",Shoes
7.0,,,,24.8,25.0,200+ sold recently,Women'S  Ankle Strap Rhinestones Low Wedge Sandals,Shoes
1.0,,,,20.7,19.0,300+ sold recently,"Ladies' Fashionable High Heels, Versatile Style",Shoes
1.0,,#1 Best Sellers,in Mid Heel Women Wedges & Flatform,14.8,18.0,,Plus Size Wedge Fish Mouth Elastic Slingback Sandals For Women With Thick Sole And Espadrille Bottom,Shoes
4.0,,,,17.7,16.0,60+ sold recently,"Wide Fit Casual Slippers For Women, Suitable For Wear At Home, Outdoors, Or On The Beach, With Diamond-Shaped Sparkles And Fluffy, Shiny, Thick Soles, XXL Size, Plus-Width Comfortable Sandals",Shoes
9.0,,,,23.4,18.0,1.7k+ sold recently,"Women Black Crocodile Embossed Bow Decor Flats, Elegant Point Toe Loafer Flats For Outdoor",Shoes
4.0,,,,6.21,50.0,1.5k+ sold recently,"Fashion Thong Sandals For Women, Colorblock Toe Post Design Sandals",Shoes
1.0,,#1 Best Seller,In Blue and White Women Casual Shoes,17.1,20.0,,"Women's White And Blue Contrast Lace Star Design Lightweight Casual Sports Shoes Suitable For Daily Wear, Campus, And Hanging Out With Friends",Shoes
20.0,,#4 Best Seller,In Champagne Women Heeled Sandals,20.8,21.0,,"Women's Fashionable & Comfortable Square Toe Jelly Strappy High Heel Sandals With Champagne Rhinestones & Clear Pc Crystals For Wedding, Party, And Other Occasions",Shoes
1.0,,,,33.6,21.0,30+ sold recently,Women's Black High Top Lace-up Platform Sneakers For Casual Sports,Shoes
1.0,,,,24.7,19.0,200+ sold recently,Peep Toe Glitter Ankle Strap Chunky Heeled Pumps,Shoes
1.0,,,,20.4,25.0,500+ sold recently,Plus Size Open Toe Chunky Heeled Women's Sandals With Ankle Strap & Red Bowknot For Weddings,Shoes
16.0,,#4 Best Seller,In Khaki Women Flats,12.56,20.0,,"Rhinestone & Chain Decor Litchi Embossed Loafers, Khaki Fashionable Rhinestone Ballet Flats With Metallic Chain Decoration",Shoes
9.0,,,,4.45,63.0,600+ sold recently,"Women's Casual And Fashionable Flat Sandals With Metal Decorations, Soft Cushion, Toe Ring And Lightweight",Shoes
1.0,,,,1.4,30.0,1.3k+ sold recently,"5/10/20/30/50/100pcs Random Cute Pvc Shoe Sticker For Wooden Clogs, Bubble Shoes, Slippers; Fun & Lovely Shoe Decoration, Perfect For Gift, Party Favors",Shoes
11.0,,#9 Best Seller,In Silver Women Sandals,21.6,21.0,,"Women's Silver-Colored Elegant & Charming Strappy High Heeled Mules Sandals Featuring Rhinestone Beading Decoration, Occasions: Wedding, Party, Summer. Different Heel Types Available: Stiletto Heel, Chunky Heel And Flat Heel. Eye-Catching And Comfortable, Suitable For Parties And Daily Outfits.",Shoes
8.0,,#7 Best Seller,In Multicolor Women Shoes,6.7,20.0,,Women Color Block Faux Suede Thong Sandals,Shoes
1.0,,,,7.56,38.0,800+ sold recently,"2024 Women's Flat Sandals, Fashionable Clip Toe Black Slippers, Size 43 For Casual Beachwear",Shoes
1.0,,,,1.27,15.0,50+ sold recently,"20pcs Gel Heel Protectors: Adhesive Blister Pads For Heel Liners, Shoes Stickers, Pain Relief & Foot Care Cushion Grip",Shoes
1.0,,#9 Best Seller,In Multicolor Women Ankle Boots & Booties,20.1,25.0,,Women'S Chunky Heel Fashionable Outdoor Classic Boots,Shoes
6.0,,,,11.7,18.0,1.5k+ sold recently,"Women Minimalist Point Toe Ballet Flats, Elegant Outdoor Flats",Shoes
1.0,,#3 Best Seller,In Gold Women Pumps,22.47,24.0,,"Metallic Point Toe Stiletto Heeled Court Pumps, Gold Party Solid Color High Heel Shoes",Shoes
1.0,,#5 Best Seller,In Brown Men Loafers,14.1,25.0,,"Men's New Casual Loafers, Spring/Summer, Black, Slip-On, Leather, Flat Shoes (One Size Smaller)",Shoes
1.0,,,,14.3,20.0,400+ sold recently,"Women Glitter Slingbacks Two Way Wear Sandals, Glamorous Open Toe Stiletto Heeled Sandals",Shoes
4.0,,#9 Best Seller,In Black and White Women Shoes,14.0,21.0,,"Women's 2024 New Flat Sandals With Black And White Colorblock, Pointed Toe, Fashionable Outdoor Slippers",Shoes
4.0,,#8 Best Sellers,in Women Flats,10.8,18.0,,Fashion Ladies Flat Comfortable Sneakers,Shoes
8.0,,#6 Best Seller,In Champagne Women Platforms & Wedge Sandals,21.0,20.0,,Metallic Crocodile Embossed Wedge Slide Sandals,Shoes
1.0,,#2 Best Seller,In White Dress Shoes,31.4,25.0,,Men's Breathable Hollow Mesh Formal Shoes Vintage Pointed Toe Black/White Wedding/Dress Shoes For Office And Casual Wear,Shoes
1.0,,#3 Best Seller,In Khaki Women Heeled Sandals,7.76,53.0,,Women\ Chunky Heel Retro Sandals With Thick-Soled Open Toe High-Heeled Outdoor Slippers,Shoes
1.0,,,,26.33,25.0,10+ sold recently,"Men's Lightweight Gray Walking Shoes, Casual Sports & Stylish Breathable Running Shoes",Shoes
1.0,,,,8.16,42.0,400+ sold recently,"Women's Breathable Leopard Print Slip-On Flat Shoes, Lightweight Knitted Soft Bottom Pointed Toe Shoe",Shoes
4.0,,,,21.2,21.0,500+ sold recently,"Multicolor High Heel Women's Sandals, Double Straps Convenient Magic Tape Round Toe Design, Sexy Look",Shoes
1.0,,,,17.3,21.0,600+ sold recently,"Glamorous Blue Sandals For Women, Rhinestone Decor Chunky Heeled Faux Suede Mule Sandals",Shoes
1.0,,,,15.7,18.0,500+ sold recently,"Couple's Quick-drying Water Shoes With Skin-friendly Soft Sole For Barefoot Lover, Swimming, Diving",Shoes
13.0,,#4 Best Seller,In Beige Women Shoes,8.02,21.0,,"Women Braided Detail Criss Cross Slingback Sandals, Vacation Summer Flat Sandals",Shoes
1.0,,,,14.13,39.0,200+ sold recently,SHUZIA Faux Leather Palm Tree Heeled Sandals,Shoes
5.0,,#2 Best Seller,In Baby Blue Women Casual Shoes,16.9,21.0,,Unisex Fashionable Simple Sporty Casual Sneakers - Light Blue & White Lace-Up Thick Bottom Shoes,Shoes
1.0,,,,13.35,25.0,20+ sold recently,"New Summer Trendy Casual Sports Shoes, Comfortable Soft Sole Retro Women's Couple Sneakers",Shoes
1.0,,,,6.9,21.0,300+ sold recently,"Women's Solid Color Elegant Sandals, Crisscross Straps Elastic Lightweight Flat Shoes, Beige Flower Casual Beach Shoes",Shoes
1.0,,,,23.87,30.0,10+ sold recently,Women Patent Leather Block Heel Ankle Booties Square Toe Side Zipper Boots,Shoes
4.0,,,,16.25,36.0,900+ sold recently,Casual And Versatile Women's White Shoes Ladies Flat Sneakers With Gold Rose Embroidery Trendy And Comfortable,Shoes
1.0,,,,1.6,33.0,2.8k+ sold recently,4pcs Non-integrated Insert Buckle New Style Cute Fashion Creative Clog Shoes Garden Shoes Decorative Shoe Accessories Shoe Charm Gift,Shoes
1.0,,,,11.2,18.0,100+ sold recently,"Women Plaid Pattern Faux Pearl Decor Flats, Fashionable Fabric Mule Flats For Outdoor",Shoes
7.0,,#1 Best Seller,In Burnt Orange Women Shoes,9.7,21.0,,2024 New Summer Fashion Women Beach Flat Casual Slippers/Flip Flops For Outdoor,Shoes
10.0,,#5 Best Sellers,in Women Water Shoes,6.8,18.0,,"New Beach Shoes Wading Upstream Shoes Non-Slip Water Socks Swimming Shoes Breathable Treadmill Soft Shoes Black Soft Soled Diving Shoes For Men And Women In Water Parks, Anti Cutting Upstream Snorkeling Shoes",Shoes
1.0,,#4 Best Seller,In Coffee Brown Women Slippers,7.2,24.0,,"Women's Fashion Khaki Summer Shoes: Vamp Flat, Leisure Beach Sandals, Floral Decoration Slides, Rubber Outsole",Shoes
4.0,,#1 Best Seller,In White Women Wedges & Flatform,20.0,0.0,,CUCCOO BIZCHIC Woman Shoes Fashionable Outdoor Wedge Heel Peep-Toe Shoes Wedding Shoes For Summer Graduation Heels Prom Heels Vacation Shoes Summer Sale,Shoes
5.0,,,,6.84,24.0,2.6k+ sold recently,"Women Open Toe Single Band Slide Sandals, Fashionable Outdoor Flat Sandals",Shoes
15.0,,#7 Best Seller,In Blue Women Heeled Sandals,19.3,21.0,,"Women's High-Heeled Sandals With Chunky Heels, Round Toe, Fashionable Faux Pearl & Bowknot Decor And Comfortable Ankle Strap Shoes",Shoes
1.0,,,,13.31,45.0,50+ sold recently,"Women's Color-block Breathable Athletic Shoes, Non-slip Outdoor Sports Sneakers",Shoes
16.0,,#4 Best Seller,In Beige Women Flats,11.78,18.0,,Spring/Summer/Autumn Fashionable Pointed Toe Sweet Bowknot Women's Flat Mule Shoes Slip-On Loafers Court Flat Shoes For Women,Shoes
4.0,,,,10.6,20.0,900+ sold recently,Women'S Black Hollow Out Flat Sandals With Toe Loop And Ankle Strap Buckle,Shoes
1.0,,,,23.3,18.0,500+ sold recently,Women Round Toe Bow Decor Black Flat Loafers,Shoes
1.0,,,,11.2,25.0,80+ sold recently,2023 New Fashion Casual Men's Sandals,Shoes
12.0,,#2 Best Seller,In White Women Platforms & Wedge Sandals,14.3,21.0,,"White Woven Strap Wedge Thick Platform Sandals With Jute Bottom And Cross Strap, Chic Vacation Bohemian Style Sandals For Women",Shoes
6.0,,,,9.6,21.0,2.2k+ sold recently,"Women Bow Decor Flat Sandals, Funky Neon-orange Faux Suede Slide Sandals For Summer",Shoes
6.0,,#8 Best Seller,In Grey Men Loafers,9.55,42.0,,Men's Loafers Slip-On PU Leather Flat Driving Shoes (Runs Small),Shoes
5.0,,#1 Best Seller,In Beige Wide Fit Shoes,17.0,17.0,,"Plus-Size Wide Toe Platform Wedge Heels, Cross Strappy Elastic Band Casual Vacation Style Sandals, Summer",Shoes
22.0,,,,14.5,20.0,700+ sold recently,Comfortable Knit High Heel Sandals For Outdoors,Shoes
1.0,,,,11.39,45.0,,"Unisex Summer Mesh-increase Height Single Network Breathable Sport Shoes, Air-conditioning Shoes, Walking Shoes, Slip-on Black Casual Shoes",Shoes
5.0,,,,10.31,21.0,900+ sold recently,CUCCOO CHICEST Women Shoes Ladies Fashionable Light Outdoor Flat Bow Black Loafers For Summer Vacation Shoes Summer Sale Elegant Flats,Shoes
7.0,,,,12.1,21.0,1.8k+ sold recently,"Vacation Slide Sandals For Women, Braid Detail Single Band Flat Sandals",Shoes
6.0,,,,13.43,25.0,800+ sold recently,"Unisex Water Shoes For Couples, Kids, Suitable For Beach, Water Amusement Park, Creek Tracking, Swimming, Soft, Anti-Slip, Anti-Cut, Skin-Friendly Shoes Swim Shoes Aqua Shoes Barefoot Shoes",Shoes
6.0,,,,10.77,23.0,4.8k+ sold recently,"Elegant Outdoors Flat Slippers for Women, Minimalist Two Part Plain Open Toe Slide Sandals",Shoes
10.0,,,,19.1,20.0,1.3k+ sold recently,"Women Rhinestone & Flower Decor Toe Post Flat Sandals, Glamorous Pink Lycra Thong Sandals For Summer",Shoes
1.0,,#2 Best Sellers,in Women Wedges & Flatform,25.7,18.0,,Women's Wedge & Platform Mules With Metallic Rhinestone Decorated Flat Sole Shoes,Shoes
19.0,,,,7.3,20.0,30+ sold recently,Muller Comfortable Outdoor Vacation Fashion Band Flat Sandals,Shoes
7.0,,#5 Best Seller,In Silver Women Flats,19.68,20.0,,"Glamorous Silver Mule Shoes For Women, Crocodile Embossed Rhinestone Decor Point Toe Flats",Shoes
15.0,,,,14.7,21.0,300+ sold recently,"Ladies"" Fashionable And Comfortable Round Toe Flat Sneakers With Rhinestone-Decorated Buckle And Lace-Up Design",Shoes
4.0,,#10 Best Seller,In Baby Blue Women Casual Shoes,29.9,21.0,,Women's Hot Pink Low-cut Chunky Lace-up Sneakers With Round Toe And Thick Sole For Casual Sports,Shoes
1.0,,#8 Best Seller,In White Shoe Accessories,1.8,31.0,,"1pair Flat Foot Orthotics Insoles, Arch Support Silicone Gel Insole",Shoes
9.0,,#3 Best Seller,In Multicolor Women Sports Sandals,9.8,20.0,,"Fashionable Outdoor Sports Sandals For Women, Leopard Pattern Hook-and-loop Fastener Strap Sandals",Shoes
1.0,,,,14.7,21.0,500+ sold recently,"Summer Fashion Trendy Outdoor/Indoor Anti-Slip Soft Bottom Women Slipper, Versatile And Comfortable Flat Sandals",Shoes
1.0,,,,15.68,20.0,300+ sold recently,"Floral Pattern Embroidered Detail Point Toe Canvas Ballet Flats, Multicolored Fashionable Embroidered Flower & Printed Ballet Flats For Women",Shoes
1.0,,#10 Best Sellers,in Mid Heel Women Platforms & Wedge Sandals,19.31,21.0,,"Women's Platform Wedge Heel Clip Toe Slippers, Fashionable And Casual, Summer",Shoes
5.0,,,,10.6,21.0,1.0k+ sold recently,"Women Knot Decor Slide Sandals, Fashionable Green Flat Sandals",Shoes
1.0,,,,16.0,21.0,200+ sold recently,"Women Clear Strap Buckle Decor Pyramid Heeled Sandals, Fashionable Summer PVC Ankle Strap Sandals",Shoes
1.0,,,,10.1,21.0,1.2k+ sold recently,"Women's Flat Sandals With Square Toe, Transparent & Glitter Design, Summer",Shoes
12.0,,#5 Best Sellers,in Slides Women Shoes,11.2,21.0,,Twist Detail Metallic Slide Sandals,Shoes
1.0,,,,7.95,46.0,20+ sold recently,"Chinese Traditional Canvas Kung Fu Shoes, Martial Arts Beijing Shoes, Men Women Unisex, Black Rubber Sole",Shoes
6.0,,,,16.0,20.0,300+ sold recently,Summer Women Simple Pearl Ankle Strap Mid-Heel Sandals For Wedding Or Banquet,Shoes
1.0,,,,23.5,19.0,40+ sold recently,"Women High Heel Pointed Toe Shoes With Rhinestone Decoration, Crystal Wedge Heel, Elastic Ankle Strap, Luxurious And Elegant Sandals Suitable For High Heels",Shoes
32.0,,,,20.9,18.0,2.0k+ sold recently,Women Faux Pearl & Bow Decor Ankle Strap Point Toe Pumps,Shoes
11.0,,,,25.8,20.0,300+ sold recently,Women Color-Block High Platform Chunky Heel Sandals With Thick Soles,Shoes
1.0,,#1 Best Seller,In Beige Women Fashion Boots,12.89,39.0,,SHEIN SHUZIA Plain Flatform Warm Shoes,Shoes
5.0,,#8 Best Seller,In Black Wide Fit Sandals,13.7,16.0,,"Women's Casual Outdoor Home Sandals, With Elastic Ankle Strap, PU Insole, Thick Sole, Lightweight And Comfortable, Made Of Premium Fabric With Linen Texture",Shoes
1.0,,#7 Best Seller,In Black Women Fashion Boots,30.9,20.0,,Women Minimalist Chain Decor Lace-Up Front Side Zip Faux Suede PlatformÂ  Chunky Heeled Combat Boots,Shoes
1.0,,,,3.88,68.0,200+ sold recently,"2024 High-End Women's Fashionable, Versatile, Lightweight, Odorless, Anti-Slip, Thick-Soled Bokun Ladies' Pink Slippers, Suitable For Walking/Working/Shopping Any Seasons",Shoes
1.0,,,,22.8,25.0,100+ sold recently,"Men's Letter Design Round Shoelaces Running Sneakers, Casual Camel Color Sports Shoes",Shoes
1.0,,,,13.31,45.0,,"Unisex Couples' Sporty Breathable Low-cut Sneakers, With Black Or Colorful Popcorn Sole And Soft Running Sole, Perfect For Casual Wear",Shoes
1.0,,,,14.7,21.0,900+ sold recently,"Metallic Rhinestone Decor Braided Thong Sandals, Gold Party Rhinestone Solid Color Women's Flat Sandals",Shoes
5.0,,#3 Best Seller,In Silver Women Fashion Boots,24.9,20.0,,"Sequin Decor Point Toe Chunky Heeled Classic Boots, Women's Chunky Heel Silver Glitter Solid Color Party Fashion Boots",Shoes
1.0,,,,20.9,17.0,700+ sold recently,"Women Metal Decor Point Toe Flat Mules, Fashion Outdoor Flats",Shoes
8.0,,,,9.5,20.0,400+ sold recently,"Women Ankle Strap Flat Sandals, Red Mueller Shoes, Elegant Faux Suede Casual Shoes With Cross Straps, Open Toe Mules For Summer",Shoes
10.0,,,,14.9,21.0,300+ sold recently,"New Summer Knitted Square Heel Women's High-Heeled Sandals, Breathable And Comfortable Slippers",Shoes
1.0,,,,22.9,20.0,500+ sold recently,"Women Black Metallic Detail Platform Sandals,  Elegant Open Toe Heeled Sandals",Shoes
1.0,,#9 Best Seller,In Brown Women Flats,10.7,18.0,,"Women's Colorblock Plaid Canvas Shoes, Flat Breathable Slip-on Sneakers For Fall 2023, Fashionable And Comfortable",Shoes
4.0,,,,14.59,41.0,100+ sold recently,"Ladies' High Heels, Solid Pink/Leopard Print Stiletto Shoes",Shoes
1.0,,,,26.0,12.0,,Women Ankle Boots Pointed Toe Boots Side Zipper Chunky High Heel Booties,Shoes
9.0,,#6 Best Seller,In Khaki Women Platforms & Wedge Sandals,15.6,20.0,,"Women's Wedge Heel Platform Sandals, Plus Size, Cross-Border, Espadrille Waterproof Platform, Fashionable Slip-On High Heel Sandals With Chunky Sole",Shoes
15.0,,#10 Best Seller,In Beige Women Pumps,12.9,20.0,,Women Kitten Heel Solid Color Pointed Toe Elastic Slingback Pumps,Shoes
1.0,,#3 Best Seller,In Brown Women Home Slippers,13.89,30.0,,Women Winter Snow Boots Thickened Flat Cozy Boots Lined Warm Durable Home Slippers Casual Shoes,Shoes
1.0,,#5 Best Seller,In Clear Women Shoes,8.36,25.0,,"Women's Transparent Slippers, Summer Outdoor New Style Flat Anti-Slip Sandal, Soft And Comfortable, Gentle And Simple, Fashionable, Strap Slipper",Shoes
10.0,,#6 Best Seller,In Pink Women Flats,11.9,18.0,,"Fashionable Ballet Flats For Women, Faux Suede Slip-on Flats",Shoes
1.0,,,,19.6,19.0,600+ sold recently,"Summer New Rainbow Satin High-heel Shoes, Pointed & Hollow Out, Versatile Women's Shoes",Shoes
1.0,,#3 Best Seller,In Burgundy Women Flats,13.5,17.0,,"Women's Soft, Lightweight Material Flat Shoes With Splicing Design, Round Toe, Low Cut, British Style, Business/Casual, Fashionable And Versatile Loafers With Low Heels",Shoes
6.0,,#6 Best Sellers,in Low Heel Women Platforms & Wedge Sandals,13.0,20.0,,2024 Spring New Fashion Plus Size Women Shoes European And American Style Thick Bottom Outside Wearing Beach Women Sandals,Shoes
1.0,,,,25.0,12.0,,"Women Toe Post Flatform Wedge Sandals, Fashionable Wedge Slide Sandals For Summer",Shoes
1.0,,#2 Best Seller,In Rose Gold Women Platforms & Wedge Sandals,22.5,10.0,,CUCCOO SZL Woman Shoes Clear Strap Elegant Strappy Wedge Rose Gold Sandals For Summer Vacation Shoes Summer Sale,Shoes
1.0,,,,14.3,21.0,200+ sold recently,"Stylish White Outdoor Sandals For Women With Bowknot, Pearl Chain Decor, High Platform Wedge Heels And Thick Soles",Shoes
1.0,,,,13.0,21.0,,Butterfly Slip-On Rhinestone Casual Fashionable Flat Sandals,Shoes
16.0,,,,20.8,20.0,2.1k+ sold recently,"Chunky High-heeled Rhinestone Embellished Women's Gorgeous Fashion Nude Strap Sandals, Women's Silver High Heeled Sandals",Shoes
10.0,,,,13.4,21.0,1.2k+ sold recently,"Women's Bohemian Style Flat Sandals, 204 New Arrival Women's Shoes",Shoes
1.0,,,,4.97,69.0,600+ sold recently,"Women's Breathable Mesh Thick Bottom Flat Shoes With Comfortable Insole, Casual Shoe For Spring, Summer And Autumn, Available In Khaki, Purple And Black Colors",Shoes
1.0,,,,20.66,21.0,600+ sold recently,"Women Elegant Mule Pumps, Point Toe Chunky Heeled Pumps",Shoes
6.0,,#2 Best Seller,In Navy Blue Women Pumps,21.6,20.0,,"Plus Size Women's Fashionable Pointed Toe Chunky Heel High Heels, Spring/autumn, For Casual Or Work Occasions",Shoes
1.0,,,,19.5,19.0,400+ sold recently,"Minimalist Point Toe Court Pumps, White Elegant Solid Color High Heel Shoes For Women",Shoes
1.0,,,,35.2,20.0,,"Autumn And Winter Western Style Embroidery Cowgirl Boots For Women, Pointed Toe, Chunky Heel, Mid-calf, Back Zipper Closure",Shoes
1.0,,,,20.32,20.0,100+ sold recently,"Rhinestone Decor Court Pumps,Lady's Chunky Metal Shoe Heels, with diamond decoration and shiny pointed high heels",Shoes
14.0,,#2 Best Seller,In Black Women Pumps,7.18,54.0,,"Women Open-Toe Kitten Heel Shoes, Solid Color Elastic Strap High-Heeled Sandals, Basic Shoes",Shoes
1.0,,#6 Best Seller,In Khaki Women Flat Sandals,8.81,21.0,,Women's Summer Fashion Khaki-colored Straw-weaving Style Flat Sandals/casual Beach Slippers Imitation Outsole,Shoes
1.0,,,,10.0,23.0,40+ sold recently,"Rhinestone Decor Single Strap Slides, Black Fashionable Rhinestone Decor Solid Color Women's Slippers",Shoes
1.0,,,,7.16,45.0,200+ sold recently,"Summer New Arrival European And American Style Plus Size Pointed Toe Flat Shoes For Women, Shallow Mouth Sports Solid Color Casual Shoes",Shoes
1.0,,,,12.6,10.0,70+ sold recently,CUCCOO CHICEST Woman Shoes Rose Red Flat Shoes For Women Decorated With Large Bow For Spring And Summer Vacation Shoes Summer Sale,Shoes
17.0,,,,22.4,21.0,800+ sold recently,Spring And Autumn Fashionable Casual White Shoes Women's Thick Sole Heightening Front Tie Shoes,Shoes
15.0,,,,19.7,21.0,1.4k+ sold recently,Women's Woven High Heels Pointed Toe With Transparent Vamp & Rhinestone Detailing & Ankle Strap Buckle Spring/Summer/Autumn Gold Stylish Sandals,Shoes
5.0,,#1 Best Seller,In Hot Pink Women Pumps,20.2,19.0,,"Women's Stylish Colorblock High Heels, Lady's Sexy High-Heeled Shoes",Shoes
1.0,,,,38.9,11.0,,Women Trendy Over The Knee Long Boots,Shoes
9.0,,,,14.5,21.0,50+ sold recently,"2024 New Spring & Summer Cross-Border Trade Foreign Trade Slope Heels Women Sandals With Peep Toe, Plus Size & European And American Style, Suitable For Outdoor Wearing",Shoes
1.0,,,,16.7,20.0,100+ sold recently,"New Summer Women Casual Fashion Thick-Soled Sandals With Rhinestone & Diamond Pattern, Comfortable Outdoor Green High Heel Slippers",Shoes
4.0,,,,11.17,20.0,4.3k+ sold recently,"Fashionable Women's Comfortable Round Toe Flat Shoes, Spring/autumn",Shoes
1.0,,,,18.4,21.0,30+ sold recently,"Women's Black And White Color Block Casual Sports Shoes, Spring/Summer 2024 New Arrivals, Height-Increasing Lace-Up Running Shoes",Shoes
15.0,,#7 Best Sellers,in Women Flats,10.67,20.0,,"Fashionable Ladies' Round-toe Flat Shoes, Minimalist Loafers",Shoes
14.0,,#7 Best Seller,In Hot Pink Women Flat Sandals,16.4,20.0,,"Glamorous Hot Pink Slide Sandals For Women, Fringe & Pom Pom Decor Satin Flat Sandals",Shoes
1.0,,,,9.8,21.0,600+ sold recently,"Women Gold/Silver Clip Toe Flat Sandals Slippers, Fish Mouth Solid Color Open Toe Anti-Slip Slippers For Indoor And Outdoor",Shoes
9.0,,#2 Best Seller,In Rose Gold Women Shoes,18.2,21.0,,"New Style Studded Weaved Casual Beach Vacation Sandals, Ladies Platform Wedge Sandals With Ankle Straps And Jute Soles",Shoes
8.0,,,,18.6,21.0,100+ sold recently,"Women's Multi-Strap Low Chunky Heel Sandals With Wide Band And Ankle Strap, Casual And Versatile, Apricot Leather High-Heeled Sandals",Shoes
1.0,,,,23.4,12.0,,Women's Wedding Pleated Bowknot Heeled Sandals Open Toe Ankle Strap Chunky Block High Heels Pumps,Shoes
1.0,,,,16.5,20.0,1.3k+ sold recently,"Women Braided Detail Chunky Heeled Mule Sandals, Elegant Black Heeled Sandals",Shoes
6.0,,,,13.6,20.0,1.4k+ sold recently,"Fashion White Sandals For Women, Flower Decor Slingback Sandals",Shoes
5.0,,#4 Best Seller,In Silver Women Slippers,14.1,23.0,,Women's Silver Wedge Heel Thick Base Open Toe Transparent Non-Slip House Slippers For Outdoors And Indoors,Shoes
4.0,,,,13.72,2.0,1.9k+ sold recently,SHEIN SHUZIA Women's Versatile Platform Sandals,Shoes
1.0,,,,18.64,20.0,600+ sold recently,"Women Bow Decor Flats, Elegant Point Toe Flats",Shoes
4.0,,,,20.4,20.0,400+ sold recently,"New Arrival Sexy Fish Mouth High Heel Women's Shoes With Elastic Strap And Elegant Breathable Design, Trendy Women Sandals",Shoes
5.0,,,,9.83,39.0,1.5k+ sold recently,SHEIN SHUZIA Fuzzy Closed Toe Mule Slippers,Shoes
1.0,,#2 Best Seller,In Khaki Women Casual Shoes,10.9,20.0,,"New Plus Size Versatile Lightweight Flat Shoes For Spring, Summer And All Seasons, Comfortable Linen Khaki Solid Color Canvas Slip-Ons With Metal Buckle, Round Toe, Breathable Fabric For Outdoor Holiday, Ladies Casual Sports Shoes.",Shoes
1.0,,,,13.9,21.0,60+ sold recently,Women's Comfortable Wedge Heel Platform Sandals Black Summer Shoes With Thick Soles For Women To Wear,Shoes
1.0,,,,34.5,11.0,10+ sold recently,Women Chunky Heel Combat Boots Lace Up Lug Sole Ankle Booties,Shoes
17.0,,#8 Best Seller,In Multicolor Women Flats,10.98,19.0,,"New SpringAutumn Pointed Toe Shallow Slip-On Women Flats For Daily Wear With Dresses, Light Pink, Sizes 35-45",Shoes
13.0,,#8 Best Seller,In Black and White Women Sandals,10.6,21.0,,"New Arrival Flat Sandals, Fashionable Slip-resistant Beach Shoes For Female Students",Shoes
1.0,,,,13.5,21.0,200+ sold recently,"Women's Color Clashing Thick Bottom Sandals, Fashion Casual Open Toe Beach Shoes, One Foot Stirrup Comfortable Non-Slip Ankle Strap",Shoes
13.0,,#9 Best Seller,In Royal Blue Women Flat Sandals,12.8,20.0,,"2024 New Cross-Border Popular Rhinestone Beach Flip-Flops, Comfortable And Versatile Toe Clip Slippers For Summer",Shoes
9.0,,,,21.2,21.0,400+ sold recently,Women's High Heel Sandals Metallic Style White Color With Shiny Bottom And Elegant Design Suitable For High Heels And Sandals,Shoes
23.0,,#1 Best Seller,In Multicolor Women Flats,14.9,18.0,,Square Buckle Striped Women's Flat Shoes,Shoes
18.0,,#1 Best Sellers,in Low Heel Shoes,19.01,24.0,,"Women's Comfortable Fashionable Round Toe Black Sandals With Double Buckle, Double Layered Thick Platform And Wedge Heel, Open Toe",Shoes
5.0,,,,18.6,18.0,900+ sold recently,"Women Metallic Detail Clear Panel Flat Mules, Fashion Outdoor Flats",Shoes
15.0,,#9 Best Seller,In Violet Purple Women Shoes,18.32,20.0,,Women Pointed Toe Hollow Back Flat Shoes With Chunky Heels,Shoes
1.0,,#5 Best Seller,In Pink Women Knee-High Boots,34.2,20.0,,Women's Fashionable Elegant Round Toe Thick Bottom Over-The-Knee Elastic Boots,Shoes
1.0,,,,17.5,18.0,500+ sold recently,Women Fashionable All-Match Black Beach Sandals Non-Slip Outdoor Flat Shoes,Shoes
1.0,,,,14.7,21.0,3.5k+ sold recently,"Women Ruffle & Faux Pearls Decor Slide Sandals, Fashion Summer Flat Sandals",Shoes
18.0,,#4 Best Seller,In Green Women Shoes,10.6,21.0,,"Fashionable Outdoors Thong Sandals for Women, Criss Cross Plain Polyester Toe Post Flat Sandals",Shoes
1.0,,,,13.5,21.0,300+ sold recently,"New Plus Size Women Summer Casual Fashionable Breathable Platform Sandals, Round-Toe Espadrilles With Thick Heels And Rope Soles For Outdoor Wear",Shoes
1.0,,,,8.8,18.0,1.5k+ sold recently,"Women's Spring/Summer New Style Soft And Comfortable Flat Shoes, Round Toe Lightweight Casual Shoes",Shoes
5.0,,,,16.8,20.0,400+ sold recently,"Women Black Knot Detail Flats, Elegant Point Toe Ballet Flats",Shoes
1.0,,,,9.33,46.0,30+ sold recently,"Women's Gold/Silver Low-Heeled Sandals With Buckle Strap 2024 Summer Fashion Chunky Heel Fairy Style Evening Party Shoes, Perfect Match With Skirts",Shoes
4.0,,,,29.0,21.0,600+ sold recently,"Glossy Loafers, Sports Casual Shoes, Vintage Worn-Out White Shoes, Large Size, Genuine Leather, 2cm Elevated Insoles, Unisex Skate Shoes",Shoes
18.0,,#1 Best Seller,In Apricot Women Pumps,19.8,19.0,,"Stylish Slingback Mules Women's Shoes With Pointed Toe, Thick Heel And Metal Buckle",Shoes
1.0,,,,26.39,30.0,600+ sold recently,"Women's Black Low Top Thick Lace-up Shoes With Zipper, Casual Sports Shoes",Shoes
6.0,,,,11.5,20.0,1.7k+ sold recently,"Women Rhinestone & Flower Decor Clear Strap Slide Sandals, PVC Fashion Sandals",Shoes
8.0,,#1 Best Seller,In Apricot Women Flats,12.0,0.0,,CUCCOO BIZCHIC Women Shoes Minimalist Fashion Point Toe Flats Elegant Beige Summer Ballet Shoes For Summer Vacation Shoes Summer Sale,Shoes
4.0,,,,14.5,20.0,800+ sold recently,"Women's Roman Flat Sandals With Soft Soles, Versatile Style",Shoes
11.0,,,,10.4,21.0,100+ sold recently,"Women's Flat Sandals, Buckled Toe Thong Bohemian Style Beach Shoes With Metal Buckle, Comfortable Cork Sole Retro Classic Shoes Suitable For Parties, Street Style, Vintage And Casual Wear, Spring And Summer New Arrival, Comfortable Roman Sandals For College Students",Shoes
1.0,,,,9.8,18.0,20+ sold recently,"Unisex Summer Slip-On Lightweight Casual Outdoor Shoes, Slouchy Shoes",Shoes
15.0,,,,9.7,20.0,4.4k+ sold recently,"Women's Flat Sandals, Comfortable Flip Flops, Non-Slip Cross Straps Solid Color Open Toe Casual Beach Sandals",Shoes
1.0,,,,25.1,19.0,1.0k+ sold recently,"Women Black Lace-up Front Pumps, Elegant Round Toe Chunky Heeled Pumps",Shoes
5.0,,#3 Best Seller,In Khaki Women Flats,6.48,46.0,,SHUZIA Patent PU Closed Toe Ballerina Flats,Shoes
6.0,,,,17.8,18.0,,Women's Backless Slip On Slides Loafer Shoes Flats Comfortable Pointed Toe Mules,Shoes
1.0,,,,15.6,20.0,1.1k+ sold recently,"Elegant Ankle Strap Sandals Women Faux Suede Cone Heeled Sandals, Black Elegant Solid Color Ankle Strap Women's High Heel Sandals",Shoes
13.0,,,,15.88,22.0,6.5k+ sold recently,"Vacation Apricot Sandals For Women, Braided Detail Chunky Heeled Mule Sandals",Shoes
4.0,,,,14.5,20.0,800+ sold recently,"Women's Roman Flat Sandals With Soft Soles, Versatile Style",Shoes
11.0,,,,10.4,21.0,100+ sold recently,"Women's Flat Sandals, Buckled Toe Thong Bohemian Style Beach Shoes With Metal Buckle, Comfortable Cork Sole Retro Classic Shoes Suitable For Parties, Street Style, Vintage And Casual Wear, Spring And Summer New Arrival, Comfortable Roman Sandals For College Students",Shoes
1.0,,,,9.8,18.0,20+ sold recently,"Unisex Summer Slip-On Lightweight Casual Outdoor Shoes, Slouchy Shoes",Shoes
15.0,,,,9.7,20.0,4.4k+ sold recently,"Women's Flat Sandals, Comfortable Flip Flops, Non-Slip Cross Straps Solid Color Open Toe Casual Beach Sandals",Shoes
1.0,,,,25.1,19.0,1.0k+ sold recently,"Women Black Lace-up Front Pumps, Elegant Round Toe Chunky Heeled Pumps",Shoes
5.0,,#3 Best Seller,In Khaki Women Flats,6.48,46.0,,SHUZIA Patent PU Closed Toe Ballerina Flats,Shoes
4.0,,,,13.3,20.0,20+ sold recently,"Women Minimalist Cross Strap Flat Sandals, Fashion Sandals",Shoes
1.0,,,,15.6,20.0,1.1k+ sold recently,"Elegant Ankle Strap Sandals Women Faux Suede Cone Heeled Sandals, Black Elegant Solid Color Ankle Strap Women's High Heel Sandals",Shoes
13.0,,,,15.88,22.0,6.5k+ sold recently,"Vacation Apricot Sandals For Women, Braided Detail Chunky Heeled Mule Sandals",Shoes
1.0,,,,12.6,37.0,300+ sold recently,SHUZIA Faux Leather Toe-Loop Slip-On Heels,Shoes
7.0,,,,21.99,46.0,500+ sold recently,Women's Closed Pointed Toe Low Wedge Ankle Strap Casual Comfortable Flats Shoes,Shoes
6.0,,,,12.7,18.0,900+ sold recently,Ladies' Versatile Flat Shoes,Shoes
1.0,,,,21.2,21.0,600+ sold recently,Summer Elegant And Comfortable Floral Beaded Ankle Strap High Heel Sandals With Chunky Heels For Party Black Color Fairy Style,Shoes
16.0,,#2 Best Seller,In Black and White Women Heeled Sandals,19.3,21.0,,"Ladies' Peep-Toe Cross Elastic Band Chunky Heeled Sandals, Casual Black & White Pu Upper Platform Heels",Shoes
10.0,,,,7.22,25.0,3.8k+ sold recently,"Women's Simple And Fresh Style Transparent Flat Sandals, Comfortable Casual Slippers For Summer",Shoes
1.0,,,,10.8,18.0,300+ sold recently,Women's Flat Shoes,Shoes
1.0,,,,14.8,45.0,,Women'S High Heel Short Boots Chunky Heel Boots,Shoes
1.0,,,,10.3,21.0,100+ sold recently,Women Flat Sandals 2024 Summer New Fashion Slippers Retro Beach Holiday Outdoor Slides For Women,Shoes
1.0,,,,16.5,25.0,200+ sold recently,CUCCOO SZL Woman Shoes Stylish Wedge Sandals For Summer Vacation Shoes Summer Sale,Shoes
8.0,,,,16.6,18.0,2.3k+ sold recently,Women's Woven Detail Open Heel Flat Shoes,Shoes
1.0,,,,17.5,20.0,40+ sold recently,"Plus Size Women's Elegant Orange Wedge Sandals, Sizes 36-43, Suitable For Daily Wear And Outdoor Activities, Waterproof Platform Design, Perfect For Matching Skirts, Wedge Heel",Shoes
1.0,,,,10.5,20.0,600+ sold recently,New Women Transparent Jelly Square Buckle Colorful Rhinestone Fish Mouth Slip-On Flat Sandals,Shoes
11.0,,,,22.24,20.0,200+ sold recently,Women's Fashion Chunky Heel Sandals With Single Band Buckle And Colorful Stripes,Shoes
1.0,,,,19.04,20.0,400+ sold recently,"Women Metal Decor Point Toe Court Pumps, Elegant Outdoor Pumps",Shoes
6.0,,,,15.04,20.0,100+ sold recently,"Women Rhinestone Decor Mule Pumps, Peep Toe Pyramid Heel Pumps",Shoes
9.0,,,,7.92,40.0,70+ sold recently,"Women's Comfortable Soft-Sole Work Shoes, Anti-Fatigue For Long-Time Standing, Professional Leather Shoes, Aircrew Shoes, Hotel Industry Job Interview Shoes, Pointed Toe, Fashionable White Shoes (Recommended To Buy One Size Larger For Wide Feet)",Shoes
1.0,,,,9.75,51.0,100+ sold recently,Fashionable Platform Open Toe Slippers,Shoes
1.0,,,,12.8,20.0,400+ sold recently,Women Gold Square Toe Strap Simple Flat Sandals,Shoes
1.0,,,,10.3,21.0,700+ sold recently,"New Arrival Women Summer Elegant And Comfortable Elastic Strap Flat Sandals, Popular Among Young People, Suitable For Vacation, Plus Size, Black",Shoes
6.0,,#5 Best Seller,In Black Women Pumps,9.66,52.0,,"Women's Shoes New Arrivals Black High-Heeled Sandals, Red High-Heeled Shoes, White High-Heeled Shoes, Fashionable/Simple/Elegant Style, Square Head, Stone Texture,Peep Toe Stiletto Heels, Fashionable/Multifunctional High Heels/Stilettos, Shoes Sandals, Black/Red/White/Gold/Silver High-Heeled Shoes",Shoes
11.0,,#4 Best Seller,In Yellow Women Shoes,2.07,80.0,,"S Warm Plush Slippers For Home""} (Please Note That I",Shoes
1.0,,,,3.72,70.0,20+ sold recently,New Women Cute Bowknot Slip-Resistant Flat Shoes For Casual And Beach,Shoes
1.0,,#10 Best Seller,In Beige Women Casual Shoes,22.8,21.0,,Women Beige High Top Canvas Shoes With Gold Chain Platform Shoes Height Increasing Casual Sport Shoes Ladies Sneakers Beige Shoes For Women With Gold Rose Embroidery,Shoes
1.0,,,,1.39,1.0,100+ sold recently,"10 Pc Heel Protectors, Adhesive Blister Pads For Heel Liners, Shoes Stickers, Foot Care Cushion Grip",Shoes
9.0,,#4 Best Sellers,in Wedding Style,10.3,21.0,,"Summer Ladies' Casual Platform Wedge Sandals, Vamp Increasing Height Slipper, Solid Color Fashionable Sandals, Black/White",Shoes
1.0,,,,5.09,27.0,3.5k+ sold recently,Women's Plush Cross Band Warm And Lightweight House Slippers For Autumn And Winter,Shoes
4.0,,,,22.1,21.0,50+ sold recently,Women Mesh Knitting Sneakers Lightweight Arch Support Running Shoes,Shoes
1.0,,#1 Best Seller,In Black Men Outdoor Shoes,6.8,26.0,,"Men's Stripe Design Quick-drying Slip-resistant Water Shoes, Men's Black River Trekking Shoes, Water Shoes",Shoes
14.0,,#1 Best Seller,In Black Women Snow Boots,33.8,17.0,,"Women's Long Boots, Winter Warm & Non-slip Lined Knee High Boots, Fashionable Snow Boots",Shoes
1.0,,#2 Best Sellers,in Women Casual Athletic Shoes,15.53,25.0,,Ladies' Casual Sports Shoes Fashionable White Sneakers,Shoes
12.0,,,,13.2,20.0,200+ sold recently,Women Casual Elegant Fashion Flat Sandals With Glass Rhinestone Strap And Silver Barefoot Design,Shoes
1.0,,#5 Best Sellers,in Women Running Shoes,11.05,35.0,,"2023 New Air Cushion Running Shoes For Women, Spring/autumn Casual Breathable Mesh Sneakers For Travel",Shoes
13.0,,#10 Best Seller,In White Women Shoes,9.5,21.0,,"Fashionable Outdoors Flat Slippers for Women, Ruched Plain Artificial Leather Open Toe Slide Sandals",Shoes
1.0,,#10 Best Seller,In Black Women Slides,1.89,71.0,,"Simple And Casual Solid Color Summer Indoor Anti-Slip EVA Slippers For Women With Open Toe And Flat Heel, Bathroom Slippers",Shoes
22.0,,#1 Best Seller,In Light Grey Women Slippers,10.2,23.0,,"Preppy Light Grey Slippers For Women, Cartoon Shark Design Slides",Shoes
32.0,,#5 Best Seller,In Gold Women Shoes,7.79,24.0,,"Korean Style Women's Casual Flat Slippers, Open Toe Design Suitable For Summer, Fall, Woven Roman Style, Fashionable For Women To Pair With Dresses, For Outdoor Activities On Beach Or By Sea, Bohemian Style Clip Toe Flat Sandals, Perfect For Holiday",Shoes
1.0,,,,23.0,12.0,,Ladies' Fashionable Elegant Faux Suede Thick Heel Mid-calf Boots,Shoes
12.0,,,,6.76,39.0,900+ sold recently,SHUZIA Soft Eva Massage Bubble Slippers,Shoes
7.0,,#6 Best Seller,In White Women Casual Shoes,21.9,21.0,,"White Women's Shiny Rhinestone Fashionable Casual Sports Shoes, Lace-Up Shoes, Comfortable Soft Sole Athletic Shoes With College Style",Shoes
10.0,,,,6.46,27.0,5.8k+ sold recently,"Fashion White Slippers For Women, Minimalist Single Band Slides",Shoes
10.0,,#7 Best Seller,In Pink Women Slippers,9.01,24.0,,"Women's Korean Style Cute Cartoon Smiling Face Fabric Slippers, Thick-Bottomed, Wear-Resistant, Warm, Suitable For Autumn And Winter, Home And Couples Slippers",Shoes
1.0,,#6 Best Sellers,in Shoe Accessories,1.9,30.0,,"8pcs Stitch Shoe Decorations Accessories Charms For Clogs  Bubble Slides Sandals, Gift Idea For Birthday Christmas  Halloween Party Favors",Shoes
20.0,,#1 Best Seller,In Orange Women Sandals,8.2,20.0,,"Women's Orange Snake Print Flat Sandals, Orange Women's Flat Sandals",Shoes
16.0,,#4 Best Seller,In Black Women Flat Sandals,10.36,24.0,,"New Arrival Women's Flat Sandals, Fashionable Mule Shoes, Large Size Slippers, Sexy",Shoes
1.0,,#1 Best Seller,In Beige Inserts & Insoles,1.4,33.0,,"1 Pair Heel Grips Liner Cushions Inserts For Loose Shoes, Heel Pads Snugs For Shoe Too Big Men Women, Filler Improved Shoe Fit And Comfort, Prevent Heel Slip And Blister",Shoes
8.0,,#3 Best Seller,In Khaki Women Home Slippers,12.4,23.0,,"Shoes/Women's Thick-Soled Slippers/Shoes/Outdoor High Heel Platform Sandals For Women, Allover Print, Summer Fashion Casual Beach Shoes",Shoes
1.0,,,,19.65,25.0,10+ sold recently,Thin Heel Pointed Toe Fashion Women's Boots,Shoes
1.0,,,,7.74,26.0,1.9k+ sold recently,"Women's Summer Thick Platform Beach Slippers, Outdoor Fashionable Eva Slide Sandals",Shoes
8.0,,,,5.5,25.0,10k+ sold recently,Women's Comfortable Stylish Indoor Non-slip Furry Slippers With Black Strap,Shoes
31.0,,#3 Best Sellers,in Women Sandals,8.37,25.0,,"Korean Style Casual Flat Slippers For Women, Summer, Open Toe, Woven Roman Style, Fashionable & Comfortable For Beach, Apartment, Brown Color, Size Available For Women",Shoes
1.0,,,,8.65,24.0,3.3k+ sold recently,"Women's Square Toe Slip-On Flat Shoes, Fashionable Multicolor Travel Leisure Footwear For Outdoor Activities",Shoes
20.0,,#2 Best Seller,In Rust Brown Women Shoes,19.7,21.0,,"Women Crocodile Embossed Sculptural Heeled Mule Sandals, Elegant Outdoor Heeled Sandals",Shoes
5.0,,#1 Best Sellers,in Inserts & Insoles,1.8,31.0,,1 Pair Forefoot Insert Cushion Pads For Women Shoes Anti Slip Silicone Foot Pain Relief Pads For High Heels Sandals Gel Shoe Insoles,Shoes
31.0,,#2 Best Seller,In White Women Flat Sandals,11.37,22.0,,"Fashionable Outdoors White Flat Slippers for Women, Criss Cross Plain Artificial Leather Open Toe Slide Sandals",Shoes
16.0,,#2 Best Seller,In Black and White Women Shoes,3.29,74.0,,Women Casual Flat Open Toe Anti-Slip Slippers For Outdoor Beach,Shoes
27.0,,#6 Best Seller,In Black Women Home Slippers,14.1,23.0,,"Women's Winter Plush Indoor Home Slippers, Warm And Silent",Shoes
4.0,,,,6.85,57.0,100+ sold recently,Mens Slip on Shoes Loafers Casual Sneakers Lightweight Male Flats Work Gym Shoes Footwear Chaussure Homme,Shoes
18.0,,#9 Best Seller,In Beige Women Shoes,10.6,21.0,,"Summer Bowknot & Rhinestone Elegant Flat High Heel Peep Toe Sandals & Slippers For Women, Bohemian Party Shoes",Shoes
22.0,,#5 Best Sellers,in Edgy,8.2,20.0,,"Korean Style Casual Flat Sandals Women's Outdoor Shoes Summer Toe-featuring Slides Spring Autumn Summer New Weave Roman Style Women's Flats Fashionable Pairs To Go With Skirts Or Wear To The Beach Or Apartment White, Flat, Open-toed, Neutral Colors (beige, Black, Orange, White, Yellow, Purple, Gray, Gold, Silver, Blue, Green, Pink, Brown, Animal Print Pattern), Formal, Vacation, Bohemian-inspired Slip-on Shoes",Shoes
12.0,,#1 Best Seller,In Apricot Women Flat Sandals,9.41,25.0,,"New Summer Style Women's Slip-resistant Wear-resistant Sandals, Fashion Buckle Design Home Lightweight Comfortable Shock-absorption Slipper",Shoes
1.0,,#1 Best Sellers,in Women Casual Shoes,14.9,21.0,,"Women's Fashionable White Casual Sports Shoes,
Skateboarding Shoes, Student Shoes, Sneakers",Shoes
1.0,,#2 Best Seller,In White Women Home Slippers,8.7,24.0,,"Cute Animal Cartoon Slippers For Home, Warm & Comfortable Cow Print Lined Slippers",Shoes
6.0,,#9 Best Sellers,in Edgy,9.41,25.0,,"Women's Rhinestone Decor Pink Flat Slipper, Casual & Outdoor Pvc Open Toe Sandal",Shoes
1.0,,,,2.8,26.0,3.3k+ sold recently,"23pcs Cute Food Coffee Donuts Shoe Charms For  Unisex Gifts Accessories Shoe Charm For Shoe Decoration Assorted Varieties For  ,Sandals Slippers For Men Women Birthday Party Gifts",Shoes
29.0,,,,8.0,21.0,7.0k+ sold recently,"Women Fashionable Beach Flip Flops, Large Size Toe Ring Sandals For Outdoor Vacation",Shoes
1.0,,,,6.7,24.0,10k+ sold recently,"Women's Bowknot Decor Platform Flip Flops, Slip On Casual Non-Slip Summer Slides, Vacation Beach Wedge Slides, Ladies Black Shoes",Shoes
1.0,,,,30.1,20.0,40+ sold recently,"Women's White Elegant Solid Color Elastic Ankle Boots, Square Toe, Chunky Heel, Classic Sock Boots",Shoes
24.0,,,,13.3,25.0,10k+ sold recently,"Summer New Arrival Women's Fashionable Diamond Pattern Thick-Soled Height Increase Slippers, Suitable For Outdoor Beach Comfortable And Cool Slippers",Shoes
8.0,,,,5.6,24.0,4.1k+ sold recently,"Women Minimalist Bedroom Slippers, Fashion Indoor Home Slippers",Shoes
7.0,,,,5.13,29.0,10k+ sold recently,"Elastic Band Casual Slippers For Women/men, Eva Plastic Beach Slides, Lightweight & Comfortable, Simple & Stylish Flat Open Toe Slippers",Shoes
20.0,,#4 Best Seller,In Orange Women Flat Sandals,9.22,24.0,,"Women Cut Out Slide Sandals, Funky Summer Flat Sandals",Shoes
9.0,,#1 Best Seller,In White Women Athletic Shoes,15.9,18.0,,Spring And Autumn Fashionable Casual Non-slip White Knitted Soft Lightweight Breathable Women's Running Shoes,Shoes
22.0,,#3 Best Seller,In Brown Women Sandals,9.3,21.0,,New Arrival Women's Roman Style Flat Sandals,Shoes
1.0,,,,1.7,32.0,1.2k+ sold recently,"Ball Of Foot Cushions Metatarsal Pads For Women Men, Soft Gel Insoles Supports Forefoot Cushioning, Morton's Neuroma Foot Pads",Shoes
1.0,,,,7.0,20.0,10k+ sold recently,"Women's Minimalist Double Strap Slingback Wedge Sandals, Black, Flat, Summer, Beach, Vacation, Mid-Heel, Fashionable, Comfortable, Women's Shoes, Ladies' Shoes, Women's Sandals, Women's Summer Shoes, Women's Wedge Sandals",Shoes
4.0,,#9 Best Sellers,in Causal,4.84,64.0,,"Women's Flat Sandals With Beaded And Rhinestone Detailing, Open Toe Slides With Low Heel For Casual And Elegant Style",Shoes
1.0,,,,22.5,12.0,40+ sold recently,Thin High Heel Pointed Fashion Boots For Women,Shoes
8.0,,#1 Best Seller,In Silver Women Shoes,9.79,24.0,,Flat Sandals,Shoes
1.0,,#5 Best Sellers,in Shoe Tools,1.9,30.0,,2pcs Minimalist Shoehorn,Shoes
4.0,,#1 Best Seller,In Brown Women Shoes,4.53,61.0,,"Women's Flower Pattern Slide Sandals, Casual Open Toe Summer Shoes, Lightweight Slide Sandals",Shoes
16.0,,#1 Best Seller,In Champagne Women Flat Sandals,6.79,26.0,,Spring And Summer New Tide Brand H Slippers Female Net Red Fashion Leisure Wind Word Cool Drag Outside Wear Roman Wind Slip-On Drag Slippers Female Summer Slouchy Black Comfortable Rice Brown Flat Relief Cool Drag Female Blogger Recommended Desert Key French Advanced Sense Cool Drag Sandals Female Beach Shoes New Fairy Wind Slip-On Female Shoe Love Assist French Word Drag Cool Sandals With Low Round Head INS Tide Indoor Home Deodorant Anti-Slip Simple Outer Wear Cool Drag Female Crocodile Pattern Cool Drag Shoes Versatile Metal Decoration Flat Bottom Slip-On Drag Summer Fashion Cool Drag.,Shoes
7.0,,,,9.0,20.0,1.6k+ sold recently,"Women Metallic Rhinestone Decor Slide Sandals, Glamorous Sandals",Shoes
1.0,,#7 Best Sellers,in Women Running Shoes,7.06,44.0,,"Women Outdoor Running Shoes, Breathable Mesh Athletic Shoes, Non-Slip Casual Sneakers, Stylish Pink Insoles, Random Black & Pink Colors",Shoes
1.0,,#1 Best Seller,In Army Green Women Flat Sandals,12.5,21.0,,"Women Flat Sandals Buckle Elastic Ladies White Open Toe Flat Slipper Pure Color Slides Anti-Slip, Suitable For Indoor And Outdoor",Shoes
4.0,,#6 Best Sellers,in Daily Shoe Accessories,1.4,0.0,,"2pcs T-shaped Thickened Anti-slip Heel Stickers For Men & Women's Shoes, With Self-adhesive To Adjust Size, Anti-slip, Anti-deformation, Anti-abrasion And Heel Protection",Shoes
1.0,,#1 Best Seller,In Red Women Home Slippers,8.0,23.0,,Casual Cartoon Smiling Face Women's House Slippers,Shoes
1.0,,#6 Best Seller,In Blue Men Slippers,5.3,25.0,,"Men Blue Linen Slippers, Perfect For Spring And Summer, Ideal For Indoor Use In Bedroom Or Office, Open Toe Design, Breathable And Lightweight, Odorless Slippers Suitable For All Seasons",Shoes
20.0,,#3 Best Seller,In Hot Pink Women Flat Sandals,12.4,21.0,,"Allover Rhinestone Slide Sandals, Rose Red Party Sparkly Solid Color Flip-flops With Rhinestones Embellishment",Shoes
16.0,,,,6.06,54.0,600+ sold recently,"Women's Breathable Knit Casual Flat Loafers, Lightweight & Comfortable Slip-On Shoes, White",Shoes
1.0,,,,1.89,58.0,500+ sold recently,"1pair White Rhinestone Shoelaces With Rhinestone Decoration, Fashion Diy Lace For Sneakers And Athletic Shoes",Shoes
13.0,,#1 Best Seller,In Green Women Sandals,9.5,24.0,,"Women's Square Toe Knit Non-Slip Slippers With Breathable Flat Open Toe Slouchy Summer Shoes, Plus Size",Shoes
1.0,,,,1.4,33.0,5.2k+ sold recently,1pair Five Toes Forefoot Pads for Women High Heels Half Insoles Calluses Corns Foot Pain Care Absorbs Shock Socks Toe Pad Inserts,Shoes
14.0,,#2 Best Seller,In Apricot Women Slides,12.0,23.0,,"New Women's Fashionable High Elastic EVA Rubber Sandals With Buckle Closure. Slip-Resistant, Durable, Odorless, Soft, Comfortable And Shock-Absorbing, Ideal For Indoor And Outdoor Wear.",Shoes
17.0,,#1 Best Seller,In Army Green Women Shoes,22.3,20.0,,"Cross Strap Wedge Sandals, Solid Green Holiday Wedge Sandals",Shoes
1.0,,,,7.98,64.0,1.2k+ sold recently,Women's Slipper Casual Open Toe Slides PU Leather Flat Sandals Rhinestone Glitter Slipper Outdoor Flat Sandals,Shoes
1.0,,#9 Best Seller,In Brown Women Platforms & Wedge Sandals,15.3,21.0,,"Vintage Peep Toe Peep-Toe Slippers For Women, Thick Bottom Wedge Heel Slip-Resistant Beach Sandals, Comfortable High Heel Women Shoes, Beige & Black",Shoes
1.0,,,,14.74,45.0,,"Ladies' Flat Ankle Boots With Plush Lining, Boots, 'S Shoes",Shoes
1.0,,,,12.66,37.0,10+ sold recently,"European And American Style Simple Slip-On Flat Shoes, Rhinestone Decorated With Shiny Elastic Strings, Suitable For Casual Outdoor Sports",Shoes
4.0,,,,6.76,47.0,4.7k+ sold recently,Women's Printed Butterfly Comfortable Flat Slippers 2024 Fashionable Simple All-Match Style Ladies' Beach Shoes,Shoes
33.0,,,,11.0,21.0,2.0k+ sold recently,"Women Flower Decor Flat Sandals, Fashionable Green Summer Slide Sandals",Shoes
31.0,,#3 Best Seller,In Black Women Flat Sandals,9.98,24.0,,"Women Bow Decor Slide Sandals, Fashion Summer Flat Sandals",Shoes
5.0,,,,5.76,27.0,1.5k+ sold recently,"Women Home Slippers With Crossed Opening, Four Seasons Indoor Floor Slippers, Comfortable And Fashionable Fluffy Slippers With White Corduroy Crossed Straps, Suitable For Spring & Autumn, Couple Slippers",Shoes
1.0,,#10 Best Sellers,in Shoe Cleaning,1.46,54.0,,"1pc Household Shoe Washing Bag, Shoe Washing Mesh Bag, Laundry Bag, Washing Machine Special Filter, Anti-deformation Washing Bag",Shoes
6.0,,,,5.8,21.0,6.2k+ sold recently,Women's Yellow Fashion Solid Color Flat Slippers With Simple Ribbed Straps,Shoes
1.0,,,,1.7,32.0,8.1k+ sold recently,"Silicone Toe Protector For High Heels, Soft Cushion Pads Adjust Shoe Size, Prevent Blisters And Corn (for Toes Big Or Small)",Shoes
1.0,,#1 Best Seller,In Dusty Pink Women Shoes,16.72,24.0,,"Glamorous Summer Party Flat Slippers for Women, Rhinestone Decor PVC Open Toe Slide Sandals",Shoes
6.0,,,,8.4,50.0,,"New Breathable Hollow Out Lace Mesh Slip-On Lightweight Mary Jane Non-Slip Soft Bottom Comfortable Flats, Easy To Wear & Take Off, Shallow Mouth",Shoes
4.0,,,,13.2,26.0,1.8k+ sold recently,"Women Rhinestone Embellished Shiny Mesh Flat Sandals, Summer Beach Holiday Black Slides",Shoes
11.0,,#5 Best Seller,In Brown Women Sandals,10.58,22.0,,"Women Comfortable Rhinestone Decor Toe Post Flat Sandals, Glamorous Summer Faux Suede Thong Sandals",Shoes
1.0,,,,1.7,32.0,8.1k+ sold recently,"Silicone Toe Protector For High Heels, Soft Cushion Pads Adjust Shoe Size, Prevent Blisters And Corn (for Toes Big Or Small)",Shoes
1.0,,,,14.7,21.0,200+ sold recently,"Women New Butterfly Rhinestone Brown Flat Sandals, Summer Fashionable Vacation Style Comfortable Beach Slippers",Shoes
17.0,,,,11.7,20.0,4.3k+ sold recently,Fashionable Women's Gold Outdoor Metal Flat Sandals For Casual Or Holiday,Shoes
15.0,,#7 Best Seller,In Green Women Flat Sandals,9.41,21.0,,Women's Fashion Square Toe Pleated Slippers Flat Casual Slides,Shoes
1.0,,,,0.6,74.0,200+ sold recently,"Women's High Heel Forefoot Pads Anti-slip, Shock-absorbing, Breathable, Sweat-absorbing, Sponge, Anti-friction, Half Size Insole For Shoes Size Reducing",Shoes
6.0,,#1 Best Seller,In Clear Women Shoes,8.84,24.0,,"Fashionable Outdoors Flat Slippers for Women, Clear Single Band PVC Open Toe Slide Sandals",Shoes
4.0,,#1 Best Seller,In White Women Fashion Boots,27.0,20.0,,"Women's Western Cowboy Boots, White Fashionable Women's Boots",Shoes
1.0,,,,12.6,45.0,500+ sold recently,"Men's Casual Sports Shoes Non-slip Student Sports Shoes All-match Style Casual Sports Shoes, Four Seasons",Shoes
1.0,,#7 Best Seller,In White Women Home Slippers,8.0,24.0,,"Women Letter Embroidered Fuzzy Bedroom Slippers, Fashion Indoor Home Slippers",Shoes
15.0,,,,10.45,25.0,10k+ sold recently,"Women Rhinestone & Faux Pearl Decor Slide Sandals, Fashion Summer Flat Sandals",Shoes
1.0,,#1 Best Seller,In Mocha Brown Women Flat Sandals,11.0,21.0,,Women's Fashionable Woven Beach Resort Style Slip-On Sandals For Summer Holiday,Shoes
6.0,,,,14.9,21.0,1.8k+ sold recently,"Women Metallic Detail Wedge Slide Sandals, Fashion Summer Sandals",Shoes
8.0,,#4 Best Seller,In Champagne Women Flat Sandals,9.51,23.0,,"Women's Sparkling Glitter Decorated Slippers, Casual Flat Sandals For Summer Beach",Shoes
1.0,,#1 Best Sellers,in Shoe Tools,2.7,27.0,,"Red Shoe Stretcher With Adjustable Shoe Trees And Shoe Shaper, Suitable For Red Shoes, Anti-wrinkle And Stereotype",Shoes
10.0,,,,12.67,21.0,10k+ sold recently,Bow Decor Slide Sandals,Shoes
8.0,,,,13.46,21.0,2.9k+ sold recently,"Fashionable Slide Sandals For Women, Colorblock Metallic Single Band Flat Sandals",Shoes
4.0,,,,17.1,20.0,1.4k+ sold recently,Ladies' Hollow Out Mesh Casual Sports Sandals,Shoes
1.0,,,,7.0,26.0,200+ sold recently,Summer Men\ Casual Slippers Couples Home Non-Slip Indoor And Outdoor Bathroom Slippers Open Toe Slides With Flat Sole,Shoes
6.0,,,,8.36,25.0,10k+ sold recently,New European And American Cross-Border Fashionable Square-Toe Flat Sandals With Colorful Design For Women,Shoes
1.0,,,,2.5,26.0,1.4k+ sold recently,10PCS Luxury Rhinestone ABS Shoe Charms Bling Jewelry Hole Shoes Buckle Decorations Clog Shoes Diy Accessories Garden Shoes Decor For Bubble Slides Sandals Adult Xmas Halloween Birthday Party Gifts (Shoes Not Included),Shoes
4.0,,,,12.6,23.0,3.5k+ sold recently,"Women Double Buckle Decor Slides, PVC Fashion Flat Sandals Black",Shoes
1.0,,#5 Best Seller,In Black Shoe Accessories,2.1,30.0,,"2pairs/4pcs Eva Orthotic Flat Foot Arch Support Insoles, Unisex Pronation & Supination Correction Shoe Inserts For Sports Shoes",Shoes
12.0,,,,13.0,21.0,1000+ sold recently,"2024 New Cross-Border Popular Beach Slipper With Rhinestones, Sexy, Versatile And Comfortable Open Toe Roman Bohemian Sandals For Summer",Shoes
1.0,,,,2.8,28.0,600+ sold recently,1 Pair Soft Silicone Gel Insoles For Heel Spurs Foot Cushion Foot Massager Care Heel Cups Shoe Pads Height Increase Insoles,Shoes
22.0,,,,11.4,21.0,800+ sold recently,New Style Large Size Spring/Summer/Autumn/Winter All-Match Lightweight White Leather Soft-Sole Flat Shoes Comfortable Linen Khaki Solid Color Canvas Slip-On Round Metal Buckle Outgoing Breathable Fabric Upper Women Casual Sports Shoes,Shoes
6.0,,#9 Best Seller,In Red Women Shoes,10.89,22.0,,"Handmade Beaded Women's Flat Sandals, Toe Ring Design With Rhinestone Decoration, New Summer Roman Style Thong Sandals, Large Size 43",Shoes
4.0,,#7 Best Sellers,in Shoe Spare Parts,2.97,28.0,,"Silicone Insoles For Womens"" High Heels And Sandals:[EUR35/US6-EUR40/US8]Provide Arch Support, Thick Cushioning And Prevent Slipping When Wearing High Heels. Length 22cm.",Shoes
1.0,,,,37.6,18.0,,Women Mid-Calf Lace-up Waterproof Insulated Quilted Mesh Winter Snow Boots,Shoes
1.0,,#5 Best Seller,In Beige Inserts & Insoles,2.2,29.0,,"Beige Thumb Valgus Orthotics Can Be Worn Day And Night With Shoes, Elastic Bandages And Overlapping Toes",Shoes
10.0,,,,13.7,20.0,2.2k+ sold recently,"Women Minimalist Lace Up Design Mule Sneakers, Sporty Outdoor Sneakers",Shoes
8.0,,#7 Best Seller,In Black Women Heeled Sandals,18.8,21.0,,"Women Minimalist Stiletto Heeled Ankle Strap Sandals, Elegant Black Solid Heeled Sandals",Shoes
6.0,,#3 Best Sellers,in Women Water Shoes,7.13,5.0,,"Women's Soft Sole Outdoor Beach Barefoot Water Shoes For Surfing, Diving And Swimming, Water Socks For Indoor Fitness, Yoga, Jumping Rope, Treadmill, Professional Sports Shoes",Shoes
1.0,,#5 Best Seller,In Navy Blue Women Shoes,12.2,20.0,,"Women's Wedge Heel Thick Bottom Open Toe Slippers, Lightweight & Comfortable, With One Strap For Indoor Use",Shoes
6.0,,#1 Best Seller,In Black Women Sports Shoes,15.6,21.0,,"Women's Breathable Lightweight Shock Absorption Sports Shoes - Comfortable All-Season Casual Lace-Up Shoes, Elastic Material And Low-Top Style",Shoes
1.0,,,,1.4,7.0,500+ sold recently,"Non-Slip Shoes Pads Adhesive Shoe Sole Protectors, High Heels Anti-Slip Shoe Grips,Non-Slip Shoe Pads For Bottom Of Shoes, Premium Rubber Self Adhesive Anti-Slip Shoe Grips Stickers, High Heels Non-Skid Sole Protector (2Pairs/4Pairs/8Pairs),Foothand Care Tools,Shoes Accessories,Self-Adhesive Shoe Grips Rubber Anti-Slip Shoe Grips Sole Stick Protector",Shoes
5.0,,#1 Best Seller,In Grey Shoe Accessories,2.0,31.0,,Orthopedic Sport Insoles for Shoes Soft Sweat Absorbing Cropable Size Deodorant Insoles For Feet Care Massage Insole,Shoes
14.0,,,,11.21,25.0,10k+ sold recently,Women Clear Strap Slide Sandals Minimalist Rhinestone Flat Shoes,Shoes
1.0,,,,12.34,49.0,90+ sold recently,"Men's Fashionable Simple & Comfortable Casual Sports Sneakers, Student Slip-Resistant Four Seasons All-Match Style Casual Sports Sneakers, High-Top & White Sneakers",Shoes
4.0,,,,8.08,27.0,2.4k+ sold recently,Ladies' Everyday Casual Waterproof Wear Resistant Anti-Skid Pure Color Flat Plastic Sandals With Two Stripes,Shoes
5.0,,,,18.7,21.0,5.0k+ sold recently,SHEIN SXY Clear Chunky Heeled Sandals Vacation Shoes Summer Sale,Shoes
6.0,,#4 Best Seller,In Hot Pink Women Slippers,11.6,23.0,,"Fashion Hot Pink Slippers For Women, Solid Fuzzy Bedroom Slippers",Shoes
7.0,,#8 Best Seller,In White Women Casual Shoes,13.5,21.0,,Spring/Summer/Autumn White Shoes - Soft Bottom Sports Shoes - All-Match Casual Shoes - Student Shoes - Uncommon Personality - Women's Flat Shoes,Shoes
7.0,,#9 Best Sellers,in Business,20.1,21.0,,"Women Faux Pearl Decor Chunky Heeled Sandals, Fashion White Ankle Strap Sandals",Shoes
6.0,,#1 Best Seller,In Baby Pink Women Slides,7.3,24.0,,"Preppy Pink Slippers For Women, Cartoon Bear Pattern Slides",Shoes
12.0,,#1 Best Seller,In Green Women Flat Sandals,9.3,26.0,,New Style Fashionable Comfy Bow Knot Versatile Flat Slipper For Women,Shoes
1.0,,,,10.7,21.0,8.3k+ sold recently,"Flat Rhinestone One-Strap Sandals For Women, Silver Rhinestone Open-Toe Casual Slippers For Summer, European And American Style, Beach Outdoor Wear, Clip-Toe Slippers",Shoes
8.0,,,,9.5,21.0,1.4k+ sold recently,"Glamorous Outdoors Thong Sandals for Women, Rhinestone Decor Artificial Leather Toe Post Flat Sandals",Shoes
1.0,,,,11.39,45.0,,"Unisex Breathable Slip-on Sneakers With Mesh Cutouts, Popcorn-outsole, Perfect For Sports, Casual Wearing, Couples, Running, Grey",Shoes
1.0,,#4 Best Sellers,in Shoe Accessories,1.7,29.0,,"Anti-Slip High Heel Pads For Sandals, Loafers, Heel Grips Inserts, Shoe Insoles, And Foot Cushion Protector To Prevent Inside Shoe Slipping, Rubbing, And Resizing - Silicone Gel Shoe Inserts For Women Low Back Pain Relief.",Shoes
7.0,,#2 Best Seller,In Gold Women Sandals,10.39,22.0,,"Glamorous Gold Slide Sandals For Women, Rhinestone Decor Multi Strap Sandals",Shoes
9.0,,#5 Best Sellers,in Causal,8.82,23.0,,"New Women's Round-Toe Woven Flat Slippers, Fashionable Simple Style Comfortable Sandals, Suitable For Travel, Beach. Available In White, Brown, Black, Leopard Print, Patterned, Yellow, And Green Colors.",Shoes
1.0,,,,9.5,21.0,2.3k+ sold recently,"Women's Flat Slipper Sandals With Toe Ring Design, Stylish And Breathable For Summer",Shoes
7.0,,,,14.6,20.0,800+ sold recently,"Summer 2024 New Arrival Round Toe Fishnet Sandals With Rhinestones And Elastic Band For Plus Size, Slip-On Mesh Fishnet Casual Sandals With Colorful Gemstones, Open Toe Breathable Half Slippers",Shoes
14.0,,,,9.31,24.0,10k+ sold recently,"Women Black Snakeskin Embossed Slide Sandals, Elegant Open Toe Sandals",Shoes
1.0,,,,9.8,21.0,10k+ sold recently,"Women Braided Detail Flat Sandals, Vacation Black Slide Sandals",Shoes
4.0,,,,9.31,24.0,700+ sold recently,"2023 Fall New Black & White & Yellow Faux Leather Colorblock Slippers, Summer Breathable Flat Flip Flop With Toe Post, Soft Sole, Non-Slip",Shoes
1.0,,,,2.5,29.0,1.2k+ sold recently,2Pcs Soft Silicone Gel Shoes Pad For Women High Heel Insoles Foot Anit-slip Sandal Insole Shock Absorption,Shoes
1.0,,,,16.51,35.0,,"New Men's Outdoor Hiking Shoes, Large Size Casual Sports Shoes",Shoes
1.0,,,,15.2,20.0,900+ sold recently,"Women's Solid Color Braided Sandals, Slip On Soft Sole Platform Daily Shoes, Versatile Summer Comfy Slides Shoes",Shoes
1.0,,,,1.5,35.0,900+ sold recently,New Arrival T-strap Sticky Heel Pads With Polka Dot Design For High Heels,Shoes
4.0,,,,7.46,34.0,400+ sold recently,"Outdoor Water Shoes For Men & Women, Anti-Slip Quick Dry Beach Shoes, Couples Hiking Shoes For Water Activities Swim Shoes Aqua Shoes Barefoot Shoes",Shoes
1.0,,,,13.66,21.0,400+ sold recently,2024 New Arrivals Cross Crossed Soft Plush Platform Wedge Heel Women Daily Wear Sandals!,Shoes
14.0,,#9 Best Seller,In Black Women Flat Sandals,10.0,21.0,,"Women Criss Cross Ankle Strap Sandals, Elegant Black Flat Sandals",Shoes
1.0,,#6 Best Seller,In Beige Inserts & Insoles,1.9,30.0,,"Heel Anti-Wear Butterfly Shaped Pads, 5 Pairs/8 Pairs/3 Pairs, Thick Invisible Heel Cushion, Prevent Shoes From Rubbing And Slipping Off, High Heel Accessories, Half Size Inserts",Shoes
22.0,,,,11.5,21.0,3.4k+ sold recently,"Women Bow Decor Thong Sandals, Fashion Khaki Toe Post Sandals For Summer",Shoes
10.0,,#3 Best Seller,In White Women Sneakers,12.7,20.0,,Spring/autumn Stylish & Casual White Knit Lightweight Breathable Slip-on Women's Running Shoes,Shoes
1.0,,#1 Best Seller,In Grey Women Sandals,16.0,20.0,,Women's Comfortable Soft Bottom Wedge Sandals With Thick Platform For Summer,Shoes
4.0,,,,10.7,23.0,200+ sold recently,"New Summer Simple Style Women's Outdoor Comfortable Thick-Soled Slippers With Anti-Slip Design, Suitable For Indoor Use",Shoes
4.0,,,,10.8,21.0,2.2k+ sold recently,"Summer Fashionable Lightweight & Comfortable Slip-on Sandals With Buckle For Women, Non-slip & Wear-resistant, Ideal For Home Use",Shoes
1.0,,#3 Best Sellers,in Daily Shoe Accessories,2.0,0.0,,"1pc 4D Sports Insole, High Heel Shoe Anti-Slip Heel Sticker, Whole Sole Cushion Massage Pad, Super Soft And Pain Relief, Can Be Trimmed",Shoes
1.0,,,,11.97,42.0,400+ sold recently,"Women's Bohemian Style Fashionable Rhinestone Flat Sandals, Casual & Comfortable",Shoes
1.0,,,,8.2,20.0,2.6k+ sold recently,Women's Comfortable And Fashionable Flat Sandals For Casual Summer Wear,Shoes
1.0,,#6 Best Seller,In Multicolor Women Shoes,8.65,24.0,,Women's Fashionable & Bold Colored Snake Print Flat Sandals,Shoes
9.0,,#6 Best Seller,In Green Women Slides,7.8,24.0,,Women's Stylish Plastic Slippers With Buckle & Decorative Shoe Pad,Shoes
30.0,,#6 Best Seller,In White Women Flat Sandals,11.4,20.0,,"Vacation Thong Sandals For Women, Braid Detail Flat Sandals",Shoes
1.0,,#3 Best Sellers,in Low Heel Women Heeled Sandals,14.9,21.0,,"Mid-Heel Chunky Women's Sandals, 2024 New Arrival, High-Heeled Ankle Strap Sandals",Shoes
1.0,,,,3.6,27.0,2.8k+ sold recently,"3 Pair Forefoot Insert Cushion Pads For Women Shoes Anti Slip Silicone Foot Pain Relief Pads For High Heels Sandals Gel Shoe Insoles ,A: Transparent, B: Black, C: Apricot",Shoes
1.0,,,,14.74,45.0,10+ sold recently,Women's Flat Boots Flat Bottom Boots Winter Snow Boots,Shoes
5.0,,#1 Best Seller,In Multicolor Women Flat Sandals,8.9,21.0,,Women's Fashionable And Comfortable Camouflage Pattern Open Toe Flat Sandals,Shoes
5.0,,,,15.4,20.0,2.4k+ sold recently,"Women's Mesh High Heels Sandals, Fashionable Peep Toe Lace-up Strappy Sandals, Versatile Dress Sandals",Shoes
4.0,,,,9.5,20.0,1.0k+ sold recently,European And American Style Women Black Flower Design Comfortable And Lightweight Beach Flip-Flops,Shoes
1.0,,#6 Best Seller,In Clear Women Shoes,8.17,24.0,,"Women Clear Strap Slide Sandals, Jelly Fashion Sandals",Shoes
1.0,,#7 Best Sellers,in Daily Shoe Accessories,1.3,0.0,,"Women's Half Size Shoe Insoles, Forefoot Cushion, Soft Anti-Slip, Suitable For High Heels, Half Size Forefoot Insoles",Shoes
1.0,,#8 Best Seller,In Clear Women Shoes,11.56,22.0,,"Fashionable Ankle Strap Sandals For Women, Clear Strap Flat Sandals",Shoes
5.0,,,,11.98,21.0,7.2k+ sold recently,Women's Fashion Rhinestone Decorated Flat Sandals,Shoes
15.0,,#7 Best Seller,In Black Women Sandals,10.36,24.0,,Women's Flat Sandals Plus Size Summer Beach Slippers With Rhinestone Decoration,Shoes
1.0,,#9 Best Sellers,in Daily Shoe Accessories,2.8,0.0,,"10pairs Sweat Absorbent Odor Resistant Breathable Barefoot Ultra Thin Foot Pad For Male & Female, Summer, Wood Pulp Insole For High-Heel Shoes",Shoes
7.0,,,,31.15,30.0,600+ sold recently,"Women's Casual Sports Shoes High-Top, Thick-Sole, Lace-Up Sneakers With Coarse Shoelaces, Orange",Shoes
1.0,,,,1.7,32.0,1.0k+ sold recently,After 1 Pair Of High Heel Insole Female Soft Sole Stick Insole Can Be Cut,Shoes
4.0,,#5 Best Seller,In Apricot Women Flat Sandals,8.72,22.0,,"Vacation Apricot Sandals For Women, Minimalist Corduroy Toe Post Design Thong Sandals",Shoes
5.0,,#3 Best Seller,In White Women Shoes,9.9,21.0,,New European And American Style Summer One-Foot Woven Beach Fashion Ladies Sandals,Shoes
5.0,,,,10.2,25.0,40+ sold recently,1pair Comfortable And Soft Women's Athletic Shoes,Shoes
1.0,,#2 Best Seller,In Gold Women Sneakers,10.65,46.0,,"Women's Gold Shiny Flat Shoes, Lightweight, Comfortable, Breathable, Fashionable Casual Sports Shoes",Shoes
1.0,,#2 Best Sellers,in Women Water Shoes,8.8,17.0,,New Beach Shoes Wading Upstream Shoes Non-Slip Water Socks Swimming Shoes Breathable Treadmill Soft Shoes Black,Shoes
5.0,,#3 Best Sellers,in Women Running Shoes,11.45,49.0,,Women's Walking Shoes Tennis Sport Shoes Casual Lace-Up Lightweight Running Fitness Gym Exercise Sneakers,Shoes
23.0,,,,8.9,21.0,2.5k+ sold recently,"New Summer Collection Hollow Out Striped Square Toe Stylish Flat Sandals For Women Suitable For Beach And Daily Wear, Black",Shoes
4.0,,#8 Best Seller,In Khaki Women Slides,8.8,24.0,,Women's Summer Casual Bathroom Slippers Indoor And Outdoor Soft & Comfortable Thick Sole Shock Absorbing Sandals,Shoes
1.0,,,,7.6,24.0,200+ sold recently,Womenâs Plush Non-shedding Lightweight Soft Sole Stomping Feeling Warm Breathable Washable Seam-sewn Solid Color Pack-toe Slippers Home Slippers 2.5mm Thick Flat Sole House Slippers Simple Womenâs Student Dormitory Home Bedroom Courtyard Office Replacement Shopping Going Out Outdoor Winter Autumn Warm White Upper Slippers,Shoes
10.0,,#3 Best Seller,In Apricot Women Sandals,17.65,23.0,,"Women Minimalist Mule Sandals, Fabric Chunky Heeled Elegant Sandals",Shoes
1.0,,,,2.1,30.0,100+ sold recently,"1pcs Upgraded Transparent Shoe Repair Glue Low Odor Strong Adhesive Soft Resin Shoe Glue For Fixing Worn Shoes Or Boots Strong Adhesive For Leather, Sports Shoes And Athletic Shoes",Shoes
1.0,,#1 Best Seller,In Gold Women Casual Shoes,10.65,44.0,,"Women's Gold Shiny Sparkle Flat Shoes, Lightweight, Comfortable, Breathable, Fashionable Casual Sports Shoes",Shoes
5.0,,,,12.3,21.0,600+ sold recently,"Women's Wedge Heel Platform Sandals, Thick Bottom, Cloth Upper Beach Women Sandals, Plus Size Ladies' Shoes, Comfortable Lightweight Eva Multicolor Summer Sandals",Shoes
6.0,,,,6.9,0.0,700+ sold recently,"Summer Sports Outdoor Men And Women Water Shoes For River Trekking, Yoga, Quick-Drying, Anti-Slip Soft Sole, Fishing, Snorkeling, Beach, Mesh Shoes, Casual Shoes For Home Women Size 34-47",Shoes
7.0,,,,9.5,20.0,1.5k+ sold recently,2024 Summer New Mango Two-Tone Women's Flat Casual Slippers,Shoes
11.0,,#10 Best Seller,In Blue Women Shoes,13.8,21.0,,"Women's Lightweight Round Toe Lace-up Flat Sneakers, Casual Daily Shoes For Students, White",Shoes
1.0,,#2 Best Seller,In Hot Pink Women Platforms & Wedge Sandals,7.88,48.0,,"Ladies' Thick Wedge Heel Beach Slippers With Soft Heightening Soles, Non-Slip Flip Flops, Hot Pink Sandals",Shoes
9.0,,,,11.7,20.0,500+ sold recently,"Women's Fashionable Solid Color Linen Leisure Loafers, Lightweight Comfortable Flat Shoes For Sports, Spring & Autumn",Shoes
4.0,,,,21.71,34.0,70+ sold recently,"Men's Pointed Dress Shoes, Comfortable Non-Slip Formal Shoes, Assorted Colors",Shoes
5.0,,,,10.4,21.0,2.9k+ sold recently,Women's Fashionable Embroidery Detail Comfortable Buckle Strap Plus Size Flat Sandals For Beach,Shoes
10.0,,#8 Best Seller,In White Women Home Slippers,5.3,24.0,,"Preppy White Bedroom Slippers For Women, Fuzzy Cross Strap Slippers",Shoes
1.0,,,,11.5,20.0,200+ sold recently,"White Sandals Slippers Flat Shoes, Summer",Shoes
12.0,,,,5.4,25.0,10k+ sold recently,"Women's Simple Casual Comfortable Soft-Sole Black Indoor Flat Slipper With Elastic Band For Outdoor Holiday, Party And Beach",Shoes
1.0,,#9 Best Sellers,in Women Water Shoes,11.03,25.0,,"New Summer Water Shoes For Men & Women, Beach Shoes, Scuba Diving, Water Sports, Hiking, Gym Swim Shoes Aqua Shoes Barefoot Shoes",Shoes
9.0,,#7 Best Seller,In Pink Women Platforms & Wedge Sandals,11.2,21.0,,Summer Ladies Casual Elastic Hollow Out Wedge Heels Platform Sandals V-Mouth Slipper Solid Fashionable White Color Cool Shoes,Shoes
4.0,,,,12.3,25.0,200+ sold recently,Lightweight Women's Water Shoes For Swimming And Wading - Slip-On Mesh Design For Comfort And Breathability,Shoes
4.0,,#4 Best Seller,In Army Green Women Sandals,15.1,21.0,,"Women's Camouflage Thick Platform Waterproof Sandals, Open Toe Sandals With Metal Buckle, Fashionable Outdoor Beach Holiday Sandals",Shoes
4.0,,#1 Best Seller,In Navy Blue Women Sneakers,13.4,21.0,,"Women's Outdoor Running Shoes, Fabric Lightweight With Decorative Flowery Lace And Mesh, Lace-Up Road Running Shoes",Shoes
1.0,,,,13.31,45.0,,"Women's Lace-up Color Block Sport Shoes, Breathable Outdoor Athletic Style",Shoes
1.0,,#1 Best Seller,In Khaki Women Sandals,7.8,20.0,,"Mid-Heel Beige Imitation Linen Sandals For Women, Fashionable And Lightweight For Outdoor, Beach, And Daily Wear, Ladies Simple Summer/Autumn Slippers",Shoes
4.0,,,,2.0,29.0,800+ sold recently,10pcs/Set Cute Luminous Colorful Little Bear Shoe Charms For Clog Sandals Shoes Decoration DIY Accessories Cartoon 3D Design (Enough Light Can Make The Luminous Effect Better),Shoes
4.0,,,,2.0,29.0,800+ sold recently,10pcs/Set Cute Luminous Colorful Little Bear Shoe Charms For Clog Sandals Shoes Decoration DIY Accessories Cartoon 3D Design (Enough Light Can Make The Luminous Effect Better),Shoes
10.0,,,,12.3,21.0,900+ sold recently,Women's Fashionable Rainbow Lightweight Casual Sports Shoes With Colorful Graffiti,Shoes
29.0,,,,19.4,21.0,4.1k+ sold recently,"Glamorous Sandals For Women, Faux Pearl Decor Chunky Heeled Satin Ankle Strap Sandals",Shoes
1.0,,,,12.15,25.0,700+ sold recently,"Women Quick-Drying River Tracing Shoes, Outdoor Beach Shoes, Soft-Bottomed, Anti-Skid, Casual All-Match Sports Shoes/Random Color For Shoe Soles",Shoes
11.0,,,,10.3,20.0,700+ sold recently,"Fashionable Outdoors Flat Slippers for Women, Twin Strap Leopard Print Artificial Leather Open Toe Slide Sandals",Shoes
1.0,,,,11.25,25.0,100+ sold recently,2024 New Arrival Women Beige Fashionable Athletic Casual Shoes Comfortable Versatile Anti-Slip Lightweight Student Sports Shoes.,Shoes
11.0,,#8 Best Seller,In Black Women Sneakers,41.2,20.0,,Women's High Top Two-tone Sporty Sneakers Lace-up Side Zipper Outdoor Skate Shoes Casual Black Leather Unisex Flat Thick Shoelaces Couple Shoes,Shoes
1.0,,,,13.85,26.0,,"Men's Quick-Dry Barefoot Shoes: Lightweight, Adjustable, Perfect For Hiking, Fitness, And Swimming",Shoes
1.0,,,,16.58,25.0,200+ sold recently,"New Style Artistic Star Pattern Sneakers, Fashionable Casual Shoes For Women, Sports Shoes",Shoes
8.0,,,,15.8,21.0,1.6k+ sold recently,"Vacation Beige Sandals For Women, Minimalist Braided Detail Espadrille Wedge Slide Sandals",Shoes
8.0,,,,14.6,21.0,60+ sold recently,"Women's Colorful Wedge Sandals With T-Strap, Sporty Strap, Slope Heels, Thick Waterproof Platform, Comfortable Soft Sole, Suitable For Outdoor Summer Occasions, Elegant And Fashionable, 2024 Spring/Summer New Arrival",Shoes
4.0,,,,20.9,21.0,800+ sold recently,"Women Two Tone Lace-up Front Skate Shoes, Sporty Sneakers",Shoes
26.0,,#4 Best Seller,In Red Women Flat Sandals,8.71,22.0,,Ladies' Casual Summer Comfortable & Fashionable Flat Sandals,Shoes
5.0,,,,20.9,21.0,200+ sold recently,Women's Black And White Sports Letter Patterned Lace-up Skate Shoes,Shoes
1.0,,,,12.7,21.0,100+ sold recently,"Women's Wooden Pattern Wedge High Heel Waterproof Platform Open Toe Cut-Out Flower Hollow Out Metal Buckle Decor Extension Sandals For Outdoor Beach Summer, Black Or Solid Color",Shoes
16.0,,,,20.4,20.0,1.9k+ sold recently,"Women's High-Heel Pearl Chain Decoration Chunky Sandals, Fashionable Wedding Butterfly & Flower Princess Shoes",Shoes
1.0,,,,1.5,32.0,100+ sold recently,"2pcs Transparent Self-Adhesive Gel Forefoot Pad, Anti-Slip Flip Flop Insole, Toe Separator For Sandals",Shoes
6.0,,#4 Best Seller,In Multicolor Women Sports Sandals,10.0,21.0,,Women Large Size Thick Platform Sports Sandals With Color Block Design For Summer Beach,Shoes
1.0,,,,18.4,21.0,60+ sold recently,"Women Sexy Apricot High Heels Elegant Square Toe Ankle Strap Chunky Heel Sandals, Easy Matching, Make You Look Taller And Slimmer",Shoes
1.0,,,,15.0,23.0,700+ sold recently,Women Sports Casual Shoes Mesh Breathable Running Shoes White,Shoes
1.0,,#2 Best Seller,In Multicolor Inserts & Insoles,1.4,33.0,,"Set Of 2 Women's High Heel Foot Protectors, This Set Includes Five Toe Forefoot Pads, Sweat-Wicking Insoles, Half-Length Socks And Toe Separators, Designed For Foot Pain Relief, Moisture Wicking And Shock Absorption.",Shoes
8.0,,#1 Best Seller,In Black and White Women Flat Sandals,4.07,67.0,,"Black And White Polka Dot Women Fashionable And Casual Slippers, Flat Beach Slippers, Anti-Slip, Wear-Resistant, Comfortable, With Bow Decoration",Shoes
5.0,,#4 Best Seller,In Black Women Casual Shoes,18.33,23.0,,"Women Low Top Wide Fit  Canvas Sneakers, Preppy Colorblock Black Flat Shoes",Shoes
1.0,,,,10.65,25.0,200+ sold recently,Fashionable Casual Comfortable White Sneakers With Soft Sole,Shoes
6.0,,,,7.89,43.0,700+ sold recently,Women's Sandals Rhinestone Slide Glitter Bling Casual Sandal Flat Open Toe Sparkle Slides,Shoes
1.0,,,,12.15,25.0,100+ sold recently,"Outdoor Cut-Proof Water Shoes, Quick-Drying, Suitable For Wading, Beachcombing, Swimming For Women And Men, Breathable And Non-Slip",Shoes
1.0,,#2 Best Seller,In Blue Women Ankle Boots & Booties,28.4,12.0,,Ladies' Studded Floral Designed Classic Chunky Heel Holiday Boot,Shoes
1.0,,,,1.9,30.0,100+ sold recently,"2pcs Cute And Fashionable Decoration Chains With Buckle For Hollow Out Shoes, Macaron-Colored Pink Shoe Chain For Women/Men, Detachable Decorative Accessory For Sandals/Beach Shoes",Shoes
8.0,,,,8.8,21.0,2.3k+ sold recently,"2024 Women's Summer New Style Leather Square Toe Flat Plus Size Sandals, Casual Slippers",Shoes
1.0,,,,13.95,30.0,200+ sold recently,Women Glitter Lace-Up Platform Wedge Sneakers With Thick Bottom Slope Heel For Casual And Sporty Outfits,Shoes
1.0,,,,9.42,43.0,500+ sold recently,"Women's White British Style Lace-Up Sport Shoes, Round Toe Low-Cut Flat Skate Shoes, Fashionable Breathable Anti-Slip Student Sneakers",Shoes
1.0,,,,21.6,21.0,700+ sold recently,"Women Snakeskin Embossed Chunky Heeled Ankle Strap Sandals, Funky Summer Heeled Sandals",Shoes
4.0,,,,12.1,21.0,300+ sold recently,"Women Breathable Thick-Soled Roman Sandals With Casual Fairy Style,INS Style Sports Sandals For Summer 2024",Shoes
4.0,,#6 Best Seller,In Orange Women Shoes,13.4,21.0,,"Women Buckle Decor Raw Trim Slide Sandals, Funky Summer Flat Sandals",Shoes
6.0,,#4 Best Sellers,in Women Slides,6.3,23.0,,"Women Single Band Slides, Vacation Beige Fabric Slides",Shoes
5.0,,,,5.3,24.0,200+ sold recently,"Women Criss Cross Fuzzy Bedroom Slippers, Fashion Indoor Home Slippers",Shoes
1.0,,,,13.1,21.0,100+ sold recently,"Solid Color Low Cut Canvas Sneakers, Athletic Shoes",Shoes
1.0,,,,5.0,50.0,100+ sold recently,Ladies' Snake Skin Printed Slippers Outdoor Flat Sandals,Shoes
1.0,,#3 Best Sellers,in Skate Shoes Women Shoes,10.88,32.0,,"Women's White Shoes, Classic British Style Pure White Lace-Up Leather Athletic Sneakers, Round Toe Low-Cut Flat Skate Shoes, Fashionable Breathable Slip-Resistant White Shoes For Students",Shoes
1.0,,,,14.9,21.0,3.2k+ sold recently,"Women Apricot Buckle Detail Flat Slide Sandals, Fashionable Open Toe Mules For Daily",Shoes
6.0,,,,10.9,21.0,4.4k+ sold recently,"Women's Casual Breathable Black Canvas Shoes, Slip-Resistant, Solid Color Pattern, Canvas Fabric, Round Toe, Elastic Lace-Up, Easy To Put On And Take Off, Flat Bottom, Lightweight, Suitable For Work And Sports",Shoes
7.0,,,,10.6,21.0,1.4k+ sold recently,"Women's Fishmouth Buckle Decoration Flat Sandals With Rubber Sole, Comfortable Casual Vacation Style, Brown Leather",Shoes
7.0,,#7 Best Sellers,in Bedroom Slippers Women Shoes,14.1,23.0,,Women's Winter New Arrival Fluffy Black Furry Slippers For Home And Casual Wear,Shoes
5.0,,#5 Best Sellers,in  Night Out,21.4,21.0,,"Women's Bow Knot Open Toe Peep Toe Sequined Clear Sandals With Stiletto, Breathable & Comfortable For Party",Shoes
8.0,,#7 Best Seller,In Brown Women Sandals,12.9,21.0,,"Sporty Brown Sandals For Women, Stitch Detail Hook-and-loop Fastener Sport Sandals",Shoes
1.0,,,,4.17,44.0,300+ sold recently,"Women's Thick-Soled Slippers, Summer Anti-Slip Waterproof Beach Sandals, Suitable For Swimming And Vacation",Shoes
1.0,,,,1.65,50.0,,"10pcs/Set Integrated Decorative Shoe Buckles With Insertion Design, Made Of PVC, Soft Rubber, For DIY Use, Featuring Driving Dog Pattern",Shoes
13.0,,#2 Best Seller,In Beige Women Casual Shoes,7.42,66.0,,"Women's Milkb White Running Shoes For All Seasons, Lightweight, Comfortable, Shock Absorbing, Slip-Resistant, Breathable Mesh, Hook Knitting, Casual Sports Shoes, Walking Shoes",Shoes
6.0,,,,15.5,21.0,300+ sold recently,Women'S Transparent Pvc Chunky Heel Sandals Fashionable Square Toe Open-Toe Slippers With Crystal Decoration,Shoes
1.0,,#9 Best Seller,In Red Women Casual Shoes,8.44,37.0,,"Ladies"" Comfortable Breathable Flat Slip-On Casual Sports Shoes, Versatile",Shoes
4.0,,,,11.6,23.0,1.5k+ sold recently,"2022 Summer New Arrival Flat Woven Fisherman Slippers For Women, Open Toe, Large Size",Shoes
4.0,,#2 Best Seller,In Pink Women Sneakers,26.0,20.0,,"Women Star Pattern Lace-up Front Skate Shoes, Sporty Sneakers",Shoes
6.0,,,,7.98,62.0,1.1k+ sold recently,Women's Woolen Slippers Memory Foam Fluffy Moccasin With Soft Plush Fleece Lining Slip-On For Indoor Outdoor Use,Shoes
20.0,,,,14.9,21.0,300+ sold recently,"Women Summer New Style Wedge Heel Thick Bottom Comfortable And Lightweight With Color Block, Studs And Peep Toe Casual Sandals",Shoes
7.0,,#8 Best Seller,In Beige Women Platforms & Wedge Sandals,19.59,23.0,,Women Buckle Decor Flatform Slingback Sandals,Shoes
1.0,,#4 Best Seller,In Black Women Sports Shoes,12.6,20.0,,"Women's Fabric Sports Shoes, Front Lace-Up With Mesh Decoration, Outdoor Running And Fitness Shoes",Shoes
1.0,,,,8.1,17.0,,"Women Minimalist Slip On Aqua Socks, Sporty Outdoor Water Shoes",Shoes
26.0,,#10 Best Seller,In Apricot Women Flat Sandals,9.88,25.0,,"Women  Apricot Rhinestone Decor Flat Sandals, Open Toe Mules For Daily Wear",Shoes
12.0,,,,11.2,21.0,8.3k+ sold recently,"Women's Fashionable Luxurious Pearl Decoration Slippers With A Single Strap, Casual, Comfortable, Classic French Design, Beaded, Open Toe, Flat Sole, Elegant, Convenient For Daily Use, Milky Color",Shoes
4.0,,#10 Best Seller,In Multicolor Women Sandals,18.41,21.0,,"Spring 2024 New Arrival Plus Size Women's Shoes, European And American Style Thick Bottom Outdoor Beach Sandals",Shoes
5.0,,#9 Best Sellers,in Women Home Slippers,5.9,23.0,,"Women House Slippers, Four Seasons Open Toe Slippers, Soft And Comfortable With Black/ Khaki Corduroy Upper And Fur Trim - Ideal For Indoor Flooring, Couples, Spring And Autumn",Shoes
1.0,,,,14.9,21.0,200+ sold recently,"Elegant Outdoors Comfy Sandals For Women, Glitter Metallic Artificial Leather Open Toe Ankle Strap Sandals",Shoes
6.0,,,,12.64,22.0,400+ sold recently,"Women Sandals, Bohemian National Style Flat Sandals With Rhinestone Decoration, Open Toe T-Strap Clip Toe Beach Shoes, Summer",Shoes
7.0,,,,21.5,21.0,900+ sold recently,Mesh Panel Lace Up Front Breathable Chunky Trainers Women Sneakers,Shoes
1.0,,,,8.3,20.0,1.1k+ sold recently,"New Arrival 2023 Fashionable Multi-color Summer Sandals For Women, With Toe Post Design, Suitable For Party, Holiday, Beach, Wedding, Casual, Or Outdoor Activities",Shoes
1.0,,,,4.17,51.0,100+ sold recently,"Women's Thick-Soled Flip Flops, Comfortable & Fashionable Beach Slippers",Shoes
1.0,,,,15.26,55.0,,1 Pair Of Autumn Chunky Sneakers Breathable Women's Shoes,Shoes
13.0,,,,9.7,20.0,4.8k+ sold recently,Spring/summer Casual & Stylish Flat Slippers Sandals For Holiday,Shoes
17.0,,,,12.3,21.0,1.5k+ sold recently,"Women Pearl Decor Flat Sandals, Four Size Options Of Gradient Pearls, Luxurious Summer Casual Fashionable Anti-Slip Slippers",Shoes
6.0,,#8 Best Seller,In Blue Women Platforms & Wedge Sandals,21.9,20.0,,Women's Blue Resort Braided Hemp Rope Wedge Sandals,Shoes
1.0,,#5 Best Seller,In Black Women Home Slippers,12.0,23.0,,"Thick-Soled Beach Flip-Flops For Couples To Wear In Summer, Outdoor Simple, Fashionable, Non-Slip And Wear-Resistant Casual Sandals",Shoes
1.0,,,,12.99,32.0,1.0k+ sold recently,Women Sandals New Thick Bottom Braided Cross Casual Solid Color Slippers Beach Sandals,Shoes
4.0,,,,10.6,20.0,900+ sold recently,"Women's Fashionable Floral Woven Flat Sandals, Casual",Shoes
9.0,,,,10.1,21.0,10k+ sold recently,"2024 New Style Round-Toe Plus Size Women's Anti-Slip Flat Sandals, Fashionable, Cute, Comfortable And Lightweight For Walking In Parks, Beaches And Streets, With Edges Adorned, Factory Direct Sale",Shoes
8.0,,#1 Best Sellers,in Women Home Slippers,9.2,28.0,,"Women's New Style Comfortable Bowknot Flat Slippers, Fashionable And Versatile, For Home Use",Shoes
1.0,,#10 Best Seller,In White Women Slides,10.59,24.0,,"Bride's Cross Toe Fluffy Slippers, Bridesmaids' White Slippers, Perfect For Bachelorette Party And Wedding",Shoes
8.0,,,,14.8,20.0,50+ sold recently,2023 Women's New Style Flat Shoes,Shoes
22.0,,#3 Best Seller,In Blue Women Sneakers,16.9,20.0,,"Women's Casual Sports Shoes With Comfortable Soft Sole And Metal Chain Decor, Loafers",Shoes
4.0,,#4 Best Sellers,in Flat Women Shoes,39.4,21.0,,New Style Women Boots High-Top Orange Boots Thigh High Boots Women Lace-Up Zip Flat Boots Party Shoes For Women Daily Wear Ladies Shoes Casual Fashion Sneakers Outdoor Comfort Unisex Couple Shoes,Shoes
1.0,,,,9.3,21.0,10+ sold recently,"Women's Solid Color Flat Sandals, Casual Elastic Band Summer Shoes, Slip-On Beach Shoes",Shoes
1.0,,,,21.1,21.0,500+ sold recently,New Women's Low/Chunky Heel Strappy Square Toe Roman Sandals With Metal Decoration,Shoes
14.0,,,,12.8,20.0,2.6k+ sold recently,Women Lightweight Comfortable Casual Sports Shoes For All Seasons,Shoes
1.0,,#2 Best Seller,In Blue Women Slippers,5.7,24.0,,"Women's Spring And Autumn Comfortable Open Toe Slippers With Bowknot, Winter Warm Plush Home Slippers For Indoor Use",Shoes
1.0,,#7 Best Sellers,in High Heel Women Platforms & Wedge Sandals,15.2,24.0,,"Women's Espadrille Wedge Sandals, Peep Toe Buckle Strap Platform High Heels, Fashion Slingback Party Sandals",Shoes
1.0,,,,8.3,32.0,60+ sold recently,"New Cross-Border Colorful Embroidered Design For Spring & Summer - Golden 3D Butterfly, French Lychee Pattern, Retro Style - Suitable For Beach Parties, Shiny, Non-Slip Women's Flat Sandals",Shoes
7.0,,,,9.9,24.0,3.2k+ sold recently,"Women Letter Decor Single Band Slides, Fashionable Black Comfortable Slides",Shoes
4.0,,,,14.8,23.0,100+ sold recently,"Women Flat Heel Rhinestone Decor Slipper With Square Toe For Vacation, Casual Party, Beach, And Home, 2024 New Summer Collection",Shoes
1.0,,,,7.7,21.0,6.5k+ sold recently,"Women's Square Toe Crisscross Straps Flat Sandals, Simple Style, Slim Ankle Strap Summer Beach Shoes",Shoes
7.0,,,,10.6,20.0,200+ sold recently,"Women Cross Strap Open Toe Slide Sandals, Fashionable Solid Minimalist Flat Sandals",Shoes
11.0,,,,8.8,23.0,1.5k+ sold recently,"Cute Animal-Themed Fun Paw Home Slippers, Cozy And Warm Women's Indoor Slippers With Non-Slip Soles, Couple's Gift",Shoes
7.0,,,,19.1,21.0,600+ sold recently,"Women's Casual Sports Shoes, Fashionable Sneakers With Thick Soles, Low-cut Lace-up White Shoes, Suitable For Any Season",Shoes
11.0,,#9 Best Sellers,in Low Heel Shoes,16.5,21.0,,"Vacation Coffee Brown Solid Wedges Slide Sandals For Women, Braid Detail Criss Cross Wedge Sandals",Shoes
1.0,,,,19.0,17.0,,Fashion Women Black Woven Grass Rope Wedge Heel Sandals With Thick Soles,Shoes
1.0,,#5 Best Seller,In Pink Women Casual Shoes,12.89,32.0,,Women's Wide Loafers Shoes Ladies Comfort Walking Shoes Suede Moccasins Wide Platform Shoes Moccasin Penny Loafers Slip On Work Shoes Casual Shoes,Shoes
1.0,,,,31.1,24.0,10+ sold recently,Men's High Heel Chelsea Boots With Double Elastic Band,Shoes
7.0,,#5 Best Seller,In Green Women Platforms & Wedge Sandals,13.9,21.0,,"Women's Plus Size Fashion Round Toe Open-Toe Color-Block Wedge Sandals With Chunky Soles, Green",Shoes
1.0,,,,29.0,20.0,,Women Chunky Low Heel Chelsea Booties Buckle Strap Ankle Boots,Shoes
1.0,,,,23.6,7.0,20+ sold recently,Women's Summer Thin Strap Platform Wedge Sandals,Shoes
1.0,,,,13.59,45.0,30+ sold recently,"Women's Fashionable Pointed Toe Chunky Heel Ankle Boots, Western Style",Shoes
8.0,,#9 Best Seller,In Clear Women Flat Sandals,7.3,20.0,,"New Arrival Flat Sole Beach Women's Slippers With Square Toe, Tassel, Open Toe, And Lightweight Design, For Outdoor",Shoes
1.0,,,,23.4,18.0,,Women's Fashionable Brown Pointed Toe Chunky Heel Knee-high Boots For Autumn/winter,Shoes
1.0,,,,7.45,50.0,,"Men's Breathable Mesh Sports Shoes, Lightweight And Comfortable, Black Lace-Up Shoes For Women, Casual Running Shoes, Size 36-45",Shoes
4.0,,,,8.2,21.0,700+ sold recently,"Large Size Eu 35-43 Summer Open Toe Flat Sandals For Women, Orange Color For Daily Wear, Beach Wear, Casual Wear",Shoes
1.0,,,,18.07,35.0,,"Summer New Fashion Thick-Soled Women's Flip-Flops, Lightweight, Wear-Resistant, Non-Slip, Comfortable, All-Match And Height-Increasing Women's Sandals, Outdoor",Shoes
22.0,,,,10.24,20.0,600+ sold recently,"Large Size Women's Pointed Toe Flat Shoes, Orange-Yellow Color Fabric Surface, Spring/ Summer/ Autumn, Soft Bottom, Slip-On Style",Shoes
4.0,,,,13.85,35.0,,"Men's White Sneakers, 2024 Spring And Summer New Arrival, Student Sports Shoes With Height Increase Feature, Recommended By Popular Online Shop, Trendy Style",Shoes
16.0,,,,10.2,20.0,300+ sold recently,"Fashionable And Comfortable Women's Flat Sandals, New Summer Lightweight Golden Maple Leaf Sandals, Toeless Open Toe Sandals",Shoes
1.0,,,,39.2,11.0,,"Women's Sequined High Heel Chunky Heel Ankle Boots With Square Toe For Nightclub, Party And Banquet",Shoes
1.0,,,,23.0,20.0,100+ sold recently,Women's Fashionable Buckle-Decorated Black Biker Boots,Shoes
1.0,,,,21.0,19.0,80+ sold recently,Simple Black Classic Women's High Heel Stiletto Shoes,Shoes
1.0,,,,29.0,20.0,10+ sold recently,Women Knitted Stretch Sock Boots Stiletto High Heel Booties,Shoes
1.0,,,,7.5,46.0,,"2024 New Summer Fashion Men's Outdoor Shoes, Comfortable Soft Lightweight Driving Work Slip-Resistant Soft-Soled Water-Resistant Shock-Absorbing Sandals",Shoes
1.0,,,,13.31,45.0,10+ sold recently,"Couple's Casual Breathable Sports Shoes, Popular Elastic Low-cut Sneakers With Canvas Upper And Popcorn Outsole, Soft And Comfortable Running Shoes, Suitable For Both Men And Women",Shoes
8.0,,,,10.6,20.0,100+ sold recently,"New Fashion Sequin Flat Beach Slippers, Outdoor Open Toe Slip-On Women's Sandals, Perfect For All Occasions",Shoes
6.0,,,,20.3,21.0,70+ sold recently,"Colorful Vacation Style Women's High Heels, New Spring/Summer Collection, 6.5cm Heel Wedding Shoes, Adorned With Elegant Large Bow Decoration And Back Ankle Strap. (Asymmetric Fabric Pattern, Randomly Assigned)",Shoes
1.0,,,,32.0,11.0,,Women Faux Leather Chelsea Lug Boots Slip-On Chunky Heel Ankle Booties,Shoes
1.0,,#1 Best Seller,In Black and White Shoe Accessories,0.87,71.0,,"2Pairs/4 Pairs Shoe Creases Protectors, Suitable For Women's 5-8.5 (A: 1 Pair Of White+1 Pair Of Black, C: 2 Pairs Of White+2 Pairs Of Black),  Men's 7.5-12(B: 1 Pair Of White+1 Pair Of Black, D: 2 Pairs Of White+2 Pairs Of Black)",Shoes
6.0,,,,18.08,20.0,400+ sold recently,"Women Black Minimalist Pumps, Point Toe Stiletto Heeled Court Pumps",Shoes
26.0,,,,6.65,50.0,30+ sold recently,Latest Cute Style Yellow Flat Women's Roman Sandals,Shoes
1.0,,#1 Best Sellers,in Women Running Shoes,5.76,57.0,,"Women Autumn Lace-Up Sneakers, Fashionable, Versatile, Comfortable And Soft White Shoes, Suitable For Outdoor Running And Walking",Shoes
1.0,,,,10.95,45.0,60+ sold recently,Women's Chunky Heel Sandals Slides Casual Open Toe Summer Shoes,Shoes
9.0,,#1 Best Sellers,in Mid Heel Women Ankle Boots & Booties,41.2,20.0,,Platform Fashion Ankle Boots For Women Round Toe Thick Bottom Ladies Sneakers Vulcanize Shoes Lace-Up Designer Goth Punk Rock Booties Black,Shoes
10.0,,,,14.9,21.0,3.1k+ sold recently,Women'S Wedge Heels Thick Bottom Colorful Braided Embroidery Beach Sandals,Shoes
18.0,,,,11.2,21.0,300+ sold recently,Summer Women's Casual Wedge Heel Thick Bottom Cross Strap Slippers Solid Color Fashionable Sandals Black/White,Shoes
1.0,,#3 Best Seller,In Pink Wide Fit Shoes,15.1,17.0,,"Wide Fit 2024 Trending Black Shoes For Women With Pink Accents, Suitable For Casual Wear, Home Wear, Outdoors Or As Beach Slippers. Gray With Front And Back Straps For Comfort, Soft And Furry In Texture, Making For Cute Flat Sandals For Women, Available In Extra Wide Fit.",Shoes
6.0,,#4 Best Seller,In Royal Blue Women Sandals,6.27,43.0,,Solid Thick Band Slip On Flat Sandals,Shoes
7.0,,#3 Best Seller,In White Shoe Spare Parts,2.0,31.0,,"2pcs No-tie Shoelaces With Buckle, White Polyester Unisex Accessories For Shoes",Shoes
1.0,,,,19.5,22.0,1.5k+ sold recently,"Women Black Slip Resistant Chunky Heeled Platform Sandals, Fashionable Open Toe Wedge Sandals",Shoes
1.0,,,,6.8,50.0,,"2024 Lightweight EVA/Black/Large Size Slippers For Men, Casual Vacation Beach Sandals/ Lightweight EVA Large Size Slippers For Men, Casual Beach Sandals In British Style",Shoes
6.0,,#7 Best Seller,In Brown Women Platforms & Wedge Sandals,15.7,20.0,,"Vacation Ankle Strap Wedge Sandals For Women, Braid Detail Wedge Sandals",Shoes
7.0,,,,23.97,30.0,300+ sold recently,"Women Braid Detail Wedge Sandals, Fashion Sandals",Shoes
15.0,,,,5.3,24.0,500+ sold recently,"Women's Open Toe Fluffy Slippers For Spring, Autumn And Winter, Soft And Warm Indoor House Slippers",Shoes
1.0,,,,7.49,72.0,1.8k+ sold recently,New Style Woman Shoes Low Cut Lace-Up Sport White Shoes Ladies Fashionable Casual Sneakers Women Flat Shoes Student Couple Shoes,Shoes
7.0,,,,1.15,50.0,,"2pcs Fashionable Detachable Pointed Toe Sponge Protective Cap, Upgraded Version",Shoes
1.0,,,,7.51,28.0,200+ sold recently,Dachshund Dog Boutique Slippers One Size Smaller Women's Winter Warm Fluffy Slippers Plush Home Slippers,Shoes
1.0,,,,5.8,50.0,10+ sold recently,"Women's Fashion Solid Color Slippers, Stylish Flat-Bottomed Summer Shoes With Hollow Design For Beach",Shoes
14.0,,#7 Best Seller,In Burnt Orange Women Shoes,5.21,59.0,,"Fashionable Women's Slip-On Sandals, High Elasticity EVA Material With Buckle, Odorless, Anti-Slip, Wear-Resistant, Soft, Comfortable And Shock-Absorbing, Suitable For Outdoor Wear",Shoes
24.0,,#7 Best Seller,In Green Women Sandals,8.63,51.0,,New Summer Women's Fashionable Diamond Tread Thick-Soled Height-Increasing Flip-Flops Outdoor Beach Comfortable Sandals,Shoes
7.0,,#2 Best Seller,In Baby Blue Women Sneakers,4.26,65.0,,Women Comfortable Breathable All-Match Flat Slip-On Casual Sports Shoes,Shoes
6.0,,#7 Best Seller,In Gold Shoe DIY Decorations,3.35,41.0,,"26pcs Detachable Shoe Charms, Including Pearls/Imitation Diamonds/Flower Shapes Etc., Suitable For Sandals/Clogs/Summer Shoes",Shoes
11.0,,#6 Best Seller,In White Women Home Slippers,2.4,76.0,,"Women Velvet Butterfly Indoor Slippers, Flat Anti-Skid Thick Lining Winter Slippers",Shoes
1.0,,,,11.7,25.0,100+ sold recently,Women Water Shoes Quick-Drying Outdoor Beach Shoes Soft Sole Anti-Slip Everyday Sport Shoes/Random Color For Sole,Shoes
8.0,,,,6.46,47.0,300+ sold recently,"Women Glittery Sequin Decorated Slippers, Casual Flat Summer Shoes, Lightweight Beach Sandals",Shoes
5.0,,,,3.5,0.0,10+ sold recently,"Men's And Women's Water Shoes For Sports & Outdoor Activities: Quick-Drying, Breathable, Soft Soles, Anti-Slippery; Ideal For Swimming, Snorkeling, Water Trekking, Boating, Hiking, Camping And More",Shoes
6.0,,,,22.34,19.0,2.2k+ sold recently,Women Black Bow & Fringe Decor Slip On Loafers Breathable Flats Shoes,Shoes
10.0,,#4 Best Seller,In Khaki Women Shoes,10.6,20.0,,Women's Fashionable Plus Size Flat Sandals/Open-Toe Casual Outdoor Slippers,Shoes
7.0,,#9 Best Seller,In Khaki Women Shoes,10.6,20.0,,New Summer Women Elegant And Comfortable Large Size Flat Sandals With Straps For Vacation In Khaki,Shoes
23.0,,#5 Best Seller,In Beige Women Shoes,12.7,18.0,,"Fashionable Women's Flat Hollow-out Shoes, Comfortable And Slip-resistant",Shoes
24.0,,#8 Best Seller,In Hot Pink Women Sandals,14.11,24.0,,"New Summer Ladies' Casual Fashion Thick-Soled Height-Increasing Slippers, Outdoor Beach Comfortable Slippers,Hot Pink Sandals",Shoes
30.0,,,,10.6,17.0,3.3k+ sold recently,"Elegant Loafer Shoes For Women, Leopard Pattern Pattern Faux Suede Flats",Shoes
24.0,,,,13.3,25.0,7.4k+ sold recently,New Summer Women'S Casual Fashion Diamond Pattern Thick Soled Height Increasing Slippers For Outdoor & Beach Comfort,Shoes
23.0,,,,13.2,18.0,4.6k+ sold recently,"Fashionable Women's Flat-Soled Hollow Shoes, Comfortable Non-Slip Hollow Shoes",Shoes
30.0,,#3 Best Seller,In Multicolor Women Shoes,10.98,19.0,,"Plus Size Women's Pointed Toe Flat Shoes, Spring/Summer/Autumn, Fashionable Light Pink Fabric Upper, Slip-On, Daily Wear Or Outdoor Use",Shoes
6.0,,#8 Best Seller,In Pink Women Flats,23.3,18.0,,"Bow Decor Fringe Trim Slip-On Flat Loafers, Pink Preppy Style Solid Color Loafers With Bow For Women",Shoes
14.0,,#1 Best Seller,In Apricot Women Slippers,12.73,27.0,,"Fashionable Outdoors Slide Sandals for Women, Buckle Decor Plain Jelly Open Toe Footbed Sandals",Shoes
33.0,,#8 Best Seller,In Apricot Women Flat Sandals,11.0,21.0,,Women's Closed Toe Floral Strappy Flat Sandals For Summer Beach With A Fashionable & Versatile Style,Shoes
16.0,,,,11.4,18.0,1.0k+ sold recently,Women's Fashionable Oversize Breathable Slip-On Comfortable Flat Loafer In Khaki,Shoes
32.0,,#5 Best Seller,In White Women Flats,17.7,18.0,,Summer Hollow Out New Leather Shoes Middle-Aged Mom Women Flat Shoes Driving Loafers Women Soft Bottom Wedge Heel Hollow Out Shoes Women,Shoes
15.0,,#7 Best Seller,In Green Women Heeled Sandals,20.5,21.0,,Fashionable Green Women High-Heel Sandals Spring Summer Party Versatile Square Toe Stiletto Antiskid Sole Matched With Flower Shaped Heel Sandals,Shoes
22.0,,#4 Best Seller,In Multicolor Women Flats,11.9,17.0,,"Women's Pointed Toe Shallow Mouth Flat Shoes With Vacation Style Print For Outdoor & Daily Wear, Autumn, Fashionable Cloth With Soft Bottom Work Shoes & Driving Loafers, Flat Shoes For Women",Shoes
15.0,,#3 Best Seller,In Purple Women Shoes,9.5,20.0,,Women Fashion Square Toe Ruffle Slippers Flat Casual Slides,Shoes
6.0,,#8 Best Sellers,in Women Outdoor Shoes,12.6,18.0,,"Outdoor Wading Shoes For Women, Quick-Drying Sand Shoes, Anti-Slip Fishing Shoes For Beach, Swimming, Water Trekking, Lightweight And Breathable",Shoes
7.0,,#4 Best Sellers,in Low Heel Shoes,20.4,20.0,,"Women Metallic Wedge Thong Sandals, Glamorous Sandals Gold",Shoes
30.0,,#2 Best Seller,In Hot Pink Women Flats,11.2,18.0,,"Oversize Eu 35-45 Trendy Pointed Toe Rose Red Cloth Surface Flat Shoes, Slip-On Style Women's Shoes For Daily And Outdoor Wear",Shoes
1.0,,,,11.47,22.0,1.5k+ sold recently,"New Summer Women's Silver Flat Slippers, Fashionable And Versatile Toe Separator Slippers For Daily Use And Going Out",Shoes
5.0,,,,3.5,0.0,100+ sold recently,"New Beach Socks Shoes For Women, Diving, Snorkeling, Water Park, Creek Trekking, Anti-Slip & Cut-Proof Soft Skin Shoes",Shoes
1.0,,#7 Best Seller,In Beige Inserts & Insoles,2.1,30.0,,1 Pair Of Shoe Heel Pads To Reduce Abrasion And Prevent High Heels From Slipping Off (Size Adjuster),Shoes
32.0,,,,17.3,18.0,2.2k+ sold recently,"Summer New Style Hollow Out Elderly Women Pu Leather Shoes, Comfortable Driving Loafers, Flat Platform Women's Shoes",Shoes
15.0,,#5 Best Sellers,in Flat Women Shoes,20.0,18.0,,"New Thick Bottom Wedge Heel Shoes, Pointed Toe And Increased Platform Loafers, British College Style Low/Chunky/ Square Heel, Fashionable And Versatile Slip-On Bowknot Women's Shoes",Shoes
15.0,,,,20.5,21.0,400+ sold recently,"Fashionable Purple Women's High Heel Sandals With Peep Toe, Thin Heel, Non-Slip Sole And Flower Embellishment, Suitable For Spring And Summer Parties",Shoes
17.0,,,,14.5,21.0,2.2k+ sold recently,"Women's Flat Summer Sandals With Jute Sole, One Step To Wear, Wraparound Style, Open Toe, Comfortable",Shoes
10.0,,,,13.7,20.0,400+ sold recently,"Women's Comfortable Lightweight Outdoor Half Slippers, Casual Sports Shoes For All Seasons",Shoes
39.0,,#5 Best Seller,In Beige Women Platforms & Wedge Sandals,20.1,21.0,,"Women's Summer New Platform Wedge Sandals, Casual Roman Beach Slippers",Shoes
4.0,,,,52.7,21.0,600+ sold recently,"New Style Plush Slippers With Flat Thick Sole, Suitable For Indoor And Outdoor Wear",Shoes
8.0,,,,88.7,24.0,200+ sold recently,"/Sports Shoes, Street Sports Shoes, Men's And Women's Sports Shoes, Couple Shoes",Shoes
10.0,,,,12.67,21.0,3.0k+ sold recently,"Women Metallic Bow Decor Open Toe Slide Sandals, Glamorous Summer Outdoor Flat Sandals",Shoes
4.0,,,,22.1,21.0,200+ sold recently,"Women High Heel Sandals, Summer New Style, European And American Banquet Simple Square Toe High Heels, Metal Silver Coral Pearl Decoration, Sexy For Outdoors, Lightweight Vacation Camping, Casual Outerwear, Easy To Wear, Fashionable For Beach, Party, Etc.",Shoes
20.0,,#5 Best Seller,In Champagne Women Shoes,7.58,23.0,,"New Spring Summer Trendy H Slippers For Women In Roman Style, Comfortable Flat Slides With Embossed Texture In Black, Beige, And Brown Colors, Recommended By Fashion Bloggers, Suitable For Outdoor Activities, Party, Or Daily Wear, Suitable For Various Outfits Including Casual, Chic, French Style, Or Fairy Style.",Shoes
39.0,,#9 Best Seller,In Green Women Heeled Sandals,19.3,21.0,,"Women's Green High Heel Sandals, Square Toe Chunky Heel Sandals, Two-way Wear High Heel Slippers, Soft PU Leather Comfortable And Versatile High Heel Shoes, Square Chunky Heel Shows Long Legs, Solid Color Casual And Comfortable Slippers For Women",Shoes
10.0,,,,14.1,20.0,1.4k+ sold recently,"Women Bow Decor Flat Sandals, Funky Neon-orange Slide Sandals For Summer",Shoes
12.0,,,,8.4,21.0,1.0k+ sold recently,"Women Minimalist Single Band Slide Sandals, Fashion Summer Flat Sandals",Shoes
24.0,,,,11.9,17.0,1.3k+ sold recently,"Women's Sweet Bowknot Black Pointed Toe Shallow Mouth Flat Shoes, New Style For Outdoor Daily Driving Work Autumn",Shoes
29.0,,,,8.5,20.0,400+ sold recently,"Women Fashionable Large Size Slip-On Beach Slippers, Suitable For Outdoor And Seaside Vacation",Shoes
13.0,,,,9.3,21.0,300+ sold recently,"Women's Fashionable Casual Yellow Sandals, Comfortable Open Toe Square Toe Ruched Fabric Straps Slip-On Flat Sandals For Summer Daily Wear",Shoes
16.0,,#2 Best Seller,In Red Women Flats,11.7,18.0,,Women Red Fashionable Breathable Slip-On Comfortable Flat Shoes,Shoes
15.0,,#6 Best Seller,In Orange Women Flat Sandals,12.2,20.0,,"Women  Woven Flat Sandals For Summer, Lightweight And Non-Slip Beach Shoes, Random Colorful Woven Patterns Flat Sandals",Shoes
16.0,,,,11.0,21.0,200+ sold recently,"Women Spring And Summer Casual Flat Slippers, Round Toe Slip-Resistant Slipper, Outdoor Beach Sandals",Shoes
13.0,,#5 Best Seller,In Multicolor Women Sports Sandals,10.0,21.0,,"Women Plus Size Flat Sandals, European And American Style New Thick-Soled Printed  Open Toe Beach Shoes, Comfortable Soft Bottom Outdoor Seaside Sandals For Summer",Shoes
5.0,,#2 Best Seller,In Grey Women Flats,13.87,32.0,,Women's Gray Bow Knot Slip-On Loafers Breathable Flat Shoes,Shoes
10.0,,#10 Best Seller,In Yellow Women Flat Sandals,10.9,20.0,,Women Fashion Plus Size Toe Ring Flat Outdoor Sandals Casual Versatile Flat Slippers,Shoes
29.0,,,,20.4,20.0,1.2k+ sold recently,Fashionable Pearl Decor Bowknot Round Toe Chunky Heel Sandals,Shoes
7.0,,,,24.96,20.0,400+ sold recently,"Elegant Black Pumps For Women, Faux Suede Point Toe Platform Heeled Ankle Strap Pumps",Shoes
16.0,,,,11.52,20.0,700+ sold recently,"Spring/Autumn New Arrival White Cloth Pointed Toe Flat Mules With Bowknot, Plus Size Women's Slouchy Slip-On Flat Shoes",Shoes
32.0,,#6 Best Seller,In Apricot Women Pumps,20.9,18.0,,Fashionable Patent Leather Pointed Toe Hollow Out Chunky Heel High Heels,Shoes
12.0,,#5 Best Seller,In Green Women Sandals,11.2,21.0,,"Vacation Green Flat Slippers for Women, Twist Decor Plain Polyester Open Toe Slide Sandals",Shoes
1.0,,,,11.98,22.0,3.2k+ sold recently,"Vacation Slide Sandals For Women, Braid Detail Single Band Flat Sandals",Shoes
24.0,,,,11.9,17.0,400+ sold recently,"Spring/Autumn Pointed Toe Flat Shoes Women Plaid Slip-On Shoes With Lightly Metal Chain For Daily Wear And Match Dress, Square Toe Flat Shoes In Beige And Gold Color",Shoes
29.0,,,,8.5,20.0,300+ sold recently,"Women Fashionable Beach Slippers For Outdoor Vacation, Plus Size Flip-Flops With Toe Separator",Shoes
5.0,,#5 Best Seller,In Khaki Women Home Slippers,5.72,26.0,,Women House Slippers Open Toe Four Seasons Slippers Women Indoor Floor Slippers Comfortable Fashionable Plush Khaki Corduroy Slippers Women Autumn And Spring Slippers Couples,Shoes
20.0,,,,20.4,20.0,500+ sold recently,"High Heel Mule Sandal With Irregular Gold Heel, Fashionable Summer New Arrival Women's Mule Slippers",Shoes
4.0,,#3 Best Seller,In Red Women Slippers,52.7,21.0,,"New Style Furry Slippers With Closed Toe, Thick Platform Outdoor/Indoor Slip-On Shoes For Autumn/Winter",Shoes
15.0,,,,9.7,20.0,200+ sold recently,"Women's Fashionable Round-Toe Pleated Slippers, Flat Casual Slides",Shoes
4.0,,#6 Best Seller,In Gold Women Flats,19.8,18.0,,"Women's Elegant Flat Shoes With Shiny Rhinestone Decoration, Gold Color Upper, Mesh Lining, Pointed Toe, Hollow-Out Design, Ankle Strap, Comfortable For Daily Wear And Parties",Shoes
8.0,,,,88.7,24.0,100+ sold recently,"Sports Shoes, Street Sports Shoes, Men's And Women's Sports Shoes, Couple Shoes",Shoes
6.0,,,,3.3,0.0,100+ sold recently,"Beach Shoes/Water Shoes/Diving Shoes/Quick-Drying Anti-Slip Shoes For Beach, Swimming, Diving- Unisex/Foldable And Easy To Carry",Shoes
22.0,,#10 Best Seller,In Beige Women Heeled Sandals,14.16,21.0,,"Women Single Band Chunky Heeled Mule Sandals, Elegant Beige Fabric Heeled Sandals",Shoes
6.0,,,,16.2,21.0,1.2k+ sold recently,"Women's Blue Flat Sandals, Outdoorsy & Stylish Slipper, Rhinestone Decorated Square Toe Comfortable And Anti-Slip Soft Sole, Large Sizes New Arrivals",Shoes
6.0,,#6 Best Seller,In Yellow Women Shoes,9.7,22.0,,"Women's Flat Sandals, Latest Summer Style For Large Feet Size 36-43, Slip-Resistant, Wear-Resistant With Square Toe, Yellow Beach Sandals For Vacation",Shoes
1.0,,,,9.46,39.0,400+ sold recently,"Couples Beach Shoes, Aqua Shoes, Fitness Shoes, Five Toe Swimming Shoes, Outdoor Water Shoes",Shoes
1.0,,,,1.4,33.0,10k+ sold recently,1pair Five Toes Forefoot Pads for Women High Heels Half Insoles Calluses Corns Foot Pain Care Absorbs Shock Socks Toe Pad Inserts,Shoes
1.0,,#3 Best Sellers,in Shoe Accessories,1.4,33.0,,"1 Pair Heel Grips Liner Cushions Inserts For Loose Shoes, Heel Pads Snugs For Shoe Too Big Men Women, Filler Improved Shoe Fit And Comfort, Prevent Heel Slip And Blister",Shoes
5.0,,,,2.38,28.0,5.9k+ sold recently,2 Pairs Forefoot Insert Cushion Pads For Women Shoes Anti Slip Silicone Foot Pain Relief Pads For High Heels Sandals Gel Shoe Insoles,Shoes
12.0,,,,6.26,48.0,1.0k+ sold recently,SHUZIA Fun Bubbly EVA Closed Toe Slippers,Shoes
10.0,,,,6.5,24.0,10k+ sold recently,"Minimalist Single Band Slides, Futuristic Style Solid Pink Flat Sandals",Shoes
24.0,,#4 Best Sellers,in Mid Heel Women Shoes,13.49,25.0,,New Summer Women's Casual Stylish Diamond Pattern Thick-Soled Height-Increasing Slippers For Outdoor Beach Comfortable Sandals,Shoes
8.0,,#1 Best Seller,In White Women Home Slippers,5.3,24.0,,"Women's White Open Toe Cross Strap Fuzzy Slipper, Indoor Anti-slip House Shoes, Fashionable",Shoes
20.0,,,,11.78,25.0,8.0k+ sold recently,Women Black Allover Rhinestone Slide Sandals,Shoes
8.0,,#2 Best Seller,In Grey Women Home Slippers,5.6,23.0,,"Women's Gray Open Toe Cross Band Slippers, Fashionable And High-End Design, Indoor Anti-Slip Home Slippers",Shoes
8.0,,#1 Best Seller,In Khaki Women Slippers,5.5,25.0,,"Women's Black Furry Slide Sandals With Open Toe, Cross Straps & Anti-slip Sole, Comfortable & Fashionable For Indoor Home Use",Shoes
24.0,,#2 Best Sellers,in Slides Women Shoes,10.26,25.0,,Women's Bow Decor Single Band Slide Vacation Flat Sandals,Shoes
24.0,,,,14.9,21.0,1.2k+ sold recently,New Summer Women's Casual Fashion Thick-Soled Wedge Heel Red Wave Patterned Outdoor Beach Comfortable Sandals,Shoes
31.0,,#3 Best Seller,In Orange Women Shoes,11.48,21.0,,"Funky Slide Sandals For Women, Multi Strap Flat Sandals",Shoes
32.0,,#3 Best Seller,In Pink Women Flat Sandals,8.06,24.0,,"Korean Style Women's Casual Flat Slippers, Outdoor Summer Wear Open-toe Sandals, Autumn New Woven Roman Style Cool Slippers, Fashionable French Style Ladies Wear With On The Beach, H-shaped Comfortable Sandals For Summer, Bohemian Style Flat Slip-on Beach Shoes",Shoes
20.0,,,,9.31,24.0,4.6k+ sold recently,"Women's Snake Print Flat Slides Sandals For Summer Vacation, Indoor And Outdoor",Shoes
8.0,,,,5.6,24.0,1.4k+ sold recently,"Single Band Bedroom Slippers, Beige Fashionable Solid Color Bedroom Slippers",Shoes
31.0,,,,11.7,20.0,3.1k+ sold recently,"Women Minimalist Criss Cross Slide Sandals, Fashion Sandals",Shoes
20.0,,,,20.4,20.0,500+ sold recently,"Women's Orange Transparent High Heel Mules Sandals, Summer New Arrival",Shoes
13.0,,,,9.41,22.0,4.6k+ sold recently,"Metallic Ruched Single Band Slide Sandals, Silver Party Solid Color Slippers",Shoes
1.0,,,,8.8,21.0,1.2k+ sold recently,"Women's Square Toe Slip-On Flat Shoes, Fashionable Multicolored Outdoor Travel & Casual Wear, Versatile",Shoes
31.0,,,,10.49,22.0,5.4k+ sold recently,"Bow Knot Slippers Hot Pink Sandals, Women's Stylish Beach Shoes With Anti-Slip Sole, Open Toe, Bowknot Design",Shoes
24.0,,#3 Best Sellers,in Mid Heel Women Shoes,13.97,24.0,,"Ladies' Casual Fashionable Diamond Patterned Thick-soled Increase High Slippers, Outdoor Beach Comfy Flip Flops",Shoes
9.0,,,,6.3,24.0,3.3k+ sold recently,"Women's Anti-Slip Soft Sole Thickened Bottom Slippers, Indoors Eva Thickened Home Slippers",Shoes
24.0,,#4 Best Seller,In Apricot Women Platforms & Wedge Sandals,14.11,24.0,,"New Arrival Summer Women's Casual Fashionable Thick Bottom Diamond Checkered Anti Slip High Heel Slippers For Outdoor, Beach, Comfortable Apricot Flip Flops",Shoes
1.0,,,,15.3,21.0,100+ sold recently,"Vintage Peep Toe Peep-Toe Sandals For Women, Beige/Black Anti-Slip Thick Bottom Wedge Heels Outdoor/Beach Slippers, Comfortable High Heels",Shoes
24.0,,,,10.86,23.0,6.0k+ sold recently,"Women Anti-slip Bow Decor Flat Sandals, Vacation Summer Polyester Slide Sandals",Shoes
1.0,,,,11.0,21.0,3.3k+ sold recently,Women's Fashionable Woven Pure White Beach Leisure Holiday Style Slip-On Slippers For Summer,Shoes
1.0,,#9 Best Seller,In Beige Shoe Spare Parts,1.5,32.0,,"2pcs Back Heel Pads, Fabric Shoe Inserts For Pumps",Shoes
1.0,,,,9.6,21.0,2.7k+ sold recently,"Women's Flat Sandals With Toe Ring Design, Summer Stylish Open Toe Slippers",Shoes
22.0,,#1 Best Seller,In Olive Green Women Sandals,8.6,21.0,,"New Spring And Summer H-Shaped Slippers For Women, Fashionable And Casual Style, Suitable For Wearing Outdoors, One Buckle Flat Sandals With Roman Style",Shoes
15.0,,#5 Best Seller,In White Women Sandals,9.9,21.0,,Women's Flat Sandals Plus Size Summer Beach Slippers With Rhinestone Decoration,Shoes
10.0,,,,6.5,24.0,2.8k+ sold recently,Women's Fuchsia Fashionable Solid Color Slippers With Minimalist Single Strap,Shoes
16.0,,#7 Best Seller,In Multicolor Women Casual Shoes,20.2,21.0,,"White & Pink Lightweight & Comfortable Sneakers For Men & Women, Suitable For Walking And Commuting",Shoes
24.0,,#7 Best Seller,In Yellow Women Shoes,14.11,24.0,,"Summer New Women's Casual Fashionable Rhombus Pattern Thick-Soled Height-Increasing Slippers, Outdoor Beach Comfortable Flip-Flops",Shoes
22.0,,,,9.7,22.0,10k+ sold recently,New Women's Strappy Roman Flat Sandals,Shoes
10.0,,,,6.8,24.0,10k+ sold recently,Women Minimalist Single Band Flat Slides,Shoes
24.0,,#10 Best Seller,In Orange Women Flat Sandals,11.66,22.0,,"Women Anti-slip Bow Decor Flat Sandals, Vacation Summer Polyester Slide Sandals",Shoes
39.0,,#4 Best Seller,In Blue Women Platforms & Wedge Sandals,22.3,20.0,,"New Summer Thick-Soled Wedge Heel Women Sandals, Casual Roman Slippers For Women With Anti-Skid Sole",Shoes
23.0,,#5 Best Seller,In Yellow Women Shoes,9.11,21.0,,"Summer Women's Plus Size Square Toe Open Toe Sandals With Cutout And Straps, For Outdoor/Indoor, Beach, Daily, Vacation, Flat Fashionable Slippers",Shoes
26.0,,,,8.1,21.0,500+ sold recently,"Women Snakeskin Embossed Hollow Out Design Flat Sandals, Funky Orange Slide Sandals For Summer",Shoes
16.0,,#2 Best Seller,In Khaki Women Heeled Sandals,12.8,20.0,,"European And American Style Women Thick-Soled Chunky Heeled Slippers, Open-Toed High Heel Sandals For Outdoor Wear, New Arrivals",Shoes
23.0,,,,8.9,21.0,900+ sold recently,"Women Hot Pink Snakeskin Embossed Flat Sandals, Funky Slide Sandals For Summer",Shoes
6.0,,#4 Best Sellers,in Women Water Shoes,3.3,0.0,,"Beach/Water/Diving Shoes, Quick-Drying Non-Slip Sports Shoes For Beach/Swimming/Diving - Unisex, Easy To Fold & Carry",Shoes
31.0,,,,10.7,21.0,800+ sold recently,"Bow Knot Beach Slippers Women's Slip-resistant Flip Flops, Fashionable Bow Knot Outdoor Slipper",Shoes
12.0,,#5 Best Seller,In Black Women Slides,3.96,67.0,,SHUZIA Comfortable Slip On Bubble Slippers,Shoes
16.0,,#8 Best Seller,In Brown Women Sandals,10.29,22.0,,"Women's Casual Flat Slippers, Open Toe Slip-Resistant Slippers, Outdoor Beach Sandals",Shoes
20.0,,,,8.15,22.0,1.2k+ sold recently,Korean Style Simple & Versatile Women's Slippers With College Style,Shoes
24.0,,,,11.4,21.0,1.6k+ sold recently,"Bow Decor Slides For Women, Slip Resistant Beach Slides, Fashionable Style",Shoes
6.0,,,,3.3,0.0,80+ sold recently,Beach Shoes/Water Shoes/Diving Shoes/Quick-Dry Non-Slip Shoes For Beach/Swimming/Diving - Unisex/Foldable And Convenient For Carrying,Shoes
10.0,,,,9.1,23.0,5.1k+ sold recently,"Women's Cute Cartoon Smile Face Fabric Slippers, Korean Style, Thickened And Wear-Resistant, Warm For Autumn And Winter, Ideal For Couples Or Home Use",Shoes
7.0,,,,9.0,21.0,100+ sold recently,"Women's Plus Size Comfortable Simple Flat Sandals With Square Toe, Big Flowers And A Word Strap, Casual And Fashionable Shoes For Summer Beach Outfits",Shoes
20.0,,#3 Best Seller,In Cadet Blue Women Shoes,8.6,20.0,,"Women's Fashion Snake Skin Flat Sandals, Summer Beach Flip Flops",Shoes
15.0,,,,11.8,20.0,4.7k+ sold recently,"Vacation Black Sandals For Women, Braided Design Slide Sandals",Shoes
12.0,,,,4.73,63.0,5.1k+ sold recently,New Style Bow Knot Fashionable All-Match Popular Net Red Slippers,Shoes
1.0,,#4 Best Sellers,in Daily Shoe Accessories,1.4,0.0,,"2pcs Women's Foam Forefoot Insert Pads For High Heels, Pain Relief & Shoe Size Reducing Insoles, Shoe Filling & Protector Accessories",Shoes
6.0,,,,11.0,21.0,100+ sold recently,"Handmade Silver Beaded Flat Sandals For Women, 2023 New Summer Toe Clip Roman Style Fairy Flip Flops With Rhinestones, Plus Size 43",Shoes
20.0,,,,20.4,20.0,700+ sold recently,"Transparent High Heel Mules Sandals With Unusual Heel, Women's Silver High-Heeled Slippers, Summer New Arrivals",Shoes
33.0,,,,10.67,23.0,200+ sold recently,"Flower Mesh Flat Sandals, Trendy And Versatile New Style Slippers",Shoes
14.0,,,,8.95,42.0,400+ sold recently,"New Women's Fashionable Slip-Resistant And Wear-Resistant Buckle Sandals, Ideal For Outdoor Activities, Made Of High Elasticity, Odorless EVA With Shock Absorption, Softness And Comfort, Perfect For Home Use",Shoes
15.0,,,,9.31,22.0,9.7k+ sold recently,Women'S Fashion Square Head Pleated Slippers Flat Casual Slides,Shoes
6.0,,#7 Best Seller,In Beige Men Shoes,12.9,25.0,,"Men's Casual Loafers Penny Shoes, Slip-On Canvas Flat Shoes (One Size Smaller)",Shoes
6.0,,,,7.09,49.0,600+ sold recently,"Women's Handmade Beaded Flat Sandals With Toe Ring, 2023 New Summer Arrivals Shiny Diamond Decor Roman Style Flip Flops, Plus Size 43",Shoes
16.0,,#9 Best Seller,In Coffee Brown Women Sandals,7.0,21.0,,Spring/Summer New Fashion H Slippers Women Net Red Trendy Casual Style Flat Heel Slip-On Roman Style Drag Women Slouchy Black Comfortable Beige Brown Embossed Slippers Recommended By Influential Blogger Desert Key French Style High-End Feeling Rhinestone-Studded Thick-Soled Slope Heel Sandals For Women Beach Shoes Summer New Fairy Style Slip-On Drag Women Shoes Love Promotion French Style Slip-On Wear Slipper Low-Heel Round Toe Ins Style Indoor Home Anti-Odor Anti-Slip Simple Wear Slippers Women Crocodile Pattern Slippers Versatile Metal Decoration Flat Slip-On Drag Summer Fashionable Slippers,Shoes
32.0,,,,8.46,24.0,5.3k+ sold recently,"Korean Version Women's Casual Flat Slippers Summer Beach Sandals Open Toe Braided Roman Style Slip-on Women's Slippers, Fashionable With Skirts Or Going To The Beach In Summer, French Style Slippers, Bohemian Style Toe Flat Sandals For Beach Vacation, Simple Slip-on For Walking The Beach",Shoes
9.0,,,,12.0,0.0,1.2k+ sold recently,"SHUZIA Women's Flat Shoes, Flats",Shoes
13.0,,#4 Best Sellers,in Mid Heel Women Heeled Sandals,15.88,22.0,,"Women Braided Detail Chunky Heeled Sandals, Elegant White Mule Sandals",Shoes
33.0,,,,11.0,21.0,1.6k+ sold recently,Flower Decor Popular Fashion Flat Sandals,Shoes
4.0,,,,8.06,68.0,60+ sold recently,"Women's Single High Heel Shoes, Elegant Fine Heel Design, Dating Party Shoes, Autumn Winter New Style Nude High Heel Shoes",Shoes
16.0,,,,6.85,50.0,50+ sold recently,"New Arrival Spring/Summer Women's Flat Mules Sandals, Large Size Slides, Sexy And Fashionable",Shoes
1.0,,#4 Best Seller,In Green Women Platforms & Wedge Sandals,11.1,21.0,,"Women Rhinestone Decor Wedge Slide Sandals, Fashion Sandals",Shoes
27.0,,,,23.6,21.0,80+ sold recently,"Women's Wedge Heel Waterproof Platform Espadrille Sandals, Open Toe With Ankle Strap, Thick Bottom And High Heels, Perfect For Spring & Summer Vacations And Bohemian Style Fashion",Shoes
17.0,,#2 Best Seller,In Grey Women Sandals,11.9,21.0,,"Women's Summer Flat Sandals Style Woven Pattern Lightweight Anti-Slip Beach Sandals, Grey",Shoes
1.0,,#5 Best Seller,In Khaki Women Sneakers,17.7,21.0,,"Women Four Seasons Flying Weave Running Shoes, Comfortable Breathable Lace-Up Shoes For Park Walking, Height Increasing, Fashionable And Versatile",Shoes
29.0,,,,12.5,21.0,70+ sold recently,"Ladies' Fringe Decor Ethnic Style Flat Sandals, Waterproof Beach Slippers, Slip-Resistant Outdoor Fashionable Match-All Shoes",Shoes
1.0,,#5 Best Seller,In Multicolor Women Heeled Sandals,21.4,21.0,,"Fashionable Ankle Strap Sandals For Women, Faux Suede Lace-up Front Colorblock Sculptural Heeled Sandals",Shoes
1.0,,,,14.4,10.0,2.6k+ sold recently,CUCCOO TILAWA Woman Shoes Outdoor Brown Square Toe Gemstone Decor Single Band Slide Sandals For Summer Vacation Shoes Summer Sale,Shoes
1.0,,#1 Best Seller,In Blue Women Slides,14.99,83.0,,Pupeez Womens Comfort Flat Sandals Double Buckle Adjustable Straps Flat Slides Footbed Suede,Shoes
1.0,,,,1.8,31.0,100+ sold recently,1pair Breathable Shoes Insoles For Heels,Shoes
26.0,,,,19.1,25.0,400+ sold recently,Women Pointed Toe Transparent Hollow Out Crystal High Heel Sandals,Shoes
23.0,,,,8.1,21.0,100+ sold recently,2024 Latest Fashion Women's Comfortable & Lightweight -Braided Sole Slip-On Flat Sandals With Elastic Band,Shoes
1.0,,,,5.35,53.0,10+ sold recently,"Women Flat Slippers, Fashionable Casual Home Beach Slippers",Shoes
4.0,,,,22.64,20.0,500+ sold recently,Women's Flat/Chunky Heel Pointed Toe Slip-On Loafers,Shoes
1.0,,#9 Best Seller,In Multicolor Women Platforms & Wedge Sandals,16.9,21.0,,Women Bohemian Style Wedge High Heel Platform Slides,Shoes
1.0,,,,2.34,40.0,10+ sold recently,"20pcs/Set Shoe Accessories, Silver Sparkling Diamond Butterfly & Clover Shaped Pearl Chain, Stylish And Elegant, Suitable For Birthday Parties, Daily Wear, Casual Outfits, Gifts",Shoes
1.0,,,,20.0,0.0,300+ sold recently,"SHUZIA Lady's Silver Dazzling Rhinestone Block Heel Dress Sandals - Single Toe Strap, Thicker Ankle Strap, Shining For Any Occasion",Shoes
1.0,,,,6.55,63.0,200+ sold recently,"Women Colorful White Shoes, Fashionable And Versatile, Light And Casual Sports Shoes For Students",Shoes
6.0,,,,17.8,21.0,500+ sold recently,"Women Metallic Rhinestone Decor Slingback Sandals, Fashionable Outdoor Ankle Strap Sandals",Shoes
1.0,,#6 Best Seller,In Black Women Slides,9.8,23.0,,"Women's Simple & Comfortable One-Strap Plastic Slipper, Lightweight Waterproof Anti-Slip Slides With Thick Sole For Bathroom, Dormitory, Swimming Pool And Beach",Shoes
7.0,,,,5.2,50.0,100+ sold recently,"Women's Sandals Plus Size, Summer Fashionable Flat Slipper, Gold Transparent One Word, Casual Simple Style, Beach Sandals For Vacation",Shoes
5.0,,#9 Best Seller,In Beige Men Shoes,15.8,25.0,,"Men Slip-On Low-Top Skate Shoes, Comfortable And Anti-Slip Casual Sports Shoes, Comfortable Outdoor Shoes",Shoes
5.0,,#4 Best Sellers,in Mid Heel Women Pumps,17.93,15.0,,"CUCCOO SZL Woman Shoes Bow & Rhinestone Decor Pyramid Heeled Pumps, Glamorous Slingback Pumps For Summer Graduation Heels Prom Heels Vacation Shoes Summer Sale",Shoes
1.0,,,,7.6,21.0,2.3k+ sold recently,"European And American Style Simple White Flat Sandals For Women, Casual Outdoor Beach Slippers With PU Leather Cross Straps",Shoes
5.0,,,,10.1,20.0,3.4k+ sold recently,"Summer Women's Linen-Like Woven Flat Slippers, Fashionable And Suitable For Beach Vacation, With Tied Straps, Perfect For Couples",Shoes
1.0,,,,7.37,42.0,100+ sold recently,"Cross Strap Patchwork Mesh Hollow Out Sport Casual Shoes For Women, Fashionable, Lightweight And Versatile",Shoes
1.0,,,,9.46,39.0,800+ sold recently,Couple Beach Trekking Fitness Five Toes Swimming Outdoor Water Shoes,Shoes
1.0,,,,9.2,20.0,700+ sold recently,"Summer Fashionable Casual Women Shoes, Comfortable Open-Toe Beach Sandals",Shoes
1.0,,,,5.7,62.0,100+ sold recently,SHUZIA Women's Fashionable Clear Flat Sandals,Shoes
1.0,,#9 Best Seller,In White Shoe Accessories,2.1,30.0,,1pc Unisex Adjustable Toe Corrector,Shoes
1.0,,#2 Best Sellers,in Other Shoe Spare Parts,1.4,33.0,,"High Heeled Shoes' Heel Protector With Anti-Slip Pins, Durable Leather & Thick U-Shaped Pins For Shoes Repair",Shoes
8.0,,,,13.4,21.0,5.4k+ sold recently,"Women Buckle Decor Flat Sandals, Cool White Footbed Sandals For Summer",Shoes
4.0,,,,19.5,18.0,700+ sold recently,"Women Studded Decor Contrast Binding Slingback Flats, Fashion Outdoor Flats",Shoes
14.0,,,,1.7,32.0,800+ sold recently,30 Packs Gel Heel Protection Foot Pads Sticky Blister Pad Water Colloid Heel Pad Shoe Patch Pain Relief Plaster Foot Care High Heel Wear Resistance,Shoes
4.0,,,,4.51,31.0,600+ sold recently,"Unisex Summer Eva Shower Shoes With Holes For Drainage, Slip-Resistance, Quick-Drying, Lightweight, Antibacterial And Anti-Odor Functions, For Indoor, Bathroom, Swimming Pool, Beach, Vacation, Hotel, And More",Shoes
4.0,,#1 Best Seller,In Hot Pink Women Casual Shoes,16.9,20.0,,"Women's New Style Versatile, Comfortable, Breathable, Non-Slip Running Shoes, Sports Shoes, Casual Shoes",Shoes
17.0,,,,10.89,22.0,200+ sold recently,"Women's Pearl Decorated Flat Sandals, Four Size Options With Gradient Pearl Design, Lightweight And Fashionable Anti-Skid Slippers For Casual Summer Wear",Shoes
4.0,,,,2.8,26.0,10+ sold recently,"1pair(2pcs) Women's Shoe Accessories Bowknot Shoe Flower With Multicolor Rhinestones, Sparkling Black And Silver Shoe Buckle DIY Removable Fashionable Party And Banquet Flat/High Heeled Shoe Accessory, Versatile",Shoes
1.0,,,,15.3,21.0,900+ sold recently,"Funky Outdoors Flat Slippers For Women, Key & Lock Decor Floral Embroidered Artificial Leather Open Toe Slide Sandals",Shoes
1.0,,,,15.3,19.0,60+ sold recently,"2024 New Style Ladies' High Heel Shoes With Pointed Toe, Thin High Heel, Elegant&Versatile, Non-Slip Soft Bottom, Suitable For Commuting And Work, Large Size Available",Shoes
18.0,,,,8.4,20.0,500+ sold recently,"Women Summer Flat Slippers, Korean Casual Woven Roman Sandals, Beach Flip Flops, Flat Open Toe Slides For Ladies, Fashionable French Style Shoes, Matching With Skirts, Suitable For Strolling, Holiday, Bohemian, Navy Blue, Walking Shoes, Beaded Shoes, Comfortable Flat Beach Sandals, Thick-Soled Shoes, Shiny Sparkling Women Flip Flops, Mules, Slip-Ons",Shoes
9.0,,#6 Best Seller,In Multicolor Women Flats,15.9,18.0,,"Women Two Tone Flat Shoes, Point Toe Fashionable Slingback Flats For Outdoor",Shoes
1.0,,,,13.5,21.0,100+ sold recently,"Women's New Style Low-Top Canvas Leisure Shoes With Laces, Lightweight, Fashionable, Comfortable And Breathable Slip-On Sneakers",Shoes
1.0,,,,5.3,24.0,5.2k+ sold recently,"Women's Cross-tied Plush House Slippers, Warm And Lightweight For Autumn And Winter",Shoes
1.0,,,,0.42,72.0,100+ sold recently,"2Pcs Five Toes Forefoot Pads, For Women High Heels Half Insoles, Absorbs Shock, Socks Toe Pad Massaging Toe Pad",Shoes
1.0,,#5 Best Seller,In Gold Women Heeled Sandals,21.2,21.0,,"Women's Gold Pyramid Decor Mule Sandals, Gorgeous High Heels For Party",Shoes
21.0,,#9 Best Sellers,in Skate Shoes Women Shoes,18.0,21.0,,"Women's Casual Sports Shoes Color Block Sneakers, Popular Pink Shoes For Campus And Sports Comfortable Breathable",Shoes
14.0,,,,0.97,56.0,200+ sold recently,20 Packs Gel Heel Protection Foot Pads Sticky Blister Pad Water Colloid Heel Pad Shoe Patch Pain Relief Plaster Foot Care High Heel Wear Resistance,Shoes
4.0,,#7 Best Sellers,in Shoe DIY Decorations,2.6,28.0,,8pcs Pink  Cartoon Shoe Charms With Holes For Clogs,Shoes
1.0,,#9 Best Seller,In Green Women Sandals,6.55,50.0,,"Women Snakeskin Embossed Slide Sandals, Artificial Microfiber Leather Fashion Sandals",Shoes
22.0,,,,7.61,25.0,6.0k+ sold recently,"Snake Print Embossed Flat Slippers, Summer Shoes",Shoes
1.0,,,,10.64,25.0,2.5k+ sold recently,Women's Fashionable Faux Pearl Decorated Square Toe Flat Sandals For Summer,Shoes
4.0,,,,9.7,20.0,6.3k+ sold recently,"Vacation Outdoors Flat Slippers for Women, Quilted Single Band Artificial Leather Open Toe Slide Sandals",Shoes
1.0,,,,19.3,21.0,80+ sold recently,"Summer Women's Open Toe Color Block Heeled Sandals With Crisscross Ankle Straps,Fashionable Lace-Up High Heels",Shoes
16.0,,,,10.89,22.0,2.0k+ sold recently,"Fashionable Outdoors Lace Up Flat Sandals For Women, Multi Thin Strap Plain Artificial Leather Strappy Sandals",Shoes
5.0,,,,12.8,20.0,50+ sold recently,"Women's Thick-Soled Wedge Heel Slippers, 2024 New Anti-Slip Soft Bottom Outdoor Sandals For Summer",Shoes
6.0,,,,1.67,64.0,200+ sold recently,"Women's Light Weight Anti-Slip Textured Slippers With Single Strap, Fashionable White Eva Slippers For Beach Vacation, Home, Shower, Spring And Summer",Shoes
1.0,,,,0.55,78.0,1.2k+ sold recently,1pair Transparent Silicone Soft Bottom Massage Foot Pad With Anti-Slip And Pain Relief Effect For High Heel Shoes,Shoes
16.0,,,,5.26,60.0,60+ sold recently,"Women's Breathable Knitted Casual Flat Loafer, Lightweight & Comfortable Slip-On Female Shoes, Green",Shoes
1.0,,,,10.0,25.0,100+ sold recently,"Sporty Grey Sneakers For Men, Colorblock Letter Graphic Creek Shoes Men Vacation",Shoes
1.0,,,,16.7,18.0,300+ sold recently,Leopard Pattern Point Toe Stiletto Heeled Faux Suede Ankle Strap Pumps,Shoes
1.0,,#9 Best Seller,In Multicolor Wide Fit Shoes,14.8,16.0,,Comfortable And Stylish Plus Size Women Breathable Mesh Flat Loafers With Wide Toe Box And Easy Slip-On Design,Shoes
1.0,,,,1.14,70.0,500+ sold recently,"3 Pairs Durable Anti-Slip Self-Adhesive Shoe Insole, High Heel Shoe Sole Protector Rubber Cushion, Can Be Cut Into Different Shapes And Sizes! A: 3 Pairs Of Oval Shape, B: 3 Pairs Of Square Shape",Shoes
7.0,,#3 Best Seller,In Brown Women Fashion Boots,32.3,20.0,,"New Winter Arrival Fashionable Warm Furry Boots For Women, Casual Snow Boots With Thick Plush Lining And Non-slip Sole",Shoes
16.0,,,,4.9,21.0,10k+ sold recently,"Women's Flat Sandals, Spring/Summer, Sexy & Elegant, Minimalist Design, Slip-Resistant & Wear-Resistant, Large Size, Fashionable Slippers",Shoes
7.0,,#1 Best Seller,In Beige Women Mid-Calf Boots,38.86,0.0,,Women's Rhinestone Western Victorian Cowboy Boots Chunky Heel Pull On Pointed Toe Vintage Embroider Cowgirl Shoes,Shoes
4.0,,#6 Best Seller,In Black and White Women Flats,17.3,18.0,,Ladies Flat Low Heel Black White Pointed Toe Hollow Out Shoes Spring Summer New Color Block Ankle Strap Shallow Mouth Fashion Shoes Multi-Color,Shoes
1.0,,#9 Best Seller,In White Shoe Decorations,4.2,24.0,,20 Pcs White Flower Plus Faux Pearl Chain Shoe Matching Suitable For Clogs,Shoes
25.0,,#1 Best Seller,In Brown Women Pumps,15.8,27.0,,"Women Comfortable Pointed Shallow Mouth Nine Centimeters High-Heeled Pumps With Thin Heel, Fashionable Brown Vintage Style With High-End And Casual Shoes",Shoes
7.0,,#1 Best Seller,In Beige Women Sneakers,24.82,25.0,,"Women's Chunky Sneakers, New Autumn Lightweight Thick-soled Shoes With Raised Soles, Suitable For Spring And Autumn Sports Style",Shoes
1.0,,,,17.99,10.0,2.6k+ sold recently,CUCCOO BIZCHIC Woman Shoes Toe Post Stiletto Heeled Minimalist Square Toe Black Sandals For Summer Graduation Heels Prom Heels Vacation Shoes Summer Sale,Shoes
1.0,,,,23.9,25.0,200+ sold recently,"Premium Leather Summer Sandals For Men, Handmade Outdoor Closed Toes Anti-Slip Shoes, Comfortable And Fashionable Beach Shoes 2024",Shoes
1.0,,#5 Best Seller,In Khaki Women Slides,5.6,23.0,,"Women's Casual Slip-Resistant Lightweight Comfortable House Slippers, Plastic Slippers Suitable For Bathroom, Pool, Beach, Dorm",Shoes
5.0,,,,18.48,20.0,600+ sold recently,"Women Black Bow Decor Mesh Panel Slingback Pumps, Fashionable Point Toe Chunky Heel Pumps",Shoes
12.0,,,,9.22,24.0,5.5k+ sold recently,"2023 New Summer White Slip-resistant, Wear-resistant, Shock-absorbing Flat Sandals With Buckle For Women, Comfortable And Stylish, Suitable For Outdoor And Indoor, Eu Sizes 36-40",Shoes
6.0,,,,15.4,30.0,100+ sold recently,"Ladies' Simple And Versatile Lightweight Sports Shoes, Outdoor Comfortable Walking Shoes",Shoes
1.0,,#10 Best Sellers,in High Heel Women Pumps,13.68,20.0,,Women Minimalist Faux Suede Knitted Point Toe Stiletto Heeled Faux Suede Court Pumps,Shoes
1.0,,,,22.3,21.0,400+ sold recently,"New Fashion Women High Heels, Elegant & Versatile, Perfect To Match With Dresses, Transparent Straps With Medium Heels And Rhinestone Detail Enhance High-End Feeling, Thick Heeled Ladies Sandals With Square Toe",Shoes
14.0,,,,12.3,20.0,1.0k+ sold recently,Summer New One-Piece Open Toe Fashion Women Wedge Thick-Soled Slippers,Shoes
7.0,,#7 Best Seller,In Apricot Women Heeled Sandals,14.92,24.0,,"Women Clear Strap Chunky Heeled Ankle Strap Sandals, Fashion Summer Heeled Sandals",Shoes
1.0,,#3 Best Sellers,in Other Shoe Spare Parts,2.4,27.0,,"2pairs Women's Summer Ultra-Thin Fabric Bottom Invisible Silicone Non-Slip Foot Pads, Prevent Heel Slipping Shallow Mouth Ice Silk Socks",Shoes
4.0,,,,9.5,23.0,200+ sold recently,Women's Stylish & Solid Color Cross Strap Fluffy Bedroom Slippers In Beige,Shoes
1.0,,,,14.5,20.0,80+ sold recently,"2024 New Rainbow Color Wedge Heel Sandals For Plus Size Women, Waterproof Platform Outdoor High Heel Shoes",Shoes
11.0,,,,20.9,18.0,300+ sold recently,"Vacation Apricot Slingback Wedge Shoes For Women, Buckle Decor Faux Suede Espadrille Wedge Shoes",Shoes
15.0,,,,19.7,21.0,500+ sold recently,"2024 New Spring Plus Size Women Shoes, European And American Style Thick Bottom Outdoor Beach Sandals",Shoes
1.0,,,,6.55,61.0,80+ sold recently,"Spring And Autumn New Style Chinese Style Breathable Sport Shoes With Laces, Suitable For Modern Lightweight Home Hiking Shoes For Women, Fashionable And Elegant Street College Style Training Shoes",Shoes
1.0,,,,9.9,20.0,700+ sold recently,"Casual And Stylish, New Summer Chunky Cross Strap Lightweight Beach Sandals, Comfortable, Breathable And Non-Slip Flat Bottom Ankle Strap Sandals",Shoes
8.0,,#9 Best Seller,In Burgundy Women Sandals,19.7,21.0,,"Metal Decor Chunky Heeled Mule Sandals, Wine Red Elegant Plain Mules With Chunky Heels",Shoes
1.0,,#10 Best Sellers,in Men Sandals,10.0,25.0,,"Summer Men Sandals, Non-Slip Beach Flip Flops, Casual And Comfortable Holiday Slippers",Shoes
1.0,,,,18.7,21.0,800+ sold recently,New Summer Arrival TrendyÂ Casual Sport Shoes Soft And Comfortable Retro Couple Flat Shoes For Women,Shoes
5.0,,#8 Best Sellers,in Women Wedges & Flatform,15.2,18.0,,"Women's Wedge Heel Thick Bottom Fashionable Sandals, Suitable For Summer And Autumn, Roman Style, Lightweight And Comfortable, Perfectly Matches With Dresses",Shoes
1.0,,,,11.0,21.0,600+ sold recently,2024 Summer New Arrival Women Beaded Comfortable Sandals Soft Bottom Flat Shoes,Shoes
8.0,,#10 Best Seller,In Blue Men Shoes,88.7,24.0,,"/Sports Shoes, Street Sports Shoes, Men's And Women's Sports Shoes, Couple Shoes",Shoes
6.0,,,,11.03,25.0,500+ sold recently,"Ladies' Outdoor Water Shoes, Aqua Socks, Diving, Snorkeling, Swimming Shoes, Soft Shoes, Five-Toe Shoes, Large Size Trekking Shoes, Quick-Drying Fishing Shoes, Sandals, Beach Shoes",Shoes
5.0,,#10 Best Sellers,in Skate Shoes Women Shoes,19.5,20.0,,Women Casual Shoes Lace-Up Front High Top Canvas Shoes,Shoes
1.0,,,,6.9,21.0,800+ sold recently,"Glamorous Sandals For Women, Metallic Single Band Slide Sandals",Shoes
4.0,,#1 Best Seller,In Beige Men Flip Flops & Slides,7.0,26.0,,Men's Indoor Home Shoes Eva Thick Sole Anti-slip Sport Slippers Unisex Solid Color Slippers,Shoes
25.0,,,,15.8,20.0,6.6k+ sold recently,"Vacation Outdoors Flat Slippers for Women, Fringe Decor Plain Straw Open Toe Slide Sandals",Shoes
1.0,,,,4.5,24.0,100+ sold recently,"1pair New Metallic Flower-Shaped High Heel Shoe Back Decoration Clip Shoe Accessory, Wedding Shoe Heel Protector",Shoes
5.0,,,,10.86,23.0,2.4k+ sold recently,"Women Metallic Criss Cross Toe Post Flat Sandals, Glamorous Summer Thong Sandals",Shoes
1.0,,,,6.9,21.0,300+ sold recently,"Women's Solid Color Elegant Sandals, Crisscross Straps Elastic Lightweight Flat Shoes, Yellow Flower Casual Beach Shoes",Shoes
1.0,,,,29.99,40.0,40+ sold recently,"Women Chunky Platform Heeled Sandals, Pleated Bow Knot Ankle Buckle Strap Summer Heeled Sandals, Open Toe Comfortable Y2K Dress Shoes For Prom, Wedding, Party",Shoes
8.0,,,,19.7,21.0,100+ sold recently,"New Arrival Fashionable Women's Chunky Heel Slippers Blue High Heel Sandals, Plus Size",Shoes
1.0,,#6 Best Sellers,in Edgy,9.4,21.0,,"Women's Two Wearing Ways Flat Sandals With Toe Ring Strap, Gold,2024 New Trend",Shoes
1.0,,,,16.59,23.0,2.7k+ sold recently,Buckle Detail Flatform Ankle Strap Sandals,Shoes
22.0,,#7 Best Seller,In Beige Women Shoes,7.9,20.0,,Casual Flat Slippers Women's Shoes Summer Open Toe Woven Roman Summer Slippers Women's Summer Fashionable French Ladies With Skirt Outing Seaside Beach Bohemian Style Toe Ring Flat Beach Outdoor Wear Perceive The Translation,Shoes
9.0,,#7 Best Seller,In Khaki Women Flat Sandals,11.0,20.0,,Women's Fashion Plus Size Solid Khaki Or Beige Casual/Holiday Cross Strap Flat Sandals,Shoes
1.0,,#5 Best Seller,In Black Wide Fit Sandals,10.4,16.0,,"2024 New Women's High-End Open-Toe Sandals, Breathable One Strap Wide-Fit Plus Size Lady's Shoes",Shoes
1.0,,,,8.5,41.0,500+ sold recently,"Women's Spring And Autumn New Square Toe Solid Color Flat Casual Loafers, Slip-on Comfortable Flat Shoes",Shoes
1.0,,,,3.4,26.0,20+ sold recently,"31Pcs Cute Summer Shoe Charms For Girls Boys,Cute Cartoon Shoe Charms For Kids Teens,DIY Sandals Bracelets Shoe Decoration Charms For Birthday Festival Party Favors",Shoes
8.0,,#3 Best Seller,In Hot Pink Women Flats,10.8,10.0,,CUCCOO BIZCHIC Women's Fashionable Pink Pu Leather Point Toe Ballet Flats For Outdoor Wear For Summer Vacation Shoes Summer Sale,Shoes
6.0,,#4 Best Seller,In Gold Shoe Decorations,3.35,41.0,,"26pcs Hole Shoes Accessories, Including Detachable Star, Flower, Bear Design Shoe Charms, Suitable For Sandals & Beach Shoes & Hollowed Slippers",Shoes
4.0,,,,18.8,21.0,2.8k+ sold recently,Women Fashionable Black Lycra Fabric Comfortable Flat Sandals With Gold Hardware Buckle Decoration And Round Toe Clip Toe For Daily Wear,Shoes
8.0,,,,19.4,20.0,1.2k+ sold recently,"Women Gold Color Crocodile Metallic Stiletto Heeled Mule Sandals, Point Toe Sandals For Party",Shoes
1.0,,,,13.6,21.0,1.2k+ sold recently,Gold Summer Sandals Women Open-Toe Roman Thong Sandals With Rhinestones Flat Lightweight Sexy Party Sandals Bo-Bo Hippy Flat Sandals,Shoes
1.0,,,,9.5,21.0,1.2k+ sold recently,"Fashion Women's Flat Sandals With Straps, Outdoor Sandals",Shoes
4.0,,#1 Best Seller,In Brown Women Platforms & Wedge Sandals,18.8,21.0,,Women's Casual Comfortable Anti-Skid Soft Sole Brown Solid Color Sandals With Round Toe,Shoes
22.0,,#6 Best Seller,In Multicolor Women Platforms & Wedge Sandals,17.3,21.0,,Fahionable  Bow Decor Floral Pattern Bow Decor Ankle Strap Wedge Sandals,Shoes
1.0,,,,19.0,0.0,100+ sold recently,SHUZIA Women's Casual Solid Color Thick Sole Sandals,Shoes
6.0,,,,7.85,44.0,500+ sold recently,"Summer 2023 New Style Women Silver Flat Sandals, Handmade With Beaded Straps, Toe-Ring Design, Rhinestone Detail, Roman-Style Slip-Ons, Large Size 43",Shoes
1.0,,,,9.2,23.0,2.8k+ sold recently,"Fashionable And Comfortable Pure Color Slippers Sandals With Elastic Straps And Toe Clips For Easy Wearing At Home, On The Beach Or In Leisure Activities With Flat Soles.",Shoes
1.0,,,,8.5,24.0,600+ sold recently,Colorblock Cross Strap Fluffy Bedroom Slippers,Shoes
5.0,,#2 Best Seller,In Camel Women Flat Sandals,13.86,1.0,,SHUZIA Women's Simple Style Flat Sandals,Shoes
10.0,,#10 Best Seller,In Black Women Slippers,9.3,23.0,,"Women Korean Style Cute Cartoon  Face Fabric Slippers With Thick And Wear-Resistant Soles For Warm And Cozy Home Winter Wear, Couples"" Slippers",Shoes
9.0,,,,10.8,21.0,20+ sold recently,"New Arrival Fashionable Cross-Border Women's Plus Size Sandals With Flower Decoration, Wedge Heel And Thick Sole. 2024 Summer New Style Slipper Design, Casual And Durable For Daily Wear",Shoes
8.0,,,,22.0,0.0,800+ sold recently,Women's Fashionable Thick-Soled Pink Sandals,Shoes
7.0,,,,11.0,21.0,600+ sold recently,2024 Women's New Summer Elegant Comfortable Striped Vacation Plus-Size Flat Sandals Brown,Shoes
1.0,,,,7.06,44.0,600+ sold recently,"Women's Solid Color Square Toe Flat Slippers, Fashionable Casual Indoor/Outdoor Beach Sliders",Shoes
1.0,,,,11.3,20.0,20+ sold recently,"Fashionable Summer New Flower Flat Slippers, Outdoor Anti-Slip Beach Sandals For Women",Shoes
4.0,,,,16.7,19.0,500+ sold recently,"Women's High Heel Transparent Crystal Stiletto Sandals, Sexy PVC Ankle Strap Hollow Out Party Shoes, Fashionable & Elegant Summer Slippers That Accentuate Body Shape",Shoes
12.0,,#7 Best Seller,In Beige Women Flat Sandals,7.79,24.0,,"Elegant Beige Sandals For Women, Minimalist Single Band Slide Sandals",Shoes
1.0,,#1 Best Seller,In Yellow Women Sneakers,4.76,73.0,,"British-Style Lace-Up Leather Sports Shoes, Round Toe Low-Cut Flat Skateboard Shoes, Fashionable Breathable And Slip-Resistant Student Shoes",Shoes
7.0,,,,19.8,19.0,100+ sold recently,"Women Minimalist Court Pumps, Point Toe Stiletto Heeled Funky Pumps",Shoes
1.0,,#1 Best Seller,In Dusty Pink Women Pumps,16.2,19.0,,"New Fashion Women Shoes, Versatile Printed Pointed High Heels With Stiletto Heels, Shallow Mouth Large Size Shoes, Women Size 41 And 42",Shoes
1.0,,,,21.09,20.0,400+ sold recently,"Women Minimalist Point Toe Chunky Heeled Mule Pumps, Elegant Black Pumps",Shoes
22.0,,#4 Best Seller,In Beige Women Sandals,8.17,25.0,,"Korean Style Flat Sandals For Women, Summer Beach Slippers With Open Toe, New Autumn Knitted Roman Sandals, Fashionable Ladies' Shoes For Skirts, Beach, Or Holiday",Shoes
1.0,,#8 Best Seller,In Yellow Women Shoes,5.57,50.0,,"Fashionable, Versatile, Comfy Casual Sandals",Shoes
1.0,,,,10.4,21.0,1.2k+ sold recently,"Ladies Fashionable Flat Sandals With Fur Ball Detailing, Multicolor Slides For Women & Students",Shoes
5.0,,,,3.74,69.0,300+ sold recently,"Women's Plus Size Casual Flat Sandals With Metal Buckle, Open Toe And Adjustable Strap, Fashionable And Versatile, Suitable For Spring And Summer, Multiple Colors Available",Shoes
1.0,,,,9.36,38.0,100+ sold recently,"Women's White Shoes, British Style Pure White Lace-Up Leather Sneakers, Round Toe Low-Top Flat Skate Shoes, Fashionable Breathable Anti-Slip Student Shoes",Shoes
1.0,,,,6.19,45.0,500+ sold recently,HARRY POTTER X SHEIN Lightweight And Simple 's Plastic Slippers For Indoor And Outdoor Use,Shoes
1.0,,,,8.59,62.0,30+ sold recently,"Woman Shoes Black Pointed Toe High Heels Pumps With Hollow Out Foot Ring & Stripes Detail, Elegant Style For Spring And Summer",Shoes
1.0,,,,16.6,18.0,400+ sold recently,Raw Trim Point Toe Flat Mules,Shoes
1.0,,,,7.16,35.0,800+ sold recently,"Women's Transparent Strap Casual Sandals With Brown Flat Soles, Perfect For Travel And Leisure Outdoors",Shoes
1.0,,,,10.5,40.0,40+ sold recently,2024 European Style Women Sandals New Summer Thick Bottom Wedges Slope Heels Breathable High-Heeled Wedding Shoes Fashionable Versatile Comfortable Fish-Mouth Women Sandals,Shoes
17.0,,#8 Best Seller,In Pink Women Sneakers,14.0,21.0,,"Women Casual Sports Shoes Breathable, Comfortable, Lightweight, Tie-Up, Solid Color, Pink, Bright, Non-Slip, Wear-Resistant",Shoes
1.0,,,,5.6,65.0,10+ sold recently,"Vacation Wedge Slide Sandals For Women, Metal Decor Espadrille Sandals",Shoes
6.0,,,,9.99,44.0,5.9k+ sold recently,Womens Adjustable Buckle Strappy Slip-On Slippers Cork Footbed Slides For Sandals With Comfortable Arch Support Outdoor,Shoes
4.0,,,,14.1,20.0,200+ sold recently,Women Casual Thick-Soled Ankle-Wrap Toe Post Sandals,Shoes
1.0,,#9 Best Sellers,in Shoe Accessories,2.5,29.0,,"16pcs Spider-Man Shoe Decorations Accessories Charms For Clogs  Bubble Slides Sandals, Gift Idea For Birthday Christmas  Halloween Party Favors",Shoes
10.0,,,,11.4,21.0,100+ sold recently,"Women's Fashionable & Casual Straw Weaving PU Open-Toe Lightweight Round-Toe Peep-Toe Slip-On Comfortable Slingback Sandals, Summer, Orange Flat Sandals For Women",Shoes
1.0,,#7 Best Seller,In Black Shoe DIY Decorations,3.0,25.0,,2pcs Simple & Vintage Pearl Decor Shoe Clip With Fishnet Lace For Elegant And Stylish Look,Shoes
4.0,,,,1.26,50.0,5.0k+ sold recently,"Anti-wear Heel Grips For Women's Shoes, Prevent Heel Slipping And Blister, Heel Cushion Pad For High Heels, In Between Sizes",Shoes
18.0,,,,16.3,21.0,1.0k+ sold recently,New Arrival Glitter Slippers Holiday Beach Flip-Flops Home Slippers Furry Slides Flat Sandals For Women,Shoes
8.0,,,,10.44,40.0,20+ sold recently,"2024 New Arrival Women's Peep Toe High Heel Slipper, Braided Design, 10cm Wedge Sandal For Summer Outfit, Casual Platform Slipper",Shoes
4.0,,#8 Best Seller,In Blue Women Flat Sandals,14.0,0.0,,SHUZIA Women's Fashionable Casual Flat Sandals With Rhinestone Decoration,Shoes
23.0,,#7 Best Seller,In Gold Women Heeled Sandals,14.75,22.0,,"Women Single Band Crocodile Embossed Mule Sandals, Glamorous Outdoor Metallic Heeled Sandals",Shoes
4.0,,#2 Best Seller,In Beige Wide Fit Shoes,15.0,0.0,,SHUZIA Plus Size Flat Sandals,Shoes
1.0,,,,12.9,20.0,1.7k+ sold recently,"Pineapple Decor Ruffle Trim Thong Sandals, White Pearl Decor Flat Sandals For Women With Ruffle Trim And Solid Color",Shoes
22.0,,,,9.8,21.0,1.8k+ sold recently,Beach Vacation Sandals 2024 New Women's Fashion Roman Style Flat Sandals,Shoes
7.0,,,,19.5,21.0,600+ sold recently,"Women's Straw Woven Wedge Sandals With Closed Toe, Thick Sole, 2023 Spring And Summer New Arrivals",Shoes
1.0,,#7 Best Seller,In White Shoe Care & Tools,2.3,28.0,,1pc Oxidation Resistant Pen For White Shoes & Black Shoes Cleaning & Color Restoration Whitening And Yellowing Removal,Shoes
6.0,,,,9.1,21.0,1.1k+ sold recently,2024 Trendy Anti-Slip Summer Slipper Women's Flat Sandals For Fashion And Casual Wear,Shoes
6.0,,#9 Best Seller,In Gold Women Shoes,8.44,23.0,,"Women's Gold Woven Flat Sandals, Women's Party Flat Sandals, Women's Outdoor Flat Sandals, Women's 2023 New Flat Sandals, Women's Holiday Gold Sandals, Women's Floral Pressing Woven Flat Sandals, Women's Elegant Flat Sandals, Women's Gold Toe Ring Sandals",Shoes
1.0,,,,12.7,21.0,50+ sold recently,"New Summer Outdoor Beach Double Buckle Slip-On Sandals, Fashionable Flip Flops,Casual Slippers",Shoes
1.0,,,,18.08,20.0,500+ sold recently,Two Tone Point Toe Ankle Strap Flats,Shoes
1.0,,,,3.5,24.0,300+ sold recently,"12pcs Shoe Buckle For Diy Decoration With Pearl Flower & Bow-Knot Design, Removable",Shoes
10.0,,,,13.6,21.0,60+ sold recently,"Women's Fashionable Peep-Toe Transparent Upper Decorated Roman Style Sandals, Versatile Casual Transparent Patterned Wedge Heel Platform Sandals",Shoes
6.0,,#10 Best Seller,In Brown Women Flat Sandals,16.2,21.0,,Fashionable Women's Colorful Rhinestone Flat Sandals,Shoes
1.0,,,,8.8,23.0,600+ sold recently,Faux Pearl Decor Fluffy Bedroom Slippers,Shoes
16.0,,,,20.3,21.0,1.0k+ sold recently,"Women Minimalist Stiletto Heeled Ankle Strap Sandals, Elegant Sandals",Shoes
5.0,,,,12.35,5.0,400+ sold recently,"CUCCOO CHICEST Women Twist Decor Loafers, Elegant Faux Suede Flats For Summer Vacation Shoes Summer Sale Elegant Flats",Shoes
1.0,,#10 Best Sellers,in Women's Outdoor Athletic Shoes,7.99,61.0,,"1 Pair Fashionable Sports Style Casual White Shoes, Suitable For Students' Outdoor Wear",Shoes
1.0,,,,21.85,51.0,100+ sold recently,"Trendy Kids' Shoes New Roller Skates, Unisex Outdoor Board Shoes Casual Sports Shoes For Children",Shoes
4.0,,,,15.8,21.0,1.6k+ sold recently,"Women's Flat Sandals, Golden Slippers, Fashionable Flat Shoes, Multi-Color Spliced, Tassel Decoration, Trendy Women's Shoes, Great For Evening Party",Shoes
6.0,,,,22.0,21.0,700+ sold recently,"Women's High Heel Sandals 11.6cm Golden Patent Leather Stiletto Heels, T-shaped Strap With Diamond Buckle, Waterproof Platform, Peep Toe Pumps For Party And Club",Shoes
37.0,,#3 Best Seller,In Hot Pink Women Platforms & Wedge Sandals,13.6,21.0,,Women's Summer Floral Print Platform Wedge Sandals With Bright Colors,Shoes
7.0,,,,15.88,23.0,400+ sold recently,2024 New Fashion Casual Chunky Heel Knitted High Heel Square Toe White Slippers,Shoes
8.0,,,,4.06,69.0,100+ sold recently,"Women Metallic Rhinestone Decor Toe Ring Design Thong Sandals, Glamorous Outdoor Flat Sandals",Shoes
10.0,,,,18.0,21.0,1.3k+ sold recently,"Fashionable Slide Sandals For Women, Faux Suede Faux Pearl & Tassel Decor Single Band Flat Sandals",Shoes
9.0,,#9 Best Seller,In Multicolor Women Pumps,18.6,18.0,,Two Tone Point Toe Stiletto Heeled Slingback Pumps,Shoes
1.0,,,,0.44,82.0,900+ sold recently,"1 Pair Metatarsal Pads Heels Inserts Gel Ball Of Foot Cushions For Women, Invisible Adhesive Forefoot Pads Comfort Shoe Insert All-Day Foot Pain Relief, One Size(Clear)",Shoes
1.0,,,,8.26,41.0,600+ sold recently,SHEIN Haute Metallic Woven Dual Cut Out Flat Slide Sandals,Shoes
11.0,,,,17.46,3.0,5.5k+ sold recently,SHEIN SHUZIA Open Toe Slip-On Sliders,Shoes
4.0,,#1 Best Seller,In Brown Women Home Slippers,4.7,24.0,,"Women Leopard Pattern Fuzzy Bedroom Slippers, Fashionable Open Toe Home Slippers",Shoes
6.0,,#6 Best Seller,In Pink Women Home Slippers,1.51,66.0,,"Women's Pink Eva Slippers, Fashionable, Lightweight, Anti-Slip, Suitable For Home, Street And Beach Wear In Spring And Summer",Shoes
17.0,,#4 Best Seller,In Khaki Women Home Slippers,5.5,25.0,,Women Cross Strap Fluffy Bedroom Mule Indoor Slippers For Guests,Shoes
1.0,,,,7.0,20.0,100+ sold recently,"Women's Flat Sandals, Summer New EVA Khaki Color Slippers With Parallel Straps, Casual And Comfortable Beach Slippers, Waterproof Slippers",Shoes
7.0,,#8 Best Sellers,in Mid Heel Women Heeled Sandals,14.7,21.0,,"Women Clear Strap Chunky Heeled Mule Sandals, Fashion Summer Heeled Sandals",Shoes
14.0,,,,17.1,20.0,1.6k+ sold recently,"Women Fringe & Pom Pom Decor Slide Sandals, Funky Yellow Flat Sandals",Shoes
1.0,,,,15.6,20.0,200+ sold recently,"Double Clear Strap Slide Sandals,Women's fashionable transparent flat sandals with straps",Shoes
1.0,,,,15.1,21.0,400+ sold recently,Clear Ankle Strap Chunky Heeled Sandals,Shoes
12.0,,#4 Best Sellers,in  Night Out,13.8,21.0,,Women's Thick Sole Wedge Sandals 2024 Summer Flower Pattern Thick Heel Fashion High Heel High Water Platform Large Size Ankle Strap Sandals,Shoes
1.0,,#3 Best Seller,In Maroon Women Shoes,13.89,30.0,,Women's  Square Open Toe Ankle Strap Low Block Chunky Heels Sandals Roman,Shoes
6.0,,,,2.2,29.0,10+ sold recently,"Women's Shoe Accessory Black Mesh Bowknot, Detachable",Shoes
1.0,,,,100.55,3.0,20+ sold recently,New Nike Men's DUNK Low-Top Comfortable And Durable Sports Casual Shoes Sneakers DD1391-602,Shoes
1.0,,,,7.7,23.0,2.2k+ sold recently,"Women'S Solid Black Summer Thick Sole Flip Flops Sandals For Vacation, Outdoor Beach Fashionable Eva Slippers",Shoes
1.0,,,,11.8,21.0,600+ sold recently,"Women Twist Decor Canvas Slingback Sandals, Elegant Open Toe Flat Sandals",Shoes
1.0,,,,20.96,20.0,400+ sold recently,"Women Faux Pearl Decor Stiletto Heeled Mules, Fashion Outdoor Pumps",Shoes
1.0,,#8 Best Seller,In Orange Women Casual Shoes,22.9,20.0,,1pair Women's Comfortable And Fashionable Breathable Mesh Sports Shoes With Anti-Slip Sole,Shoes
6.0,,#4 Best Seller,In Navy Blue Women Pumps,21.3,19.0,,Pointed Toe Back Strap High Heels,Shoes
7.0,,,,9.0,25.0,1.2k+ sold recently,"CUCCOO BIZCHIC Women Minimalist Point Toe Flats, Elegant Black Ballet Shoes For Summer Vacation Shoes Summer Sale",Shoes
1.0,,#3 Best Seller,In Mustard Yellow Women Sandals,17.7,21.0,,Women's Gorgeous Rhinestone & Chain Decorated Yellow Pointed Toe Flat Sandals For Daily Wear Or Parties,Shoes
1.0,,,,14.9,21.0,1.2k+ sold recently,"Women Minimalist Cut Out Open Toe Slide Sandals, Vacation Solid Outdoor Flat Sandals",Shoes
5.0,,,,16.7,19.0,500+ sold recently,Ladies' Black High-heel Pumps,Shoes
1.0,,,,9.5,47.0,400+ sold recently,"SHUZIA Women Bohemian Style Flat Sandals With Letter Print, Suitable For Travel And Vacation",Shoes
9.0,,,,22.4,19.0,200+ sold recently,Women Pointed Toe White High Heels With Thin Heels And Decorative Buckle,Shoes
4.0,,,,21.2,21.0,900+ sold recently,"Summer Fashionable, Comfortable, Sweet Floral Beaded Strappy High Heel Sandals With Chunky Heels, Perfect For Parties And Weddings",Shoes
16.0,,#7 Best Sellers,in Causal,10.5,20.0,,"Women's Spring/Summer Casual Flat Slippers, Open Toe Round Toe Green Slippers, Outdoor Lightweight Beach Shoes",Shoes
1.0,,,,28.5,20.0,1.8k+ sold recently,"Women's Pointed Toe Over-the-knee Stretch Tight-fitting Pu Leather Boots With Slim High Heels, Side Zipper, Winter Autumn Boot Leggings High Boots",Shoes
1.0,,,,13.98,30.0,700+ sold recently,Women's  Square Open Toe Ankle Strap Low Block Chunky Heels Sandals Roman,Shoes
4.0,,#4 Best Seller,In Apricot Wide Fit Shoes,22.0,17.0,,(plus Size) Open Toe Round Toe Elastic Chunky Heeled Slip-on Women's Summer Sandals,Shoes
5.0,,#7 Best Sellers,in Shoe Accessories,1.9,30.0,,New Arrival Exquisite Detachable Fashion Butterfly & Flower Design Faux Leather Shoe Clip,Shoes
1.0,,,,8.85,50.0,,"2024 New Spring/Summer Women's Floral Pattern Chunky Heel Sandals With High-End Feel. Fashionable Open-Toe Dress Sandals With Breathable Mesh And Back Zipper, Black",Shoes
5.0,,,,13.6,20.0,300+ sold recently,2024 European And American Style Thick Heel Sandals Women High Heels Black Fashionable Slippers With One-Buckle Strap,Shoes
1.0,,,,22.0,21.0,200+ sold recently,"Women Metallic Rhinestone Decor Chunky Heeled Ankle Strap Sandals, Glamorous Party Heeled Sandals",Shoes
5.0,,#7 Best Seller,In Hot Pink Women Flip-Flops,2.77,58.0,,"Women's Fashionable Eva Flip-Flops With Thick And Soft Sole For Indoor, Outdoor And Home Use",Shoes
22.0,,#10 Best Sellers,in Low Heel Women Heeled Sandals,14.16,21.0,,"Women Single Band Chunky Heeled Mule Sandals, Elegant Black Fabric Heeled Sandals",Shoes
8.0,,,,17.64,22.0,1.6k+ sold recently,Summer Women New Brown Wedge Heel Thick Platform Toe Clip Vacation Travel Casual Daily Beach Flip Flops For Women To Wear Outside,Shoes
1.0,,,,14.7,21.0,200+ sold recently,"New Women Butterfly Rhinestone Black Flat Sandals, Summer Fashion Holiday Style Comfortable Beach Flip Flops",Shoes
15.0,,,,20.1,21.0,100+ sold recently,Spring 2024 New Arrivals Plus-Size Women Shoes With European And American Style Thick-Sole Open-Toe Sandals For Outdoor,Shoes
10.0,,,,9.79,24.0,4.4k+ sold recently,"Women Rhinestone Decor Flat Sandals, Glamorous Glass Slide Sandals",Shoes
1.0,,#6 Best Seller,In Navy Blue Women Shoes,5.43,38.0,,"Women's Bowknot Decor Platform Flip Flops, Slip On Casual Non-Slip Summer Slides, Vacation Beach Wedge Slides, Ladies Black Shoes",Shoes
5.0,,#1 Best Seller,In Orange Women Home Slippers,10.73,25.0,,SHEIN SHUZIA Fuzzy Closed Toe Slippers,Shoes
1.0,,,,7.9,21.0,20+ sold recently,"Women's Canvas Shoes Spring New Korean Version Casual Flat Shoes Summer Thin Shoes, Students' Ins Board Shoes And Sneakers",Shoes
8.0,,,,9.1,20.0,3.9k+ sold recently,"Women's Summer New Elegant Rivet Bow Flat Sandals, Open Toe Charming Outdoor Fashion Beach Vacation Slippers, Trendy Flat Flip Flops With Bow Decoration",Shoes
1.0,,#8 Best Seller,In Brown Women Fashion Boots,7.48,66.0,,SHUZIA Faux Leather Slip On Ankle Boots,Shoes
1.0,,,,8.6,20.0,2.0k+ sold recently,"Women's Flat Casual Sandals Leopard Pattern Fabric Open Toe Slippers For Beach, Outdoor, Home",Shoes
1.0,,#1 Best Seller,In Baby Blue Women Pumps,7.67,51.0,,"Women's Open Back Kitten Heel Shoes, Solid Color Pointed Toe Elastic Strap High Heel Sandals, Basic Slingback 's Shoes",Shoes
1.0,,,,6.2,21.0,10k+ sold recently,"Women Braided Detail Slide Sandals, Vacation Summer Flat Sandals",Shoes
10.0,,,,18.8,21.0,1.4k+ sold recently,"Women Cut Out Stiletto Heeled Slingback Sandals, Elegant Black Heeled Sandals",Shoes
1.0,,,,7.0,65.0,50+ sold recently,SHUZIA Ladies Solid Color Stylish High-Heeled Sandals Suitable For Daily Outfits,Shoes
7.0,,,,19.1,20.0,400+ sold recently,"Fashion Green Mule Sandals For Women, Knit Detail Chunky Heeled Sandals",Shoes
8.0,,,,10.65,24.0,200+ sold recently,SHUZIA Cork Footbed Faux Suede Open Toe Slides,Shoes
11.0,,#3 Best Seller,In Apricot Women Slippers,9.6,24.0,,"2024 Women's New Fashionable Indoor House Slippers, Antiskid ,Durable, Lightweight, Comfortable",Shoes
8.0,,#4 Best Seller,In Burnt Orange Women Flat Sandals,12.8,20.0,,"Women Rhinestone & Bow Decor Slide Sandals, Corduroy Funky Sandals",Shoes
4.0,,,,22.1,21.0,100+ sold recently,"Summer Fashionable Comfortable Sweet Flower & Pearl Decor High Heel Sandals With Ankle Straps For Party, Wedding, Outdoor Activities",Shoes
1.0,,,,12.5,53.0,80+ sold recently,Rhinestone Decor Point Toe Stiletto Heeled Pumps,Shoes
24.0,,,,20.1,21.0,1.3k+ sold recently,"Women Buckle Decor Chunky Heeled Sandals, Elegant Summer Ankle Strap Sandals",Shoes
6.0,,#9 Best Seller,In Black Wide Fit Flats,15.4,17.0,,"Women's Comfortable Wide-Fit Round Toe Solid Color Elastic Knit Surface Flat Work Shoes, Plus Size",Shoes
1.0,,#7 Best Seller,In Pink Women Home Slippers,6.4,24.0,,"Bow Knot Women's Winter Slippers, Lovely Indoor Plush Non-Slip Floor Warm Couples Home Slippers",Shoes
32.0,,#7 Best Seller,In Apricot Women Pumps,20.2,19.0,,"Women Faux Pearls Decor Ankle Strap Pumps, Satin Chunky Heeled Glamorous Pumps",Shoes
21.0,,,,18.2,21.0,300+ sold recently,"New Women's High-Heeled Hot Pink Sandals, Summer Transparent Low-Heeled Slippers, Fashionable Square-Toed Crystal Chunky Heels, One-Shaped Slippers",Shoes
4.0,,,,18.7,20.0,1.7k+ sold recently,"Women's New Square-Toe High Heeled Sandals Golden Color For Dance Party, Daily Basic, And Glamorous Look. Open Toe Sandals For Women With High Heels In Gold Color. Perfect For Party, Work, And Formal Occasions. Fashionable, Comfortable And Dazzling Shoes.",Shoes
6.0,,,,10.66,24.0,10k+ sold recently,Women Minimalist Double Strap Slide Sandals,Shoes
1.0,,,,11.9,17.0,200+ sold recently,"Women Loafers, Summer 2024 New Arrivals, Korean Style, Slip-Resistant Soft Sole Shoes, White, Breathable, Comfortable Nurse Shoes",Shoes
5.0,,#10 Best Sellers,in Men Casual Shoes,23.8,24.0,,Men's Winter Trendy Casual Fashion Sports Chunky Shoes With Non-Slip & Wear-Resistant Outsole And Height-Increasing Design,Shoes
18.0,,,,20.3,21.0,1.8k+ sold recently,"Women Metal Decor Pleated Sculptural Heeled Mule Sandals, Fashionable White Heeled Sandals",Shoes
7.0,,,,20.8,21.0,200+ sold recently,"2024 New Fashion Waterproof Platform High-Heeled Sandals For Women, Thick-Soled Sandals For Ladies With Buckle And Wedge Heel",Shoes
8.0,,,,4.37,64.0,300+ sold recently,"Women Fashionable Flat Sandals, White Beach Flip Flops With Toe Clips, Holiday Commute, Woven Details",Shoes
7.0,,,,8.9,24.0,2.2k+ sold recently,Women's Fashionable Black Plush Bedroom Slippers,Shoes
6.0,,,,21.0,20.0,600+ sold recently,"Elegant White Ankle Strap Sandals For Women, Ruched Detail Chunky Heeled Sandals",Shoes
1.0,,#8 Best Sellers,in High Heel Women Ankle Boots & Booties,29.6,20.0,,"European And American Style High Heeled Women Boots, Fashionable And Sexy Black Fish Mouth Summer Cool Boots",Shoes
9.0,,#10 Best Seller,In Green Women Flat Sandals,9.1,21.0,,Fashionable Square Toe Green Grid Patterned Cloth Flat Sandals,Shoes
1.0,,,,13.2,20.0,1.3k+ sold recently,"Women Twist Design Slide Sandals, Fashionable Outdoor Flat Sandals",Shoes
6.0,,#2 Best Sellers,in Street,17.5,21.0,,Spring And Summer Breathable Mesh Leather Combination White Black Pink European And American Fashion Outdoor Skateboard Shoes Lace-Up Round Toe Low-Cut High Street Women Casual Sports Shoes,Shoes
15.0,,#10 Best Sellers,in Mid Heel Women Heeled Sandals,15.1,21.0,,Women's Summer New Style Thick Heel Slip-proof Trendy Versatile Fairy Style Soft French High Heels,Shoes
1.0,,,,13.2,20.0,500+ sold recently,Women Summer New Style Hollow Out Anti-Slip Casual Wedge Heel Thick Bottom Flip Flops,Shoes
5.0,,#4 Best Seller,In Navy Blue Women Sandals,11.9,21.0,,"Fashionable High-Heel Women's Sandals With Metal Buckle And Thick Heel, Peep Toe, Increased Height, Slipper Style",Shoes
1.0,,,,7.97,32.0,80+ sold recently,Fashionable Real Fur Comfortable Slippers For Indoor And Outdoor Use,Shoes
1.0,,#2 Best Seller,In White Women Flats,9.58,26.0,,CUCCOO BIZCHIC Women Shoes Fashion Point Toe Lightweight Toe White Loafers For Summer Vacation Shoes Summer Sale,Shoes
9.0,,,,20.8,21.0,200+ sold recently,Women Fashionable And Sexy Diamond Buckle Pointed Black High-Heeled Dress Shoes With Thin And Elegant Personality,Shoes
1.0,,,,2.5,26.0,100+ sold recently,12pcs  Series Shoe Charm Detachable Shoe Buckle For Clog Bubble Slides Sandals Shoes Decoration DIY Accessories,Shoes
1.0,,,,9.9,20.0,100+ sold recently,Women Fashionable Large Size Black Suede Square-Toe Open-Toe Slip-On Backstrap Flat Sandals,Shoes
1.0,,#4 Best Seller,In Rust Brown Women Flat Sandals,10.3,21.0,,"Women Sequin Decor Slide Sandals, Glamorous Sandals",Shoes
4.0,,#6 Best Seller,In Grey Women Casual Shoes,7.05,59.0,,"New European And American Plus Size Women's Flat Shoes, With Round Toe Simple Fashionable Laced Casual Shoes, Autumn And Winter",Shoes
5.0,,,,23.59,31.0,400+ sold recently,"Women Scallop Trim Clear Wedge Slide Sandals, PVC Fashion Sandals",Shoes
1.0,,,,4.96,56.0,40+ sold recently,Women's Summer Pvc Fashion Square Buckle Casual Chunky Heeled Slip-On Flat Daily Sandals,Shoes
4.0,,,,18.2,21.0,1.9k+ sold recently,Women's Handmade Bead Embroidery Decorated Orange Canvas Fabric Fashionable Flat Comfortable Sandals For Outdoor,Shoes
4.0,,,,10.2,20.0,40+ sold recently,"New Women's Couple's Rope Sole Woven Insole Simple Style Wedge And Platform Sandals, Wide Toe Box, Plus Size, Bow Decoration, Peep Toe, Classic Versatile Summer Beach Shoes",Shoes
12.0,,,,12.4,21.0,1.6k+ sold recently,"Women's Flat Slipper Gold Pleated Glitter Holiday Style Elegant Slipper, All Seasons Square Toe Slippers",Shoes
7.0,,,,19.9,20.0,3.6k+ sold recently,"Women's High Heel Sandals Open Toe Chunky Heels Party Shoes Comfortable And Chic Summer Shoes To Show Your Slim And Fair Legs, 's High Heel Sandals",Shoes
1.0,,,,7.76,52.0,100+ sold recently,"Women's Mid-Heel Platform Thong Sandals, Open Toe Chunky Heel Beach Slippers With Fairy Style Thick Bottom For Summer",Shoes
1.0,,,,1.24,41.0,700+ sold recently,"Anti-Friction, Anti-Pain, Comfortable & Cooling Heel Pads, 4 Color Options (One Size: Clear, A: Black, B: Beige, C: Pink)",Shoes
4.0,,,,22.0,19.0,500+ sold recently,"Women Black Clear Strap Pumps, Elegant Point Toe Stiletto Heeled Pumps",Shoes
16.0,,,,7.51,25.0,8.6k+ sold recently,"Summer Korean-Style Casual Flat Slippers For Women, Open Toe Flat Sandals For Beach And Outdoor Activities, New Roman Weaving Style, Suitable For Matching Skirts And Dresses, Fashionable And Comfortable Slouchy Beach Shoes, Bohemian Style, Clip Toe Flats",Shoes
13.0,,,,9.8,20.0,400+ sold recently,Summer Casual Fashionable Flat Sandals For Women With Pu Material & Criss-Cross Stripe Strap,Shoes
8.0,,,,21.6,21.0,100+ sold recently,"Women's Wedge Heel Thick Sole Sandals, New Style Summer Round Toe Red Slippers, Fashionable Golden Lace Waterproof Beach Shoes, Suitable For Outdoor And Casual, Plus Size Red Bridal Shoes",Shoes
1.0,,,,22.7,21.0,100+ sold recently,Summer Women Espadrille Sandals Thick Bottom  Rope Gold High Heel Waterproof Platform Wedges Fashion Vacation Increase Shoes,Shoes
14.0,,,,8.44,23.0,1.8k+ sold recently,"Women Criss Cross Slide Sandals, Elegant Brown Flat Sandals",Shoes
1.0,,,,6.89,47.0,200+ sold recently,Single Band H Cut Out Slide Sandals,Shoes
1.0,,,,13.4,20.0,1.9k+ sold recently,"Women Black Buckle Decor Thong Sandals, Cool Toe Post Flat Sandals For Daily",Shoes
1.0,,,,22.47,21.0,1.1k+ sold recently,"Women's Brown Transparent Wedge Sandals, Thick Bottom, Fashionable & Elegant Slip-On High Heels Perfect For Banquets",Shoes
17.0,,,,16.7,20.0,700+ sold recently,"Women Black Stiletto Heeled Ankle Strap Sandals, Elegant Open Toe High Heels",Shoes
1.0,,#1 Best Seller,In Black Women Sports Sandals,15.2,20.0,,Letter Patch Decor Slingback Sport Sandals,Shoes
8.0,,,,8.06,23.0,2.2k+ sold recently,"2024 Women's New Summer Plus Size Leather Square-Toe Flat Sandals, Casual Slippers",Shoes
7.0,,#4 Best Sellers,in Women Fashion Boots,29.0,20.0,,Women's Winter Faux Fox Fluffy Flat Snow Boots Knee-High Black Booties Furry Boots Female Footwear,Shoes
1.0,,,,9.5,21.0,5.5k+ sold recently,"Women's Flat Sandals, Anti-slip Soft Sole Breathable Slippers, British Style Vintage Bohemian Beach Shoes For Summer And Outdoor Activities",Shoes
21.0,,#5 Best Seller,In Silver Women Platforms & Wedge Sandals,19.0,21.0,,"Women's Silver Chunky Low Heel Sandals With Open Toes, Buckle Decoration And Soft Sole",Shoes
8.0,,,,11.69,25.0,3.8k+ sold recently,New Arrival Fashionable Chunky Heels Gold Tone Round Toe Mule For Women,Shoes
14.0,,#6 Best Seller,In Pink Women Sandals,12.45,24.0,,"Party & Holiday Season, Wedding Ceremonies, Leisure Life, Fashionable With 2023's Latest Designs. Spring & Summer Styles Include Versatile Pink & Silver-colored Chunky Heels With Crystal, Tpu Pink Bands With Decorative Patterns, Toe-exposing Design The Classic Model & Elegant & Women's Fashionable High-heeled Sandals With Rubber & Fun High-heeled Sandals For Women.",Shoes
7.0,,,,17.82,11.0,1.0k+ sold recently,"CUCCOO BIZCHIC Woman Shoes Buckle Decor Chunky Heeled Ankle Strap Sandals, Elegant White Sandals For Summer Graduation Heels Prom Heels Vacation Shoes Summer Sale",Shoes
1.0,,,,21.6,20.0,500+ sold recently,"Charming Women's Transparent Pointed Toe Pyramid High Heels, Fashionable Clear Heel Party Shoes",Shoes
9.0,,#3 Best Seller,In Orange Women Heeled Sandals,20.8,21.0,,"Women Twist Decor Sculptural Heeled Mule Sandals, Funky Summer Heeled Sandals",Shoes
1.0,,,,9.5,21.0,100+ sold recently,"Women's Fashionable Cross Straps Flat Sandals, Slides",Shoes
1.0,,,,6.34,59.0,400+ sold recently,"Women's Classic Nurse Shoes Fashionable And Comfortable Leather Flats, White",Shoes
7.0,,,,5.35,66.0,400+ sold recently,"Women's Fashionable Thick-Soled Height Increasing Light Green Flip-Flops, Comfortable For Vacation And Beach",Shoes
1.0,,,,4.6,23.0,600+ sold recently,"1pair Color Block Flower Decor Chain Shoe Decorations, Stylish Shoe Decorations For Clogs",Shoes
14.0,,,,11.6,21.0,2.2k+ sold recently,"Elegant White Sandals For Women, Criss Cross Ankle Strap Sandals",Shoes
4.0,,#10 Best Seller,In Blue Women Flats,23.2,17.0,,"British Style Women's Large Size Flat Shoes With Lace-Up, Comfortable, Versatile, Vintage Carved And Spliced, Low-Cut, Fashionable, Low-Heeled Shoes For Women, Suitable For Europe, America, And School Students",Shoes
1.0,,,,3.18,70.0,1.7k+ sold recently,"Women's Casual Flat Slippers For Summer, Open Toe, Breathable, Autumn New Arrival, Woven, Fashionable, Suitable For Matching , Enjoying The Beach, Going Out, And Slouchy Holidays",Shoes
8.0,,,,18.0,20.0,1.0k+ sold recently,"Women Minimalist Stiletto Heeled Thong Sandals, Fashion Summer Heeled Sandals",Shoes
8.0,,,,4.62,70.0,50+ sold recently,"French Vintage Style Flat Shoes With Ankle Strap, Fairy Grandma Shoes, Spring New Arrival Shallow Mouth Square Toe Women's Shoes",Shoes
5.0,,#3 Best Seller,In Yellow Women Sports Shoes,21.5,21.0,,"Comfortable And Fashionable Outdoor Casual Shoes. Suitable For City, Commuting, Fitness Or Travel. Round-Toe, Low-Cut, Color-Blocked, Versatile, And Perfect To Give As A Gift For Women's Sports Shoes",Shoes
7.0,,,,9.45,66.0,100+ sold recently,Women's High Heel Pumps Pointed Toe Diamond Decor Irregular Heel Golden Sandals,Shoes
7.0,,,,19.2,19.0,200+ sold recently,"Minimalist Point Toe Stiletto Heeled Court Pumps, Apricot Color Elegant Solid Color High Heel Shoes",Shoes
8.0,,,,22.7,20.0,50+ sold recently,"Women's High Heel Sandals With Shiny Rhinestone Buckle, Waterproof Platform, Thick Heel, Elegant White Shoes For Fancy Parties, Vacations And Fashion",Shoes
24.0,,#5 Best Seller,In Army Green Women Shoes,11.4,21.0,,Bowknot Slippers Women's Fashion Slip-On Beach Shoes Non-Slip Bow Knot Open Toe Sandals,Shoes
7.0,,,,8.0,21.0,1.5k+ sold recently,"Women's Striped Fabric Wedge Sandals With Woven Straw Bottom, Vacation Style For Summer",Shoes
1.0,,#5 Best Seller,In Multicolor Inserts & Insoles,2.6,30.0,,"5 Pairs Foot Pads, Sole Soothe Foot Pads, Metatarsal Foot Pads For Women And Men, Soft Foot Pads For Ball Of Feet Reusable Cushions For Runners",Shoes
4.0,,#7 Best Seller,In Yellow Women Casual Shoes,17.8,21.0,,Women's Fashionable Soft & Comfortable Classic All-Match Sports Shoes With Lace-Up And Side Zipper,Shoes
26.0,,,,7.86,23.0,9.2k+ sold recently,"Elegant Beige Sandals For Women, Snakeskin Embossed Cut Out Design Open Toe Slide Sandals",Shoes
1.0,,,,17.6,20.0,,"CUCCOO TILAWA Fashionable High Heel Shoes With Embroidery, Chain Buckle & Day Buckle Decoration, Open Toe & Kitten Heel Design, Graduation Heel, Prom Heels For Summer Vacation Shoes Summer Sale",Shoes
15.0,,,,4.13,67.0,100+ sold recently,"Women Flat Shoes, Women Knitted Breathable Mesh Flat Shoes, Elegant Pointed Formal Shoes, Lightweight Slip-On Shoes",Shoes
1.0,,,,9.5,56.0,40+ sold recently,"Rhinestone Decor Sculptural Heeled Mules,Women's fashionable and comfortable casual versatile pointed transparent PVC inlaid with water drills on the shoe surface, transparent small round root high-heeled sandals",Shoes
5.0,,,,8.25,50.0,70+ sold recently,SHUZIA Bow Detail Slip On Pointy-Toe Moccasin Flats,Shoes
1.0,,,,11.2,21.0,1.2k+ sold recently,"Ladies' Thong Flat Sandals With Stylish 3D White Flowers, Elasticslip Design T-Strap Flat Sandals , Elegant And Perfect For Weddings",Shoes
1.0,,#2 Best Seller,In Beige Inserts & Insoles,1.6,30.0,,"1pair Soft Round Toe Anti-pain Insoles With Peach Heart-shaped Cushioning Pad, Non-slip, For High Heels And Casual Shoes",Shoes
16.0,,,,5.5,60.0,80+ sold recently,"New Spring Summer Women's Flat Sandals Fashionable Mules Adorned With Rhinestones, Large Size Women's Slipper Open-Toe Shoes, Rhinestone Decor",Shoes
1.0,,,,6.94,51.0,1.1k+ sold recently,"Glamorous Party Lace Up Flat Sandals for Women, Fluffy Decor Plain Artificial Leather Strappy Sandals",Shoes
1.0,,#5 Best Seller,In Multicolor Inserts & Insoles,2.6,30.0,,"5 Pairs Foot Pads, Sole Soothe Foot Pads, Metatarsal Foot Pads For Women And Men, Soft Foot Pads For Ball Of Feet Reusable Cushions For Runners",Shoes
4.0,,#7 Best Seller,In Yellow Women Casual Shoes,17.8,21.0,,Women's Fashionable Soft & Comfortable Classic All-Match Sports Shoes With Lace-Up And Side Zipper,Shoes
26.0,,,,7.86,23.0,9.2k+ sold recently,"Elegant Beige Sandals For Women, Snakeskin Embossed Cut Out Design Open Toe Slide Sandals",Shoes
1.0,,,,17.6,20.0,,"CUCCOO TILAWA Fashionable High Heel Shoes With Embroidery, Chain Buckle & Day Buckle Decoration, Open Toe & Kitten Heel Design, Graduation Heel, Prom Heels For Summer Vacation Shoes Summer Sale",Shoes
15.0,,,,4.13,67.0,100+ sold recently,"Women Flat Shoes, Women Knitted Breathable Mesh Flat Shoes, Elegant Pointed Formal Shoes, Lightweight Slip-On Shoes",Shoes
1.0,,,,9.5,56.0,40+ sold recently,"Rhinestone Decor Sculptural Heeled Mules,Women's fashionable and comfortable casual versatile pointed transparent PVC inlaid with water drills on the shoe surface, transparent small round root high-heeled sandals",Shoes
5.0,,,,8.25,50.0,70+ sold recently,SHUZIA Bow Detail Slip On Pointy-Toe Moccasin Flats,Shoes
1.0,,,,11.2,21.0,1.2k+ sold recently,"Ladies' Thong Flat Sandals With Stylish 3D White Flowers, Elasticslip Design T-Strap Flat Sandals , Elegant And Perfect For Weddings",Shoes
1.0,,#2 Best Seller,In Beige Inserts & Insoles,1.6,30.0,,"1pair Soft Round Toe Anti-pain Insoles With Peach Heart-shaped Cushioning Pad, Non-slip, For High Heels And Casual Shoes",Shoes
16.0,,,,5.5,60.0,80+ sold recently,"New Spring Summer Women's Flat Sandals Fashionable Mules Adorned With Rhinestones, Large Size Women's Slipper Open-Toe Shoes, Rhinestone Decor",Shoes
1.0,,,,6.94,51.0,1.1k+ sold recently,"Glamorous Party Lace Up Flat Sandals for Women, Fluffy Decor Plain Artificial Leather Strappy Sandals",Shoes
15.0,,,,7.65,50.0,60+ sold recently,"Women Flat Sandals, Breathable Fabric Upper And Contrast Stitching, Casual Accessory For Vacation Style",Shoes
1.0,,#4 Best Seller,In White Women Pumps,19.4,18.0,,Women's Fashion Outdoor High Heels With Bowknot & Faux Pearl Decoration,Shoes
1.0,,,,19.76,20.0,1.3k+ sold recently,Women's Flat Leather Shoes For Girls With A Jk Style,Shoes
1.0,,#6 Best Sellers,in Women's Outdoor Athletic Shoes,6.45,50.0,,"Women Minimalist Style Front Lace-Up Outdoor Sports Shoes, Student Sport Leisure White Sneakers",Shoes
1.0,,,,14.9,21.0,20+ sold recently,Women's Rhinestone Flower Decorated  Rope Lightweight Comfortable Wedge Sandals With Thick Soles And Bare Straps,Shoes
17.0,,#1 Best Seller,In Red Violet Women Sandals,13.4,21.0,,Fashionable Women's Peep Toe Flat Sandals With Metal Detailing And Comfortable Ankle Strap Buckle Closure,Shoes
4.0,,,,11.83,23.0,4.2k+ sold recently,Litchi Embossed Bow Decor Slide Sandals,Shoes
1.0,,,,8.25,55.0,60+ sold recently,"Women Button Decor Point Toe Mule Flats, Fashion Canvas Flats",Shoes
11.0,,#6 Best Sellers,in Causal,8.82,22.0,,"Women's Butterfly Decor Flat Sandals, Lightweight Summer Slippers, Anti-Skid Beach Shoes For Women",Shoes
10.0,,,,5.25,59.0,10+ sold recently,"Women Casual Flat Sandals, New Style Metal Buckle Slip-Ons, Plus Size, Spring/Summer",Shoes
1.0,,,,17.23,22.0,4.0k+ sold recently,"Women Cross Strap Ankle Strap Sandals, Fashion Black Faux Suede Wedge Sandals",Shoes
4.0,,,,15.3,24.0,1.6k+ sold recently,Shoes For Men Gym Tennis Athletic Mesh Fashion Sneakers Lightweight Sports Workout Running Casual Shoes Comfortable Footwear Trainers White,Shoes
1.0,,#5 Best Sellers,in Shoe Accessories,1.4,33.0,,"2pcs Letter Graphic Shoe Insoles, Fashion Apricot Insoles For Pumps",Shoes
15.0,,#3 Best Seller,In Blue Women Platforms & Wedge Sandals,13.7,20.0,,"Summer New Style Women High Heels Increase The Height, Waterproof Platform, Thick Bottom, Elastic Band, Open Toe, Wedge Sandals",Shoes
1.0,,,,9.5,21.0,200+ sold recently,"New 2024 Flat Women's Summer Slippers, Fashionable Feather Printed Flip-Flops, Versatile Beach Sandals",Shoes
22.0,,,,10.72,20.0,200+ sold recently,"Plus Size 35-45 Women's Flat Shoes For Daily Wear And Fashion, Spring/Summer/Fall, Pointed Toe Brown Suede Soft Bottom Half Slippers",Shoes
18.0,,#7 Best Seller,In Silver Women Heeled Sandals,21.2,21.0,,"Women's Metallic Sculpture Mule High Heel Sandals, Shiny Silver High-Heeled Sandals For Charm Party In Summer",Shoes
1.0,,,,1.66,45.0,600+ sold recently,10pcs PVC Cute Cartoon Black Magic Series Decoration For Clog Sandals Shoe Accessories Charms For Men&Women Party Favors Birthday Gifts,Shoes
5.0,,#8 Best Seller,In Multicolor Women Sneakers,17.4,21.0,,"Dopamine Style Pink Blue Pink Skateboarding Shoes For Women, Fashionable Outdoor Lace-Up Sport Shoes With Round Toe, Ideal For Gifting On Festivals",Shoes
1.0,,#9 Best Seller,In Silver Women Platforms & Wedge Sandals,10.8,20.0,,"Women's Crystal Sandals, Summer Fashion, Open-Toed, Hollow Out Wedge Heel, Anti-Slip Beach Shoes, 2024 New Arrival",Shoes
1.0,,,,18.3,18.0,300+ sold recently,Bow Decor Point Toe Stiletto Heeled Slingback Pumps,Shoes
7.0,,#7 Best Seller,In Burgundy Women Sandals,5.35,67.0,,"Women's Fashionable Wine Red Thick-Soled High Heel Flip Flops, Comfortable Beach Sandals For Holiday",Shoes
5.0,,,,17.9,20.0,900+ sold recently,"Elegant Black Sandals For Women, Criss Cross Flatform Ankle Strap Sandals",Shoes
1.0,,,,10.93,25.0,3.0k+ sold recently,"Glamorous Gold Sandals For Women, Metallic Crocodile Embossed Slide Sandals",Shoes
1.0,,,,13.37,30.0,50+ sold recently,Comfortable Women's Sneakers With Thick Soles And Lace-Up Design For Active Lifestyle,Shoes
1.0,,#6 Best Seller,In Khaki Women Flats,16.8,18.0,,"Flat Sandals Color Block Women's Shoes, Fashionable Flat Women's Shoes",Shoes
7.0,,,,19.7,21.0,100+ sold recently,Women's Comfortable Anti-Skid Cross Elastic Band Linen Wedge Sandals With Thick Sole,Shoes
5.0,,#3 Best Seller,In Yellow Women Shoes,9.5,20.0,,2024 Summer New Mesh Breathable Flat Slip-Resistant Casual Sports Sandals,Shoes
1.0,,,,21.12,20.0,100+ sold recently,"(Plus Size) Women'S Open Toe High Heels With Round Toe, Bow Knot, Chunky Heel, Casual And Comfortable, Easy To Match, Ankle Strap Sandals For Wedding Celebration, Red",Shoes
1.0,,,,22.0,17.0,600+ sold recently,"Wide Fit Ladies' Open Toe High Heel Sandals With Round Toe, Bow Knot Decor, Chunky Heel, Hook And Loop Strap",Shoes
1.0,,,,10.35,25.0,100+ sold recently,"Fashionable White Outdoor Sports Shoes For Students, Comfortable Flat Soles And Front Straps, Diamond Pattern Design",Shoes
6.0,,,,11.88,1.0,1.3k+ sold recently,SHUZIA Women's Fashionable Versatile Flat Sandals,Shoes
13.0,,,,12.8,20.0,100+ sold recently,"Women Sports Sandals Lightweight Summer Outdoor Slip-On Shoes, Comfortable Flat Bottomed Breathable Cloth Sandals",Shoes
1.0,,,,9.7,37.0,200+ sold recently,SHUZIA Pointy Toe Slip On Loafers,Shoes
4.0,,#7 Best Seller,In Multicolor Women Platforms & Wedge Sandals,19.7,21.0,,"2024 Spring New Arrival Plus Size Women Shoes, Europe And American Style Thick Sole Open Toes Beach Sandals/Slippers",Shoes
4.0,,,,10.7,18.0,1.0k+ sold recently,Faux Leather Peep-Toe Slingback Sandals,Shoes
1.0,,#2 Best Sellers,in DIY Decorations,0.87,68.0,,10pcs Elastic Detachable Metal Iron Shoe Clip Shoe Flower Decorative Clips DIY Accessories For Shoe Accessories,Shoes
17.0,,#6 Best Seller,In Black Women Flats,9.6,22.0,,Women Minimalist Faux Suede Knitted Point Toe Ballet Flats,Shoes
1.0,,,,12.3,25.0,500+ sold recently,"Breathable Lightweight Striped Wading Shoes For Men - Non-Slip And Quick-Drying Barefoot Shoes For Outdoor Hiking, Fishing, And Boating",Shoes
6.0,,,,9.21,29.0,1.7k+ sold recently,"CUCCOO BIZCHIC Woman Shoes Minimalist Point Toe Comfrontable Home Flats, Elegant Black Faux Suede Mules For Summer Vacation Shoes Summer Sale Elegant Flats",Shoes
14.0,,,,8.44,23.0,1.1k+ sold recently,"Women's Summer Elegant & Comfortable Slipper With Straps, Popular Vacation Style Flat Sandals",Shoes
1.0,,#8 Best Seller,In White Women Slides,3.79,55.0,,"Women's Simple Stripe Style, Soft & Comfortable, Anti-Slip Indoor Slippers For Shower/ Bath Use, 2024 Spring/ Summer New Arrivals Eva Solid Color Flat Sandals",Shoes
7.0,,#3 Best Seller,In Black Women Sports Shoes,18.2,20.0,,Women's Running Shoes Casual Breathable Sports Shoes Fashionable Lightweight Sneakers,Shoes
5.0,,#6 Best Sellers,in Trendy Basics,15.36,50.0,,"Men's Lace-Up Letter Printed Running Shoes, Round Toe Athletic Outdoor Material Sneakers",Shoes
7.0,,#2 Best Sellers,in Women Sandals Below $5.99,7.3,21.0,,Women's Slip-Resistant Multicolored Beach Flip-Flops In Summer,Shoes
1.0,,,,14.3,21.0,10+ sold recently,"Women's Flat Square Toe Slipper, Colorful  Butterfly Design, Fashionable And Elegant Casual Summer Sandals, Large Size, Perfect For Leisure And Vacation",Shoes
4.0,,,,23.0,18.0,100+ sold recently,Women's Spring & Autumn Vintage Color Block Round Toe Platform Loafers,Shoes
1.0,,,,20.72,20.0,300+ sold recently,"Fashion Blue Pumps For Women, Point Toe Slingback Pyramid Heeled Pumps",Shoes
1.0,,,,6.63,38.0,200+ sold recently,New Arrival European And American Style Plus Size Women's Mesh Embellished Flat Non-Slip Slippers,Shoes
1.0,,,,8.2,20.0,900+ sold recently,Women's Flat Clip Toe Sandals,Shoes
4.0,,,,4.37,57.0,1.0k+ sold recently,"Women's Spring/Summer Fashion Flat Sandals, Cute Beach Slippers, Simple Gold Monochrome Flip Flops With Toe & Chopsticks Straps",Shoes
13.0,,#2 Best Seller,In Apricot Women Sandals,9.5,24.0,,"Summer New Plus Size Breathable Flat Beach Slipper For Outdoor, Non-Slip",Shoes
8.0,,#7 Best Sellers,in Men Casual Shoes,28.1,25.0,,"Men's Breathable Mesh Casual Sports Shoes, Comfortable Slip-Resistant Lace-Up Shock-Absorption Athletic Shoes, Suitable For Outdoor Activities",Shoes
12.0,,,,7.98,25.0,2.8k+ sold recently,"Women Minimalist Single Band Slide Sandals, Elegant Sandals",Shoes
4.0,,#1 Best Seller,In Pink Women Pumps,21.7,19.0,,"Crocodile Embossed Chunky Heeled Court Pumps, Pink Fashionable Crocodile Pattern High Heels Pumps For Women",Shoes
5.0,,,,11.66,22.0,1.7k+ sold recently,"New Arrival Women's Summer Flat Sandals, Fashionable And Versatile Korean Style Minimalist Daily Wear",Shoes
1.0,,,,10.25,61.0,10+ sold recently,"Buckle Detail Espadrille Sole Wedge Ankle Strap Sandals, Ladies' Vacation Style Platform Wedge Sandals With Transparent Straps & Thick Bottoms",Shoes
12.0,,#10 Best Seller,In Brown Women Flats,17.3,18.0,,"Women's Retro Floral T-Strap Cutout Flat Sandals, Ladies' Anti-Slip Fashionable Beach Shoes For Comfortable Casual & Vacation Outfit Brown",Shoes
1.0,,,,12.0,0.0,2.1k+ sold recently,SHUZIA Faux Leather Closed Toe Ballet Flats,Shoes
4.0,,#7 Best Sellers,in Low Heel Women Platforms & Wedge Sandals,14.5,21.0,,Women's Resort Braided Cross Strap Platform Sandals,Shoes
1.0,,,,24.4,18.0,1.1k+ sold recently,"Women's Double Buckle Design Round Toe Waterproof Platform Cone Heel Shallow Mouth Mary Jane Shoes, Elegant And Fashionable In Spring And Autumn, Black Faux Suede",Shoes
24.0,,#5 Best Seller,In Grey Women Shoes,8.72,53.0,,Women's Casual Fashion Rhombus Patterned Thick-soled Height-increasing Comfortable Slippers For Outdoor/beach,Shoes
4.0,,#8 Best Sellers,in RECOMMENDED Happiness Products,2.1,0.0,,"5pairs/Set Solid Color Heel Patch, Heel Insoles Pads Patch Pain Relief Anti-Wear Cushion Feet Care Heel Protector Adhesive Back Sticker Shoes Insert Insole ,Modern Non-Woven Fabric Anti-Wear Anti-Drop Heel Patch For Daily Life",Shoes
8.0,,,,14.6,24.0,600+ sold recently,"Women Fashionable Daily Simple Casual Shoes, 2024 New Comfortable Soft-Sole Cowhide Shoes With Stitching For Mothers",Shoes
5.0,,#7 Best Seller,In Black and White Women Sneakers,6.24,67.0,,"Women's Fashionable Color Block Fluffy Lined Casual Sneakers, Cow Print Fleece Warm Flat Shoes",Shoes
1.0,,,,24.3,25.0,100+ sold recently,"Men's Slip-Resistant And Durable Casual Sports Shoes, Trendy Chunky Sneakers",Shoes
1.0,,,,1.45,65.0,400+ sold recently,"24pcs Basketball Themed Shoe Charms, Cute Shoe Decorations For Clog Party, Perfect Birthday Gift For Both Women And Men",Shoes
5.0,,,,1.5,52.0,600+ sold recently,"1 Pair Rhinestone Decor Shoelaces With Buckles, Beige Polyester Fashion Accessories For Sneakers",Shoes
13.0,,,,16.2,21.0,1.3k+ sold recently,"Women Braided Detail Chunky Heeled Mule Sandals, Elegant Black Heeled Sandals",Shoes
1.0,,,,9.9,21.0,900+ sold recently,"Summer Outdoor Casual Fashionable Woven Slippers Women's Flat Heel Sandals, Red Ladies' Flat Mules",Shoes
1.0,,,,1.7,0.0,80+ sold recently,"5 Pairs Sweat-Absorbent, Odor-Resistant, Breathable Barefoot Ultra-Thin Insoles For Men And Women's High Heels, Summer, Made Of Wood Pulp",Shoes
1.0,,,,22.7,13.0,2.1k+ sold recently,CUCCOO BASICS Woman Shoes Minimalist Square Toe Chunky Heeled Mule Beige Elegant Summer Heeled Sandals For Summer Graduation Heels Prom Heels Vacation Shoes Summer Sale,Shoes
4.0,,,,32.0,0.0,300+ sold recently,SHEIN SHUZIA Rhinestone Ankle Strap Open Toe Heels,Shoes
5.0,,#1 Best Sellers,in Women Water Shoes,5.7,5.0,,Women Outdoor Wading Shoe Black Swimming Shoe Non-Slip Lightweight Beach Shoe Comfortable Convenient Yoga Shoe One-Step Slip-On For Holiday Travel,Shoes
1.0,,,,1.7,29.0,30+ sold recently,"GEL Forefoot Cushion & Half Insole, Half Pad For High Heels, Thick Anti-Slip Transparent Forefoot Pad, Soft Cushion For Women's Shoes",Shoes
1.0,,,,13.35,50.0,400+ sold recently,Fashionable Party Style Fall Shoes Ladies' Pointed Toe Chunky Heels Pumps With Bowknot & Faux Pearl Chain Decoration,Shoes
1.0,,,,7.16,60.0,60+ sold recently,"New Fashion Fish Mouth Sandals For Women, Summer 2024, High Heel, Sexy Retro Roman Shoes",Shoes
15.0,,,,9.88,25.0,6.0k+ sold recently,"Comfortable Women Flat Sandals, Stylish And Versatile For Outdoor",Shoes
1.0,,,,6.6,47.0,1.6k+ sold recently,"Women's Asymmetrical Strappy Flat Slippers With Toe Loop, Spring Summer Round Toe Roman Sandals, Ideal For Home, Outdoor, Vacation",Shoes
5.0,,,,11.5,21.0,200+ sold recently,New Summer Arrival Casual Flat Women Slippers With Metal Disk Detail,Shoes
7.0,,,,12.1,21.0,3.8k+ sold recently,"Women Braided Design Single Band Open Toe Slide Sandals, Vacation Black Solid Minimalist Outdoor Flat Sandals",Shoes
4.0,,#10 Best Sellers,in Women Platforms & Wedge Sandals,7.52,21.0,,Simple Women Sandals Classic Woven Elastic Band Wedges With Thick Platform Soles,Shoes
8.0,,#4 Best Seller,In Blue Women Sandals,9.0,20.0,,"Women's Casual, Comfortable, And Fashionable Flat Sandals For Summer",Shoes
6.0,,,,10.96,23.0,5.9k+ sold recently,"Fashionable Ladies' Double-strap Beach & Travel & Casual Slides With Flat White Sole, White Women's Flat Sandals",Shoes
31.0,,,,8.2,20.0,1000+ sold recently,"Elegant Mule Sandals For Women, Snakeskin Embossed Flat Sandals",Shoes
4.0,,,,4.52,67.0,50+ sold recently,Styleloop Ladies' Solid Flat Slippers,Shoes
9.0,,,,6.97,42.0,600+ sold recently,Women's Metal Decorated Casual And Stylish Flat Slippers With Soft Cushioning And Toe Separator,Shoes
1.0,,,,16.17,15.0,200+ sold recently,CUCCOO BASICS Woman Shoes  Fashion Pointed Toe Flat Studded Decor Beige Mules For Summer Vacation Shoes Summer Sale,Shoes
17.0,,#1 Best Seller,In Royal Blue Women Flat Sandals,10.3,21.0,,Women's Simple Ankle Strap Fashion Flat Sandals,Shoes
18.0,,,,20.54,24.0,500+ sold recently,"Women's Gold Decor Pyramid High Heel Mules Sandals, Gorgeous Party High Heel Sandals",Shoes
7.0,,,,10.8,21.0,5.1k+ sold recently,New Sweet Roman Style Pearl Beaded White Flat Beach Sandals,Shoes
22.0,,#6 Best Seller,In White Women Flats,11.4,18.0,,"Women's Fashionable And Elegant Office Loafers, Comfortable Soft-Sole Mom Shoes, Ladies' French Style Flat Shoes, Casual Shoes For Spring And Autumn",Shoes
1.0,,,,5.86,37.0,1.2k+ sold recently,Women Minimalist Double Strap Slingback Wedge Sandals Fashion,Shoes
1.0,,,,9.7,15.0,10+ sold recently,"Women's INS Style Slip-On Sandals, New Fashion Roman Flat Slippers For Women, Summer Wide Version Transparent Slippers",Shoes
1.0,,,,1.32,54.0,90+ sold recently,"1 Pair Silicone Heel Protectors, Heel Sleeves To Prevent Cracking, Pain, Comfortable, Anti-slip And Cushioning Shoe Inserts",Shoes
5.0,,,,9.75,25.0,400+ sold recently,CUCCOO CHICEST Woman Shoes Bowknot Decoration Fashion Point Toe Low-Heeled Brown Loafers For Summer Graduation Heels Prom Heels Vacation Shoes Summer Sale Elegant Flats,Shoes
5.0,,#4 Best Seller,In Black Women Flats,10.89,1.0,,SHUZIA Shiny Closed Point Toe Court Ballet Flats,Shoes
5.0,,#8 Best Seller,In Khaki Wide Fit Shoes,12.1,17.0,,"Women's Round Toe Knitted Embroidery Breathable Shallow Slip-On Loafers, Elegant & Versatile, Fashionable & Casual Flat Shoes, Suitable For Daily Wear, Work, Commuting, Campus, Simple Gatherings, And Dates.",Shoes
11.0,,,,3.9,25.0,1.5k+ sold recently,"Women's Plush Comfortable Slippers, Indoor Floor Mute Home Slippers, Autumn And Winter Christmas Element Fun Slipper, Soft Bottom, Super Light And Fluffy Women's Slippers",Shoes
1.0,,,,16.7,20.0,600+ sold recently,"Braided Detail Chunky Heeled Mule Sandals, Apricot Solid Mules With Woven Straps And Block Heels For Holiday",Shoes
22.0,,,,9.7,22.0,5.0k+ sold recently,New Style Women's Flat Sandals With Roman Straps,Shoes
14.0,,#10 Best Sellers,in Slides Women Shoes,8.0,21.0,,"Elegant Black Sandals For Women, Minimalist Single Band Slide Sandals",Shoes
1.0,,,,12.34,34.0,400+ sold recently,Scallop Trim Ankle Strap Flats,Shoes
1.0,,#6 Best Seller,In Apricot Shoe Accessories,1.4,33.0,,"Anti-Wear Foot Artifact, Heel Stickers, High-Heeled Shoes, Leather Shoe Toe Stickers, Shoe Foot Stickers, Invisible Tape, Ankle Grinding Foot Stickers, Finger Stickers, Random Stickers",Shoes
10.0,,,,15.5,18.0,1.4k+ sold recently,Women's Black Double Buckle Strap Flat Shoes Elegant Pointed Ankle Strap Women's Shoes Black Faux Suede Dance Shoes Spring Summer Comfortable Breathable Women's Shoes Black Shoes,Shoes
4.0,,#3 Best Seller,In Black Women Slides,10.9,23.0,,"Women Plain Color Fashionable Sandals, Buckle Belt Decorated Lightweight Flat Slippers, Non-Slip Summer Flip-Flops",Shoes
8.0,,#6 Best Seller,In Gold Women Shoes,10.1,20.0,,"Women's Golden Flat Sandals, Fashionable Beach Flip-Flops With Toe Ring, Stylish Women's Woven Detail Holiday Commuting Sandals, Summer",Shoes
6.0,,,,8.65,53.0,1.8k+ sold recently,"Women's Thick-soled Fish Mouth Imitation Bottom Sandals, Black Waterproof Platform And Slip-resistant, Summer Style",Shoes
5.0,,,,9.75,25.0,400+ sold recently,CUCCOO CHICEST Woman Shoes Bowknot Decoration Fashion Point Toe Low-Heeled Brown Loafers For Summer Graduation Heels Prom Heels Vacation Shoes Summer Sale Elegant Flats,Shoes
5.0,,#4 Best Seller,In Black Women Flats,10.89,1.0,,SHUZIA Shiny Closed Point Toe Court Ballet Flats,Shoes
5.0,,#8 Best Seller,In Khaki Wide Fit Shoes,12.1,17.0,,"Women's Round Toe Knitted Embroidery Breathable Shallow Slip-On Loafers, Elegant & Versatile, Fashionable & Casual Flat Shoes, Suitable For Daily Wear, Work, Commuting, Campus, Simple Gatherings, And Dates.",Shoes
11.0,,,,3.9,25.0,1.5k+ sold recently,"Women's Plush Comfortable Slippers, Indoor Floor Mute Home Slippers, Autumn And Winter Christmas Element Fun Slipper, Soft Bottom, Super Light And Fluffy Women's Slippers",Shoes
1.0,,,,16.7,20.0,600+ sold recently,"Braided Detail Chunky Heeled Mule Sandals, Apricot Solid Mules With Woven Straps And Block Heels For Holiday",Shoes
22.0,,,,9.7,22.0,5.0k+ sold recently,New Style Women's Flat Sandals With Roman Straps,Shoes
14.0,,#10 Best Sellers,in Slides Women Shoes,8.0,21.0,,"Elegant Black Sandals For Women, Minimalist Single Band Slide Sandals",Shoes
1.0,,,,12.34,34.0,400+ sold recently,Scallop Trim Ankle Strap Flats,Shoes
1.0,,#6 Best Seller,In Apricot Shoe Accessories,1.4,33.0,,"Anti-Wear Foot Artifact, Heel Stickers, High-Heeled Shoes, Leather Shoe Toe Stickers, Shoe Foot Stickers, Invisible Tape, Ankle Grinding Foot Stickers, Finger Stickers, Random Stickers",Shoes
10.0,,,,15.5,18.0,1.4k+ sold recently,Women's Black Double Buckle Strap Flat Shoes Elegant Pointed Ankle Strap Women's Shoes Black Faux Suede Dance Shoes Spring Summer Comfortable Breathable Women's Shoes Black Shoes,Shoes
6.0,,,,8.65,53.0,1.8k+ sold recently,"Women's Thick-soled Fish Mouth Imitation Bottom Sandals, Black Waterproof Platform And Slip-resistant, Summer Style",Shoes
1.0,,#8 Best Seller,In Mocha Brown Women Sandals,19.2,21.0,,"Women Peep Toe Side Hollow Out Chunky Heels Sandals Back Zip Closure, Casual, Simple, Comfortable, Dark Apricot Leather High Heel Sandals",Shoes
4.0,,#2 Best Seller,In Black Wide Fit Sandals,10.89,17.0,,"Vacation Style Women Flat Round Toe Soft Leather Weave Multiple Strap  Sandals Solid Color Slippers Suitable For Daily Wear, Beach, Parties, Music Festivals And Summer Gatherings",Shoes
11.0,,,,13.8,21.0,90+ sold recently,New Arrival Chunky Heel Women's Two Strap High Heel Sandals,Shoes
1.0,,,,9.63,42.0,90+ sold recently,Men Breathable & Moisture-Wicking Slip-On Sandals With Foot Strap,Shoes
4.0,,,,0.79,71.0,500+ sold recently,"4pcs Duck Design Shoe Decorations, Fashionable Glow In The Dark Accessories For Clogs",Shoes
1.0,,,,5.16,40.0,10+ sold recently,"New Spring Summer Style Women's Floral Slippers, Sunflower Pattern Classic Yellow Beach Sandals For Outdoors, Elegant And Lightweight",Shoes
5.0,,,,10.73,25.0,2.6k+ sold recently,SHEIN SHUZIA Closed Toe Fuzzy Slippers,Shoes
8.0,,#9 Best Seller,In White Women Pumps,20.9,18.0,,Women White Tie Leg Design Point Toe Chunky Heeled Strappy Pumps,Shoes
7.0,,,,13.5,18.0,40+ sold recently,"New Women's Mesh Loafers, Fashionable & Versatile Breathable Netted Footwear, Slip-On Buckle Mary Jane Style, Lightweight And Soft-Sole Casual Flat Shoes In Beige Color, Suitable For Fashionable Young Women",Shoes
4.0,,#2 Best Seller,In Baby Blue Women Platforms & Wedge Sandals,11.1,20.0,,"Women's Summer Sandals 2024 Plus-Size Thick-Soled Wedge Heel Flip Flops, Comfortable Anti-Skid Beach Shoes With Open Toes",Shoes
5.0,,#1 Best Seller,In Burgundy Women Flats,7.46,63.0,,Women's Slip-On Ballerina Flats With Bow Knot And Breathable Design,Shoes
1.0,,,,10.72,33.0,40+ sold recently,"1 Pair Of Women's Sport Quick Drying Stream Shoes, Lace Up, White With Geometric Pattern, Rubber Sole, Low Cut, For Outdoor Beach Swimming, Barefoot Water Sport Shoes",Shoes
1.0,,#6 Best Seller,In Multicolor Women Sports Sandals,12.0,21.0,,"Women's Plus Size Multicolor Soft, Comfortable, Lightweight, Leopard Print, Versatile, Casual, Outdoor, Fashionable, Athletic, Flat, Beach, Wedge, Platform Sandals",Shoes
9.0,,,,11.8,21.0,3.6k+ sold recently,"Fashionable Wedge Slide Sandals For Women, Metal Decor Toe Post Sandals",Shoes
7.0,,#3 Best Seller,In Orange Women Flat Sandals,9.1,21.0,,"Women Bow Decor Slide Sandals, Vacation Summer Faux Suede Flat Sandals",Shoes
1.0,,#5 Best Seller,In Pink Women Platforms & Wedge Sandals,19.0,0.0,,SHUZIA Two Band Buckled Ankle Platform Espadrille Sandals,Shoes
4.0,,,,12.1,18.0,200+ sold recently,"Women White Buckle Detail Stitch Detail Loafers, Elegant Round Toe Flats",Shoes
16.0,,,,18.6,21.0,300+ sold recently,"Women Minimalist Buckle Decor Chunky Heeled Ankle Strap Sandals, Fashion Summer Heeled Sandals",Shoes
1.0,,,,9.4,18.0,20+ sold recently,Women's Knitted Mesh Flats Pointed Toe Casual Shoes,Shoes
39.0,,#7 Best Seller,In Black Women Platforms & Wedge Sandals,20.79,21.0,,"Elegant Slingback Wedge Sandals For Women, Ruched Detail Flatform Sandals",Shoes
1.0,,,,16.5,20.0,1.6k+ sold recently,"Women Criss Cross Buckle Decor Sandals, Punk Thong Flatform Sandals For Summer",Shoes
18.0,,,,16.9,21.0,1.1k+ sold recently,"Women Minimalist Mule Sandals, Stiletto Heeled Fashion Sandals",Shoes
31.0,,,,11.48,21.0,4.4k+ sold recently,"Cross Strap Slide Sandals, Beige Elegant Solid Color Slippers",Shoes
1.0,,,,11.1,20.0,700+ sold recently,"Women Casual Breathable Slip-Resistant Canvas Shoes With Black Trim, Equine Pattern, Round Toe, Elastic Closure, Easy On And Off, Flat Sports Shoes",Shoes
4.0,,,,12.7,21.0,80+ sold recently,"Women's Slip-Resistant Wedge Flip Flops, Thick-Soled Beach Vacation Rest Sandals",Shoes
24.0,,,,20.0,19.0,300+ sold recently,"Fashion High-Heel Shoes With Pointed Toe And Shallow Mouth, Made Of Patent Leather",Shoes
1.0,,#9 Best Seller,In Khaki Wide Fit Shoes,12.39,41.0,,SHUZIA Pleather Open-Toe Wide-Fit Block Heels,Shoes
1.0,,,,9.5,21.0,600+ sold recently,"Fashionable Thong Sandals For Women, Butterfly Decor Flat Sandals",Shoes
10.0,,,,13.4,21.0,800+ sold recently,"Women Bohemian Style Flat Sandals, 2024 New Arrival Women Shoes",Shoes
1.0,,,,20.1,20.0,100+ sold recently,Women's High Heel Stiletto Fish Mouth Hollow Out Dance Fashion Boots With Tie-Up Straps,Shoes
1.0,,#2 Best Sellers,in High Heel Women Ankle Boots & Booties,14.61,43.0,,"Women's Pointed Toe Fashionable & Comfortable High Heel Boots, Fashionable Velvety Anti-slip Boots, Ladies' Shoes",Shoes
1.0,,#7 Best Sellers,in Shoe Storage,6.8,24.0,,"1pack Shoe Boxes,Shoe Organizer,Clear Plastic Stackable Sneaker Containers/Bins For Entryway,Space Saving Shoe Rack Bin Holder, Storage Drawer Units,White",Shoes
10.0,,,,14.6,20.0,4.7k+ sold recently,"Women Minimalist Espadrille Flatform Ankle Strap Sandals, Vacation Summer Sandals",Shoes
1.0,,,,24.9,20.0,,"2024 New Fashion Women's Ankle Strap Purple Heeled Sandals, Peep Toe, Chunky Heels, Waterproof Platform",Shoes
8.0,,#3 Best Seller,In Dark Green Women Shoes,14.8,18.0,,"Women Metallic Detail Point Toe Flats, Fashionable Green Faux Suede Loafer Flats For Outdoor",Shoes
11.0,,,,7.3,21.0,1.1k+ sold recently,Women Fashion Flat Sandals Beige Flowers Slip On Slides Fashion Sandals For Women Casual Summer Beach Shoes,Shoes
10.0,,,,20.8,21.0,200+ sold recently,Women's Comfortable And Fashionable Wedge Heel Sandals With Ma Rope And Velvet Bottom,Shoes
1.0,,#7 Best Seller,In Yellow Women Heeled Sandals,19.0,21.0,,Women's Mules Yellow Chunky/Mid Heel Peep Toe Slip-On Knitted Knit High Heel Summer Breathable Sandals,Shoes
1.0,,#10 Best Sellers,in Women Sports Sandals,11.5,21.0,,"Leopard Pattern Bow Decor Hook-and-loop Fastener Sport Sandals For Women, Fashionable Open Toe Flat Sandals For Daily",Shoes
1.0,,#5 Best Seller,In Grey Women Platforms & Wedge Sandals,13.0,21.0,,Women's Plus Size Summer Braided Buckle Solid Color Wedge Thick Bottom Sandals,Shoes
8.0,,,,12.3,21.0,500+ sold recently,"New Arrival Women's Chunky High Heel Mules, Golden Round Toe Slip-On Shoes",Shoes
9.0,,,,31.1,38.0,700+ sold recently,Women Double Bowknots Crystal Sandals Clear Slingback Heels Square Toe Shoes For Party Wedding,Shoes
9.0,,#1 Best Seller,In Rust Brown Women Flat Sandals,8.71,21.0,,"Vacation Outdoors Brown Flat Slippers for Women, Braided Detail Plain Artificial Leather Open Toe Slide Sandals",Shoes
1.0,,,,19.58,21.0,400+ sold recently,"Metal Decor Snakeskin Flat Mules, White Elegant Pure Metallic Snake Print Mule Heels",Shoes
16.0,,,,10.1,21.0,100+ sold recently,"Fashionable Comfortable Women Flat Sandals, Butterfly Decorated Open Toe Slip-On Sandals, Perfect For Vacation And Casual Wear",Shoes
8.0,,#8 Best Seller,In Multicolor Women Slippers,5.7,24.0,,"Black Open Toe Cross Band Fluffy Slippers For Women, Fashionable And High-Grade Indoor Anti-Slip Home Slippers",Shoes
7.0,,,,10.96,48.0,700+ sold recently,SHEIN SHUZIA Faux Suede Slip On Slippers,Shoes
6.0,,#4 Best Sellers,in Cute Slippers for Men,10.5,25.0,,"Men Shark Design Open Toe Slides, Preppy Indoor EVA Slides",Shoes
1.0,,,,4.8,25.0,100+ sold recently,Women's Fashionable Indoor Slippers With Star Pattern For Bedroom,Shoes
4.0,,,,10.8,21.0,200+ sold recently,"New Summer Women's Fashionable Woven Decorated Round Toe Flat Sandals, Roman Holiday Style, Plus Size Outdoor/Travel/Student Black & Brown Sandals",Shoes
10.0,,,,22.1,21.0,500+ sold recently,"Women Braided Strap Platform Chunky Heeled Ankle Strap Sandals, Fashion Summer Heeled Sandals",Shoes
11.0,,,,19.1,17.0,300+ sold recently,Bow Decor Point Toe Ankle Strap Flats,Shoes
12.0,,#1 Best Seller,In Chocolate Brown Women Flat Sandals,10.4,21.0,,2024 New Summer Women  Deep Brown Woven Braided Strappy Beach Flat Sandals,Shoes
12.0,,,,10.4,21.0,2.1k+ sold recently,Women's New Style Woven Straw Belted Flat Sandals For Summer 2024,Shoes
1.0,,#7 Best Seller,In Clear Women Platforms & Wedge Sandals,20.35,24.0,,"Women Clear Strap Espadrille Wedge Slide Sandals, Vacation Summer Sandals",Shoes
1.0,,#6 Best Sellers,in Wide Fit Wedges,17.25,25.0,,SHUZIA Women's Simple Solid Color Wedge Sandals,Shoes
1.0,,,,0.83,79.0,100+ sold recently,"1 Pair High Heel Shoe Invisible Half Insole, Arch Support, Anti-Slip, 10/7 Length Shoe Pad",Shoes
1.0,,,,12.1,21.0,100+ sold recently,Women\ Chunky Heeled Outdoor Retro Open Toe Platform Sandals Thick-Soled High Heels Slippers,Shoes
1.0,,,,14.5,21.0,100+ sold recently,"White Round Toe Lace-Up Diamond Pattern Breathable Casual Lightweight Sneakers, Unisex Couple's Shoes, Women's Sports Shoes",Shoes
8.0,,,,7.26,45.0,3.5k+ sold recently,Women Round Toe Factory Direct Outdoor Beach Camping Simple Buckle Lightweight Trendy European And American Style Flat Sandals,Shoes
7.0,,#5 Best Seller,In Apricot Women Platforms & Wedge Sandals,18.7,20.0,,"Women Espadrille Sandals, Vacation Faux Suede Wedge Slide Sandals",Shoes
6.0,,,,10.8,40.0,10+ sold recently,"Women's Plus Size Furry Sandals, Korean Style Thin Heels, Peep Toe With Ankle Buckle, Sexy Nightclub High Heels For Spring/Summer",Shoes
16.0,,#10 Best Seller,In Multicolor Women Heeled Sandals,17.7,20.0,,"Women Single Band Stiletto Heeled Sandals, Fashionable Green Fabric Mule Sandals For Summer",Shoes
1.0,,,,5.07,60.0,400+ sold recently,"Women's Cloud Slippers, Comfortable Thick Bottom Slipper With Pillow, Non-slip Bathroom Slipper",Shoes
4.0,,,,8.64,54.0,700+ sold recently,"1pair Sporty Breathable Women Athletic Shoes, Letter Patch Decor Drawstring Front Low-top Hiking Shoes",Shoes
11.0,,,,5.97,60.0,500+ sold recently,"Women's Casual Lightweight Breathable Flat Low-Cut Sports Shoes, Running Shoes And Sneakers",Shoes
1.0,,,,15.3,21.0,100+ sold recently,"Vintage Peep Toe Peep-Toe Slippers For Women, Beige/Milky White/Black Outdoor Thick Bottom Slope Heel Non-Slip Beach Sandals, Comfortable High Heeled Shoes",Shoes
13.0,,,,14.7,21.0,200+ sold recently,Summer New Arrival Fashionable Hollow Out Breathable French High Heels Sandals For Women,Shoes
14.0,,#5 Best Sellers,in Business,20.99,21.0,,"Minimalist Espadrille Ankle Strap Wedge Sandals, White Solid Color Wedge Sandals For Vacation",Shoes
5.0,,,,13.86,1.0,3.7k+ sold recently,"SHUZIA Ladies' Solid Color Casual Flat Sandals, Versatile Style",Shoes
7.0,,,,13.5,21.0,40+ sold recently,"2024 New Arrival Women's White Wedge Sandals, Waterproof Platform Fashionable Slipper For Outdoor Activities, Open Toe Thick Heel Beach Shoes With Ankle Strap, Flat Sole",Shoes
1.0,,,,16.9,21.0,500+ sold recently,"Women Clear Chunky Heeled Ankle Strap Sandals, Fashion Summer Heeled Sandals",Shoes
12.0,,,,18.4,21.0,500+ sold recently,"Women's Sexy Apricot High Heel Sandals With Open Toe, Ankle Strap And Stiletto Heels",Shoes
4.0,,,,12.1,21.0,40+ sold recently,"Women's Circle Shaped Gold Decor Buckle Hollow Out Clip Toe Studs Strappy Sandals, Summer Light-Weight Fashionable Flat Sandals For Vacation",Shoes
1.0,,#2 Best Sellers,in Low Heel Women Ankle Boots & Booties,21.4,20.0,,Women Buckle Design Lace-Up Front Minimalist Side Zipper Combat Boots,Shoes
4.0,,,,20.29,28.0,700+ sold recently,"Women's New Summer High Heels, Thick Waterproof Platform, Wedge Heeled, Simple Slipper Sandals",Shoes
1.0,,,,9.7,21.0,200+ sold recently,New Arrivals Comfortable Low-Key Women Flat Sandals For Daily Wear In Summer,Shoes
1.0,,,,1.87,55.0,300+ sold recently,2pcs Anti-Pain Ultra Soft Silicone Forefoot Insole Pad For Women's High Heels,Shoes
1.0,,#9 Best Sellers,in Men Casual Athletic Shoes,16.13,25.0,,"Men's Breathable White Sneakers, Thick-Soled Student Shoes, Trendy Casual Sports Shoes, Canvas Shoes",Shoes
4.0,,#2 Best Seller,In White Women Equestrian Boots & Western Boots,28.1,18.0,,"Women Embroidery Detail Chunky Heeled Western Boots, Fashion Boots Cowboy Boots",Shoes
11.0,,,,11.8,20.0,1.0k+ sold recently,"Women's Flat Sandals Beaded Thin Strap Sandals, Holiday, Fashion, Summer",Shoes
4.0,,#5 Best Seller,In White Women Mid-Calf Boots,29.7,20.0,,"Women Glitter Side Zip Chunky Heeled Fashion Boots, Glamorous Glitter Classic Boots",Shoes
1.0,,,,8.89,65.0,70+ sold recently,Bow Decor Stiletto Heeled Ankle Strap Pumps,Shoes
4.0,,#4 Best Seller,In Hot Pink Women Heeled Sandals,20.1,21.0,,"Women Bow Decor Stiletto Heeled Mule Sandals, Glamorous Summer Satin Heeled Sandals",Shoes
27.0,,,,13.4,23.0,2.4k+ sold recently,New Arrivals Grain Double Strap Slides Adorned With Rhinestones Soft And Fluffy Shoes,Shoes
8.0,,#6 Best Seller,In Red Women Platforms & Wedge Sandals,21.6,21.0,,"Women Minimalist Toe Post Wedge Slide Sandals, Vacation Summer Sandals",Shoes
1.0,,,,6.7,56.0,60+ sold recently,"Women's Fashionable Simple Flat Casual Sneakers, New Outdoor Lightweight Comfortable Canvas Shoes, Breathable Mesh Slip-On Sport Socks Sneaker",Shoes
5.0,,,,13.7,18.0,30+ sold recently,"Pointed Toe High Heels, Thin Heel, Pumps, Elegant Closed Toed Sandals, Medium Heels, Slingback Design, New Style For Women's Skirts",Shoes
1.0,,,,16.37,22.0,400+ sold recently,Summer New Arrival Women's Fashionable Diamond & Rhombus Pattern Black Thick-Soled Height Increasing Comfortable Outdoor Slippers,Shoes
8.0,,,,8.05,50.0,40+ sold recently,"Fashionable  Breathable Hollow Women's Wedge Sandals With 7cm Heel, Comfortable And Light White Open Toe Sandals",Shoes
1.0,,#2 Best Seller,In Burgundy Women Flat Sandals,9.9,21.0,,"Women Braided Detail Slide Sandals, Vacation Summer Flat Sandals",Shoes
14.0,,,,13.4,23.0,900+ sold recently,"Women Double Buckle Decor Slides, Cool Black Jelly Slides",Shoes
1.0,,#1 Best Seller,In Blue Women Slippers,13.1,22.0,,Shoes/Women's Shoes/Ladies' Slippers/Ladies' Fashionable Thick-Soled Slippers For Everyday Wear,Shoes
8.0,,#6 Best Seller,In Coffee Brown Women Heeled Sandals,21.2,21.0,,"Elegant Ankle Strap Sandals For Women, Mesh Brown Stiletto Heeled Sandals",Shoes
7.0,,,,14.4,18.0,200+ sold recently,"New Women's Black Breathable Mesh Slip-On Shoes With Buckle Strap, Lightweight Soft Soles And Fashionable Dotted Bottoms, Versatile And Trendy",Shoes
1.0,,,,19.3,21.0,1.4k+ sold recently,"Women's Apricot High-heeled Slippers,fashion Square Toe Chunky High-heeled Sandals With Clear Strap, Soft Leather, Comfortable And Versatile",Shoes
4.0,,#2 Best Seller,In Gold Women Platforms & Wedge Sandals,22.47,21.0,,Women's Wedge Heel Thick Sole Sandals,Shoes
13.0,,#1 Best Seller,In Khaki Women Pumps,15.6,18.0,,"Elegant Slingback Pumps For Women, Tweed Pyramid Heeled Pumps",Shoes
6.0,,,,9.08,66.0,50+ sold recently,Elegant & Fashionable Crystal Studs & Glass Rhinestone Women's High Heel Sandals For Outdoor,Shoes
1.0,,,,6.1,23.0,700+ sold recently,"Women's Indoor House Slippers, Warm Plush, Floral Embroidery, Fashionable, Soft And Comfortable, Winter, Cartoon Style For Bedroom",Shoes
5.0,,,,14.36,22.0,3.0k+ sold recently,"Women Minimalist Chunky Heeled Mule Sandals, Elegant Summer Heeled Sandals",Shoes
30.0,,,,11.6,21.0,8.5k+ sold recently,"Vacation Thong Sandals For Women, Braid Detail Flat Sandals",Shoes
1.0,,,,1.4,33.0,,"Forefoot Pad Half Size Shoe Insoles For Women, Anti-Slip, Sweat Absorbent, Pain Relief, For High Heels, With Back Heel Cushion",Shoes
16.0,,,,14.0,21.0,2.1k+ sold recently,"Crocodile Embossed Chain Decor Slide Sandals, Black Punk Metallic Chain Solid Color Flip Flops",Shoes
1.0,,,,6.12,66.0,200+ sold recently,SHUZIA Women's Flat Sandals,Shoes
1.0,,,,19.1,18.0,200+ sold recently,Fashionable Women's Black Lycra Fabric Flat Mules With Gold Metal Buckle Decoration For Daily Wear,Shoes
8.0,,#2 Best Seller,In Brown Women Platforms & Wedge Sandals,18.03,22.0,,Women High Platform Fashionable Straw Rope Sandals For Outdoor Wearing,Shoes
6.0,,,,5.15,50.0,100+ sold recently,Flat Sandals,Shoes
14.0,,,,13.8,21.0,600+ sold recently,"Spring/summer Women's Pointed Toe, Mules, Thin Heels Sandals",Shoes
6.0,,,,1.3,35.0,200+ sold recently,"1pair/2pairs Pain Relief Forefoot Insert Pads Women Sponge Toe Plug Half Insoles Adjustment Reduce Shoe Size Filler Protectors Cushion Super Soft Shoes Front Insole Sponge Half Pad For High Heels, Loafers, Adjustable Toe Protection, Anti-Skid, Pain Relief, Half Size Insole, Forefoot Pad",Shoes
1.0,,,,9.2,23.0,400+ sold recently,"Women's Rhinestone Slide Sandals With Wedge Heel, Non-Slip Thick Soled Beach Slippers, Perfect For Outdoor Wearing",Shoes
8.0,,#1 Best Seller,In Pink Women Sneakers,16.9,21.0,,"Women's Lightweight Running Sneakers, Breathable Lace Up Outdoor Tennis Trainers, Comfy Walking Sports Shoes ByYQUS",Shoes
6.0,,#2 Best Seller,In Hot Pink Women Sneakers,18.8,21.0,,Women's New Spring/Summer Breathable And Comfortable Sports Running Shoes Casual Shoes,Shoes
6.0,,#8 Best Seller,In Multicolor Women Flat Sandals,6.7,20.0,,"Colorful Women Flat Sandals Lightweight And Comfortable Beach Flip-Flops With Toe Strap And Colorful Imitation  Rope Bottom, Bohemian-Style Beach Sandals For Holidays",Shoes
19.0,,#1 Best Seller,In Red Women Heeled Sandals,18.9,21.0,,"Women Minimalist Stiletto Heeled Thong Sandals, Funky Summer Sandals",Shoes
5.0,,,,11.7,18.0,1.6k+ sold recently,Women's Comfortable Round Toe Mary Jane Flats With Buckle Strap For Spring And Autumn,Shoes
7.0,,,,6.21,54.0,300+ sold recently,"Women's Plus Size Flat Sandals With Rhinestone Detailing, Perfect For Vacation And Leisure Activities In Summer",Shoes
1.0,,,,13.0,35.0,10+ sold recently,CUCCOO CHICEST Women Shoes Fashionable Pearl Comfortable Classic High-Heeled Sandals For Dating And Parties,Shoes
1.0,,,,8.82,37.0,100+ sold recently,SHUZIA Faux Suede Pointy-Toe Moccasin Flats,Shoes
1.0,,,,21.2,21.0,100+ sold recently,"Women Gold Color Metallic Glitter Platform Shoes, Glamorous Open Toe Wedge Slide Sandals",Shoes
5.0,,,,11.3,20.0,2.2k+ sold recently,"Fashion White Strappy Sandals For Women, Knot Decor Tie Leg Design Sandals",Shoes
12.0,,,,16.0,20.0,5.2k+ sold recently,Women Single Band Flatform Slide Black Wedge Sandals,Shoes
4.0,,,,21.9,20.0,20+ sold recently,Summer Black & White Thin-Heeled Women's Sandals Double Straps Convenient Hook And Loop Round Toe Sexy Designer Sandals For Women,Shoes
1.0,,,,13.8,21.0,40+ sold recently,European And American Trade 2024 New Square-Toe Golden Strappy Thick Heel High-Heeled Sandals For Women's Summer Shoes,Shoes
10.0,,,,14.9,21.0,70+ sold recently,"Women Knitted High Heel Sandals, Breathable Stiletto Sandals",Shoes
22.0,,,,18.6,21.0,1.0k+ sold recently,"Minimalist Chunky Heeled Suedette Slingback Sandals, Black Elegant Solid Color Open Heel Shoes",Shoes
6.0,,,,17.0,25.0,90+ sold recently,"Women's Round Toe High Heels, Spring/Summer, Large Size, Wedge Heel, Waterproof Platform, Slip-On, Casual Outdoor Shoes, Espadrille Sole, Suede-Like Fabric Surface, Heel Height 35-42, Spring/Fall, Wedge Heel Shoes",Shoes
11.0,,,,5.55,50.0,700+ sold recently,New Arrival Women's Fashionable Camouflage Flat Sandals,Shoes
1.0,,#10 Best Seller,In Beige Women Platforms & Wedge Sandals,13.95,25.0,,Styleloop Women's Casual Vacation Summer Comfortable Thick-Soled Soft-Soled Wedge Heel Thick-Soled Thong Sandals For Summer Boho Feels,Shoes
5.0,,,,23.0,0.0,300+ sold recently,SHUZIA Plus Size Thick Bottom Open-Toe Sandals Slippers,Shoes
1.0,,,,9.45,37.0,100+ sold recently,"2024 New Summer White Sneakers For Women, Flat Casual Shoes, Leather Upper, Sports Shoes",Shoes
12.0,,#3 Best Seller,In Khaki Women Pumps,18.5,19.0,,Women's Pointed Toe High Heel Stiletto Sandals With Ankle Strap,Shoes
1.0,,,,9.86,32.0,100+ sold recently,"Women's Outdoor Lightweight Water Sports Shoes, Quick-Dry Aqua Shoes, Multifunctional Socks Shoes",Shoes
8.0,,,,21.2,18.0,200+ sold recently,"Women Black Faux Suede Flats, Fashionable Point Toe Flat Loafers",Shoes
1.0,,,,19.5,20.0,700+ sold recently,"Fashionable And Simple Women High-Heeled Square-Toe Sandals, Summer Style",Shoes
5.0,,,,11.66,22.0,1.7k+ sold recently,"Women Braided Detail Slide Sandals, Vacation Summer Flat Sandals",Shoes
1.0,,,,10.26,62.0,40+ sold recently,SHUZIA Ladies Cross Strap Minimalist High Heeled Sandals For Everyday Wear,Shoes
1.0,,,,2.9,26.0,10+ sold recently,2pcs Pink Pet Eye Glasses Hole Shoes Beach Shoes Accessories For Clogs,Shoes
8.0,,#3 Best Sellers,in Women Sports Sandals,14.3,21.0,,"Sporty Black Sandals For Women, Stitch Detail Hook-and-loop Fastener Sport Sandals",Shoes
1.0,,#5 Best Seller,In Burgundy Women Pumps,22.8,19.0,,"Sexy And Elegant Pointed Toe Patent Leather Stiletto High Heels With Metal Buckle Strap, Wine Red, For Wedding And Party",Shoes
1.0,,,,14.8,20.0,300+ sold recently,Women's New Beige Pointed Toe High Heels Women's Fashion Shoes Thick Heel Women's Shoes,Shoes
1.0,,,,19.0,21.0,1.0k+ sold recently,"Women Chain Decor Stiletto Heeled Slingback Sandals, Fashion Summer Heeled Sandals",Shoes
13.0,,#8 Best Seller,In Beige Women Heeled Sandals,16.53,21.0,,"New Arrival Women's High-Heeled Shoes, Artificial Leather, Chunky Heel, Woven Design, Fashionable And Simple, Refreshing And Casual Sandals",Shoes
24.0,,,,20.0,19.0,200+ sold recently,Women\ Pointed Toe Kitten Heel Mules With Backless And Shallow Mouth,Shoes
8.0,,,,16.4,21.0,3.6k+ sold recently,"Women Espadrille Flatform Sandals, Vacation Black Nubuck Sandals",Shoes
12.0,,,,19.3,21.0,2.3k+ sold recently,Women's Thin High Heel Round Toe Strappy Glitter Gold Sandals For Sexy & Fashionable Party Look,Shoes
7.0,,,,9.75,59.0,,"New Women Hollow Roman Peep-Toe Wedge Heels Stylish Sandals, Comfortable Casual Waterproof Platform High Heels",Shoes
1.0,,#4 Best Seller,In Blue Women Flats,19.3,18.0,,"2023 New Arrival Women's De Safety Shoes, Casual Sport Sneakers With Thick Soles, White Color",Shoes
1.0,,,,18.2,21.0,700+ sold recently,"Women Rhinestone Decor Slide Sandals, Fashionable Open Toe Flat Sandals",Shoes
4.0,,,,10.2,20.0,1.0k+ sold recently,"Summer New Arrival Fairy Style Diamond Decor Open Toe Flat Sandals For Women, Slip-On",Shoes
1.0,,,,3.16,64.0,900+ sold recently,Summer Men Casual Slippers Couples Soft Bottom Outdoor Indoor Quick-Drying Light Home Sandals,Shoes
7.0,,,,9.2,23.0,500+ sold recently,Women's Plush Home Slipper With Bow Decor,Shoes
1.0,,,,7.01,43.0,500+ sold recently,"Fashionable Slide Sandals For Women, Clear Single Band Flat Sandals",Shoes
14.0,,,,19.57,24.0,7.3k+ sold recently,Women Double Strap Ankle Strap Espadrille Platform Wedge Sandals,Shoes
4.0,,#5 Best Seller,In Pink Women Heeled Sandals,14.92,58.0,,"Sexy Super High Heel Butterfly Stiletto Sandals For Models To Walk On Runway, Waterproof, Suitable For Nightclub Parties, Weddings And Other Occasions",Shoes
39.0,,,,19.11,21.0,600+ sold recently,"Women Multi Strap Chunky Heeled Sandals, Fashionable Outdoor Slingback Sandals",Shoes
1.0,,,,21.0,20.0,100+ sold recently,Square Toe Open Toe O-Shape 8CM High Heel Sandals Summer Fashionable And Trendy Slender Strap Flat Sandals,Shoes
11.0,,#2 Best Seller,In Baby Blue Women Sandals,19.9,20.0,,"Fashion Blue Sandals For Women, Buckle Decor Flatform Slingback Sandals",Shoes
17.0,,,,21.2,19.0,1.9k+ sold recently,Women Faux Suede Bow Decor Chunky Heeled Black Ankle Strap Pumps,Shoes
20.0,,#2 Best Seller,In Khaki Women Flat Sandals,10.0,22.0,,"Women's Khaki Embroidered Flower Round Buckle Flat Sandals Slippers, Thong Style Flip Flop With Anti-Slip Sole, Perfect For Indoor/Outdoor Use",Shoes
1.0,,,,11.74,41.0,600+ sold recently,"Women Sport Shoes Lightweight Comfortable Breathable Running Fitness Shoes Casual Sneakers, White, Popular Style",Shoes
16.0,,#9 Best Seller,In Black Women Flats,10.89,19.0,,"Women Point Toe Bow Decor Flat Mules, Fashion Outdoor Faux Suede Flats",Shoes
1.0,,,,17.8,21.0,100+ sold recently,"Women's Classic And Elegant Style Gold-Toned Hardware Buckle Decorated Khaki Sanding Fabric Easy-Wear Sandals With Comfortable , Back Strap, Open Toe And Toe Separator",Shoes
5.0,,#3 Best Seller,In Brown Women Flats,12.0,0.0,,SHUZIA Faux Leather Pointy Toe Slip On  Flats,Shoes
7.0,,,,12.07,41.0,500+ sold recently,"Women Black Fluffy Decor Pumps, Point Toe Multi-way Wear Pumps",Shoes
8.0,,#2 Best Seller,In Clear Women Heeled Sandals,15.4,21.0,,"2024 Summer New Transparent High-Heeled Sandals For Women, Fashionable Crystal Chunky Heels, Round Toe Slippers For Daily Wear, Dating, Live Streaming, Photography, Parties, Elegant Elegant",Shoes
4.0,,#3 Best Sellers,in Flat Shoes,39.4,21.0,,New Style Women Boots High-Top Black Boots Thigh High Boots Women Lace-Up Zip Flat Boots Party Shoes For Women Daily Wear Ladies Shoes Casual Fashion Sneakers Outdoor Comfort Unisex Couple Shoes,Shoes
32.0,,,,12.7,50.0,100+ sold recently,"Women's Sexy Red High-Heeled Sandals, Elegant Square Toe Ankle Strap Chunky Heels, Fashionable And Versatile Shoe For Women",Shoes
1.0,,#1 Best Seller,In Khaki Women Heeled Sandals,18.0,21.0,,Women Heeled Sandals,Shoes
29.0,,,,23.5,21.0,3.1k+ sold recently,"Women's Butterfly Decorated High Heeled Sandals, Sexy Style For Summer Wedding, Suitable For Parties And Banquets",Shoes
1.0,,,,1.22,19.0,100+ sold recently,"1pair Unisex Breathable 4d Sport Insoles: High Elasticity Shock Absorption, Comfortable Massage And Deodorant Function, Achieving The Best Foot Care",Shoes
12.0,,#1 Best Seller,In Coffee Brown Women Flats,16.6,17.0,,"Buckle & Hollow Out Detail Ankle Strap Flats, Coffee Brown Elegant Solid Color Women's Flat Shoes",Shoes
5.0,,#2 Best Seller,In Pink Women Flats,14.8,18.0,,New Arrival Women's Rhinestone-Like Animal Decorated Fashionable Casual Mule Flat Shoes,Shoes
1.0,,,,7.5,50.0,600+ sold recently,SHUZIA Women'S Fashionable And Versatile Flat Sandals In Rose Red,Shoes
8.0,,,,18.2,21.0,1.0k+ sold recently,"Women's White Woven Slippers, Versatile And Stylish",Shoes
9.0,,#4 Best Seller,In White Women Flat Sandals,9.2,21.0,,"Women Minimalist Ruched Detail Slide Sandals, Elegant Summer Flat Sandals",Shoes
1.0,,,,8.05,48.0,40+ sold recently,"Ladies' Fashionable Athletic Casual Shoes, Couples' Breathable Mesh Shoes With Twisted Cord Soles, Unisex Sports Shoes For Walking And Running, All-Matching Trendy Shoes",Shoes
6.0,,#3 Best Seller,In Multicolor Women Platforms & Wedge Sandals,18.7,20.0,,"Hook Loop Closure Flat Sandals With Platform, Women's Wedge Heel Thick Platform Sandals In Multicolor",Shoes
7.0,,,,10.45,25.0,9.6k+ sold recently,"Women's Plus Size Flat Sandals, Vacation Style, Summer, Casual, Versatile, Outdoor Wear, Jewel Embellished Slides",Shoes
6.0,,,,16.84,40.0,30+ sold recently,"Women's White Increased Internal Mesh Peep Toe Wedge Sandals, Thick Waterproof Platform, Anti-Slip, Breathable, For Daily Leisure Events",Shoes
9.0,,,,19.89,22.0,2.0k+ sold recently,"Women's Peep Toe Knitted Breathable Muller Mules With Chunky High Heel, Casual Apricot Color Summer Shoes",Shoes
14.0,,,,12.1,21.0,700+ sold recently,"Women's Flat Faux Pearl Decor Clear Strap Slingback Sandals, Solid Color Beaded Beach Shoes, Slingback Slides",Shoes
6.0,,#4 Best Seller,In Camel Women Pumps,20.2,19.0,,Women's Pointed Toe Thin Heel Shoes Fashionable All-Match Shallow Mouth High Heels,Shoes
7.0,,,,8.7,21.0,2.9k+ sold recently,"Women Original Design Vintage Elegant Fashionable Fringe Sandals With Thick Soles And Roman-Style, Suitable For Parties, Festivals, Sexy And Comfortable With Round Toe And Woven Textured Rope Wedges, Beige Color.",Shoes
1.0,,#3 Best Seller,In Multicolor Shoe Care & Tools,2.06,50.0,,"1pc Thickened, Noiseless & Waterproof Shoe Sole Sticker For High Heels, Prevent Grinding, Suitable For Any Shoe Size",Shoes
1.0,,#1 Best Seller,In White Women Slides,6.4,24.0,,"Styleloop Fashion White Slides For Women, Bow Decor Cross Strap Slippers For Summer Vacation Shoes Summer Sale Boho Feels",Shoes
1.0,,#5 Best Sellers,in Women Equestrian Boots & Western Boots,21.76,20.0,,Women's Vintage Fashionable Western Embroidered Cowboy Boots,Shoes
9.0,,#4 Best Seller,In Black Women Sports Sandals,10.3,20.0,,"Women Hook-and-loop Fastener Sports Sandals, Sporty Black Outdoor Sport Sandals",Shoes
4.0,,#1 Best Seller,In Baby Pink Women Flat Sandals,12.7,20.0,,Glamorous Slide Sandals Women Rhinestone Decor Baby Pink Flat Sandals,Shoes
1.0,,,,4.9,23.0,1.0k+ sold recently,"30pcs/Set Cartoon Resin Brown-Tone Teddy Bear & Flower Random Design Shoe Charms For Clog Shoes (Random Design, 7-Sided Buckle)",Shoes
17.0,,#8 Best Seller,In Champagne Women Shoes,13.4,21.0,,"Women's Fashionable Round Toe Metal Strap Comfortable One-buckle Flat Sandals With Toe Opening, Women's Flat Sandals In Champagne",Shoes
1.0,,,,1.02,40.0,70+ sold recently,1pair Women Shoe Forefoot Insert Cushion Pad Non-Slip Silicone Foot Pain Relief Pad For High Heel Sandals,Shoes
12.0,,#5 Best Seller,In Apricot Women Heeled Sandals,15.39,25.0,,"Women Clear Sculptural Heeled Mule Sandals, Fashion Summer Heeled Sandals",Shoes
6.0,,,,22.0,0.0,300+ sold recently,SHUZIA Women's Platform Wedge Sandals With High Heels,Shoes
6.0,,#3 Best Seller,In Mint Blue Women Shoes,9.89,48.0,,"Women's Beach Sandals, Water-Resistant Flip-Flop Slides,  Soft PU Sole & Comfortable Fit, Fashion Slides Flip Flops Open Toe Strappy Slip",Shoes
6.0,,,,7.3,24.0,3.4k+ sold recently,"Cartoon Graphic Wide Fit Slides, Black Preppy Cartoon Flip Flops",Shoes
1.0,,,,22.0,0.0,900+ sold recently,SHEIN SHUZIA Vegan Leather Square Toe Block Heels,Shoes
1.0,,#9 Best Seller,In Gold Women Platforms & Wedge Sandals,20.49,21.0,,"Women's Wedge High Heels Gold Sandals, Platform Slippers, Holiday Style, Leisure Shoes, Gold Slipper For Ladies, Summer",Shoes
1.0,,#3 Best Seller,In Gold Women Casual Shoes,24.7,21.0,,"Women Metallic Espadrille Lace-up Front Skate Shoes, Sporty Golden Non-Slip Sneakers",Shoes
7.0,,,,7.5,20.0,80+ sold recently,"Women's Sweet And Fashionable Flower Flat Sandals For Summer, Suitable For Indoor And Outdoor Occasions Such As Beach, Holiday, Hawaiian Party, Wedding And School",Shoes
19.0,,,,21.85,22.0,7.2k+ sold recently,"Women Minimalist Espadrille Sandals, Vacation Summer Slide Sandals",Shoes
6.0,,,,20.4,21.0,400+ sold recently,Women's High Heel Round Toe Transparent Heels & Gorgeous Sparkling Rhinestone Suitable For Parties And Gatherings Sandals,Shoes
7.0,,,,19.0,5.0,200+ sold recently,CUCCOO BIZCHIC Woman Shoes Fashionable Open Back High Heel Pumps With Front Strap Wedding Shoes For Summer Graduation Heels Prom Heels Vacation Shoes Summer Sale,Shoes
1.0,,,,8.7,24.0,40+ sold recently,Flower Decor Novelty Slippers,Shoes
14.0,,#3 Best Seller,In Multicolor Women Heeled Sandals,19.1,20.0,,"Women Metallic Color Block Stiletto Heeled Sandals, Glamorous Party Ankle Strap Sandals",Shoes
11.0,,,,11.5,21.0,3.5k+ sold recently,"Glamorous Sandals For Women, Rhinestone Decor Faux Suede Multi-way Wear Sandals",Shoes
8.0,,#1 Best Sellers,in Low Heel Women Wedges & Flatform,19.4,17.0,,Chain Decor Flatform Loafers For Women,Shoes
6.0,,,,11.7,20.0,3.5k+ sold recently,"Women Criss Cross Zip Back Ankle Strap Sandals, Elegant Outdoor Black Fabric Flat Sandals",Shoes
1.0,,,,1.52,34.0,40+ sold recently,"24Pcs Inspirational Words Series Shoe Charms For Sandals, Colorful Weekly Shoe Decoration Premium Quality Popular Charms Accessories Great Gift For Teens Men Women And Adults",Shoes
18.0,,#3 Best Sellers,in Women Pumps,20.0,19.0,,"Women Minimalist Slingback Sandals, Point Toe Stiletto Heeled Elegant Pumps",Shoes
5.0,,,,21.6,20.0,600+ sold recently,"Women Snakeskin Embossed Chunky Heeled Pumps, Elegant White Ankle Strap Pumps",Shoes
5.0,,#4 Best Seller,In Grey Women Sandals,45.2,21.0,,"2024 Women High Heels Sandals With Square Toe, Thin Heels, Crossed Straps, Ankle Straps And Roman Style Design, Perfect For Fashion Shows In Plus Size",Shoes
5.0,,,,11.8,17.0,1.0k+ sold recently,New Women's Soft Elastic Mesh Casual Comfortable Flat Work Shoes (Random Pattern),Shoes
1.0,,,,6.0,58.0,100+ sold recently,Suedette Slip On Flats,Shoes
1.0,,,,24.6,21.0,300+ sold recently,"Stitch Detail Single Band Wedges Slide Sandals, Apricot Elegant Monochrome Wedge Heel Slides",Shoes
9.0,,,,23.2,18.0,300+ sold recently,"Platform Chunky Heeled Ankle Strap Pumps, Black Elegant Solid Color Ankle Strap High Heel Pumps For Women",Shoes
18.0,,,,21.0,20.0,600+ sold recently,"Fashionable Mule Sandals For Women, Twist Detail Metal Decor Sculptural Heeled Sandals",Shoes
10.0,,,,6.18,28.0,5.9k+ sold recently,"Fashionable Slides For Women, Single Band EVA Indoor Slippers",Shoes
5.0,,,,12.5,21.0,400+ sold recently,"Women's Lightweight Comfortable Casual Sports Shoes, Summer",Shoes
8.0,,#2 Best Seller,In Beige Women Sneakers,5.96,72.0,,"Women's Lightweight Running Sneakers, Breathable Lace Up Outdoor Tennis Trainers, Comfy Walking Sports Shoes ByYQUS",Shoes
1.0,,,,17.09,31.0,200+ sold recently,Wedding Simple Pu Pointed Toe High Heels Non-slip Women's Pumps,Shoes
1.0,,,,20.0,19.0,100+ sold recently,"Crocodile Embossed Ankle Strap Pumps,Versatile high-heeled shoes with one-word buckle for women",Shoes
1.0,,,,6.7,24.0,90+ sold recently,Knot Detail Bow Decor Slides,Shoes
4.0,,,,9.9,20.0,50+ sold recently,"Beige Women's Flat Sandals,  Woven Lightweight Slip-Resistant Beach Shoes With Faux Jute Soles And Random Printed Patterns, Bohemian Style Summer Vacation Sandals",Shoes
19.0,,#10 Best Seller,In Khaki Women Shoes,21.85,22.0,,"Women Minimalist Espadrille Sandals, Vacation Summer Slide Sandals",Shoes
6.0,,#6 Best Seller,In Champagne Women Heeled Sandals,20.4,21.0,,Women's High Heel Round Toe Transparent Heels & Gorgeous Sparkling Rhinestone Suitable For Parties And Gatherings Sandals,Shoes
7.0,,,,19.0,5.0,200+ sold recently,CUCCOO BIZCHIC Woman Shoes Fashionable Open Back High Heel Pumps With Front Strap Wedding Shoes For Summer Graduation Heels Prom Heels Vacation Shoes Summer Sale,Shoes
1.0,,,,8.7,24.0,40+ sold recently,Flower Decor Novelty Slippers,Shoes
14.0,,#3 Best Seller,In Multicolor Women Heeled Sandals,19.1,20.0,,"Women Metallic Color Block Stiletto Heeled Sandals, Glamorous Party Ankle Strap Sandals",Shoes
11.0,,,,11.5,21.0,3.5k+ sold recently,"Glamorous Sandals For Women, Rhinestone Decor Faux Suede Multi-way Wear Sandals",Shoes
8.0,,#1 Best Sellers,in Low Heel Women Wedges & Flatform,19.4,17.0,,Chain Decor Flatform Loafers For Women,Shoes
6.0,,,,11.7,20.0,3.5k+ sold recently,"Women Criss Cross Zip Back Ankle Strap Sandals, Elegant Outdoor Black Fabric Flat Sandals",Shoes
1.0,,,,1.52,34.0,40+ sold recently,"24Pcs Inspirational Words Series Shoe Charms For Sandals, Colorful Weekly Shoe Decoration Premium Quality Popular Charms Accessories Great Gift For Teens Men Women And Adults",Shoes
18.0,,#3 Best Sellers,in Women Pumps,20.0,19.0,,"Women Minimalist Slingback Sandals, Point Toe Stiletto Heeled Elegant Pumps",Shoes
5.0,,,,21.6,20.0,600+ sold recently,"Women Snakeskin Embossed Chunky Heeled Pumps, Elegant White Ankle Strap Pumps",Shoes
5.0,,,,11.8,17.0,1.0k+ sold recently,New Women's Soft Elastic Mesh Casual Comfortable Flat Work Shoes (Random Pattern),Shoes
1.0,,,,6.0,58.0,100+ sold recently,Suedette Slip On Flats,Shoes
1.0,,,,24.6,21.0,300+ sold recently,"Stitch Detail Single Band Wedges Slide Sandals, Apricot Elegant Monochrome Wedge Heel Slides",Shoes
9.0,,,,23.2,18.0,300+ sold recently,"Platform Chunky Heeled Ankle Strap Pumps, Black Elegant Solid Color Ankle Strap High Heel Pumps For Women",Shoes
18.0,,,,21.0,20.0,600+ sold recently,"Fashionable Mule Sandals For Women, Twist Detail Metal Decor Sculptural Heeled Sandals",Shoes
10.0,,,,6.18,28.0,5.9k+ sold recently,"Fashionable Slides For Women, Single Band EVA Indoor Slippers",Shoes
1.0,,,,17.09,31.0,200+ sold recently,Wedding Simple Pu Pointed Toe High Heels Non-slip Women's Pumps,Shoes
1.0,,,,20.0,19.0,100+ sold recently,"Crocodile Embossed Ankle Strap Pumps,Versatile high-heeled shoes with one-word buckle for women",Shoes
1.0,,,,6.7,24.0,90+ sold recently,Knot Detail Bow Decor Slides,Shoes
11.0,,,,17.9,20.0,2.1k+ sold recently,"Vacation Gold Sandals For Women, Metallic Braided Detail Slingback Sandals",Shoes
4.0,,,,5.3,24.0,300+ sold recently,Fashionable Cross Strap Women's House Slippers,Shoes
1.0,,,,13.62,20.0,300+ sold recently,CUCCOO SZL Woman Shoes Fashionable Transparent Strap High Heel Sandals For Spring And Summer Vacation Shoes Summer Sale,Shoes
9.0,,#3 Best Seller,In Rose Gold Women Heeled Sandals,21.9,21.0,,"Ladies' High-heeled Shoes, Rose Gold, Splicing, Waterproof Platform, Thick And Thin Heels, Gorgeous, Elegant, Suitable For Dating, Everyday Wear, And Vacations",Shoes
20.0,,#7 Best Seller,In Brown Women Heeled Sandals,18.72,25.0,,"Women Single Band Pyramid Heeled Mule Sandals, Fashion Summer Heeled Sandals",Shoes
5.0,,,,17.1,25.0,3.3k+ sold recently,"SHEIN SXY Fashion Clear Sandals For Women, Clear Chunky Heeled Ankle Strap Sandals",Shoes
30.0,,,,13.2,20.0,500+ sold recently,"Women's Fringe Decorated Flat Sandals, Waterproof Beach Slippers, Fashionable Slip Resistant Outdoor Shoes",Shoes
9.0,,,,11.1,21.0,900+ sold recently,"2024 New Fashion Women Butterfly Rhinestone Flat Toe Ring Slipper, Soft Bottom Beach Sandals, Perfect For Summer Outfits",Shoes
4.0,,#2 Best Seller,In White Men Shoes,8.3,26.0,,"Cute Cartoon Animal Pattern Home Slippers, Warm And Comfortable, Anti-Slip, Fashionable And Cozy",Shoes
1.0,,,,22.4,17.0,40+ sold recently,"Wide Fit Pearl & Bowknot Party Wedding Shoes, White Patent Leather Chunky Heel Extra Wide Toe High Heeled Sandals For Women, Summer",Shoes
11.0,,,,7.17,52.0,100+ sold recently,"Women's Casual Lightweight Sports Shoes, Breathable Flat Low-Cut Running Shoes, Ladies' Low-Cut Sports Shoes",Shoes
7.0,,#7 Best Seller,In Multicolor Women Flat Sandals,7.6,25.0,,"Women Leopard Pattern Clear Strap Flat Sandals, Fashionable PVC Slide Sandals For Summer",Shoes
13.0,,,,10.9,17.0,500+ sold recently,Metal Decor Flat Loafers Women's Flat Shoes,Shoes
11.0,,,,22.24,20.0,300+ sold recently,"Fashionable High Heel Sandals For Women With Ankle Strap Buckle, Summer",Shoes
1.0,,,,23.0,0.0,30+ sold recently,SHUZIA Women Summer Casual Indoor Outdoor Holiday Platform Wedge Thick Bottom Sandals,Shoes
1.0,,,,19.56,40.0,100+ sold recently,Khaki Solid Color Stretch Boots With High Heels And Side Zipper,Shoes
1.0,,,,17.0,25.0,400+ sold recently,"Sports & Casual Men's Shoes, Youth Version Running Shoes, White Fashionable Rounded Toe Athletic Shoes",Shoes
5.0,,#4 Best Seller,In Gold Wide Fit Shoes,20.6,17.0,,Wide Fit Women's New Summer Simple Metallic Texture Style Chunky Heel Mules With One-Step Buckle Design,Shoes
22.0,,#9 Best Seller,In Red Women Flat Sandals,11.9,21.0,,Fashion Women Bow Detail Decoration Independent Day National Flag Style Toe Cap Fisherman Style Beach Shoes Flat Casual Red Toe Cap Women Flat Slippers,Shoes
13.0,,,,8.0,20.0,1.1k+ sold recently,"Ladies' Anti-Skidding Rope Bottom Round Toe Lightweight Sandals, Simple Casual Summer Slippers",Shoes
1.0,,#4 Best Seller,In Multicolor Shoe DIY Decorations,2.1,28.0,,"20Pcs Summer Series Shoe Charms For Clogs Sandals, Colorful Weekly Shoe Decoration Premium Quality Popular Charms Accessories Great Gift For Teens Men Women And Adults",Shoes
6.0,,#1 Best Seller,In Red Women Pumps,8.77,55.0,,"New Arrival Women's High Heel Shoes: Black Sandals, Red Heels, White Heels. Fashionable And Elegant Style, Pointed Toe And Stone Pattern Design. Cross Strap And Thin Heel For Better Fit. Perfect For Various Occasions: Party, Work, Casual Wear. Available In Black, Red, White, Gold And Silver.",Shoes
4.0,,,,19.8,19.0,500+ sold recently,"Women Contrast Lace Bow Decor Sculptural Heeled Slingback Pumps, Fashion Outdoor Pumps",Shoes
11.0,,#2 Best Seller,In Black Women Flip-Flops,6.4,25.0,,"Women's Thick-bottomed Slip-resistant Flip Flops With Toe Thongs For Outdoor Activities, Swimming & Water Leisure, Waterproof Eva Material",Shoes
1.0,,,,6.06,63.0,60+ sold recently,"Women Open Back Kitten Heels Pumps, Solid Color Pointed Toe Slingback Pumps With Elastic Band",Shoes
8.0,,#5 Best Seller,In Purple Women Sandals,19.5,21.0,,Women Fashionable Ankle Strap Pointed-Toe Gold High Heel Sandals With Purple Lycra Foot Strap For Parties And Outdoor Events,Shoes
1.0,,,,6.25,56.0,10+ sold recently,New Summer Plus Size Women's Glitter Flower Decor Beach Flat Sandals,Shoes
1.0,,,,18.1,21.0,500+ sold recently,"Women Gemstone Decor Slide Sandals, Glamorous Open Toe Flat Sandals",Shoes
1.0,,#1 Best Seller,In Teal Blue Women Sandals,17.8,21.0,,"Women Rhinestone & Bow Decor Slide Sandals, Glamorous Summer Satin Flat Sandals",Shoes
4.0,,#2 Best Seller,In Clear Women Shoes,10.0,21.0,,Styleloop Toe Ring Clear Strap Thong Sandals For Summer Vacation Shoes Summer Sale Boho Feels,Shoes
1.0,,,,16.0,20.0,2.5k+ sold recently,"Fashionable Breathable Mesh Wedge Slipper With Plaid Patterned Design For Spring/Summer 24, Comfortable And Casual Women's Slipper",Shoes
1.0,,,,13.4,25.0,200+ sold recently,Breathable Canvas Loafers Men Casual Shoes Korean Style Trendy Slip-On Slouchy Shoes For Men,Shoes
10.0,,,,20.6,20.0,200+ sold recently,"Wedge Heel Thick-Soled Waterproof Platform Vintage Style Woven Slide Sandals With Linen Single-Layer, Elastic Strap, Cross Toe Buckle, Slingback Design For Women, Ideal For Spring And Summer Outfits, Bohemian Style, Sexy And Comfortable High Heel Sandals",Shoes
1.0,,,,3.6,23.0,200+ sold recently,"26pcs Gold Chain Acrylic Rhinestone Shoe Decorations With Removable Decorative Accessories For DIY Shoe Decoration, Non-Integrated Buckle, 18pcs/Set Acrylic Rhinestone Butterfly Flower Heart Diamond Chain Shoe Decorations For Hollow Shoes, Non-Integrated Buckle",Shoes
4.0,,,,17.2,21.0,1.5k+ sold recently,"Women's Open-toe Platform Chunky Heels Sandals With Ankle Strap For Summer And Spring, Breathable And Comfortable, Solid Color (black)",Shoes
7.0,,,,22.7,21.0,100+ sold recently,"Women's Peep-Toe Sandals, Thick Bottom Wedge Heels, Summer Outdoor Shoes, 2024 New Waterproof Platform, Buckled Roman Shoes",Shoes
30.0,,,,11.6,21.0,300+ sold recently,"Women's Fashionable Casual And Holiday Style Elegant Round-Toe Braided PU Strappy Comfort Slip-On Slip-On Daily Wear Blue Summer Sandals, Flat (Random Braiding Direction)",Shoes
4.0,,#5 Best Seller,In Black Women Flat Sandals,7.2,21.0,,"Elegant Slingback Sandals For Women, Double Strap Outdoor Elastic Flat Sandals",Shoes
11.0,,,,8.9,18.0,1.0k+ sold recently,"Ladies' Flat Square Toe Elastic Band Black Shoes, Four Seasons",Shoes
4.0,,,,22.24,20.0,300+ sold recently,"Women's Elegant Hollow Out Solid Color High Heel Pumps With Thin Heel, Apricot",Shoes
8.0,,,,8.76,46.0,300+ sold recently,"Women's Fashionable Roman Style Anti-Slip Thick Bottom Wedge Heel Slides With Soft Insole For Summer, Feel Lightweight And Comfortable While Walking! High Heel Sandals, Flat Sandals, Thick Bottom Slip-On Beach Slippers With Low Wedge Heel Suitable For Casual And Vacation Wear.&Nbsp;",Shoes
1.0,,#6 Best Seller,In Mustard Yellow Women Shoes,13.7,26.0,,"Women's Pointed Toe Shoes With Buckle, Mustard Yellow, Flat Bottom, Suitable For Daily Wear, Traveling And Casual Outings",Shoes
5.0,,,,9.7,22.0,1.5k+ sold recently,Women Spring And Summer European And American Large Size Toe-Jointed Round-Toe Flat Non-Slip And Wear-Resistant Casual Metal Buckle Fashionable And Versatile Outdoor Brown Sandals,Shoes
8.0,,,,8.8,23.0,100+ sold recently,"Bow Detail Slides, One-piece Molded Plastic Sole Khaki Bowknot Solid Color Women's Slippers",Shoes
1.0,,,,11.6,21.0,1.7k+ sold recently,"Ladies' Casual Outdoor Sport Shoes, Spring Autumn, Round Toe, Solid Black Color, Versatile Canvas Shoes For Women",Shoes
29.0,,,,8.2,20.0,500+ sold recently,"Women's Fashionable Beach Flip Flops, Plus Size Thong Slippers For Outdoor & Vacation Wear",Shoes
1.0,,,,6.3,24.0,1.3k+ sold recently,"Women Minimalist Flip Flops, Fashion Beach Faux Suede Flip Flops",Shoes
1.0,,#10 Best Sellers,in Flat Women Sandals,10.46,47.0,,Women Vacation Style Open Toe Buckle Ankle Strap Solid Color Sandals Summer Chunky Low Heel Square Toe Sandals,Shoes
1.0,,,,115.0,8.0,60+ sold recently,Nike Dunk Low Grey Fog,Shoes
8.0,,,,14.36,18.0,2.2k+ sold recently,"Black Metal Decor Flat Shoes For Women, Fashionable Point Toe Loafers",Shoes
5.0,,#7 Best Seller,In Camel Women Heeled Sandals,15.1,21.0,,"French Style High-Heeled Sandals, Black Minimalist Pointed-Toe Women New Summer & Autumn Shoes Made Of Imitation Leather, Thick Heel & Pointed-Toe Design To Add Elegance",Shoes
5.0,,#1 Best Seller,In Silver Shoe Decorations,1.7,29.0,,ROMWE 5pcs Vintage Star Shaped Shoe Decoration,Shoes
1.0,,,,19.76,20.0,500+ sold recently,Women Black Point Toe Flats Rhinestone Decor Shoes,Shoes
1.0,,,,8.85,61.0,200+ sold recently,"Women's Outdoor Summer New Style Trendy Slip-Resistant Color-Block Sneakers, Breathable And Comfortable For Daily Wear",Shoes
6.0,,,,9.99,57.0,400+ sold recently,Womens Strappy Slip-On Slippers With Comfortable Arch Support Adjustable Buckle Cork Footbed Slides For Sandals Outdoor,Shoes
7.0,,,,21.68,21.0,3.2k+ sold recently,"Women's Chunky High-Heeled Mules With Waterproof Platform, Brown Breathable Casual Sandals For Summer Outing",Shoes
8.0,,#2 Best Sellers,in High Heel Women Fashion Boots,49.99,17.0,,Punk Gothic Women Motorcycle Boots Pointed Toe Knee High Rivets Tassels Stilettos High Heels Sexy Party Nightclub Shoes Woman,Shoes
1.0,,#8 Best Seller,In Black Shoe Accessories,1.9,30.0,,6 Pcs High Heels Non-Slip Pads Self Adhesive Rubber Sole Forefoot Rubber Pads Mute Shoe Inserts,Shoes
15.0,,#6 Best Seller,In Ginger Women Shoes,7.05,50.0,,"Crystal Fairy Style Thick Heel Open Toe Sandals, Women's Summer Fashionable Flat Slippers",Shoes
5.0,,,,15.5,18.0,700+ sold recently,Ladies' Fashionable Flat Shoes With Lace Detail And Open Heel Design,Shoes
9.0,,,,10.2,20.0,3.8k+ sold recently,"Women's Plus Size Beaded Flat Sandals With Open Toe, Lightweight & Comfortable For Beach",Shoes
5.0,,#4 Best Seller,In Blue Dress Shoes,26.8,26.0,,1 Pair Of Men's Business Fashionable Casual Leather Formal Shoes,Shoes
12.0,,,,15.0,20.0,40+ sold recently,"Beige Platform Wedge Sandals With Weaved Straps, Espadrille Soles And Ankle Strap, Stylish Bohemian Style Vacation Shoes",Shoes
9.0,,,,9.72,49.0,500+ sold recently,"2024 New Spring-Summer Cross-Border Models Women Wedge Sandals, Large Size, Open Toe, Outwear, Retro European And American Women Shoes",Shoes
6.0,,,,6.27,43.0,500+ sold recently,SHUZIA One Band Open Toe Flat Slide Sandals,Shoes
1.0,,#7 Best Seller,In Pink Women Ankle Boots & Booties,26.49,40.0,,ROMWE Kawaii 2024 Ladies' New Spring And Autumn Style Round Toe Cute Pink Heart Detail Punk Chunky Heel & Thick Sole Fashion Ankle Boots,Shoes
6.0,,,,16.2,21.0,900+ sold recently,"2024 Spring New Arrival Women's Plus Size Platform Sandals, European And American Style, Designed For Outdoor Use",Shoes
8.0,,,,12.8,21.0,90+ sold recently,"Women's Sandals 24th Anniversary Flat Bottom Rhinestone Slippers, Fashionable Plus Size Butterfly Slipper Shoes, Outdoor Wear With Round Toe",Shoes
26.0,,,,5.1,50.0,6.2k+ sold recently,"Snakeskin Embossed Cut Out Slide Sandals, Brown Elegant Snake Patterned Sandals",Shoes
1.0,,,,33.9,20.0,200+ sold recently,"Buckle Decor Lace-up Front Zipper Side Platform Combat Boots, White Fashionable Buckle Decor High-platform Women's Boots",Shoes
1.0,,,,5.57,50.0,600+ sold recently,Fashionable Versatile Comfortable Casual Sandals,Shoes
12.0,,,,10.8,21.0,1.5k+ sold recently,"2023 Summer New Arrival Women's Anti-slip, Wear-resistant Slippers With Buckle Decoration, Lightweight, Comfortable And Shock-absorbing For Home Use",Shoes
1.0,,,,8.4,20.0,200+ sold recently,Women's Fashionable Casual Anti-Slip & Anti-Odor Cross Strap Beach Sandals / Slippers For Outdoor Activities,Shoes
4.0,,,,8.6,25.0,100+ sold recently,"Women Flat Sandals, Comfortable Indoor/Outdoor Slip-Ons For Summer",Shoes
1.0,,,,12.3,18.0,200+ sold recently,"Flat Shoes With Bowknot Shallow Mouth Pea Shoes, 2024 Summer Wide And Thin Fashionable And Sexy Shoes For Outdoor, Soft White Shoes For All Seasons With Round Toe",Shoes
1.0,,,,5.5,58.0,200+ sold recently,SHUZIA Women's Flat Sandals,Shoes
5.0,,#8 Best Seller,In Blue Women Sandals,13.4,21.0,,"Women's Summer New Color Block Wedge Sandals, 2024 Trendy Blue Slippers, Cute Two-Tone Checkered Vacation Open Toe Women's Shoes",Shoes
1.0,,,,12.25,47.0,,"New Arrivals: Fashionable Apricot High-Heel Shoes, Elegant Formal Shoes For Women",Shoes
16.0,,,,8.6,21.0,600+ sold recently,"Women's Summer Flat Sandals, Open Toe Beach Flip Flops",Shoes
1.0,,,,9.5,20.0,2.2k+ sold recently,"Women Leopard Pattern Double Strap Slide Sandals, Fashion Summer Flat Sandals",Shoes
6.0,,,,9.35,43.0,3.9k+ sold recently,"Korean-Style Fashionable Bowknot Stiletto High-Heeled Shoes For Women, Open Toe Mules With Mid-Heel, Large Size Flip-Flops, Women's Summer Sandals",Shoes
1.0,,,,10.28,23.0,1.1k+ sold recently,"Women's Double Buckle Adjustable Thick Sole Slippers, Fashionable And Versatile For Outdoor Summer Wear",Shoes
14.0,,#8 Best Seller,In Khaki Women Sandals,9.0,20.0,,"Criss Cross Toe Ring Design Thong Sandals, Khaki Fashion Solid Color T-strap Sandals",Shoes
8.0,,,,10.6,21.0,400+ sold recently,"Summer Plus Size Women Casual Lightweight Beach Flower Slippers, Round Toe Anti-Slip Weave Flat Sandals",Shoes
1.0,,,,12.12,40.0,20+ sold recently,"Women's Fashionable Purple Breathable Mesh Comfortable Lightweight Casual Sports Shoes, Ideal For Daily Wear And Outdoor Activities, Lace-Up Front Running Shoes",Shoes
11.0,,,,9.6,23.0,2.4k+ sold recently,"Women's Fashionable Slip-On Sandals, 2024 Spring & Summer Collection Korean Style, Versatile & Trendy One-Strap Beach Slippers Ins Model",Shoes
1.0,,,,3.81,32.0,30+ sold recently,"1 Pair Arch Support Insoles With Gel Heel Inserts, Shock Absorption Sports Running Insoles",Shoes
6.0,,,,20.8,21.0,100+ sold recently,"Women Appliques Decor Ankle Strap Sandals, Chunky Heeled Elegant Sandals Black",Shoes
1.0,,#8 Best Seller,In Grey Women Flat Sandals,13.0,21.0,,"Women's Lace-Up Open-Toe Casual Beach Sandals, Roman Soft-Soled Shoes, Casual And Versatile Breathable Sports Flat Sandals",Shoes
17.0,,#1 Best Seller,In Dark Green Women Flat Sandals,12.3,21.0,,Women's Fashionable Casual Gold Metal Holiday Flat Sandals For Outdoor Activities,Shoes
1.0,,,,18.2,21.0,200+ sold recently,"Women's Fashionable Orange Fabric Muller Sandals With Gold Buckle Decoration, Comfortable And Cute Square Toe Flat Shoes For Daily Wear",Shoes
7.0,,#8 Best Seller,In Multicolor Men Sneakers,25.8,25.0,,"Men Random Anti-slip Graphic Lace Up Front Letter Patch Decor Sneakers, Sporty Outdoor Fabric Basketball Shoes",Shoes
11.0,,,,9.1,20.0,1.5k+ sold recently,2024 Summer Women's Fashion Outdoor Open Toe Flat Slippers,Shoes
1.0,,#5 Best Seller,In Coffee Brown Women Pumps,11.01,48.0,,"Brown Suede Versatile Work Shoes, Women's High Heels, 2023 New Spring And Autumn Pointed Shallow Mouth Pumps",Shoes
10.0,,,,20.6,20.0,400+ sold recently,"Women's Espadrille Wedge Sandals With Ankle Strap, Braided Thin Straps, Thick Waterproof Platform & Peep Toe",Shoes
32.0,,,,8.6,21.0,1.6k+ sold recently,"Korean Style Women's Leisure Flat Slippers, Open Toe, Summer, Autumn, Roman Style, Woven Design, Beach, Holiday, Vacation, Bohemian Style, Clip Toe, Flat Shoes For Women",Shoes
1.0,,,,22.1,18.0,300+ sold recently,"Ladies' Khaki Road Running Shoes With Synthetic Leather, Letter Pattern And Lace-up Closure",Shoes
7.0,,#1 Best Seller,In Pink Women Ankle Boots & Booties,10.96,48.0,,SHEIN SHUZIA Faux Suede Rhinestone Decor Flatform Ankle Boots,Shoes
23.0,,,,19.5,20.0,100+ sold recently,Women Thick-Soled Wedge Heel Sandals 2021 New Summer Beach Wear Roman Style Slippers Women Casual Shoes,Shoes
10.0,,#2 Best Seller,In Beige Women Flip-Flops,6.2,24.0,,Women Fashion Shoes Khaki Summer Shoes Woven Flat Sandals Women Casual Beach Flip Flops  Bottom Slippers,Shoes
6.0,,,,12.0,0.0,3.0k+ sold recently,SHUZIA Women's Solid Color Open Toe Flat Sandals,Shoes
9.0,,,,21.4,20.0,1.7k+ sold recently,"Summer Ankle Strap Band New Style High Heel Sandals For Women, With Irregular Golden Heel",Shoes
1.0,,,,16.0,18.0,40+ sold recently,"Black Hollow High-Heeled Sandals With Ankle Strap, Chunky Heels, Retro Color Block High Heels",Shoes
4.0,,#3 Best Sellers,in EVA Shoes,1.4,33.0,,1pair Sponge Forefoot Cushion - Beige,Shoes
8.0,,,,12.8,21.0,800+ sold recently,"Women Sandals 2024, Flat Rhinestone Slippers, Fashionable Round Toe Large Size Women Shoes, Butterfly Slippers Women",Shoes
14.0,,,,6.57,23.0,7.9k+ sold recently,"Women Bow Decor Slide Sandals, Polyester Vacation Sandals",Shoes
1.0,,#6 Best Seller,In Green Women Flip-Flops,10.0,24.0,,"Summer Women Thick-Soled Lightweight Outdoor/Indoor House Sandals, Platform Anti-Skid Waterproof Slippers, Fashionable Clip Toe Slip-Ons For Beach, Resort, And Showering",Shoes
20.0,,,,7.58,23.0,400+ sold recently,"2021 New H-Shaped Women Flip Flops, Roman Style Slip-On Sandals, Slouchy Shoes; Comfortable Summer Beach Shoes, Brown & Beige Colors, Embossed Design, Flat Or Wedge Heel, Rhinestone, Ins Style, Anti-Slip, Breathable, Anti-Odor, Suitable For Indoor And Outdoor Activities.",Shoes
1.0,,#4 Best Sellers,in Low Heel Women Wedges & Flatform,20.0,17.0,,Women's Black Casual Round Toe Loafers With Soft Sole For Spring And Autumn,Shoes
1.0,,#6 Best Seller,In White Women Ankle Boots & Booties,33.8,20.0,,"Women's Fashionable Boots Autumn Winter 2023 New British Style Motorcycle Short Boots With Chunky Heels, Versatile Waterproof Platform Thick High Heels Shoes",Shoes
1.0,,,,19.6,21.0,80+ sold recently,"Women Colorblock Lace-up Front Sneakers, Sporty Round Toe Skate Shoes",Shoes
1.0,,#2 Best Seller,In Camel Women Pumps,6.37,42.0,,"Women's High Heel Rose Half Slipper Toe Pointed, Elegant Waterproof Fashionable Camel-Colored Sandals With Chunky Heels For Spring And Summer",Shoes
30.0,,,,11.7,21.0,5.9k+ sold recently,"Ladies' Fashionable & Comfortable Holiday-ready Woven Detail Toe-post Flat Sandals, Black",Shoes
1.0,,,,25.9,14.0,100+ sold recently,Black Elegant Solid Color American Style Ankle Boots With Thin High Heel And Ankle Strap,Shoes
1.0,,,,13.4,20.0,500+ sold recently,"Elegant Black Slingback Sandals For Women, Ruched Detail Faux Suede Sandals",Shoes
1.0,,,,20.4,18.0,60+ sold recently,"Summer Women's Hollow Breathable Fishnet Loafers With Elastic Strap & Metal Decoration, Mary Jane Black Flat Shoes",Shoes
12.0,,,,10.37,23.0,10k+ sold recently,"Summer Women's Flat Slipper, Open Toe Square Head, Elastic Band, Versatile And Comfortable For Outdoor Wear",Shoes
11.0,,,,2.77,72.0,1.0k+ sold recently,"New Arrival 2023 Women's Cartoon Cute Home Slippers, Couple Style Fleece Lined Warm Slippers",Shoes
1.0,,#9 Best Seller,In Beige Women Platforms & Wedge Sandals,8.6,21.0,,Women Minimalist Ankle Strap Slingback Wedge Sandals,Shoes
1.0,,,,9.0,21.0,10+ sold recently,"Women's Fringed Beaded Sequined Flat Sandals, Stylish And Casual Colorful Round Toe Flat Sandals",Shoes
1.0,,,,3.3,25.0,3.7k+ sold recently,20pcs Cartoon Pocket Monsters Shoe Charms For Shoes Decoration Charms,Shoes
4.0,,,,15.22,20.0,500+ sold recently,CUCCOO BIZCHIC Woman Shoes Ladies' Stylish Versatile High Heel Sandals Wedding Shoes For Summer Graduation Heels Prom Heels Vacation Shoes Summer Sale,Shoes
9.0,,#9 Best Seller,In White Women Shoes,10.3,21.0,,Women's Flat Strappy Square Toe Flat Sandals Vacation Style White Versatile Flat Sandals,Shoes
1.0,,#1 Best Sellers,in Old Money Men Shoes,37.9,25.0,,New Men\ British Style Formal Business Casual Lightweight Commuting Leather Shoes,Shoes
4.0,,#5 Best Seller,In Army Green Women Casual Shoes,8.95,41.0,,"Women Solid Color Canvas Flat Shoes, Round Toe Breathable Anti-Slip Lace-Up Classic Low Top Casual Sneakers, Comfortable Athletic Outdoor Footwear",Shoes
6.0,,,,12.5,18.0,1.9k+ sold recently,"Women Chevron Pattern Point Toe Ballet Flats, Fashion Outdoor Flats",Shoes
1.0,,,,19.0,21.0,80+ sold recently,Glitter Decor Ankle Strap Chunky Heeled Sandals,Shoes
1.0,,,,2.0,31.0,200+ sold recently,"1 Pair Of New Holographic Reflective Star Shoelaces, Double-Sided Reflective, High Brightness, Suitable For Sports Shoes And  Shoes",Shoes
8.0,,#9 Best Seller,In Apricot Women Heeled Sandals,22.8,21.0,,"Women Clear Strap Chunky Heeled Mule Sandals, Fashion Summer Sandals",Shoes
1.0,,,,8.0,23.0,100+ sold recently,"Summer New Arrival Cartoon Bear Flat Clip-Toe Women's Shoes, Lightweight Outdoor Personality Fun Casual Flip Flops",Shoes
10.0,,,,16.7,20.0,1.1k+ sold recently,"Women Tassel & Faux Pearl Decor Slide Sandals, Fashionable Faux Suede Flat Sandals",Shoes
16.0,,,,14.55,21.0,1.8k+ sold recently,"Women Metal Chain Decor Crocodile Embossed Slide Sandals, Fashionable Metallic Party Flat Sandals",Shoes
5.0,,,,15.9,18.0,1.3k+ sold recently,"New Ballet Flats For Women, Round Toe Flat Shoes, Solid Color Breathable Casual Sandals, Fashionable And Comfortable, Black",Shoes
5.0,,#3 Best Seller,In Silver Women Flat Sandals,9.3,20.0,,"Women's Flat Sandals, New Fashionable Daily Wear Open-Toe Casual Beach Slippers, Woven Fine Straps, Crossed Ties, Roman Holiday Comfortable Lightweight Sandals, Gold/Black/Silver/Brown 2024 With Retro Roman Woven Ankle Straps And Round Toe Cut-Outs, British Style Casual Slippers, Versatile Beach Shoes",Shoes
1.0,,,,25.5,21.0,100+ sold recently,2024 Summer Women's Woven Chain Wedge Heel Thick Platform Espadrille Sandals,Shoes
4.0,,#2 Best Sellers,in Flat Wide Fit Shoes,6.96,37.0,,SHUZIA Plus Size Flat Sandals,Shoes
6.0,,,,17.8,21.0,1.1k+ sold recently,"Women Random Braided Detail Flat Sandals, Vacation Summer Slingback Sandals",Shoes
1.0,,,,21.0,21.0,90+ sold recently,"1pair Unisex PU Leather Casual LED Light Up Skateboard Shoes, Suitable For Parties, Dancing, Outdoor And Everyday Use",Shoes
8.0,,#4 Best Sellers,in Women Flip-Flops,6.45,8.0,,Woman Shoes Rhinestone Decor Toe Post Design Flip Flops For Summer Vacation Shoes Summer Sale,Shoes
13.0,,,,10.39,22.0,4.7k+ sold recently,"Women Buckle Decor Stitch Detail Slide Sandals, Elegant Beige Outdoor Flat Sandals",Shoes
30.0,,,,11.4,21.0,600+ sold recently,"Women's Fashionable Casual And Beach Style Straw-Braided PU Material Open Toe, Lightweight, Round Toe, Peep-Toe, Slingback, Slip-On, Glitter Comfortable Summer Gold Flat Sandals",Shoes
6.0,,,,8.04,70.0,2.4k+ sold recently,"Plus Size Women's White Leather Sneakers, Fall 2024 New Color Block Casual Sports Shoes With Soft & High Sole, Suitable For Running Or Walking",Shoes
28.0,,#6 Best Seller,In Red Women Flats,12.3,27.0,,"Women's Pointed-Toe Fashionable Shallow Purple Flat Shoes, Perfect For Outdoor Activities During Autumn, Champagne And Red Casual Versatile Shoes With High-End Feeling, Comfortable Black Shoes",Shoes
1.0,,,,32.2,14.0,300+ sold recently,"Peep Toe Chunky Heeled Sock Boots, Black Fashionable Solid Color Ladies' Fashion Boots",Shoes
9.0,,,,7.2,20.0,4.6k+ sold recently,"Vacation Beige Slingback Sandals For Women, Multi Strap Fabric Sandals",Shoes
1.0,,,,1.54,43.0,100+ sold recently,"1 Pair Of Leather Forefoot Stickers For High Heels, Soft Shock-Absorbing, Sweat-Absorbing And Anti-Slip Stickers For Summer Sandals, Self-Adhesive Invisible Anti-Slip Forefoot Pads",Shoes
6.0,,,,8.66,34.0,800+ sold recently,"Men Shark Design Slides, Grey Outdoor EVA Slides",Shoes
6.0,,#5 Best Sellers,in Slides Men Shoes,7.3,26.0,,Men Minimalist Textured Slides,Shoes
5.0,,,,6.74,45.0,700+ sold recently,"Women's Spring/Summer European And American Plus-Size Flat Sandals With Toe Strap, Round Toe, Multiple Colors, Buckle Fastening, Fashionable And Versatile, White",Shoes
5.0,,,,14.1,20.0,400+ sold recently,"Elastic Ankle Strap Women Sandals With Thick Soles, Export Plus Size Closed Toe Espadrilles Wedges",Shoes
1.0,,,,8.2,24.0,6.5k+ sold recently,"Women's Black Skull Decor Flat Indoor Slippers With Closed Toe, Winter Home Slippers",Shoes
7.0,,,,23.75,5.0,400+ sold recently,"CUCCOO BIZCHIC Woman Shoes Minimalist Chunky Heeled Mule Sandals, Elegant Black Heeled Sandals For Summer Graduation Heels Prom Heels Vacation Shoes Summer Sale",Shoes
4.0,,,,7.0,26.0,10k+ sold recently,Men's Home Shoes Indoor Eva Thick-Bottom Anti-Slip Sports Slippers Solid Color Unisex,Shoes
8.0,,,,14.1,21.0,100+ sold recently,"Ladies' Ultra-Light Open-Toe Black Wedge Sandals, Outdoor Thick-Bottomed Woven Detail Summer Sandals",Shoes
1.0,,,,17.0,0.0,300+ sold recently,SHUZIA Women Colorful Woven Flat Sandals With Open Toes,Shoes
1.0,,,,11.9,20.0,,"Summer New Camouflage Military Green Wedge Heel Thick-Soled Sandals With Cool Stitch Reinforcement Technology, High Waterproof Platform, Peep Toe, Soft And Non-Slip Sole, Fashionable And Versatile For Outdoor Activities And Beaches",Shoes
4.0,,#10 Best Sellers,in Women Outdoor Shoes,28.1,18.0,,"Embroidery Leather High Heel Western Boots For Women, Cowboy Boots For Women",Shoes
4.0,,#8 Best Sellers,in High Heel Women Platforms & Wedge Sandals,13.3,21.0,,Women's Plus Size Outdoor Bow Knot High Waterproof Platform Wedge Heel Thick Bottom Sandals,Shoes
1.0,,,,6.86,57.0,100+ sold recently,"Factory Directly Selling Women's Vintage Money Style Open Toe High Heels, French Style Pointed Heels And Backless Shoes For Spring/Summer",Shoes
1.0,,,,12.1,21.0,30+ sold recently,"Women Fashionable, Elegant, Simple, Versatile, Comfortable, Lightweight, Trendy Must-Have  Rope Thick Platform Wedge Sandals",Shoes
5.0,,,,11.2,21.0,2.6k+ sold recently,"Women's Wedge Heel Sandals With Thick Sole, Sexy Hollow Out Design, Anti-Skid, New Fashion Middle Heel Closed Toe Sandals",Shoes
6.0,,,,12.3,17.0,30+ sold recently,Women's Plus Size Round Toe Fashionable Comfortable Solid Color Elastic Knit Vamp Flat Work Shoes,Shoes
1.0,,#10 Best Seller,In Light Grey Women Shoes,9.5,55.0,,"Fashionable Gradient Shock Absorbing Lightweight Running Shoes With Soft Sole, Casual Sports Shoes",Shoes
4.0,,#1 Best Seller,In Blue Women Outdoor Shoes,28.7,18.0,,"Ladies' 2024 Spring Autumn New Arrival Detail Embroidery Fashion Western Cowgirl Boots For Outdoor & Casual Wear, Cowboy Boots For Women",Shoes
1.0,,,,16.5,20.0,100+ sold recently,"Women Fluffy Decor Pyramid Heeled Mule Sandals, Glamorous Party Heeled Sandals",Shoes
1.0,,,,8.05,67.0,100+ sold recently,New Arrival Women's Fashionable And Elegant Square-Toe Shoes With Back Strap For Autumn/Winter,Shoes
1.0,,,,21.0,19.0,400+ sold recently,"European And American Style Pointed Toe Stiletto Shoes For Women With Thin Straps, Mushroom Studs, Belt Buckles, Rock Festival Punk Style, Closed Toe High Heels",Shoes
1.0,,,,3.5,26.0,200+ sold recently,"1 Pair Of Shoe Buckles, Rhinestone Crystal, Suitable For High Heels, Flat Shoes, Bridal Shoes And Other Decorative Accessories",Shoes
10.0,,,,1.14,58.0,100+ sold recently,"1 Pair Of Elastic No-Tie Shoelaces With Switch Buckle, Solid And Colorful, Fashionable And Suitable For Sneakers, Sports Shoes And Casual Shoes.",Shoes
1.0,,,,10.0,18.0,200+ sold recently,Knitted Flat Square Toe Loafers One Foot Slip-On Mom Casual Shoes Spring Autumn Breathable Anti-Skid Comfortable Shallow Mouth Flat Shoes,Shoes
1.0,,,,10.12,25.0,,Women's Leather Flat Sandals Flip Flop Sandals Comfortable Dressy Thong Sandals,Shoes
25.0,,,,9.9,21.0,500+ sold recently,2023 New Trendy Women's Roman Style Pearl Decorated Flat Sandals In Khaki Color Perfect To Match With Skirts For Casual French Style Look,Shoes
1.0,,,,13.2,20.0,100+ sold recently,Criss Cross Clear Strap Mule Sandals,Shoes
1.0,,,,15.4,30.0,100+ sold recently,CUCCOO BIZCHIC Woman Shoes Fashion Black Ankle Strap Classic Wedge Sandals For Spring And Summer Vacation Shoes Summer Sale Elegant Sandals,Shoes
14.0,,#2 Best Seller,In Coffee Brown Women Heeled Sandals,13.3,20.0,,"Women's Brown Transparent Cross Strappy Sandals With Irregular Heel, Coffee Brown, Comfortable For Wedding And Proms, Open Toe Sexy Party Style, New Spring/Summer High Heel Outdoors Casual Beach Shoes, Elegant And Fashionable For Music Festivals Or Office, Discounts For Women's Platform Heels",Shoes
1.0,,#3 Best Seller,In Multicolor Shoe Spare Parts,0.65,73.0,,"2pairs Women's Heel Pads For Shoes, Anti-Slip Heel Grips Shoe Inserts To Prevent Heel Slipping, Adjust Shoe Size, Protect Your Foot From Pain, Blisters In High Heels, Dress Shoes, And Work Shoes",Shoes
9.0,,,,6.56,44.0,300+ sold recently,"New Women's Round Toe Woven Flat Slippers, Fashionable Simple Style, Comfortable For Travel, Beach, Various Colors (White, Brown, Black, Leopard Print, Floral, Yellow, Green)",Shoes
8.0,,,,88.7,24.0,100+ sold recently,"Sports Shoes, Street Sports Shoes, Men's And Women's Sports Shoes, Couple Shoes",Shoes
1.0,,#6 Best Seller,In Brown Women Heeled Sandals,12.15,38.0,,Women's Spring And Autumn Fashionable Square Fabric Material Peep Toe Chunky High Heels Sandals With Hollowed Heel,Shoes
24.0,,#7 Best Seller,In Pink Women Sandals,8.63,52.0,,"New Arrivals Summer Women's Casual Fashionable Diamond Pattern Thick Bottom Increased Height Slippers, Suitable For Outdoor Activities, Beach And Comfortable Wear",Shoes
13.0,,#1 Best Sellers,in High Heel Women Wedges & Flatform,22.9,18.0,,"Vacation Apricot Shoes For Women, Tie Leg Design Espadrille Wedge Shoes",Shoes
7.0,,#6 Best Sellers,in Wide Fit Flats,19.3,17.0,,"2024 Spring/Autumn New Fashion Women's Low-Cut Flat Shoes With Thick Bottom, Knitted Upper, Breathable, Metallic Chain Decor Casual Shoes",Shoes
4.0,,,,14.9,21.0,1.3k+ sold recently,Cut Out Ankle Strap Wedge Sandals,Shoes
29.0,,,,8.0,21.0,2.9k+ sold recently,"Women Fashionable Large Size Outdoor Beach Vacation Flip Flops, Open Toe Slippers",Shoes
5.0,,,,10.8,21.0,600+ sold recently,"Women Leopard Pattern Metal Decor Thong Sandals, Fashion Sandals",Shoes
1.0,,,,13.8,21.0,1.8k+ sold recently,Women's Summer Fashion Square Toe Fish Mouth Chunky Heel/Mid-Heel Slip-On Slippers With Toe Loop,Shoes
1.0,,#9 Best Seller,In Dark Green Women Shoes,18.45,25.0,,"Bow Decor Ankle Strap Pumps, Stylish Green Bow Knot Solid Color Women's High-Heeled Shoes",Shoes
1.0,,,,5.66,47.0,10+ sold recently,"Women's New Style Thick Platform Wedge Heel Bowknot Sandals Lightweight Anti-Slip Foam Sole Round Toe Beach Slippers Indoor Outdoor EVA Slipper With Ankle Strap, Plus Size (EURO),  And America",Shoes
6.0,,,,9.25,50.0,30+ sold recently,"Classic Chunky Heel Sandals For Women With Round Toe, Plus Size, Ankle Strap Sandals",Shoes
5.0,,,,12.01,48.0,400+ sold recently,SHUZIA Round Toe Double Buckle Footbed Sandals,Shoes
1.0,,,,5.8,50.0,70+ sold recently,"Women's Fashion Solid Color Slippers, Stylish Flat-Bottomed Summer Sandals With Toe Clip And Lightweight Hollow Design, Beach Slippers",Shoes
8.0,,,,20.2,20.0,800+ sold recently,Women's High Heels,Shoes
1.0,,,,6.2,23.0,,"Rainbow Gradient Furry Open-Toe Cross Band Slippers For Women, All-Seasons Non-Slip Indoor House Slippers, Stylish & Luxurious, Multicolor",Shoes
7.0,,#2 Best Seller,In Green Women Heeled Sandals,19.5,21.0,,New Ladies' Fashionable Square-toed High-heeled Sandal With Circular Metallic Buckle And Straps,Shoes
5.0,,,,6.99,47.0,1.5k+ sold recently,"Women's Casual Flat Slippers With Toe Ring, Round Open Toe Anti-slip Slides, Outdoor Beach Sandals",Shoes
1.0,,,,4.05,50.0,600+ sold recently,Fashionable Women's Classic Espadrilles Beach Flat Sandals,Shoes
1.0,,#8 Best Seller,In Navy Blue Women Platforms & Wedge Sandals,10.7,21.0,,"Women's Summer New Fashion Hollow Striped Design Casual, Comfortable & Breathable Slippers, Embroidered And Platform Sandals, For Travel, Beach And Wedge",Shoes
1.0,,,,1.4,46.0,1.3k+ sold recently,1 Pair Forefoot Insert Cushion Pads For Women Shoes Anti Slip Silicone Foot Pain Relief Pads For High Heels Sandals Gel Shoe Insoles,Shoes
24.0,,,,14.9,21.0,300+ sold recently,"Women's Fashionable Thick-Soled Starry Slides, Casual & Comfortable Slip-On Sandals For Outdoor And Beach In Summer",Shoes
1.0,,#3 Best Seller,In Camel Women Flats,6.49,41.0,,SHUZIA Simple Closed Toe Court Ballet Flats,Shoes
16.0,,#8 Best Seller,In Apricot Women Flats,17.0,18.0,,"Women's Famous Brand Fashionable Backless Loafers With Single Band, Versatile And Flat",Shoes
14.0,,#7 Best Seller,In White Women Platforms & Wedge Sandals,14.0,21.0,,"Women Minimalist Flatform Slide Sandals, Fashion Summer Sandals",Shoes
1.0,,#5 Best Seller,In Brown Women Flip-Flops,5.8,39.0,,New European And American Style Goddess Fashionable Flower Glued Comfortable Beach Flip Flops,Shoes
5.0,,,,5.6,24.0,300+ sold recently,"Women Indoor Slippers, Four-Season Open-Toe Slipper, Comfortable And Fashionable Corduroy Slipper, Khaki, Spring/Autumn, Suitable For Couple",Shoes
16.0,,,,9.0,20.0,1.6k+ sold recently,"Casual Outdoors Thong Sandals for Women, Braided Detail Plain Artificial Leather Toe Post Flat Sandals",Shoes
1.0,,,,9.8,21.0,100+ sold recently,New Arrivals Boken Women's Roman Brown Flat Sandals For Ladies,Shoes
6.0,,,,15.4,17.0,10+ sold recently,"Women's Plus Size Wide-Fit, Round-Toe, Solid-Color, Elastic Fabric, Comfortable, Flat Work Shoes",Shoes
1.0,,,,11.27,22.0,7.5k+ sold recently,Women's Leopard Print Fashionable Flat Sandals,Shoes
7.0,,,,3.27,56.0,200+ sold recently,"Women's Elastic Band Casual Slippers, Red Eva Plastic Beach Shoes, Lightweight And Comfortable Home Indoor Slippers, Simple And Fashionable Slide Sandals For Autumn And Summer",Shoes
11.0,,#5 Best Seller,In Red Women Flat Sandals,9.0,20.0,,"Women's Bow Knot Decor Flat Sandals, Lightweight Summer Slipper, Anti-Slip Ladies' Beach Shoes",Shoes
33.0,,,,11.7,20.0,5.5k+ sold recently,"Multicolor Rhinestone Bow Decorated Slip-On Sandals With Multiple Straps And Two-Way Wear Option For Women, Summer/Autumn, French Style, Silver",Shoes
1.0,,,,13.2,20.0,200+ sold recently,"New Style High Heel Ladies Sexy Beige Sandals With Thin Heels, Toe Ring, Fashionable Outdoor Flip-Flops For Summer",Shoes
10.0,,#6 Best Seller,In Black Women Heeled Sandals,17.84,22.0,,"Women Single Band Chunky Heeled Mule Sandals, Elegant Summer Fabric Heeled Sandals",Shoes
1.0,,,,10.8,21.0,3.8k+ sold recently,"Fashion White Sandals For Women, Faux Pearl Decor Slide Sandals",Shoes
10.0,,#5 Best Seller,In Khaki Women Heeled Sandals,14.0,21.0,,"Women Minimalist Chunky Heeled Sandals, Elegant Faux Suede Mule Sandals",Shoes
22.0,,#7 Best Sellers,in Low Heel Women Heeled Sandals,14.5,20.0,,Comfortable Knitted High-heeled Sandals For Outdoor Wear,Shoes
4.0,,#1 Best Seller,In Beige Women Clogs,8.85,25.0,,"Hollow Detail Bubble Slides, Beige Fashionable Solid Color Ladies' Hollow Out Shoes",Shoes
16.0,,,,14.1,40.0,300+ sold recently,"Ladies' Summer New Simple Style Chunky Heel Sandals With Ankle Strap, For Beach Holidays",Shoes
1.0,,,,14.0,21.0,200+ sold recently,"Fashionable Outdoors T-strap Flat Sandals For Women, Stud Decor Artificial Leather Toe Post Flat Sandals",Shoes
4.0,,,,10.35,20.0,200+ sold recently,CUCCOO TILAWA Women Women Flats,Shoes
1.0,,,,9.6,21.0,20+ sold recently,"Women's Cross Strap Chunky Heel Platform Sandals, Casual & Fashionable, Perfect For Spring And Summer, Elegant Black Color",Shoes
1.0,,,,10.75,50.0,100+ sold recently,"Women Clear Strap Chunky Heeled Ankle Strap Sandals, Fashion Summer Heeled Sandals",Shoes
5.0,,,,9.6,21.0,2.1k+ sold recently,"Women's Flat Sandals, Casual Beach Slippers With Woven Thin Straps, Combination Of Crossed Straps, Roman Style, Comfortable And Lightweight, Suitable For Daily Wear. Available In Gold, Black, Silver, And Brown Colors With Vintage 2024 Woven Rope Sole. Hollow Out Design And Round Toe, Perfect For Leisure And Vacation Outfits With A British Style And Versatile Look.",Shoes
12.0,,,,6.96,48.0,100+ sold recently,"Summer Fashionable Open Toe Soft And Comfortable Flat Sandals, Suitable For Outdoors And Indoors",Shoes
5.0,,,,3.25,62.0,400+ sold recently,Fashionable Black Crossed Straps Women's Flat Sandals With Woven Rope Details,Shoes
24.0,,,,10.64,25.0,8.1k+ sold recently,"Preppy Outdoors Flat Slippers for Women, Bow Decor Polyester Open Toe Slide Sandals",Shoes
1.0,,#5 Best Seller,In Multicolor Wide Fit Sandals,10.0,15.0,,2024 Summer New Design Multicolored High-End Plus Size Women's Sandals With Wide Toe Box,Shoes
4.0,,,,22.64,22.0,3.2k+ sold recently,"Women's Wedge Platform Peep Toe Sandals With Breathable And Hollow Out Design, Spring And Summer",Shoes
1.0,,,,3.12,51.0,600+ sold recently,Women's Spring And Autumn Bathroom Slippers Solid Color Casual Style Couple Home Non-Slip Pink Eva Drainage Slippers,Shoes
1.0,,,,2.4,27.0,20+ sold recently,"20pcs Gold Heart Shaped Decoration Set, Fashion Shoe DIY Accessories, Suitable For Sexy Ladies, Students, Clogs & Bag & Clothing Matching",Shoes
1.0,,,,24.1,17.0,20+ sold recently,Casual Holiday Style Red Round Toe Buckle Strap Flat Shoes,Shoes
9.0,,#7 Best Seller,In Khaki Men Shoes,14.0,25.0,,"Men Loafers Plus Size Breathable Sporty Casual Shoes, Slouchy Shoes, Spring New Style, Extra Wide And Large Size",Shoes
1.0,,,,16.1,18.0,500+ sold recently,"Women Minimalist Peep Toe Open Toe Flats, Elegant Flats",Shoes
1.0,,,,2.9,26.0,500+ sold recently,"23 Pcs Cute Food Coffee Donut Shoe Charms, Universal Gift Accessories For Holes Shoes Sandals, Various Styles, Ideal For Birthday Party, Non-Integral Buckle",Shoes
11.0,,#4 Best Sellers,in Women Sports Shoes,22.1,21.0,,"Sporty Sneakers For Women, Minimalist Lace-up Front Chunky Sneakers",Shoes
1.0,,,,18.2,21.0,40+ sold recently,Two Tone Buckle Decor Ankle Strap Sandals,Shoes
1.0,,#6 Best Seller,In Black Women Platforms & Wedge Sandals,7.6,20.0,,Women's Fashionable Black Woven Elastic Band Simple Wedge Sandals With Thick Bottom,Shoes
18.0,,#6 Best Sellers,in High Heel Women Platforms & Wedge Sandals,22.3,20.0,,Women White Bow Decor Ankle Strap Espadrille Wedge Sandals,Shoes
4.0,,,,18.03,22.0,3.0k+ sold recently,"Women Buckle Decor Ankle Strap Wedge Sandals, Fashion Black Sandals",Shoes
1.0,,,,11.3,20.0,40+ sold recently,"Summer New Trendy Women's Slip-On Shoes, Comfortable And Soft, Double Buckle, Thick And Lightweight, Anti-Skid Soft Sole, Shock Absorption, Cool Slippers",Shoes
31.0,,,,8.2,20.0,1.9k+ sold recently,"Women Snakeskin Embossed Cut Out Slide Sandals, Fashion Summer Flat Sandals",Shoes
1.0,,,,17.0,0.0,200+ sold recently,SHUZIA Women Solid Color Square Toe Summer Casual Fashion Slip-Resistant Flat Sandals,Shoes
15.0,,,,9.48,40.0,50+ sold recently,Factory Direct Advanced Old Money Style Fine High-Heeled Closed Toe Sandals For Women In Spring And Summer; French Style Pointed High-Heels Popular Among Internet Celebrities,Shoes
4.0,,,,13.3,21.0,200+ sold recently,"New European And American Women Fashion High-Top Flat Roman Sandals, Casual And Versatile Party And Entertainment Toe Separator Sandals",Shoes
4.0,,,,14.5,20.0,400+ sold recently,Pyramid Heeled Ankle Strap Sandals,Shoes
1.0,,,,5.9,23.0,70+ sold recently,"Women Flower Print Bow Decor Slides, Fashionable Open Toe Flat Slides",Shoes
14.0,,,,9.7,20.0,3.3k+ sold recently,Women's Elegant And Comfortable Strappy Holiday Flat Sandals In Solid Color,Shoes
1.0,,,,6.77,53.0,100+ sold recently,"Elastic Strap Slip-On Women Casual Shoes For Spring/Summer Season, With Wedge Heel, Round Toe, Driving Loafers Style, Medium Shallow Mouth, Low Heel, Comfortable",Shoes
17.0,,,,11.9,21.0,1.3k+ sold recently,"Bohemian Style Beaded Flat Sandals, Perfect For Outdoor Activities",Shoes
1.0,,,,25.79,8.0,400+ sold recently,MOTF PREMIUM SQUARE TOE MINIMALIST MULE FLAT SANDALS VACATION SHOES SUMMER SALE,Shoes
1.0,,,,21.2,21.0,700+ sold recently,Women's New Low/Mid Heel Chunky Strap Open Toe Roman Sandals With Metal Details,Shoes
15.0,,#10 Best Seller,In Baby Pink Women Shoes,11.4,18.0,,"Fashionable Women's Flat Shoes For Spring, Autumn, Comfortable, Casual Vacation Style, Slip-On Round Toe Loafers",Shoes
1.0,,,,17.16,34.0,40+ sold recently,Men Summer Casual Slip-On Loafers,Shoes
1.0,,,,5.9,24.0,10+ sold recently,"Women's Black Open-Toe Cross-Band Furry Slippers, Indoor Anti-Slip House Slippers With Fashionable 3D Design",Shoes
1.0,,#3 Best Seller,In White Women Knee-High Boots,34.4,20.0,,Waterproof White Fall/Winter Boots For Women With Elastic Stretch & High Heels,Shoes
1.0,,,,0.38,84.0,700+ sold recently,1pair Non-slip Forefoot Insole,Shoes
4.0,,,,13.6,21.0,800+ sold recently,"White Women's High-Heeled Summer Sandals & Slippers, New Arrival, , With Mid-Heel, Thin-Heel, Comfortable Wearing And Suitable For Various Occasions, Simple & Fashionable Style",Shoes
1.0,,,,1.6,30.0,800+ sold recently,8pcs Fodd Shoe Charms For Cute Flower Designer Shoe Charms For Adults Kawaii Shoe Decoration Charms With Buttons For Clog Sandals Birthday Party Gift,Shoes
1.0,,,,7.7,24.0,20+ sold recently,"European And American Style Women's Flat Slippers, Fashionable, Comfortable And Lightweight For Beach, Casual Wear Or Home, With Flower Decoration",Shoes
1.0,,#8 Best Seller,In Black Women Flip-Flops,4.5,50.0,,SHEIN SHUZIA Faux Patent Leather Thong-Toe Flip Flops,Shoes
4.0,,,,13.8,17.0,1.2k+ sold recently,"Stitch Detail Slip On Flats, Beige Vacation Solid Color Women's Flat Shoes",Shoes
7.0,,#4 Best Seller,In Brown Women Fashion Boots,30.3,20.0,,Women Winter Boots Fashion Mid-Calf Fur-Lined Faux Suede Flat Snow Boots Knee High Brown Boots Women Shoes,Shoes
22.0,,#6 Best Sellers,in Low Heel Women Heeled Sandals,14.16,21.0,,"Women Ribbed Chunky Heeled Sandals, Elegant White Fabric Mule Sandals",Shoes
5.0,,,,18.7,21.0,1.7k+ sold recently,"Women Solid Flatform Thong Sandals, Fashionable Minimalist White Wedge Sandals",Shoes
12.0,,,,25.4,21.0,3.0k+ sold recently,"Women Minimalist Platform Chunky Heeled Mule Sandals, Elegant Summer Heeled Sandals",Shoes
1.0,,,,17.59,20.0,30+ sold recently,CUCCOO BASICS Rhinestone Decor Point Toe Ballet Flats Vacation Shoes Summer Sale Elegant Flats,Shoes
14.0,,,,10.8,21.0,600+ sold recently,"Women's Summer Flat Sandals, Black Embroidery Style Slippers For Party & Beach",Shoes
1.0,,,,24.6,25.0,100+ sold recently,Men's Casual Minimalist Vintage Slip On Tassel Loafers Shoes  Men Business Shoes,Shoes
1.0,,,,12.15,25.0,80+ sold recently,"Couples Outdoor Shoes For Hiking, Diving, Anti-Slip Swimming And Beach, Men And Women Water Sandals",Shoes
10.0,,,,15.25,39.0,20+ sold recently,"Fashionable Sexy Red Patent Leather Shallow Mouth Party Shoes, Pointed Toe 10.5cm High Stiletto Heels With Lacquered Heels, Casual Women's Spring & Autumn Shoes",Shoes
10.0,,,,18.0,20.0,1.3k+ sold recently,Women's High-Heeled Sandals With Square Toe And Thin Heel Straps,Shoes
1.0,,,,25.5,21.0,200+ sold recently,"Women Spiked Decor Ankle Strap Sandals, Funky Open Toe Stiletto Heeled Sandals",Shoes
1.0,,,,19.49,25.0,10+ sold recently,MOTF PREMIUM WOMEN FASHIONABLE SIMPLE CROCODILE PATTERN OPEN TOE FLAT SANDALS FOR SUMMER,Shoes
5.0,,,,17.6,20.0,2.9k+ sold recently,Women Rhinestone Decor Ankle Strap Thong Sandals,Shoes
1.0,,,,1.8,28.0,200+ sold recently,Non-Slip Wear-Resistant Shoes Mat Stickers Self-Adhesive Sole Protector High Heels Forefoot Sticker Silicone Rubber Soles Pads,Shoes
1.0,,,,4.55,63.0,500+ sold recently,"Men's Outdoor Slippers - Lightweight, Waterproof, Sweat-Wicking, Breathable, Anti-Slip Eva Thick-Bottomed, Fashionable, Comfortable, Massage, Quick-Drying, Plus-Size, Airy Sandals For Summer",Shoes
5.0,,,,9.05,64.0,100+ sold recently,Men's Fashionable Simple Comfortable Casual Athletic Sneakers; Slip Resistant; All-Season; Versatile Style For Students,Shoes
1.0,,#10 Best Seller,In Apricot Shoe DIY Decorations,2.6,26.0,,1 Pair Fashion Butterfly Design Detachable Shoe Buckles For Wedding Heels Decoration Glitter Butterfly Shoes Clips Elegant Fancy Sandal Decoration Buckles Nice Gift For Ladies Women,Shoes
1.0,,#5 Best Seller,In Green Shoe Accessories,3.0,25.0,,"22 PCS Glow-In-The-Dark Basketball Series Themed Pattern Cute Shoe Charm Suitable For Crocodile Charm DIY Decorative , Pen Cases, Bags, Phone Case Accessories And Party Gifts",Shoes
6.0,,,,10.8,25.0,300+ sold recently,"Women Outdoor Water Shoes, Beach Socks Shoes, Diving, Snorkeling, Swimming, Soft Shoes, Five-Toe Shoes, Cross-Border Large Size Wading Shoes, Quick-Drying Fishing Shoes, Sandals, Beach Shoes",Shoes
16.0,,,,7.7,21.0,3.0k+ sold recently,"Korean Style Casual Flat Slippers For Women, Summer Open Toe Slip-Ons, Autumn New Trendy Braided Roman Sandals, Fashionable French Lady Match With Skirt For Outdoor Beach, Bohemian Style Clip Toe Flat Slouchy Shoes For Summer Holiday, Chic Beach Wear",Shoes
16.0,,,,14.7,21.0,400+ sold recently,"Cool Outdoors Flat Slippers For Women, Crocodile Embossed Chain Decor Plain Artificial Leather Open Toe Slide Sandals",Shoes
29.0,,,,8.48,20.0,500+ sold recently,"Women's Fashionable Beach Flip-Flops, Large Size, Open Toe Slippers For Vacation",Shoes
1.0,,,,26.38,23.0,400+ sold recently,"Women's Casual Sports Shoes, Large Size Canvas Low-Cut Sneakers, New Design, Non-Slip & Wear-Resistant",Shoes
1.0,,#1 Best Seller,In Brown Women Knee-High Boots,30.9,20.0,,Women's Knee-high Boots,Shoes
8.0,,,,12.1,21.0,800+ sold recently,"New Spring Women's Breathable Casual Shoes, Soft Sole Athletic Walking Sneakers In Dark Blue And Ginger Brown",Shoes
1.0,,,,8.1,21.0,600+ sold recently,"Women  Thick Bottom Anti-Skid Elastic & Adjustable Sandals, Fashionable And Versatile Easy-Cleaning White Sandals",Shoes
1.0,,#6 Best Seller,In Apricot Women Platforms & Wedge Sandals,20.1,21.0,,Women Minimalist Espadrille Apricot Wedge Slide Sandals,Shoes
1.0,,,,3.5,24.0,80+ sold recently,"2pcs/Set Removable Fashion Double-Layered Colorful Rhinestone Bow Shoe Clips, Shoes Accessories",Shoes
7.0,,,,8.6,23.0,500+ sold recently,"Women's Thick Bottom, Non-Slip, Comfortable Slippers For Outdoor Use, Summer Beach Leopard Print Slippers In Multicolor",Shoes
20.0,,,,18.6,21.0,200+ sold recently,Party Vacation Casual Stone Red Square Toe Metal Buckle Slip-On Flat Sandals,Shoes
1.0,,,,13.8,23.0,100+ sold recently,"Women's Fishmouth Chunky Heel High-Heel Sandals, Back Zipper Closure, Casual Summer Shoes, New Arrivals, Chic And Elegant, Perfect For Outing",Shoes
1.0,,,,9.9,21.0,90+ sold recently,"Women Comfortable, Lightweight, Casual And Versatile Slip-On Flat Slippers, Large Size, For Spring And Summer, Outdoor Wearing",Shoes
1.0,,,,15.7,18.0,100+ sold recently,Fashionable And Simple Pointed Toe Flat Shoes With Snake Print And Strap Design For Women,Shoes
1.0,,#6 Best Seller,In Dusty Pink Women Pumps,7.5,50.0,,Women Spring And Autumn Outdoor Casual Fashion Pointed Toe Chunky Low Heels High Heels Shoes,Shoes
4.0,,,,16.96,36.0,300+ sold recently,Fashionable Open Toe High Heels With Elegant Rhinestone Detail For Women,Shoes
14.0,,#5 Best Sellers,in Women Snow Boots,29.8,18.0,,"Women's Winter Warm Fur Boots With Mid-calf Length, Anti-slip, Personality And Fashionable Slippers Design",Shoes
1.0,,,,2.0,29.0,,"14pcs/Set Vacation Themed Shoe Charms PVC Soft Rubber DIY Decorative Buckles For Cross-Border E-Commerce Jewelry Accessories Wholesale, Non-Integral Insert Buckles",Shoes
1.0,,,,1.46,59.0,400+ sold recently,10pcs Night Glow Sakura Shaped Shoe Charms Fit For Hole Shoes Decoration,Shoes
20.0,,,,15.3,21.0,200+ sold recently,"New Fashionable Square-Toe High-Heeled Sandals, Versatile Women Shoes",Shoes
5.0,,,,6.5,20.0,10k+ sold recently,Women's Flat Sandals With Woven Design And Double Straps,Shoes
4.0,,,,18.2,21.0,1.0k+ sold recently,"Fashionable, Casual, Comfortable, Beaded And Embroidered Pink Tassel Female Flat Sandals, Handmade",Shoes
15.0,,,,20.8,21.0,900+ sold recently,"Women's Summer Fashionable Gold Plated Metallic Coarse Heel Mules With Shiny Sequin Detailing For Party. The Open Toe Design Is Charming And Appropriate For Indoor And Outdoor Occasions, Dance Parties And Suit Dressing As Well As Daily Wear",Shoes
4.0,,,,21.2,21.0,200+ sold recently,"Women's Square Toe Fish Mouth Plush Mules With Transparent Stiletto Heels, Versatile And Fashionable",Shoes
1.0,,,,7.2,22.0,2.5k+ sold recently,Women Fashionable Lightweight Outdoor Beach Sandals Casual Slippers For Summer And Autumn,Shoes
10.0,,#2 Best Seller,In Apricot Women Pumps,18.56,20.0,,Women's Casual Pointy Toe Stiletto High Heels With Back Strap,Shoes
5.0,,#8 Best Seller,In Orange Women Platforms & Wedge Sandals,24.0,0.0,,CUCCOO SZL Woman Shoes New Years Criss Cross Thick Sole Slingback Orange Wedge Sandals For Summer Vacation Shoes Summer Sale,Shoes
1.0,,,,9.4,20.0,2.2k+ sold recently,"Women Embossed Detail Criss Cross Thong Sandals, Fashionable Gold Flat Sandals",Shoes
1.0,,,,1.87,55.0,300+ sold recently,2pcs Skin-colored Invisible Pain Relief Ball Of Foot Cushions For Women's High Heels With Soft Silicone Gel,Shoes
5.0,,#3 Best Seller,In Pink Women Heeled Sandals,21.4,21.0,,"Women's Pink Rhinestone Embellished Bow Knot High Heeled Sandals With Bare Strap And Buckle, Peep-Toe, Great For Summer And Fall Parties",Shoes
1.0,,,,2.7,29.0,,"1pair (2pcs) 3-Layer Chiffon Bowknot DIY Removable Shoe Buckle High Heel Shoe Decoration, Versatile Shoe Flower Accessory For Wedding Shoes",Shoes
6.0,,,,15.0,0.0,600+ sold recently,SHUZIA Women Fashion Solid Color Furry Flat Sandals,Shoes
1.0,,,,21.4,20.0,300+ sold recently,"Clear Strap Sculptural Heeled Slingback Sandals, Women's High Heel Sandals With Transparent Backstrap, Fashion Metallic Chain And Solid Color Design",Shoes
1.0,,#4 Best Seller,In Black Shoe Tools,1.6,30.0,,"6pcs/3pairs Mute & Wear-Resistant & Anti-Slip & Noise-Reducing Stiletto Heel Caps, High Heel Shoes Repair Protectors",Shoes
1.0,,,,8.9,21.0,200+ sold recently,"Women's Hot Pink Fashionable Flat Sandals For Outdoor And Casual Wear, Solid Color Cross Strap Slippers",Shoes
14.0,,,,8.7,21.0,4.5k+ sold recently,"CrissÂ CrossÂ ToeÂ RingÂ ThongÂ WomenÂ Â Sandals,Â elegantÂ FashionableÂ SolidÂ WhiteÂ FlatÂ Sandals",Shoes
1.0,,#8 Best Seller,In White Shoe DIY Decorations,2.0,29.0,,"1pair Fabric Polka Dot Bowknot High Heel Shoe Flower Accessory, New Design Diy For Clothing, Headwear, Phone Case Decoration",Shoes
1.0,,,,9.6,21.0,1.9k+ sold recently,"Women Raw Trim Flat Sandals, Vacation Summer Fabric Slide Sandals",Shoes
1.0,,,,14.1,18.0,200+ sold recently,"Minimalist Slip-On Running Shoes, Black Sports Women's Running Shoes",Shoes
1.0,,,,19.3,18.0,100+ sold recently,"Women White Knit Detail Lace-up Front Sneakers, Breathable Round Toe Low-top Running Shoes",Shoes
4.0,,,,20.32,20.0,100+ sold recently,"Rhinestone Decor Square Toe Flats, Apricot Party Rhinestone Solid Color Women's Flat Shoes",Shoes
7.0,,#1 Best Seller,In Multicolor Wide Fit Sandals,11.6,17.0,,"Plus Size Wide Fit Colorful Embroidered Flat Sandals, Women's  Bohemian Style Beach Slippers For Party, Summer",Shoes
1.0,,#4 Best Seller,In Apricot Shoe Spare Parts,1.4,30.0,,"1pair Kids & Adults' Shoe Heel Sticker, Shoe Size Adjuster Half Insole, Heel Insert Cushion For Anti-slippery & Anti-wear, High Heels & Loafers",Shoes
1.0,,,,16.7,20.0,200+ sold recently,Women Wedge Heel Platform Sandals Cowgirl High Heel Jeans Wedge Heel Waterproof Platform Fish Mouth Shoes High Heel Sandals Slippers,Shoes
6.0,,,,7.3,59.0,1.2k+ sold recently,"Women's Air Cushion Shock Absorption Knitted Tying Slouchy Dance Shoes, Sports & Casual",Shoes
1.0,,,,11.2,18.0,80+ sold recently,Rhinestone Decor Suedette Ballet Flats,Shoes
1.0,,,,19.4,21.0,100+ sold recently,Leopard Print Lace-up Front Skate Shoes,Shoes
4.0,,,,15.4,25.0,800+ sold recently,"Couple Unisex White Sneakers, Casual Sports Shoes, New Arrival For Spring And Summer, Suitable For Students And Work, Size 36-42, Non-Slip",Shoes
10.0,,,,9.9,21.0,6.8k+ sold recently,"Women Minimalist Slide Sandals, Elegant Summer Flat Sandals",Shoes
37.0,,,,17.2,21.0,200+ sold recently,New Arrival Waterproof Peep Toe Ring Buckle Platform Wedge Sandals,Shoes
9.0,,,,10.9,17.0,30+ sold recently,"Women's Comfortable Soft-Sole Work Shoes, Non-Fatiguing Even After Long Standing, Professional Leather Shoes For Air Hostess, Hotel Interview, Pointed Toe Fashionable White Pumps (Wide Feet - Order One Size Up)",Shoes
6.0,,#1 Best Sellers,in Women Clogs,7.6,17.0,,"Ladies Summer Fashionable Hollow Out Shoes, Korean Style Ins Solid Color Simple Sweetheart Anti-Skid Thick-Soled Couples Open-Toe Sandals For Outdoor Wear.",Shoes
4.0,,#1 Best Sellers,in Wide Fit Flats,13.0,0.0,,SHUZIA Minimalist Point Toe Wide Fit Flats,Shoes
1.0,,,,12.38,25.0,200+ sold recently,"New Arrival Women's White British-Style Lace-Up Sports Shoes, Round Toe Low-Cut Thick Sole Non-Slip Sneakers, Fashionable Breathable Chunky Shoes For Students",Shoes
4.0,,#7 Best Seller,In Burgundy Women Flats,20.4,18.0,,"Women's Mary Jane Shoes, Red Flat Shoes For Women",Shoes
7.0,,#4 Best Seller,In Brown Wide Fit Shoes,12.4,16.0,,"Women's Casual Indoor/Outdoor Wear, High-Grade One-Line Texture PU Insole, Cork Bottom And Platform, Lightweight And Comfortable Slip-On Slippers",Shoes
5.0,,#7 Best Seller,In Mocha Brown Women Shoes,6.5,20.0,,Ladies Flat Fashionable Rope Shoelaces,Shoes
1.0,,,,19.73,25.0,1.3k+ sold recently,1 Pair Of Sports Windproof And Slip-Resistant Lace-Up PU Low-Cut Large Size Unisex Outdoor Casual Sneakers With Rubber Outsole For Comfortable And Lightweight Walking Shoes,Shoes
11.0,,,,11.9,21.0,400+ sold recently,Summer Women  Woven Flats Lightweight Anti-Vacation Sliding Beach Shoes Randomly Woven Floral Pattern Flat Sandals,Shoes
8.0,,,,13.0,21.0,200+ sold recently,"Women Footwear Fashion And Atmospheric Roman Style Summer Anti-Skid Thick-Soled Slope Heel Slippers With Super Soft And Comfortable Insoles, Making Walking A Breeze! High-Heeled Sandals, Flat Slippers, Thick-Soled One-Step Casual Beach Slippers, Low-Slope Heel Vacation Slippers",Shoes
1.0,,,,11.7,20.0,1.1k+ sold recently,"2024 College Style Spring/Autumn New White Base Black Surface Canvas Shoes, Women's Round Toe Lace-Up Casual Sports Shoes For Outdoors Skateboarding",Shoes
9.0,,,,21.6,21.0,1.5k+ sold recently,"Women Minimalist Stiletto Heeled Ankle Strap Sandals, Elegant Black Faux Suede Heeled Sandals",Shoes
1.0,,,,11.7,20.0,,"Women's Fashionable Casual Vacation Style Slip-On Straw Weave PU Open-Toe Lightweight Round-Toe Mules Comfortable White Summer Sandals For Women, Flat Heel (Irregular Pattern On The Vamp)",Shoes
31.0,,,,8.9,21.0,2.7k+ sold recently,"Korean Style Flat Open Toe Slippers Women's Summer Casual Shoes New Woven Roman Beach Shoes Spring, Summer, Autumn Solid Color Women's Beach Flat Sandals, Formal Shoes, Vacation Bohemian Style Sandals, Navy Slip On Mules And Flip Flops With Rhinestones For Women",Shoes
10.0,,,,19.5,21.0,2.8k+ sold recently,"Women's Wedge Mules Woven With Rope, Thick Bottom Vacation-Style Sandals, Slope Heel Platform High Heel Slippers",Shoes
1.0,,,,18.9,17.0,40+ sold recently,Women's Gorgeous Rhinestone Decorated Brown Suede Mesh Lined Pointed Toe Slingback Elegant Comfortable Daily Party Flat Shoes,Shoes
1.0,,,,9.75,25.0,500+ sold recently,SHUZIA Women's Flat Sandals,Shoes
4.0,,,,13.2,21.0,800+ sold recently,"Women's Outdoor Thick-Soled Wedge Heel Strap Sandals In Brown, European And American Style",Shoes
10.0,,,,18.1,21.0,2.2k+ sold recently,"Women's Elegant High Heeled Thong Sandals With Square Toe, Ankle Straps, And Fine Straps, Suitable For Outdoor Parties, Weddings, Spring And Summer In Black",Shoes
1.0,,,,15.1,21.0,500+ sold recently,Women's Comfortable Lace-Up Low-Top Slip Resistant Canvas Sneakers,Shoes
1.0,,,,16.76,22.0,400+ sold recently,Women Summer Fashionable And Versatile Casual Beach High Heel Thick Platform Wedge Sandals,Shoes
15.0,,,,25.33,32.0,800+ sold recently,"New Arrival Women's High Heeled Platform Sandals, Fashion Style In Shiny Black",Shoes
9.0,,#3 Best Seller,In Apricot Women Flats,16.8,18.0,,"Metal Decor Flat Mules, Elegant Apricot-colored Solid Color Mule High Heels, Made Of Pure Metal",Shoes
11.0,,,,9.9,21.0,700+ sold recently,"Women's Fashionable Casual Open Toe Beach Sandals, Round Toe Flip Flops For Travel, Vacation, And Walking",Shoes
1.0,,,,12.0,40.0,70+ sold recently,"SHUZIA Women's Wedge Heel Platform Sandals, Suitable For Daily Wear",Shoes
1.0,,,,11.5,20.0,300+ sold recently,"Women's Colorful Bowknot Flip Flops, Fashionable Flat Sandals With Open Toe And Ankle Strap For Summer",Shoes
1.0,,,,4.46,69.0,60+ sold recently,"Women Single Band Cut Out Slide Sandals, Elegant Solid Minimalist Outdoor Flat Sandals",Shoes
5.0,,#2 Best Seller,In Khaki Women Pumps,21.6,18.0,,"Fashion Pumps For Women, Two Tone Square Toe Chunky Heeled Slingback Pumps",Shoes
5.0,,#3 Best Seller,In Pink Women Sports Shoes,12.25,23.0,,CUCCOO EASI Woman Shoes Thick Sole Fashion Lightweight Pink Outdoor Sneaker For Summer Vacation Shoes Summer Sale,Shoes
1.0,,,,2.4,27.0,10+ sold recently,"10pcs/Set Multicolor Transparent Jelly Peach Blossom Decorative Accessories, Suitable For Sexy Ladies, Students, Clogs, Shoes, Bags And Clothing Matching",Shoes
1.0,,,,6.2,24.0,50+ sold recently,"Solid Color EVA Pillow Slides, Lightweight Soft Sole Home Shower Slides, Non-Slip Beach Slides",Shoes
1.0,,,,6.37,49.0,300+ sold recently,"Women Fluffy Feather Flat Sandals Slippers, Strap Tie Flat Sandals Slippers, Fashionable Solid Color Slip-On Flat Sandals Slippers For Women Wedding Bridesmaid Feather Fluffy Slippers For Bride Morning Dress, Fashionable Multi-Color Fluffy Flat Slippers",Shoes
9.0,,,,6.9,21.0,2.0k+ sold recently,"Women's Flat Sandals, Black Satin Cross Strappy Sandals With Suede-Like Rope Decoration, Simple Casual Style Perfect For Summer, Open Toe, Braided Soles, Vacation Style",Shoes
1.0,,,,5.77,65.0,200+ sold recently,"New Men's Sports Shoes, Breathable Mesh Fabric, Fashionable And Versatile, Lightweight, Comfortable, Durable Soft-Sole Running Shoes",Shoes
12.0,,,,11.2,21.0,3.4k+ sold recently,"Twist Detail Slide Sandals, Black Elegant Solid Color Slippers",Shoes
9.0,,,,20.4,20.0,1.1k+ sold recently,New Style Fashionable Rhinestone Bowknot Crystal High-Heeled Sandals With Ankle Strap,Shoes
1.0,,,,15.4,18.0,1.2k+ sold recently,Women Black Rhinestone Decor Point Toe Mule Flats,Shoes
1.0,,,,9.0,20.0,1.9k+ sold recently,Outdoor Comfortable & Fashionable Strappy Flat Sandals For Vacation,Shoes
1.0,,,,20.2,20.0,500+ sold recently,Women Elegant Style Handmade Pearl Decoration Beige Fashionable And Comfortable Daily Vacation Flat Mules Sandals,Shoes
4.0,,,,19.09,42.0,300+ sold recently,"Women's Wedge Heel Sandals With Thick Comfortable Platform, Rhinestone Embellished Front And T-Strap",Shoes
6.0,,,,9.31,21.0,3.3k+ sold recently,"Fashion Ankle Strap Sandals For Women, Two Tone Buckle Decor Sandals",Shoes
1.0,,#7 Best Seller,In Red and White Women Shoes,19.4,23.0,,"Summer Women High Heel Butterfly Decor Butterfly Buckle Sandals Chunky Heel Sandals For Daily, Outdoor Activities, Parties, Slides, Peep Toe High Heel Shoes Women Thick Heel Knitting Mule Shoes For Spring/Summer Seasons For Fashionable, Romantic, Elegant, Gorgeous, Valentine Day High Heels",Shoes
1.0,,,,17.9,18.0,700+ sold recently,"Women Beige Bow Decor Flats, Elegant Point Toe Loafer Flats",Shoes
9.0,,#5 Best Sellers,in Mid Heel Women Pumps,20.9,5.0,,"CUCCOO BIZCHIC Woman Shoes Minimalist Chunky Heeled Pumps, Elegant Artificial Leather Slingbacks For Summer Graduation Heels Prom Heels Vacation Shoes Summer Sale",Shoes
1.0,,,,19.1,20.0,100+ sold recently,"Women Quilted Pattern Chunky Heeled Mule Sandals, Elegant Summer Heeled Sandals",Shoes
7.0,,,,9.5,21.0,900+ sold recently,"Women Minimalist Single Band Slide Sandals, Elegant Sandals",Shoes
12.0,,#8 Best Seller,In Silver Women Heeled Sandals,19.3,21.0,,"Women's Round Toe Ankle Strap Stiletto Heel Sandals, Sexy Party Silver Glitter High Heel Sandals",Shoes
7.0,,,,5.35,56.0,3.5k+ sold recently,"New Arrival Women's Fashionable Cross-Border Non-Slip Slippers, Casual Outdoor Slip-On Beach Sandals",Shoes
8.0,,,,8.93,24.0,300+ sold recently,"New Summer Women's Slippers With Rivet & Bowknot Decor Open Toe Flat Sandals, Charming And Elegant Style, Suitable For Outdoor Activities, Beach Vacation, Trendy Slip-Ons With Versatile Style",Shoes
1.0,,#1 Best Seller,In Blue Shoe Decorations,1.9,30.0,,"8pcs/Set Blue Evil Eye Diy Fashion Shoe Accessories, Detachable Shoe Charms For",Shoes
1.0,,,,13.8,21.0,100+ sold recently,"Women Knitted Floral Pattern Shoes, Retro Style Black Agan Flat Shoes With Painted Sole And Round Toe For Spring And Autumn",Shoes
1.0,,,,19.7,18.0,300+ sold recently,Chain Decor Point Toe Flat Mules,Shoes
10.0,,,,11.09,21.0,6.1k+ sold recently,"Women's New Spring/Summer Comfortable Rhinestone Toe Post Flat Sandals For Holiday In Plus Size, Black",Shoes
1.0,,,,17.5,17.0,600+ sold recently,Women's Flat Shoes With Bow Decoration Black Faux Suede Shoes Ankle Strap  Elegant Women's Shoes Spring Summer Ventilated And Breathable Shoes Black Shoes,Shoes
5.0,,,,10.9,25.0,1.7k+ sold recently,"Men Two Tone Flip Flops, Fashion Beach Flip Flops",Shoes
1.0,,,,7.6,22.0,7.6k+ sold recently,"Mid-Heel Black Linen-Like Sandals For Women, Fashionable And Lightweight, Suitable For Wearing Outside, Beach, Daily, Simple, Women's Summer And Autumn Slippers",Shoes
20.0,,,,13.38,40.0,1.2k+ sold recently,Party/Beach/Casual Brown Square Toe Metal Buckle Flat Sandals,Shoes
27.0,,,,14.3,21.0,400+ sold recently,"Women Colorful Fashionable Wedge Heeled Sandals, Bohemia Style, Perfect For Summer Casual, Beach Holiday",Shoes
8.0,,#7 Best Sellers,in  Night Out,12.4,21.0,,"Women's Sandals, Fashionable And Atmospheric Roman-Style Summer Anti-Skid Thick-Soled Wedge Heel Slippers With Arch Support Insole For Super Soft Comfort, Lightweight For Easily Walking! High Heels, Low Heels, Thick Sole, And Soft Sole Casual Beach Slippers For Vacation",Shoes
10.0,,,,9.9,21.0,1.1k+ sold recently,Spring And Summer New Small Batch Design Ultra-Simplistic Pink Women Flat Sandals With Thin Straps And Large Size In European And American Style,Shoes
1.0,,,,13.5,50.0,200+ sold recently,"Women Two Tone Ankle Strap Pumps, Faux Suede Chunky Heeled Elegant Pumps",Shoes
10.0,,,,29.4,18.0,2.0k+ sold recently,"Western Style Embroidered Retro Knight Boots Trendy Outdoor Spring/Autumn Footwear, Cowboy Boots For Women",Shoes
1.0,,,,9.1,20.0,200+ sold recently,"2024 New Summer Style Women's Open Toe Slipper, Round Toe Plus Size Fashionable Outdoor Flat Sandals",Shoes
9.0,,#7 Best Seller,In Beige Women Flats,16.8,18.0,,"Metal Detail Stitch Detail Flat Mules, Beige Elegant Pure Metal Solid Color Mules With Stiletto Heels",Shoes
9.0,,#8 Best Seller,In Coffee Brown Women Flat Sandals,9.6,22.0,,Ladies' Metal Decoration Casual & Fashionable Soft Cushioned Slippers With Toe Post & Lightweight Flat Sole,Shoes
8.0,,,,21.5,19.0,600+ sold recently,Women's Fashion Buckle Decor High Heel Pointed Toe Back Strap Shoes,Shoes
1.0,,,,11.18,25.0,90+ sold recently,"Women Black Casual Sports Shoes Waterproof Leather New Running Shoes Lightweight Slip-Resistant, Won""T Tire Your Feet During Holiday Travel",Shoes
1.0,,,,8.47,39.0,90+ sold recently,Ladies' Flat Canvas Casual Sports Shoes With Multi-Functional Lacing System Low-Cut Ice Skating Shoes,Shoes
7.0,,,,14.9,20.0,3.9k+ sold recently,"Women Lace Up Sneakers, Sporty Fabric Slip On Shoes For Outdoor",Shoes
1.0,,#4 Best Seller,In Purple Women Athletic Shoes,19.3,18.0,,"Knit Detail Lace-up Front Breathable Running Shoes, Women's Solid Color Sports Shoes With Purple Shoelaces",Shoes
4.0,,#9 Best Seller,In Black and White Women Flats,11.5,18.0,,"Geometric Pattern Two Tone Point Toe Ballet Flats, Black And White Elegant Geometric Pattern Ballet Shoes",Shoes
6.0,,#2 Best Seller,In Silver Shoe Spare Parts,0.86,59.0,,"1pair Glitter Shoe Insoles, Silver Fabric Glamorous Accessories For Shoes",Shoes
1.0,,,,8.05,55.0,30+ sold recently,2024 New Hollow-Out Couple Plus Size Summer Camouflage Outdoor Anti-Slip Beach Sandals With Thick Sole,Shoes
18.0,,,,21.2,21.0,1.8k+ sold recently,"Women's Metal Sculpture Mule High Heel Sandals, Eye-Catching Elegant White High Heel Sandals For Elegant Summer Parties",Shoes
1.0,,,,7.43,37.0,100+ sold recently,"Women's Slip-On Running Shoes, Breathable, Comfortable, Lightweight, Suitable For Tennis, Walking And Fitness, Stylish Footwear",Shoes
1.0,,,,8.06,69.0,60+ sold recently,"Women Metallic Sculptural Heels Mule Sandals, Glamorous Party Heeled Sandals",Shoes
7.0,,,,8.5,21.0,300+ sold recently,"Original Design Women's Miu Style Sandals, Cute And Charming, Girlish And Classy, Fringe, Peep Toe, Breathable, Comfortable, Elevated, Platform Wedge Heel, Suitable For All Seasons, Beach, Traveling And Holidays, Rich-Girl Look, Vintage And Fashionable, Solid Black, Round Toe,  Rope Textured Sole, Fringe Wedge Sandals",Shoes
1.0,,,,16.8,18.0,100+ sold recently,"French Elegant Flat Shoes, Elegant Noblewoman Soft Pointed Toe Hollow Out Shoes, Half-Covered Toe Sandals For Women",Shoes
31.0,,,,19.5,21.0,2.4k+ sold recently,"Buckle Decor Chunky Heeled Ankle Strap Sandals, Apricot Elegant Solid Color Ankle Strap Women's High Heel Sandals",Shoes
6.0,,,,13.0,0.0,1.4k+ sold recently,SHUZIA Women's Fashionable Flat Sandals,Shoes
1.0,,,,26.0,20.0,80+ sold recently,Brown Solid Color Pleated Suede Leather Slip-on Stiletto Casual Boots,Shoes
12.0,,,,18.2,18.0,100+ sold recently,"Women Fashionable Square Toe Metal Buckle Design Backless Mule Shoes, Elegant Black Flat Slip-On Shoes For Outdoor",Shoes
5.0,,#4 Best Seller,In Blue Shoe Accessories,2.3,28.0,,New Arrival Removable Fashion Butterfly & Flower Artificial Film Exquisite Shoe Decoration,Shoes
1.0,,#5 Best Seller,In White Women Casual Shoes,13.4,23.0,,"New Arrivals Style Soft Bottom Lightweight Sports Shoes, Pu Leather Breathable Women's Sneakers",Shoes
1.0,,#9 Best Seller,In Khaki Women Slippers,13.4,23.0,,"Women's Home Slippers Featuring Thick Soles, Buckled Leather Straps And Furry Upper",Shoes
4.0,,#5 Best Sellers,in Wide Fit Flats,10.4,20.0,,SHUZIA Minimalist Point Toe Wide Fit Flats,Shoes
5.0,,#3 Best Seller,In Rust Brown Women Shoes,10.3,21.0,,"Women Wide Fit Braided Design Flat Sandals, Vacation Brown Ankle Strap Sandals",Shoes
1.0,,,,16.2,21.0,200+ sold recently,"Elegant Outdoors Flat Slippers For Women, Rhinestone Decor Intertwine Strap Artificial Leather Open Toe Slide Sandals",Shoes
9.0,,,,10.0,21.0,100+ sold recently,"Women's Sandals, Simple And Versatile, Korean Version, 2024 New Beach Shoes, Flat Heel, Trendy And Popular Among Students",Shoes
4.0,,,,18.2,21.0,200+ sold recently,"Women Summer Platform Wedge Sandals With Thick Soles And Ropes, Ladies Fashionable Height Increasing Vacation Slippers",Shoes
8.0,,,,12.25,53.0,10+ sold recently,"New Spring/Autumn 2023 Fashion Women's Shoes, High Heel Chunky Heel And Pointed Toe",Shoes
15.0,,,,12.9,40.0,200+ sold recently,"Women's Pointed Toe 4cm Heel Red Stone-Textured Pumps With Green Chunky Heels, Navy Blue Shallow Mouth Casual Shoes For Fall",Shoes
1.0,,#3 Best Seller,In Multicolor Men Flip Flops & Slides,3.8,66.0,,"Men's Fashionable Pattern Printed Slippers For Indoor And Outdoor Use. Suitable For Beach, Hiking, Water Sports Etc. Lightweight, Breathable And Slip-Resistant",Shoes
5.0,,,,14.6,21.0,100+ sold recently,"Women Minimalist Chunky Heeled Ankle Strap Sandals, Fashion Summer Faux Suede Heeled Sandals",Shoes
1.0,,,,15.7,25.0,100+ sold recently,Men's Loafers Flat Casual Shoes,Shoes
9.0,,#3 Best Sellers,in Women Flip-Flops,6.4,24.0,,Women's Stylish Slipper Sandals For Outdoor High Heel & Anti-skid & Thick Bottom & Open Toe & Beach & Holiday & Resort Wear,Shoes
1.0,,#1 Best Seller,In Pink Women Athletic Shoes,17.4,18.0,,Womens Ballet Pointe Shoes Pink Silk Satin Ballet Slippers Ballet Dance Flats with Ribbons,Shoes
1.0,,,,21.0,0.0,500+ sold recently,SHUZIA Women'S Fashionable Wedge Heels & Thick Soles Sandals Slippers,Shoes
10.0,,,,22.7,21.0,200+ sold recently,Braided Detail Ankle Strap Chunky Heeled Sandals,Shoes
7.0,,,,12.8,17.0,400+ sold recently,"Women's Retro Elegant Round Toe Flats, Gold Tone Chain & Hardware Decor, Fractured Pattern, Shallow Mouth, Slip-On Loafers, Leisure Style, Vintage British Wind, Matte Surface, 2024 New Spring Autumn Arrival, Soft & Comfortable White Flat Bottom Shoes/Pumps",Shoes
9.0,,#3 Best Seller,In Apricot Women Flat Sandals,10.86,23.0,,"Women Bow Decor Slide Sandals, Fashion Summer Flat Sandals",Shoes
1.0,,,,15.06,47.0,100+ sold recently,"Men's Grey Simple Style Versatile Lightweight Breathable Sneakers, Suitable For Outdoor Activities, Non-Slip And Casual Running Shoes",Shoes
1.0,,,,6.72,44.0,800+ sold recently,Cut Out Toe Band Slide On Flat Sandals,Shoes
6.0,,#6 Best Seller,In Black and White Men Shoes,40.4,24.0,,Men's And Women's Waterproof Sneakers And Running Shoes: Look Stylish And Comfortable When Walking And Running!,Shoes
22.0,,,,14.4,23.0,400+ sold recently,Funny Home Slippers Cute Shark Pattern One-Piece Couple Indoor Anti-Slip Women's Slippers,Shoes
1.0,,,,9.99,49.0,500+ sold recently,Womens Sandals Shoes Summer Beach Shoes Comfort Walking With Non Slip On Casual,Shoes
1.0,,,,12.2,18.0,,"Women White Letter Graphic Breathable Sneakers, Round Toe Low-top Running Shoes",Shoes
5.0,,,,9.9,21.0,100+ sold recently,"Fashionable Mule Women's Slippers, Sexy Plus Size Flat Sandals For Women, New",Shoes
1.0,,,,12.98,25.0,100+ sold recently,"Women's Fashionable Casual Sports Shoes With Two-Color Laces, Spring/Summer/Fall 2024",Shoes
5.0,,,,22.16,20.0,200+ sold recently,"(Plus Size) Women's Peep Toe High Heels White Chunky Heeled Sandals For Outdoor Parties And Weddings, Elegant Pearl Detail Ankle Strap Lady's High Heel Sandals",Shoes
9.0,,#7 Best Seller,In White Women Flats,20.9,18.0,,"Mary Jane Flat Shoes For Women With Retro Square Toe, Ankle Strap And Fairy Elegant, Plus Size 41-43",Shoes
1.0,,,,9.0,50.0,10+ sold recently,"Fashionable Outdoors Flat Slippers For Women, Rhinestone Decor Twin Strap Fabric Open Toe Slide Sandals",Shoes
5.0,,#2 Best Seller,In Orange Women Flats,15.9,18.0,,"New Ballet Flats For Spring, Women's Round Toe Solid Color Breathable Casual Flat Shoes, Trendy & Comfortable, Orange",Shoes
1.0,,,,14.71,31.0,700+ sold recently,Women's High Heel Pumps,Shoes
1.0,,,,11.1,20.0,2.6k+ sold recently,"Women Minimalist Flat Thong Sandals, Fashion Summer Flat Sandals",Shoes
4.0,,,,10.12,46.0,300+ sold recently,Women's Shoes Ladies Sporty Sneakers Lightweight Fashion Sneakers Sports Tennis Workout Gym Black Casual Shoes Rubber Chaussures Runners,Shoes
27.0,,,,23.6,21.0,1.6k+ sold recently,"Women's Wedge Heel Espadrilles Sandals With Waterproof Platform And Ankle Strap, Women's Black Wedge Heel Thick Sole Sandals",Shoes
17.0,,,,8.6,20.0,5.4k+ sold recently,"New Spring And Summer Mulad Wind Original Design Bohemian Style Beach Tassel Women's Slippers, French Evening Series, Versatile And Fascinating, Sweet, Light, Retro, High-Grade, Fascinating, Ivory White, Round Head, Flat, Elastic Eva Cross Strap Sandals",Shoes
15.0,,#9 Best Seller,In Beige Women Pumps,6.86,57.0,,"Factory Direct Sale Women's High Heel Pointed Toe Sandals With Vintage Money Pattern, Spring/Summer Style, French Style, Hollow-Out Design",Shoes
8.0,,#2 Best Seller,In Gold Shoe Accessories,4.4,24.0,,"20pcs Shoe Charms With Rhinestone-decorated Bear Pattern, Suitable For Beach Sandals And Clogs",Shoes
1.0,,,,21.0,0.0,500+ sold recently,SHUZIA Women'S Fashionable Wedge Heels & Thick Soles Sandals Slippers,Shoes
10.0,,,,22.7,21.0,200+ sold recently,Braided Detail Ankle Strap Chunky Heeled Sandals,Shoes
7.0,,,,12.8,17.0,400+ sold recently,"Women's Retro Elegant Round Toe Flats, Gold Tone Chain & Hardware Decor, Fractured Pattern, Shallow Mouth, Slip-On Loafers, Leisure Style, Vintage British Wind, Matte Surface, 2024 New Spring Autumn Arrival, Soft & Comfortable White Flat Bottom Shoes/Pumps",Shoes
9.0,,#3 Best Seller,In Apricot Women Flat Sandals,10.86,23.0,,"Women Bow Decor Slide Sandals, Fashion Summer Flat Sandals",Shoes
1.0,,,,15.06,47.0,100+ sold recently,"Men's Grey Simple Style Versatile Lightweight Breathable Sneakers, Suitable For Outdoor Activities, Non-Slip And Casual Running Shoes",Shoes
1.0,,,,6.72,44.0,800+ sold recently,Cut Out Toe Band Slide On Flat Sandals,Shoes
6.0,,#6 Best Seller,In Black and White Men Shoes,40.4,24.0,,Men's And Women's Waterproof Sneakers And Running Shoes: Look Stylish And Comfortable When Walking And Running!,Shoes
22.0,,,,14.4,23.0,400+ sold recently,Funny Home Slippers Cute Shark Pattern One-Piece Couple Indoor Anti-Slip Women's Slippers,Shoes
1.0,,,,9.99,49.0,500+ sold recently,Womens Sandals Shoes Summer Beach Shoes Comfort Walking With Non Slip On Casual,Shoes
1.0,,,,12.2,18.0,,"Women White Letter Graphic Breathable Sneakers, Round Toe Low-top Running Shoes",Shoes
5.0,,,,9.9,21.0,100+ sold recently,"Fashionable Mule Women's Slippers, Sexy Plus Size Flat Sandals For Women, New",Shoes
5.0,,,,22.16,20.0,200+ sold recently,"(Plus Size) Women's Peep Toe High Heels White Chunky Heeled Sandals For Outdoor Parties And Weddings, Elegant Pearl Detail Ankle Strap Lady's High Heel Sandals",Shoes
1.0,,,,9.0,50.0,10+ sold recently,"Fashionable Outdoors Flat Slippers For Women, Rhinestone Decor Twin Strap Fabric Open Toe Slide Sandals",Shoes
1.0,,,,14.71,31.0,700+ sold recently,Women's High Heel Pumps,Shoes
1.0,,,,11.1,20.0,2.6k+ sold recently,"Women Minimalist Flat Thong Sandals, Fashion Summer Flat Sandals",Shoes
27.0,,,,23.6,21.0,1.6k+ sold recently,"Women's Wedge Heel Espadrilles Sandals With Waterproof Platform And Ankle Strap, Women's Black Wedge Heel Thick Sole Sandals",Shoes
17.0,,,,8.6,20.0,5.4k+ sold recently,"New Spring And Summer Mulad Wind Original Design Bohemian Style Beach Tassel Women's Slippers, French Evening Series, Versatile And Fascinating, Sweet, Light, Retro, High-Grade, Fascinating, Ivory White, Round Head, Flat, Elastic Eva Cross Strap Sandals",Shoes
1.0,,#5 Best Seller,In Orange Women Flats,6.37,50.0,,Women Simple Flat Orange Suedette Deer Flat Shoes,Shoes
1.0,,#7 Best Sellers,in EVA Inserts & Insoles,1.6,30.0,,"1 Pair Of Arch Support Insoles, Non-Slip EVA Orthopedic Massage Insoles, Arch Half Pads",Shoes
1.0,,,,17.8,21.0,100+ sold recently,Women's White Fashionable High-Heeled Woven Sandals With Thick Soles And Straw Ropes,Shoes
7.0,,,,12.38,22.0,900+ sold recently,"Women's Simple Style Flat Leather Sandals For Summer, Popular Summer Roman Woven Slippers",Shoes
25.0,,#9 Best Seller,In Burgundy Women Flats,12.3,27.0,,"Comfortable Pointed Toe Women's Flats In Navy Blue Color With Black Snake Print And Yellow, Suitable For Vacation And Travel. Also Available In Olive Green, Perfect For Casual Wear, Solid Color",Shoes
24.0,,,,20.5,21.0,2.0k+ sold recently,"Women Zip Back Chunky Heeled Ankle Strap Sandals, Elegant Outdoor Black Solid Faux Suede Heeled Sandals",Shoes
9.0,,#9 Best Seller,In Gold Women Flip-Flops,4.65,42.0,,"Women Glitter Decorated Thong Sandals, Fashionable Summer Flip Flops",Shoes
7.0,,,,5.35,68.0,600+ sold recently,"Women's Fashionable Thick-Soled Height Increasing Comfortable Flip Flops, Ideal For Beach Vacation",Shoes
1.0,,,,5.0,59.0,10+ sold recently,"New Summer Flat Colorful Feather Women's Slippers, Beach Sandals, Fashionable And Versatile Outdoor Slippers For Women",Shoes
8.0,,,,12.8,20.0,1.2k+ sold recently,"Women's Shoes, Fashionable And Elegant Roman-Style Summer Slippers With Anti-Slip Thick Bottom And Wedge Heel, Soft Midsole For Super Comfortable And Light Walking! High Heels Sandals, Thick Platform Flip-Flops And Soft Bottom Casual Beach Slippers, Low Slope Holiday Slippers",Shoes
24.0,,,,11.66,22.0,3.7k+ sold recently,"Bowknot Slippers For Women, Fashionable Non-Slip Beach Shoes With Bow Knot Design, Outdoor & Indoor Style",Shoes
5.0,,#2 Best Seller,In Apricot Women Heeled Sandals,18.81,22.0,,"Women's Apricot High Heel Sandals, Pointed Square Toe, Chunky Heel, 2 Ways To Wear High Heel Slippers, Soft Leather Comfortable Versatile High Heel Shoes, Square Concave Chunky Heel To Reflect Long Legs, Solid Color Versatile Comfortable Slippers Female",Shoes
7.0,,#9 Best Sellers,in Women Casual Shoes,26.0,20.0,,"Women's White Solid Color Simple Fashionable Wedge Sneakers With Thick Soles, Waterproof Platform, Lace-Up Closure, Soft Bottom, Decorated With Shoelaces, Versatile And Comfortable For Work, Walking, Jogging, Or Commuting; Breathable Mesh Fabric Perfect For Summer And Casual Wear",Shoes
1.0,,,,6.97,57.0,100+ sold recently,"Women Casual Canvas Shoes, Breathable Fabric Summer Shoes, Versatile Flat Lace-Up Soft And Non-Slip Canvas Shoes, White And Blue, 2024 Popular Light And Casual Sports Canvas Shoes",Shoes
9.0,,,,15.39,25.0,5.4k+ sold recently,"Women Clear Strap Chunky Heeled Mule Sandals, Fashion Summer Heeled Sandals",Shoes
1.0,,,,26.4,20.0,60+ sold recently,"Dola Lovely Sexy And Fashionable Lolita Style High Heels With Bow Decoration, Graduation Heel, Prom Heels For Summer",Shoes
6.0,,,,11.04,55.0,40+ sold recently,"Women's Shoes Flat Sandals, Loafers, Wedge Sandals, High Heel Sandals, Thick Sole Sandals, Casual Shoes, Sports Shoes, Black Shoes, Beige Shoes, Brown Shoes, Khaki Shoes, Women's Sandals & Flip Flops, Low Cost Shoes, Sexy Women's Shoes, Fashion Shoes, Party Shoes, High Heels, Sexy Women's Shoes",Shoes
1.0,,#9 Best Seller,In Black Women Wedge Sneakers,10.0,48.0,,"New Trendy Casual Sports Fashionable Comfortable Slip-On Square Dancing Shoes, Breathable Fabric Thick Platform Loafers With Air Cushion And High Sole, Plus Size Women Shoes For Cross-Border",Shoes
23.0,,,,10.6,20.0,3.0k+ sold recently,"Women's Plus Size Flower Decor Strap Fashion Flat Sandals, Random Color",Shoes
1.0,,,,11.76,44.0,400+ sold recently,SHEIN SHUZIA Square Toe Ankle Strap Chunky Heel Sandals,Shoes
1.0,,,,8.9,21.0,10+ sold recently,"New Summer Women's Flat Sandals With Hook And Loop Straps, Non-Slip Comfortable Casual Shoes, Versatile Style",Shoes
6.0,,#5 Best Seller,In Khaki Women Platforms & Wedge Sandals,23.28,3.0,,CUCCOO EASI Woman Shoes Fashionable Thick-Soled Slippers For Versatile Use For Spring And Summer Vacation Shoes Summer Sale,Shoes
12.0,,#5 Best Sellers,in High Heel Women Platforms & Wedge Sandals,10.06,42.0,,"Women's Wedge Heeled Sandals, Floral Print Peep Toe Slip-On High Heels,  Black Slippers",Shoes
5.0,,,,6.3,21.0,80+ sold recently,Fashionable Black Braided Women's Sandals With Cross Straps And Flat Soles,Shoes
1.0,,,,11.4,43.0,400+ sold recently,SHUZIA Faux Leather Double Buckled Ankle Strap Sandals,Shoes
9.0,,,,13.9,50.0,50+ sold recently,"Women's High Heel Sandals, Summer Peep-Toe Wedges With Linen Fabric & Waterproof Platform In Apricot Color, Elegant & Noble, Perfect For Vacation, Parties, Banquets And Street Fashion",Shoes
1.0,,,,1.3,0.0,40+ sold recently,Self Heated Thermal Insoles For Feet Winter Thermal Thicken Memory Foam Shoe Pads Men Women Sports Shoes Self-Heating Shoe Pads,Shoes
1.0,,,,11.9,23.0,800+ sold recently,"Ladies' Stylish Simple Style Plush One Band Winter Indoor House Slippers, Warm",Shoes
1.0,,,,14.0,0.0,200+ sold recently,SHUZIA Women's Fashion Summer Casual Square Toe Flat Sandals,Shoes
11.0,,,,14.26,45.0,60+ sold recently,"European And American Style Women Pointed Toe Stiletto High-Heeled Shoes With Thin Straps, Mushroom Nails, Leather Buckles, Rock Music Festival, Punk Style, Round Head High Heel Shoes",Shoes
1.0,,#8 Best Seller,In Brown Women Heeled Sandals,15.3,21.0,,"New European & American Style Plus Size Women's Leather Open Toe Sandals With Ankle Strap & Chunky Heels, Perfect For Casual & Beach, Summer",Shoes
4.0,,,,19.1,25.0,500+ sold recently,Mens Fashion Sneakers Casual Shoes Minimalist Oxfords Slip On Flat Shoes Workout Breathable Loafers Business Dress Shoes,Shoes
21.0,,,,18.8,21.0,50+ sold recently,"New Summer Women's High-Heel Sandals, Low-Heel Transparent Slippers, Fashionable Rose Red Square-Toed Crystal Chunky-Heel Slides",Shoes
1.0,,,,1.35,10.0,200+ sold recently,"1 Pair/2Pairs  Anti-Wear, Anti-Pain Toe Inserts For Shoes Too Big  Shoe Inserts For Women Men, Foam Toe Filler, Shoe Fitters, Inserts & Toe Pads, Adjustable Shoe Insoles For Men And Women, Improves Shoe Fit For Loafers, Flats, And Athletic Shoes.",Shoes
1.0,,,,1.46,54.0,200+ sold recently,"12pcs Luminous Cherry Blossom Charms For Diy Shoe Buckle, Suitable For Women's Slipper Accessories",Shoes
4.0,,,,18.6,21.0,800+ sold recently,"Women Single Band Chunky Heeled Mule Sandals, Elegant White Heeled Sandals",Shoes
5.0,,#2 Best Sellers,in Wide Fit Slippers,8.3,15.0,,"Women's Open Toe Lightweight Flip Flops, Soft Anti-Skid Sole, Comfortable Outdoor Beach Sandals For Spring And Summer",Shoes
1.0,,,,9.35,48.0,80+ sold recently,"2024 New Model Women Linen Thick Sole Wedge Heel Sandals, Versatile Style",Shoes
1.0,,#10 Best Sellers,in Women Water Shoes,8.97,39.0,,"Women's Fashion Lightweight Hiking Wading Shoes, Outdoor Non-Slip Creek Shoes, Beach Shoes, Diving Swimming Shoes",Shoes
11.0,,,,19.0,21.0,5.3k+ sold recently,Women Fashionable Wedge Heel Thick Sole Slides With Metal Buckle Decoration And Chunky Platform Sandals,Shoes
4.0,,,,24.0,25.0,800+ sold recently,Men Stitch Detail Lace-Up Front Dress Shoes  Men Business Shoes,Shoes
8.0,,,,6.7,20.0,10k+ sold recently,"Women's Minimalist Flip Flops, Fashionable Summer Women's Flip Flops",Shoes
1.0,,,,20.2,18.0,100+ sold recently,Women Flat Loafers Half Slippers Pointed Toe Mary Jane Mule Shoes,Shoes
4.0,,#8 Best Seller,In Pink Women Slides,5.7,24.0,,"Women Fashionable Soft Bottom Comfortable Home Slippers And Sandals, Waterproof Slippers For Bath Or Bathroom Use",Shoes
4.0,,#10 Best Sellers,in Dress Shoes,11.95,53.0,,Men White Sneakers 2024 Spring/Summer New Style Student Sport And Leisure Height Increasing Breathable Trendy Shoes Recommended By Store Manager,Shoes
1.0,,#5 Best Seller,In Blue Women Platforms & Wedge Sandals,19.1,20.0,,Women Round Toe Mule Slipper Comfortable Thick Bottom Platform And Classic Wedge Heel Espadrille Sandals With Jute Sole,Shoes
5.0,,,,19.1,20.0,2.3k+ sold recently,"Ladies' Studded Wedge Thick-Soled Roman Sandals With Ankle Strap, Peep Toe, Ankle Buckle Decoration, Summer Casual & Elegant",Shoes
1.0,,#6 Best Seller,In Pink Women Platforms & Wedge Sandals,10.47,40.0,,"2024 New Arrival Suede Platform Wedge Heel Slippers For Women, Perfect For Everyday Outfits!",Shoes
5.0,,,,9.2,20.0,3.7k+ sold recently,"Women's T-Strap Flat Casual Sandals, New Fashion Cross Strap Roman Gladiator Sandals, Comfortable Lightweight Thong Flat Sandals, Suitable For Daily And Outdoor Wear On Beach,  2024 Retro Weaving Ankle Strap Sandals, All-Matching, Ideal For Holiday And Beach",Shoes
1.0,,,,20.0,0.0,90+ sold recently,"SHUZIA Ladies Solid Color H-Shaped High Heel Sandals, Anti-Slip, Casual & Fashionable, Summer",Shoes
13.0,,,,14.8,20.0,300+ sold recently,Summer New Fashionable Hollow Out Breathable French High-Heeled Sandals For Women,Shoes
6.0,,,,21.76,25.0,400+ sold recently,Women'S One Band Ankle Strap Buckle Flat Sandals,Shoes
1.0,,,,15.68,20.0,300+ sold recently,"Women Chain Decor Crocodile Embossed Sandals, Fashionable Point Toe Slingback Flats",Shoes
1.0,,,,3.1,26.0,800+ sold recently,"28pcs  Characters Shoe Decorations Accessories Charms For Clogs  Bubble Slides Sandals, Gift Idea For Birthday Christmas  Halloween Party Favors",Shoes
7.0,,,,26.81,25.0,100+ sold recently,Women Minimalist Square Toe Chunky Platform Heeled Mule Sandals Elegant Summer Slip On Square Open Toe Heeled Sandals,Shoes
1.0,,,,21.4,25.0,300+ sold recently,"Star Pattern Canvas Sneakers, Unisex Couple's Casual Shoes",Shoes
1.0,,,,16.4,21.0,500+ sold recently,Metallic Rhinestone Decor Wedge Sandals,Shoes
7.0,,#7 Best Seller,In Khaki Women Slippers,13.2,25.0,,"Summer Trendy Buckle Flat Slippers For Men And Women, Beach Slip On Open Toe Sandals, Outdoor Casual Comfortable Flats",Shoes
5.0,,,,21.58,22.0,1.6k+ sold recently,"Women Minimalist Espadrille Ankle Strap Wedge Sandals, Vacation Summer Faux Suede Sandals",Shoes
12.0,,,,8.7,20.0,100+ sold recently,"2023 New Summer Women Slip-Resistant Wear-Resistant Sandals, Fashionable Buckle Strap Lightweight Comfortable Shock-Absorbing Slippers For Home Use",Shoes
10.0,,#6 Best Seller,In Baby Pink Women Shoes,8.9,21.0,,Women Pink Beach Style Fashionable Comfortable Mesh Square Toe Flat Sandals For Summer,Shoes
1.0,,,,6.0,62.0,,Minimalist Slingback Sandals,Shoes
1.0,,,,13.2,20.0,90+ sold recently,"2024 New Arrival Brown High-Heeled Women's Sexy Sandals, Thin Heel, Open Toe, Fashionable Outdoor Slippers For Summer",Shoes
1.0,,#5 Best Sellers,in Mid Heel Wide Fit Shoes,20.0,0.0,,SHUZIA Women's Fashionable And Comfortable Wedge Platform Sandals,Shoes
10.0,,,,14.3,21.0,1.7k+ sold recently,"Fashion White Sandals For Women, Tie Leg Design Strappy Wedge Sandals",Shoes
11.0,,,,9.5,20.0,10k+ sold recently,"Women's Fashionable Vacation & Casual Flat Sandals, Plus Size & Wide Width",Shoes
1.0,,#7 Best Seller,In Silver Women Wedges & Flatform,10.51,64.0,,CUCCOO SZL Women's High Heel Pumps,Shoes
16.0,,#3 Best Sellers,in Low Heel Women Sandals,17.9,20.0,,"Women's Buckle Decorated Platform Sandals, Comfortable And Versatile For Summer",Shoes
1.0,,,,20.6,20.0,,"Women's Color-Blocked High-Heeled Sandals With 3D Flower Decoration, Pointed Toe And Asymmetrical Edge, Elegant And Fashionable, Perfect For Parties And Available In Both Black And White",Shoes
9.0,,,,13.5,53.0,300+ sold recently,"Women's Waterproof Platform High Heels, Seasonal Slim High Heel Pumps",Shoes
1.0,,,,4.75,45.0,60+ sold recently,Floral Appliques Decor Slides,Shoes
7.0,,,,16.7,19.0,800+ sold recently,Women's Fashionable Dance Party Chunky Heel High Heels,Shoes
6.0,,#4 Best Seller,In Yellow Women Heeled Sandals,22.3,21.0,,Women's Elegant And Fashionable Yellow High Heels With Waterproof Platform And Straps For Summer 2023,Shoes
1.0,,,,21.1,19.0,100+ sold recently,"Suedette Rhinestone Decor Pyramid Heeled Court Pumps, Black Fashionable Rhinestone Detail Solid Color Women's High Heels",Shoes
9.0,,#4 Best Seller,In Black and White Men Shoes,19.5,25.0,,"Men Anti-slip Litchi Embossed Two Tone Letter Graphic Lace Up Skate Shoes, Sporty Sneakers For Outdoor",Shoes
12.0,,,,19.7,21.0,200+ sold recently,Women's High Heel Chunky Heel Waterproof Platform Metal Studs Round Toe Retro Style White Sandals,Shoes
10.0,,,,17.5,21.0,2.6k+ sold recently,"Women's Gold Braided Strap Flat Sandals With Random Texture, Women's Gold Flat Sandals",Shoes
1.0,,#4 Best Sellers,in High Heel Wide Fit Wedges,22.0,17.0,,"Wide Fit Stylish Wedge Heel Sandals, Mules, Faux Suede Round Toe Slip-Ons, Thick And Simple Soled Flats, Jute Bottom Outdoor Women's Black Summer Slippers",Shoes
4.0,,,,14.2,21.0,800+ sold recently,"Fashion Sandals For Women, Clear Strap Stiletto Heeled Mule Sandals",Shoes
1.0,,#5 Best Seller,In Khaki Women Flats,13.5,18.0,,"Women Retro Closed Toe Half-Slipper Strap Chunky Sandals For Spring/Summer, Casual Wear",Shoes
1.0,,,,3.0,40.0,90+ sold recently,"Women's Casual Beach Slippers With Soft Sole, Summer Fashion Thickened Anti-Slip EVA Couple Slippers",Shoes
6.0,,,,5.04,40.0,200+ sold recently,"Men's Fashionable Slippers, Trendy Summer Beach Shoes",Shoes
1.0,,,,2.15,35.0,100+ sold recently,11pcs Romantic Sakura Themed Pink & White Shoe Decoration Buckles For Garden Shoes And Perforated Shoes,Shoes
9.0,,,,7.2,60.0,40+ sold recently,"Women's Sports Shoes, Simple And Fashionable, Solid-Colored Fabric Upper, Front Lace-Up, Breathable Running Shoes",Shoes
1.0,,#1 Best Seller,In Coral Pink Women Shoes,13.4,21.0,,"Summer Retro Buckle Strap Beach Slippers With Thick Sole For Men And Women, Unisex Couple Casual Sandals",Shoes
4.0,,#6 Best Seller,In Black Women Pumps,23.0,18.0,,"Elegant Mary Jane Shoes Women Platform Chunky Heeled Pumps, Black Elegant Solid Color Mary Jane Shoes With Buckle",Shoes
4.0,,,,5.86,59.0,300+ sold recently,"Vintage Low-Heeled Shoes With Hollowed-Out Design, Large Size, Autumn New Flat Mom Shoes, Women's Casual Shoes",Shoes
4.0,,,,10.36,46.0,100+ sold recently,"New Arrival Women's Animal Print Sexy Open-Toe Sandals, High Heels, Peep-Toe, Peep Toe, Ankle Strap, Elegant, Fashionable, Versatile, Brown Leopard Print Snakeskin High Heels",Shoes
31.0,,,,8.4,20.0,200+ sold recently,"Korean Style Casual Flat Sandals, Women's Open Toe Slippers For Summer, Spring And Autumn With New Weaved Roman Design, Ideal For Fashionable Ladies With Skirts, Perfect For Going Out To Beach And Seaside, Available In White, Black, Orange, Yellow, Purple, Grey, Gold, Silver, Blue, Green, Rose Red, Brown, French Style Leopard Print, Formal Shoes, Vacation Sandals, Bohemian Style Toe Clips, Navy Blue Walkable Shoes And Beach Flip Flops, Comfortable And Trendy Coarse Flat Sole Shoes With Laces, Glittering Sequin Mukluks, And Casual Slouchy Shoes",Shoes
10.0,,,,10.0,21.0,1.1k+ sold recently,"Ladies' Brown Fashionable Flat Hollow Out Backless Sandals With Ankle Strap, Mule 's Flat Sandals",Shoes
1.0,,,,10.7,25.0,700+ sold recently,"Men Lobster Design Slides, Funny Open Toe Slides",Shoes
1.0,,,,8.75,58.0,,"Women's Rhinestone Flower Decoration Back Strap Sandals With Elastic Band And Irregular Heels, Comfortable Apricot Color, Suitable For Wedding, Party And Casual Wear, Open Toe Sexy And Elegant, New Spring And Summer High Heeled Shoes, Suitable For Outdoor And Beach, Versatile And Comfortable, Ideal For Music Festivals And Elegant Ladies, Trendy And Professional Office High Heels, Platform Discounted Women's Shoes",Shoes
7.0,,,,20.1,21.0,70+ sold recently,"Fashionable Purple Stiletto Heeled Sandals For Women, Pointed Toe & Slip-Resistant Sole Design, Perfect For Spring/Summer Parties",Shoes
6.0,,,,19.5,21.0,1.3k+ sold recently,"Women's Transparent Glass Rubber Cross Strap Stiletto Heels, Peep Toe, Sexy And Elegant Party Shoes With Transparent Apricot Color",Shoes
1.0,,,,10.7,21.0,3.8k+ sold recently,Women Thin Strap Two Way Wear Thong Minimalist Thong Sandals,Shoes
5.0,,,,9.27,40.0,100+ sold recently,"Women's Cross Strap Flat Sandals With Thin Straps, Soft Leather, Open Toe, Fashionable, Casual, Comfortable For Summer",Shoes
1.0,,#4 Best Seller,In Beige Men Shoes,24.3,25.0,,"New Arrival Men's Shoes, All Seasons, Versatile Low-Top Sneakers For Teenagers, Casual, Height Increasing, Anti-Slip Sports Shoes",Shoes
4.0,,,,14.7,21.0,80+ sold recently,"Leopard Print Bowknot Peep-Toe High Heel Sandals For Women, Outdoor Wear",Shoes
9.0,,#2 Best Seller,In Dark Green Women Pumps,23.84,20.0,,"European And American Style Luxurious And Sexy Women's Shoes, Fashionable Metal Flower Detailed High Heels, Pointed Toe Silk One-strap Sandals, Wedding Shoes For Women",Shoes
1.0,,,,12.8,20.0,400+ sold recently,Women's High Waterproof Retro  Rope Fisherman Platform Wedge Sandals,Shoes
1.0,,,,1.46,54.0,700+ sold recently,5pcs Gym Themed Shoe Charms For Clog Bubble Slides Sandals Shoes Decoration DIY Accessories,Shoes
9.0,,#7 Best Seller,In Black Women Slippers,5.28,28.0,,"Women Anti Slip Toe Post Design Slippers, Fashionable Black EVA Flip Flops",Shoes
4.0,,,,29.49,31.0,10+ sold recently,Women Closed Toe Heels High Block Chunky Women Pumps with Ankle Strap 3 Inch,Shoes
6.0,,,,20.0,20.0,400+ sold recently,Lace-Up Front Letter Graphic Two Tone Skate Shoes For Women,Shoes
1.0,,,,20.8,20.0,300+ sold recently,Minimalist Strappy Chunky Heeled Sandals,Shoes
10.0,,,,22.84,24.0,500+ sold recently,"Women's Small Size Chunky Heeled Mary Jane Shoes, Round Toe Red/Burgundy Leather Pumps",Shoes
4.0,,,,18.8,21.0,100+ sold recently,"Women's Fashionable Brown Fabric Comfortable Flat Sandals With Round Toe, Gold Metal Buckles, And Toe Clip, For Daily Wear",Shoes
1.0,,,,8.37,49.0,300+ sold recently,"Women's White Shoes, British Style Pure White Leather Sneakers With Lace, Round Toe Low Top Flat Skate Shoes, Fashionable Breathable Slip-Resistant Casual Shoes For Students",Shoes
1.0,,,,28.7,21.0,100+ sold recently,Letter Graphic Lace-up Front Chunky Sneakers,Shoes
1.0,,,,1.08,40.0,10+ sold recently,"1pc High Elastic Invisible Height Increase Shoe Insole Popcorn Soft Cushion Male & Female Models, Comfortable Fit, Fatigue-Free Stands, Short Stature Boosting Artifact",Shoes
5.0,,#10 Best Seller,In White Women Sandals,13.86,1.0,,SHUZIA Women's Fashionable Flat Sandals,Shoes
1.0,,,,18.8,21.0,600+ sold recently,New Arrival European And American Style Leopard Print Stiletto Heels Peep Toe High Heeled Slippers For Women,Shoes
12.0,,,,20.8,21.0,200+ sold recently,Women Platform Thick-Soled Sandals White Color High Heeled Linen Rope Women Fashion Casual Height Increasing Summer Slippers,Shoes
6.0,,,,7.98,47.0,800+ sold recently,Womens Slippers Fluffy Cozy Fashion Slippers Warm Soft House Slippers,Shoes
5.0,,,,9.89,23.0,6.3k+ sold recently,"Casual Outdoors Flat Slippers for Women, Twin Strap Artificial Leather Open Toe Slide Sandals",Shoes
1.0,,,,20.9,18.0,,"2024 New Style Women's Pointed High Heels, Fine Heel Mary Jane Shoes, Four Seasons Small Round Black Dots, Deep-Mouth Tongue Square Buckle Shoes",Shoes
1.0,,,,4.9,23.0,80+ sold recently,"Women's Fashionable Plush White Fluffy Slippers, Soft And Quiet Anti-Slip Sole For Bedroom And Living Room Floors",Shoes
1.0,,,,1.3,35.0,300+ sold recently,1pair Invisible Shoe Strap,Shoes
15.0,,,,5.68,60.0,20+ sold recently,"Summer New Rhinestone Flat Slippers For Women, Fairy Style Square Toe Open-Toed Slip-On Non-Slip Sandals",Shoes
1.0,,,,12.37,46.0,30+ sold recently,"Summer Men 2024 New Style Slippers, Comfortable, Non-Slip, Stylish, Personalized, Indoor And Outdoor Dual-Use",Shoes
4.0,,#10 Best Sellers,in DIY Your Shoes,3.1,24.0,,"Lot Of 30Pcs Random Shoe Charms For Clogs Sandals,Shoe DIY Decoration Premium Quality Popular Charms Accessories Bubble Slides Sandals, PVC Shoe Decorations Beach Bag Accessories Great Gift For Teens Men Women And Adults",Shoes
1.0,,#10 Best Sellers,in High Heel Wide Fit Sandals,22.0,0.0,,SHUZIA Women Plus-Size Fashionable Simple Casual All-Match Open-Toe Ankle Strap Chunky High Heels Sandals,Shoes
1.0,,#3 Best Seller,In Light Grey Women Shoes,8.16,47.0,,"Women's Breathable Mesh Sneakers, Casual Sports Anti-Odor Thin Bottom Comfortable Shoes",Shoes
1.0,,#9 Best Seller,In Black Women Clogs,8.16,20.0,,Hollow Detail Bubble Slides,Shoes
9.0,,#9 Best Seller,In Apricot Women Flat Sandals,10.09,23.0,,"Minimalist Thong Sandals, Apricot Fashionable Solid Color T-strap Sandals",Shoes
1.0,,#9 Best Seller,In Black Women Pumps,22.0,19.0,,"Women Black Tie Front Chunky Ankle Strap Pumps,  Elegant Point Toe High Heel Pumps",Shoes
9.0,,,,23.5,19.0,700+ sold recently,"Women Rhinestone & Flower Decor Point Toe Stiletto Heeled Pumps, Fashionable White Elastane Slingback Pumps For Wedding",Shoes
8.0,,,,18.2,21.0,400+ sold recently,Women Elegant Gold Hardware Buckle Green Sardine Fabric Square Toe Fashionable And Comfortable Flat Sandals,Shoes
19.0,,,,17.5,21.0,300+ sold recently,"Women's High Heel Sandals, New Summer Fashion Clip-Toe Simple Women's Shoes",Shoes
1.0,,,,19.5,18.0,100+ sold recently,"Spring/autumn Women's Fashionable Woven Sneakers For Road Running And Sports, Casual Lace-up White Shoes",Shoes
9.0,,,,13.9,18.0,60+ sold recently,Women's Breathable Hollow Out Comfortable Fashion Flat Shoes With Ankle Buckle Strap,Shoes
1.0,,,,9.5,20.0,,"2024 Women Summer Fashionable Flip Flops With Comfortable Texture, Personalized Casual Style, Slip-Resistant And Lightweight Design, Shallow Mouth, Round Toe, One-Button Design, Yellow-Green Patchwork Mandarin Duck Shoes And Dolphin Characteristic Sandals And Slippers.",Shoes
11.0,,,,13.92,40.0,30+ sold recently,"Peep Toe Stiletto Heel Mules With Ankle Straps, Women Shoes For Wedding, Open Back Dress Pumps",Shoes
7.0,,#7 Best Seller,In Apricot Women Flat Sandals,12.1,21.0,,"Women's Sparkling Rhinestone Decor Flat Sandals, Casual And Comfortable, Suitable For Beach And Daily Wear",Shoes
6.0,,#2 Best Seller,In Multicolor Women Sports Shoes,19.5,21.0,,Women Color Block Lace-Up Front Chunky Sneakers,Shoes
4.0,,#8 Best Seller,In White Women Pumps,22.6,19.0,,"Women Black Artificial Patent Leather Court Pumps, Elegant Point Toe Stiletto Heeled Pumps",Shoes
9.0,,,,7.6,20.0,1.8k+ sold recently,"Women's Wedge Heel Thick-soled Sandals, High-heeled Holiday Casual Lightweight Fashionable Simple Stepped Travel Holiday Island Four Seasons Ankle Straps Elastic Shoe Straps Black",Shoes
6.0,,,,7.06,45.0,1.2k+ sold recently,"Women's Rhinestone Decor Pink Flat Sandals, Summer Casual Plastic Slip-on Open Toe Slides For Outdoor",Shoes
1.0,,,,4.5,24.0,600+ sold recently,"50/100/200/400pcs Cartoon Random Shoe Charms For Clogs Bubble Slides Sandals, PVC Shoe Decorations Accessories For Christmas/Thanksgiving/Halloween/Birthday Gift Party Favors",Shoes
1.0,,,,20.9,19.0,200+ sold recently,Crocodile Embossed Stiletto Heeled Court Pumps,Shoes
1.0,,#4 Best Sellers,in Women Sandals Below $6.99,7.0,20.0,,"2024 New Trendy Original Design Roman Style Vintage Lightweight Comfortable Sandals, Suitable All Year Round, Perfect For Beach & Vacation, Versatile Flip-Flops With French Elegance And Sweet Butterfly Buckle & Thin Strap, Soft Imitation Rope, Flat White Sandals With Round Toe For Women",Shoes
1.0,,#3 Best Seller,In Beige Women Sports Sandals,18.42,22.0,,"Sporty Beige Sandals For Women, Hook-and-loop Fastener Sport Sandals",Shoes
18.0,,,,8.6,21.0,1.6k+ sold recently,"Korean Style Casual Flat Slippers Women's Shoes, Open Toe Summer Wear, New Weave Roman Style, Suitable For Beach, Apartment, Fashionable With Skirts",Shoes
22.0,,,,19.9,21.0,700+ sold recently,"Women Minimalist Pyramid Heeled Sandals, Fashion PVC Mule Sandals",Shoes
1.0,,,,11.36,35.0,100+ sold recently,"Women's Fashionable Solid Color Flat Shoes With Side Zipper, Comfortable And Minimalist Slip On Round Toe Anti-Slip Sneakers, Suitable For Couple, New Arrival In 2024",Shoes
15.0,,,,15.1,21.0,1.0k+ sold recently,Women's Summer New Style Thick Heel Anti-skid Fashionable & Versatile & Fairy Style & French Gentle High Heel Sandals,Shoes
1.0,,#1 Best Seller,In Blue Women Ankle Boots & Booties,17.7,20.0,,"Women Elegant Fashion High Heel Fish Mouth Sandals, Peep Toe Sandals Boots With Cutouts",Shoes
18.0,,,,13.0,0.0,7.8k+ sold recently,"SHEIN SHUZIA All Time Bestseller Women's Iconic ""H"" Cut-Out O'lan Replica Black Slide - Enhanced Comfort,Timeless, Elegant, Everyday Wear,Vegan PU",Shoes
1.0,,,,9.81,47.0,,"Classic Peep-Toe Wedge Heel Thick Sole Women's Sandals, Simplicity And Style Combined; New Summer Holiday Style Buckle And Leather Outside Wearing Fashionable Thick Sole Women's Sandals",Shoes
4.0,,,,12.07,25.0,1.0k+ sold recently,"New Arrival Ladies' Casual Sports Shoes, Fashionable & Versatile White Sneakers For Women",Shoes
1.0,,,,10.13,25.0,100+ sold recently,"Quick Drying Lace Up Wading Shoe Indoor Sports Fitness Shoes, Barefoot Beach Lightweight Anti Slip Climbing Riding Shoes, Women's Active Footwear",Shoes
19.0,,#6 Best Seller,In Rose Gold Women Sandals,17.5,21.0,,"Women's High Heel Sandals, Summer New Style Simple Toe-Post Shoes For Women",Shoes
4.0,,,,8.64,53.0,500+ sold recently,"1pair Sporty Breathable Women Athletic Shoes, Letter Patch Decor Drawstring Front Low-top Hiking Shoes",Shoes
1.0,,#5 Best Seller,In Yellow Women Flat Sandals,10.3,21.0,,Women Fashion Flat Sandals Beige Tassels Slip On Slides Fashion Sandals For Women Casual Summer Beach Shoes,Shoes
1.0,,#2 Best Seller,In Multicolor Women Heeled Sandals,20.4,20.0,,"Women's Colorful Decor Pyramid Heel Mules Sandals, Gorgeous Party High Heel Sandals",Shoes
18.0,,,,11.19,21.0,8.7k+ sold recently,"Fashionable Outdoors Thong Sandals for Women, Criss Cross Plain Artificial Leather Toe Post Flat Sandals",Shoes
1.0,,,,14.7,30.0,500+ sold recently,"CUCCOO BIZCHIC Woman Shoes Minimalist Ankle Strap Wedge Sandals, Elegant Summer Sandals For Summer Vacation Shoes Summer Sale",Shoes
4.0,,#4 Best Seller,In Clear Women Platforms & Wedge Sandals,26.3,21.0,,Women's Wedge Heel Thick Platform Fashionable Comfortable Sandals With Rhinestone Strap,Shoes
8.0,,#3 Best Seller,In Camel Women Platforms & Wedge Sandals,16.11,27.0,,SHUZIA Women's Wedge Heel Thick Sole Sandals Suitable For Daily Wear,Shoes
8.0,,,,9.5,22.0,3.1k+ sold recently,Women's Vacation Style Flat White Fringed Sandals,Shoes
4.0,,,,12.3,25.0,700+ sold recently,"Men's Quick-Drying Non-Slip Water Shoes, Breathable Beach Aqua Shoes For Swimming Surfing Yoga, Summer",Shoes
1.0,,,,6.59,64.0,100+ sold recently,Styleloop New Outdoor Spring And Summer Beach Vacation Straw Black Buckle Natural Color Flat Sandals,Shoes
1.0,,,,11.81,57.0,10+ sold recently,"Men's Black Sneakers, Summer New Anti-Slip And Wear-Resistant Running Shoes, Breathable Height-Increasing Chunky Sneakers For Casual Wear",Shoes
29.0,,,,20.1,21.0,2.6k+ sold recently,Fashionable Pearl Decor Bowknot Round Toe Chunky Heel Sandals,Shoes
1.0,,,,22.98,39.0,200+ sold recently,ROMWE Goth Women's New Black Round Toe Buckle Thick Platform Ankle Boots For 2024 Autumn/Winter (Fall/Winter),Shoes
7.0,,,,8.4,21.0,600+ sold recently,"New Spring/Summer High-End H Slippers For Women, Fashionable & Casual Style Roman Slippers, Black/Beige/Brown Color, Comfy & Cute. Recommended By Fashion Bloggers. French-Style Elegant Flat Sandals, Glitter & Thick-Bottom Wedge Sandals, Beach Shoes. New Fairy Style Letter Toe Slippers, Sweetheart Helper. Simple Indoor/Outdoor Breathable & Anti-Odor Flat Slides With Metallic Decoration.",Shoes
1.0,,,,2.5,26.0,300+ sold recently,"1 Pair Of Massage Arch Support Insoles And Forefoot Pads For Women, Non-Slip, Thick And Breathable Arch Cushioning And Sweat Absorption For High Heels",Shoes
7.0,,,,11.3,20.0,70+ sold recently,"Women's New Summer Elegant Comfortable Strip Holiday Large Size Flat Sandals, Brown",Shoes
1.0,,,,8.55,47.0,300+ sold recently,"Spring/Summer Women's Casual Nurse Shoes, Comfortable Slip-Resistant Large Size Sneakers",Shoes
1.0,,,,1.41,48.0,200+ sold recently,"1set/8pcs Panda Animal Shaped Shoe Charms Compatible With Clogs & , Unisex, Suitable For Diy Decoration",Shoes
5.0,,,,21.8,21.0,60+ sold recently,"Women's High Heel Spring/Summer Fashionable Outdoor Open Toe Slipper With Chunky Heel, Square Toe, Bowknot Decoration And Sexy Tie-Up Strap, Elegant Black Color",Shoes
1.0,,#8 Best Seller,In Camel Women Flats,21.6,20.0,,Women's Flat Shoes,Shoes
22.0,,#4 Best Seller,In Beige Women Casual Shoes,14.8,20.0,,Women's Fashionable Soft & Comfortable All-match Lace-up Casual Sports Shoes,Shoes
1.0,,,,1.32,54.0,100+ sold recently,"1pair Soft And Comfortable Silicone Heel Pads, 2-In-1 Heel Protectors Which Can Be Cut To Fit High Heels",Shoes
1.0,,,,22.3,21.0,600+ sold recently,New Summer Arrival Women's Fashionable Bright-Colored Wedge Sandals With Thick Platform Sole,Shoes
4.0,,#4 Best Seller,In White Women Clogs,5.76,56.0,,"Unisex Soft Lightweight Breathable Anti-Odor Antiskid Comfortable New Cute Cartoon Flat Eva Hollow Shoes With Soft Sole, Fashion Casual Summer Couples' Outdoor Indoor Beach Home Slippers, Plastic Flip Flops, Hospital Nurse Shoes",Shoes
1.0,,,,10.4,37.0,200+ sold recently,SHUZIA Faux Leather Pointed Toe Notched Mules,Shoes
1.0,,#8 Best Sellers,in Women Water Shoes,9.05,33.0,,"Soft-Soled Butt Training Shoes, Skipping Rope, Barefoot Non-Slip Deadlift Shoes, Indoor Fitness Weightlifting, Men And Women Running, Jump Aerobics, Yoga Training",Shoes
6.0,,#7 Best Sellers,in Women Outdoor Shoes,28.1,18.0,,Women's Fashionable Western Boots Cowboy Boots For Outdoor Activities In Autumn And Winter,Shoes
7.0,,,,11.57,36.0,800+ sold recently,"Women's Summer Black Fashionable Slippers, Thick Soled With Letter Weaving Design, Increased Height, Perfect For Travel And Beach Vacation",Shoes
1.0,,,,20.23,28.0,700+ sold recently,SHEIN Haute Clear Closed Pointy Toe Pearl Straps Stiletto Heels,Shoes
1.0,,,,16.9,21.0,100+ sold recently,Glitter Cut Out Wedge Slide Sandals,Shoes
1.0,,,,16.4,21.0,900+ sold recently,Black Personalized Punk Rock Style Metal Buckle Flat Sandals For Women,Shoes
1.0,,,,7.25,55.0,100+ sold recently,SHUZIA Women's Solid Color Square Toe Flat Sandals,Shoes
1.0,,,,6.26,51.0,10+ sold recently,Women's Casual Mesh Flat Breathable Hollow Out Middle Aged Mother Shoes Nurse Outdoor Beach Shoes,Shoes
20.0,,#5 Best Seller,In Pink Women Flat Sandals,10.1,21.0,,"Women Embroidered Round Buckle Flat Sandals Flip Flop Toe Ring Slide Slipper With Anti-Slip Sole, Perfect For Indoor And Outdoor Wear, Black/Pink",Shoes
1.0,,#4 Best Sellers,in Other Shoe Spare Parts,2.0,31.0,,"3 Pairs High Heel Tips Replacement Shoes Repair Caps, High Heel Repair Tool Kits For Women, Dowels Repair Tips Pin Kit With Stiletto Remove Pliers",Shoes
1.0,,,,5.24,61.0,10+ sold recently,Ultra-Light Summer Casual Sock Shoes Men And Women Breathable Elastic Slip-On Slouchy Shoes Non-Slip Versatile Elastic Sport Shoes Black Mesh Shoes For Driving,Shoes
1.0,,,,14.58,40.0,10+ sold recently,"Women Fashionable Loafers, Women Shoes",Shoes
1.0,,,,12.6,20.0,20+ sold recently,"2024 New Colorful Lace Crochet Embroidered Handmade Accessories Bohemian Country Style Decorated Slippers, Beach Sandals For Travel & Vacation",Shoes
1.0,,,,20.6,18.0,300+ sold recently,"Women Rhinestone Metal Decor Flats, Fashionable Point Toe Flats",Shoes
1.0,,,,6.45,50.0,100+ sold recently,Women's Black Fashionable Comfortable Flat Casual Shoes,Shoes
1.0,,,,21.5,17.0,,"(WIDE FIT) Summer Women's Fringed High Heel Sandals, Open Toe, Round Toe, Chunky Block Heel, Black, Plus Size",Shoes
1.0,,#4 Best Seller,In Black Men Water Shoes,15.0,25.0,,New Outdoor Beach Walking Breathable Quick-Dry Anti-Skid Five Finger Shoes For Men: Men/Women Hiking Watershoe Beach Aqua Shoe 5-Toe Anti-Slip,Shoes
9.0,,#3 Best Seller,In Gold Women Heeled Sandals,20.59,21.0,,"Women's Brand Gold Decorated Pyramid High Heel Mules Sandals, Gorgeous Party High Heels Open-Toe Sandals",Shoes
5.0,,,,6.78,49.0,1.5k+ sold recently,"Women's Strappy Flat Sandals, Open Toe Anti-slip Slides, Outdoor Beach Shoes",Shoes
1.0,,,,15.46,38.0,100+ sold recently,"Minimalist Slip On Combat Boots, Beige Preppy Style Solid Color Chelsea Boots",Shoes
1.0,,,,17.04,20.0,100+ sold recently,Minimalist Point Toe Court Pumps,Shoes
1.0,,,,15.48,22.0,1.8k+ sold recently,Clear Strap Chunky Heeled Mule Sandals,Shoes
1.0,,,,11.76,40.0,20+ sold recently,Navy Blue Hollow Out Chunky Heels Vintage Style Shoes With Ankle Strap,Shoes
5.0,,,,17.3,21.0,20+ sold recently,"Hot Cross Strap Roman Sandals For Women, Summer Fashionable Thin Straps Open Toe Pointed Toe Soft Bottom Metallic Gold Flat Shoes",Shoes
5.0,,,,8.26,41.0,500+ sold recently,"SHUZIA Minimalist Outdoors Black Flat Slippers For Women, Intertwine Strap Plain Artificial Leather Open Toe Slingback Sandals",Shoes
32.0,,,,19.11,21.0,900+ sold recently,"Women's Sexy Apricot High Heel Sandals With Elegant Square Toe, Ankle Strap And Chunky Heel",Shoes
11.0,,,,15.7,18.0,200+ sold recently,Ladies' New Style Faux Suede Pointed Toe Hollow Out Slip On Flat Shoes,Shoes
14.0,,,,14.0,21.0,1.4k+ sold recently,"Women Crossover Strap Flatform Slide Sandals, Fashion Summer Sandals",Shoes
6.0,,,,2.4,27.0,200+ sold recently,Women's Shoe Accessory Detachable Pink Mesh Rhinestone Bowknot Shoe Clip,Shoes
1.0,,,,23.96,21.0,200+ sold recently,Women Sandals Wedge Heel Diamond Slippers Platform Slipper Slides Holiday Style Casual Summer Shoes Elegant Gold Diamond Beach Slippers Thick Bottom Comfortable Party Dress Shoes,Shoes
13.0,,,,10.8,18.0,100+ sold recently,"Women's Knitted Office Casual Shallow-Mouthed Shoes, Black Slip-On Wedge Heels Round-Toe All-Match All-Match Flat Shoes For All Seasons",Shoes
1.0,,,,15.3,21.0,300+ sold recently,Comfortable Women Cute Rainbow Color Block Sandals,Shoes
5.0,,,,15.3,18.0,60+ sold recently,Styleloop Golden Shiny Rhinestone Casual Vacation Fisherman Shoes Boho Feels,Shoes
1.0,,,,13.4,21.0,200+ sold recently,"2024 Spring & Summer Korean Style Vintage Big Head Unisex Slippers With Soft Sole, Suitable For Outdoor And Indoor Use In Winter And Fashionable Match For Most Outfits",Shoes
1.0,,,,6.37,44.0,600+ sold recently,"Women Minimalist Toe Ring Thong Sandals, Fashion Summer Flat Sandals",Shoes
1.0,,,,28.4,20.0,100+ sold recently,Women's Fashionable Punk Embroidered Short Western Boots,Shoes
1.0,,,,11.2,25.0,30+ sold recently,Men Double Buckle Decor Slides,Shoes
1.0,,,,7.9,20.0,500+ sold recently,Butterfly Decorated Flat Sandals With Black Toe Strap,Shoes
1.0,,,,7.9,20.0,500+ sold recently,Butterfly Decorated Flat Sandals With Black Toe Strap,Shoes
10.0,,,,14.5,20.0,1.6k+ sold recently,"Women's Rhinestone High Heel Sandals Summer Style Chunky Heel Buckle Strap Fashionable Black Sandals For Vacation, Outdoor, Elegant High-heeled Shoes",Shoes
1.0,,,,8.37,42.0,200+ sold recently,"Spring & Summer Women's Elastic Band Slip-On Flat Shoes With Wedge Heels, Round Toe, Comfortable Loafers For Mom",Shoes
8.0,,#9 Best Seller,In Gold Women Sandals,15.96,24.0,,"Women Metallic Crocodile Embossed Thong Sandals, Glamorous Party Heeled Sandals",Shoes
9.0,,,,15.9,18.0,300+ sold recently,"New Summer Arrival - Fashionable And Versatile Slippers For Women, Pointed Toe Mules With Flat Soles, Breathable And Comfortable To Wear",Shoes
1.0,,,,21.1,18.0,100+ sold recently,Women's Fashionable Rhinestone Decor Ribbed Flat Shoes,Shoes
1.0,,,,1.27,55.0,100+ sold recently,"Height Increase Insoles - Heel Lift Inserts For Leg Length Discrepancies And Achilles Tendonitis, Heel Cups For Men And Women",Shoes
1.0,,,,8.54,39.0,200+ sold recently,SHUZIA Pointed Toe Flat Loafer Mules,Shoes
5.0,,,,11.3,20.0,200+ sold recently,"2024 New Arrival Women's Summer Fashionable And Comfortable Beach Sandals, Flat Heel With Buckle, Open Toe Roman Style, Versatile Design With Good Quality And Easy To Wear",Shoes
7.0,,,,13.4,50.0,80+ sold recently,"Ladies' Fashionable And Elegant Sexy High Heel Pointed Toe Shoes, Versatile New Style",Shoes
1.0,,,,7.25,60.0,100+ sold recently,"Women's Latest Popular Classic White Casual Flat Sports Shoes With Crossed Straps & Comfortable Massage Soles, Black Heel, Running Shoes, Breathable, Sports Shoes, Sneakers",Shoes
1.0,,,,13.5,25.0,300+ sold recently,"SHUZIA Women's Fashionable High Heel Sandals, Plus Size",Shoes
1.0,,,,28.99,0.0,200+ sold recently,MOTF PREMIUM BOW DECOR MULE SOLID HEELED SANDALS VACATION SHOES SUMMER SALE,Shoes
1.0,,,,7.62,40.0,,"Fashionable Red Summer Vacation/Beach Sandals With Anti-Odor Weave Sole, Anti-Slip & Thick Crystal Flat Slippers For Women, Convenient For Showering And Washing, Jelly Transparent Mom Sandals",Shoes
1.0,,#2 Best Sellers,in EVA Women Sandals,9.6,21.0,,"Women's Adjustable Double Buckle Thick Sole Sandals, Fashionable And Versatile, For Outdoor Summer Wear",Shoes
4.0,,,,19.45,35.0,200+ sold recently,MOTF PREMIUM WOMEN'S COMFORTABLE AND VERSATILE ROUND TOE FLAT SANDALS VACATION SHOES SUMMER SALE,Shoes
1.0,,,,11.2,21.0,,"2024 New Women's Platform Slippers, Fashionable Plastic Slippers With Thickened Soles, Outdoors, Ultra-Soft",Shoes
1.0,,,,18.0,20.0,200+ sold recently,Women's Elegant Rhinestone Decorated Metallic Gray Fabric Pointed Toe Ankle Strap Flat Sandals For Daily & Party Wear,Shoes
39.0,,,,20.1,21.0,700+ sold recently,"Women's Platform Wedge Sandals, Summer New Style Beach Shoes, Outdoor Roman Slippers, Versatile",Shoes
4.0,,,,21.99,44.0,400+ sold recently,Women's Flat Sandals Strappy Studded Sandals Gladiator Sandals With Ankle Strap,Shoes
8.0,,,,8.3,20.0,6.3k+ sold recently,"Women Snakeskin Embossed Flat Sandals, Elegant Slide Sandals For Outdoor",Shoes
1.0,,,,2.1,30.0,80+ sold recently,"2pcs/Set Cute Big Eyes & Dumb Expression Pvc Rubber Shoelace Charms, Detachable",Shoes
4.0,,,,20.6,20.0,600+ sold recently,"Women Bow Decor Stiletto Heeled Mule Sandals, Elegant Summer Heeled Sandals",Shoes
1.0,,,,11.9,20.0,100+ sold recently,"Striped Pattern Slip On Shoes, New Round-Toe Slip-On Flat Sneakers for Women, Breathable with Striped Design and Fashionable Color Matching.",Shoes
4.0,,,,6.94,38.0,1.0k+ sold recently,"Women's Flat Slippers, New Summer Style For Beach Vacation, Non-Slip Sole, Size 41-43",Shoes
19.0,,,,16.7,20.0,3.5k+ sold recently,"New Summer Women's High Heel Sandals, Black Satin Stiletto Heels (Pointed Toe)",Shoes
1.0,,,,19.5,21.0,300+ sold recently,"Women's Golden Woven Strap Wedge Sandals With Rivets & Thick Bottom, Rope Bottom, Cross-Band Strappy, Chic Vacation Shoes",Shoes
10.0,,,,11.0,21.0,3.6k+ sold recently,"Women Braided Detail Flat Sandals, Vacation White Slide Sandals For Summer",Shoes
1.0,,#7 Best Seller,In Apricot Wide Fit Sandals,20.24,20.0,,"Women Wide Fit Minimalist Chunky Heeled Sandals, Elegant Outdoor Elastic Slingback Sandals",Shoes
24.0,,,,10.24,46.0,300+ sold recently,"Women's Summer Fashion Thick-Soled Height-Increasing Slipper With Diamond Pattern, Comfortable And Anti-Skid, Outdoor Beach Sandals",Shoes
4.0,,#3 Best Seller,In Red Women Sneakers,5.91,63.0,,"Autumn 2023 New Arrival Women's Plus Size Sport Shoes With Fashionable Breathable Mesh, Soft Sole, For Running At Discounted Wholesale Price",Shoes
5.0,,,,10.6,21.0,3.2k+ sold recently,Ladies' Buckle Decorated Elegant Brown Flat Sandals,Shoes
1.0,,,,3.5,24.0,1.8k+ sold recently,"10pcs Flower Shaped Shoe Decorations, Stylish Shoe Decorations For Clogs",Shoes
1.0,,,,18.4,17.0,,"Wide Fit Women's Transparent Chunky Heel Nude Color Mule Sandals With Breathable Straps And Open Toe, Mid-Heeled And Thick Heeled, Plus-Size And Wide Width, For Summer",Shoes
11.0,,#2 Best Sellers,in Low Heel Women Pumps,17.8,18.0,,"New 2024 Women Classic Red High Heels Ballet Flats With Square Toe, Chunky/Low Heel, Bow Decoration, Shallow Mouth, French Vintage Patent Leather Shoes",Shoes
7.0,,#10 Best Seller,In Khaki Women Sandals,13.0,21.0,,2024 New Summer Women Wedge Heel Waterproof Non-Slip Sandals With Fashionable Chunky Heel One-Strap Buckle High Heels For Outdoor Use,Shoes
9.0,,,,21.7,18.0,300+ sold recently,"Fashionable Flat Loafers For Women, Crocodile Embossed Metal Decor Slip-on Flats",Shoes
1.0,,,,4.46,53.0,200+ sold recently,"5 Pairs Officially Licensed Sanrios Hellokitty Kuromis Cartoon Purple Short Socks, Cute & Breathable Ankle Socks, Women's Stockings & Hosiery , Hello,,, ,",Shoes
1.0,,#1 Best Sellers,in Women Water Shoes,6.83,19.0,,"Men's & Women's Water Shoes For Beach, Yoga, Swimming, Diving, Snorkeling, With Anti-Slip Toe Protection And Thickened Sole",Shoes
1.0,,,,14.9,21.0,100+ sold recently,"Black Mesh Stiletto Sandals With Bowknot, Women's High Heel Open-Toe Sandals",Shoes
1.0,,#2 Best Sellers,in Mid Heel Women Ankle Boots & Booties,6.72,68.0,,SHUZIA Women's Ankle Boots And Short Boots,Shoes
5.0,,,,7.2,20.0,1.0k+ sold recently,"Women's Summer Woven Bottom Flip Flops Beach Holiday Sandals, Beige Striped Flat Sandals",Shoes
8.0,,#9 Best Seller,In Red Violet Women Shoes,22.56,53.0,,SHUZIA Pointy Toe Pull On Heeled Western Boots,Shoes
14.0,,,,10.5,21.0,6.2k+ sold recently,"Summer Colorful Embroidery Flat Sandals, Vintage Beaded Flip Flops",Shoes
1.0,,#8 Best Sellers,in Shoe Cleaning,3.2,26.0,,"1 Bottle Shoe & Sock Deodorant Spray, Footwear Odor Eliminator & Freshener",Shoes
22.0,,,,16.3,21.0,40+ sold recently,"Comfortable Slip-On Platform Loafers With Shaky And Soft Bottom For Women, Khaki Color",Shoes
21.0,,,,11.47,22.0,6.3k+ sold recently,"Preppy Outdoors Flat Slippers for Women, Bow Decor Polyester Open Toe Slide Sandals",Shoes
1.0,,,,13.5,25.0,300+ sold recently,SHUZIA Women's Wedge Heel Platform Sandals,Shoes
15.0,,,,18.9,17.0,3.4k+ sold recently,"Women Black Crocodile Embossed Flats,  Point Toe Slingback Flats",Shoes
6.0,,#5 Best Seller,In Brown Women Slippers,5.9,24.0,,"Women's Simple Style Slipper, Solid Soft Suede Flat Flip Flops With A Thin Vamp Strap",Shoes
1.0,,,,7.32,40.0,100+ sold recently,Faux Pearl Decor Fuzzy Bedroom Slippers,Shoes
1.0,,,,11.0,18.0,100+ sold recently,"Minimalist Square Toe Ballet Flats,Brown Casual Commute Flat Shoes",Shoes
4.0,,#10 Best Seller,In Black Women Clogs,8.25,30.0,,Women's Fashionable Hollow Out Bubble Detail Slippers,Shoes
1.0,,,,22.2,19.0,200+ sold recently,"Faux Pearl Decor Court Pumps, Apricot Diamond & Pearl Solid Color Women's High Heel Shoes For Party",Shoes
1.0,,,,21.0,20.0,100+ sold recently,"Women Two Tone Chunky Heeled Ankle Strap Sandals, Elegant Summer Heeled Sandals",Shoes
7.0,,,,16.7,20.0,500+ sold recently,"New Spring Summer Fashion Women Chunky Wedge Platform Sandals With Bare Straps, Colorful Wrapped &  Rope Decorations & Thick High Heels (Color Of Wrapping Is Randomly Shipped)",Shoes
1.0,,#3 Best Seller,In Beige Men Flip Flops & Slides,3.16,66.0,,Coconut Slippers Men's Thick-Soled Indoor Bathroom Shower Anti-Slip Cool Slippers Women's Trendy Oversized Slippers For Outdoor Wear,Shoes
1.0,,,,21.5,19.0,100+ sold recently,"Women Black Glossy High Heels, Sexy All-Match Comfortable Evening Party Shoes, Date Shoes, American Style Romantic Pumps",Shoes
1.0,,,,19.4,21.0,400+ sold recently,Women Casual Shoes Colorblock Lace-Up Front Skate Shoes,Shoes
1.0,,,,8.86,64.0,100+ sold recently,Women's Fashionable Red Pure Color Thread Detail Square Toe Flat Shoes,Shoes
14.0,,,,22.6,19.0,1.3k+ sold recently,"Women High Heel Shoes Waterproof Platform, Buckle Thick-Heeled Shoes, Ultra-High-Heeled Fashion Patent Leather Women Shoes",Shoes
7.0,,#4 Best Seller,In Dark Grey Women Shoes,6.93,67.0,,SHUZIA Chain Decor Flatform Ankle Boots,Shoes
4.0,,,,13.0,21.0,3.6k+ sold recently,"Glamorous Outdoors Flat Slippers for Women, Rhinestone Decor Artificial Leather Open Toe Slide Sandals",Shoes
4.0,,#4 Best Seller,In Black Women Equestrian Boots & Western Boots,29.8,18.0,,"Women's Embroidered Thick Heel Western Style Boots With Chain Strap, Cowboy Boots For Women",Shoes
5.0,,,,19.7,21.0,40+ sold recently,Color Block Hollow Out Crystal High Heel Sandals For Women,Shoes
28.0,,,,13.3,24.0,10k+ sold recently,"Women Bow Decor Flat Sandals, Vacation Polyester Two-way Wear Sandals",Shoes
19.0,,,,10.7,20.0,1.0k+ sold recently,"Women Minimalist Ankle Strap Sandals, Elegant Sandals",Shoes
8.0,,,,13.25,50.0,100+ sold recently,Women's Fashionable Stiletto Heel Pointed Toe Shoes With Decorative Buckle And Back Strap,Shoes
4.0,,,,17.7,18.0,200+ sold recently,"Summer Ladies' Transparent Pvc Outdoor Pointed Flat Shoes, Classic Color Block Comfortable Flat Shoes For Outdoors & Offices",Shoes
1.0,,#5 Best Sellers,in High Heel Women Sandals,26.0,20.0,,"ROMWE Grunge Punk 2024 New Gothic Style Cross & Chain Detail Platform Sandals With Wedge Heel, For Outdoor & Casual Wear In Summer",Shoes
5.0,,,,24.8,21.0,600+ sold recently,"Women Platform Stiletto Heeled Ankle Strap Sandals, Elegant Black Heeled Sandals",Shoes
1.0,,,,21.6,21.0,100+ sold recently,"Women Rhinestone Decor Chunky Heeled Sandals, Fashionable Open Toe Ankle Strap Sandals",Shoes
1.0,,,,23.3,20.0,20+ sold recently,2024 Classy Aesthetic New Women's Thick-Soled Height-Increasing Casual Sports Shoes Outdoor Comfortable And Versatile Sneakers Student Lace Up Canvas Shoes LadiesÂ Black Shoes Casual Outfits Spring,Shoes
1.0,,,,15.5,20.0,10+ sold recently,"Unisex Quick-Drying Anti-Slip Water Shoes For Hiking, Fishing, Beach, Swimming, Drifting And Mountaineering",Shoes
18.0,,,,22.0,21.0,80+ sold recently,"Women's Multi-Colored Chunky Heel Square Toe Sandals With Pyramid Decor, Gorgeous Party High Heel Mules",Shoes
5.0,,#6 Best Seller,In Gold Women Heeled Sandals,21.0,21.0,,"Sexy And Fashionable Gold Women's High-Heeled Sandals With Special Heels, Pointed Toe And Rhinestone Decoration",Shoes
1.0,,,,13.9,16.0,,Casually Elegant Champagne Color Women's Flat Sandals With Glass Rhinestone Strap Backless Style (Extra Wide),Shoes
5.0,,#10 Best Sellers,in Men Loafers,15.4,25.0,,"Men's Casual Lightweight Slip-On Shoes, Breathable And Non-Slip, For Spring And Autumn",Shoes
4.0,,,,15.0,0.0,100+ sold recently,SHUZIA Women Plus Size Fashionable And Simple Casual Plush Home Slippers,Shoes
1.0,,,,8.04,40.0,20+ sold recently,"Women's Lightweight Foldable Loafers With Bowknot, Round Toe And Flat Sole, Ideal For Ballet And Casual Wear",Shoes
11.0,,#9 Best Seller,In Gold Women Heeled Sandals,19.29,25.0,,"Women's Gold Decorated Pyramid High Heel Mules, Glamorous Party High Heeled Sandals",Shoes
1.0,,,,13.16,30.0,30+ sold recently,"CUCCOO SZL Women Transparent Rhinestone Pointed Low-Heeled Sandals, 2021 New Style Fairy Style Flat Shoes With Closed Toe",Shoes
1.0,,#1 Best Seller,In Hot Pink Women Outdoor Shoes,9.6,17.0,,"Women Striped Pattern Colorblock Letter Graphic Slip On Aqua Socks, Sporty Outdoor Water Shoes",Shoes
1.0,,,,2.94,41.0,70+ sold recently,"1/2 Roll Mesh Pattern Shoe Sole Anti-Wear Mute Sticker, Anti-Slip  Self-Adhesive Repair Patch For Shoes",Shoes
1.0,,#9 Best Seller,In White Women Road Running Shoes,21.44,20.0,,"Women's White Running Shoes With Letter Print, Lace Up",Shoes
4.0,,,,15.4,20.0,100+ sold recently,"European And American Style Wedge Heeled Sandals For Women, With Closed Toe And Ankle Strap, Comfortable Thick Sole And Waterproof Platform, With Woven High Heels",Shoes
10.0,,,,30.7,20.0,100+ sold recently,Women Faux Suede Side Zip Point Toe Chunky Heeled Black Knee High Classic Boots,Shoes
8.0,,,,8.93,24.0,400+ sold recently,"New Summer Elegant Rivet & Bow Flat Slippers For Women, Open Toe And Charming Personality For Outdoor Fashion, Beach, And Vacation, Comfortable And Versatile Popular Women's Slides",Shoes
5.0,,,,27.7,21.0,1.6k+ sold recently,"Women Black Waterproof Espadrille Platform Sandals, Open Toe Wedge Sandals For Vacation",Shoes
1.0,,#1 Best Sellers,in Low Heel Wide Fit Sandals,20.6,17.0,,"Wide Fit Women's Simple Style Slip-On High Heel Sandals With Metal Decor, Elegant Party Shoes, Plus Size, Summer",Shoes
16.0,,#2 Best Seller,In Red Women Heeled Sandals,17.7,20.0,,"Fashionable Mule Sandals For Women, Texture Embossed Single Band Stiletto Heeled Sandals",Shoes
1.0,,,,16.0,0.0,100+ sold recently,SHUZIA Women Silver Hollow Out Fashion Flat Shoes,Shoes
7.0,,,,13.5,21.0,2.8k+ sold recently,"Vacation White Sandals For Women, Braided Detail Wedge Slide Sandals",Shoes
1.0,,,,6.2,69.0,30+ sold recently,"SHUZIA Women Fashionable Solid Color Add Plush Thick-Soled Shoes, Suitable For Winter",Shoes
1.0,,,,98.51,11.0,50+ sold recently,Jordan Nike Women's Shoes 2024 New AIR JORDAN 1 MID Wear-Resistant Comfortable Casual Shoes FD8780-601,Shoes
1.0,,,,6.75,60.0,,"Fashionable Outdoors Orange Slide Sandals For Women, Raw Trim Buckle Decor Canvas Open Toe Footbed Sandals",Shoes
6.0,,,,6.57,43.0,2.2k+ sold recently,"2024 New Women's Outdoor Beach Style Metal Rivets Flat Sandals With Toe Ring And Buckle, Fashion & Minimalistic",Shoes
6.0,,,,12.3,21.0,1.4k+ sold recently,"Ladies' Simple Line Design Solid Color Flat Sandals, Women's Brown Roman Flat Sandals",Shoes
1.0,,,,19.3,21.0,100+ sold recently,"Mary Jane Pumps Chic And Vintage British Style High-Heeled Shoes, Matchable With Skirts, Fashionable Black Womens Shoes Made Of Leather, Summer Footwear",Shoes
1.0,,,,5.57,50.0,300+ sold recently,Fashionable Comfortable Casual Sandals,Shoes
1.0,,,,9.45,65.0,20+ sold recently,Women's Party High Heel Shoes With Glittering Decoration And Lace-up Design,Shoes
7.0,,,,14.7,21.0,2.3k+ sold recently,"Women Thin Strap Chunky Heeled Mule Sandals, Elegant Camel Heeled Sandals",Shoes
1.0,,,,2.0,29.0,200+ sold recently,"1pair Women's Reusable Metatarsal PadsFor High Heels,Transparent Universal Size, Relieve Foot Pain",Shoes
1.0,,,,21.2,21.0,300+ sold recently,"Women Rhinestone Decor Pyramid Heeled Ankle Strap Sandals, Fashion Party Heeled Sandals",Shoes
1.0,,,,20.8,21.0,1.6k+ sold recently,"Minimalist Espadrille Sole Wedge Sandals, Black Vacation Solid Color Wedge Heel Flip Flops",Shoes
1.0,,,,9.5,20.0,100+ sold recently,"Summer Knitted Open-Toe Slip-On Black Sandals, Fashionable Fabric Women's Flat Sandals",Shoes
1.0,,,,16.56,25.0,200+ sold recently,"Styleloop Women's Fashion Vintage Style Comfortable Flat Slippers, V Shape Pattern Flat Sandals, Resort Fabric Sandals For Summer Vacation Shoes Summer Sale Boho Feels",Shoes
1.0,,#6 Best Seller,In Beige Wide Fit Sandals,11.25,25.0,,SHUZIA Women's Simple Rivet Decorated Plus Size Wide Lasted Sandals,Shoes
1.0,,,,19.3,21.0,80+ sold recently,Sexy & Fashionable Gold Iron-Plate Peep Toe 10.5cm Stiletto Heel Casual & Versatile Ankle Strap Women's Summer Sandals,Shoes
1.0,,,,8.9,21.0,4.8k+ sold recently,"Women's New Comfortable Fabric Cute & Elegant Pattern Round Toe Flat Casual, Versatile, Holiday Style Fashionable Sandals For Spring & Summer",Shoes
10.0,,,,20.4,20.0,200+ sold recently,Women's Fashionable Summer Casual Wedge Heel Platform Sandals,Shoes
1.0,,,,15.5,25.0,10+ sold recently,"New High-Quality Men's Sports Shoes, Fashionable Men's Casual Loafers, Comfortable, Breathable, Non-Slip Outdoor Shoes",Shoes
1.0,,,,13.8,21.0,,"Women's New Style Comfortable Wedge Heel Thick-Soled Sandals, Slip-On Breathable Summer Espadrilles",Shoes
1.0,,,,23.3,20.0,3.0k+ sold recently,"Women Fashionable White Canvas Flat Shoes With Rounded Toe, Lightweight, Slip-Resistant, Outdoor, Tie-Up Sneakers For Spring And Summer",Shoes
10.0,,,,20.4,20.0,100+ sold recently,Fashion Women Chunky Heel Patent Leather Sandals With Toe Clip And Ankle Strap,Shoes
1.0,,,,17.75,39.0,30+ sold recently,Patent Red Pointed Toe Cross Strappy Stiletto Heels For Wedding Party,Shoes
5.0,,,,14.25,25.0,200+ sold recently,"CUCCOO BASICS Fashion Pink Wedge Slide Sandals ForWoman Shoes, Fabric Single Band Sandals For Spring And Summer Vacation Shoes Summer Sale",Shoes
12.0,,,,20.59,21.0,1.9k+ sold recently,"Women Braided Detail Buckle Decor Platform Wedge Sandals, Vacation Outdoor Ankle Strap Sandals",Shoes
4.0,,,,9.2,21.0,5.6k+ sold recently,"Women's Woven White & Brown Flat Sandals, Flip-Flops, Slipper. Open Toe, Non-Slip For Indoor And Outdoor Wearing",Shoes
4.0,,#8 Best Seller,In Army Green Women Sandals,14.5,20.0,,"1pair Women's Military Green Wedge Sandals, Thick Waterproof Outdoor Slippers For Summer",Shoes
1.0,,,,14.3,20.0,60+ sold recently,"Fashion New Style Plus Size Women's Flat Pointed Toe Sandals, Versatile And Comfortable Flat Shoes",Shoes
1.0,,#5 Best Seller,In Grey Women Casual Shoes,30.3,20.0,,"Women's Fashion Casual Sports Shoes, Lightweight Running Shoes, Breathable Outdoor Hiking Shoes, Urban Trend Shoes For Men & Women Couples. Fashionable, Versatile, Reflective Chunky Sneakers (Shoes Have Slimming Effect. For Wide Feet, Please Choose One Size Up)",Shoes
1.0,,#2 Best Seller,In White Women Mid-Calf Boots,21.03,43.0,,"ROMWE Grunge Punk Women Holographic Lace-up Front Zipper Side Wedge Boots, Funky Outdoor Boots",Shoes
1.0,,#5 Best Sellers,in Sneaker Accessories,1.9,46.0,,"26Pcs Luminous Letters Shoe Charms For Clogs Garden Shoes,DIY Shoes Accessories",Shoes
7.0,,#2 Best Seller,In Gold Women Heeled Sandals,19.3,21.0,,"Women Metallic Lizard Embossed Twist Strap Mule Sandals, Glamorous Gold Heeled Sandals",Shoes
1.0,,,,15.53,25.0,2.5k+ sold recently,1pair Sporty & Fashionable Lightweight Women's Flat White Sneakers,Shoes
20.0,,,,13.38,40.0,1.3k+ sold recently,Party Vacation Casual Black Square Toe Metal Buckle Slide Flat Sandals,Shoes
1.0,,#4 Best Seller,In Coffee Brown Women Flat Sandals,10.8,21.0,,Summer Fashionable Woven Beach Holiday Style Flat Sandals For Women,Shoes
1.0,,,,4.0,48.0,20+ sold recently,"Women's Foam Platform High Heel Flip Flops, Non-Slip, Fashionable For Beach & Vacation",Shoes
1.0,,,,19.6,21.0,500+ sold recently,Women's Diamond Chain Strappy Stiletto Heels Sexy & Fashionable Party Metallic Luster Silver High Heel Sandals,Shoes
1.0,,,,9.75,39.0,300+ sold recently,"Women's Summer New Arrival Flat Sandals, Adjustable Elastic Strappy Open Toe Gladiator Shoes In Brown For Home Indoor And Outdoor Activities",Shoes
1.0,,,,16.4,25.0,100+ sold recently,Men Sandals Flat Comfortable  Style Arabic Slippers,Shoes
9.0,,,,19.84,20.0,100+ sold recently,Women Fashionable Pointed Toe Shallow Mouth High Heel Singles Shoes,Shoes
1.0,,,,11.9,21.0,,"Women's Wedge Flip Flops, Stylish Hollow Platform Slide Sandals, Fashion Summer Outdoor Beach Vacation Shoes",Shoes
11.0,,,,9.3,21.0,900+ sold recently,"Fashionable Women's Open-Toe Beach Sandals With Round Toe, Suitable For Travel, Vacation And Walking",Shoes
1.0,,,,22.6,25.0,100+ sold recently,"2024 New Men's Sports Shoes Breathable Mesh Casual Shoes With Full-Palm Air Cushion Shock-Absorbing Running Shoes Black Chunky Sneakers Large Size Men's Shoes, Size 45-46",Shoes
4.0,,,,21.4,21.0,800+ sold recently,"Women Criss Cross Chunky Heeled Sandals, Fashionable Outdoor Faux Suede Strappy Sandals",Shoes
1.0,,,,10.62,40.0,80+ sold recently,"Women's Pointed Toe Flat Shoes, Popular & Fashionable Pink Shoes For Autumn",Shoes
1.0,,,,12.5,21.0,200+ sold recently,French Style New Cross-Border Plus Size Women's Trendy & Beautiful Square Toe High Heel Thong Slides,Shoes
1.0,,,,16.24,31.0,80+ sold recently,Rhinestone Decor Stiletto Heeled Strappy Pumps,Shoes
1.0,,,,15.6,21.0,100+ sold recently,2024 Latest Style Flat Heel Slipper With Decorative Flowers And  Rope Wedge Heel Sandals,Shoes
30.0,,#10 Best Seller,In Hot Pink Women Flat Sandals,12.1,20.0,,New Floral Beach Sandals Women's Plus Size Flat Casual Outdoor Slippers,Shoes
1.0,,#1 Best Sellers,in Low Heel Wide Fit Shoes,11.2,20.0,,SHUZIA Women Wedge Heel Thick-Soled Sandals,Shoes
17.0,,,,4.1,50.0,100+ sold recently,"Women's Open-Toe Cross Straps Plush Slippers, Indoor Home Warm Soft Bedroom Slippers For Spring Autumn Winter",Shoes
8.0,,,,21.2,21.0,700+ sold recently,"Women Stiletto Heeled Ankle Strap Sandals, Elegant Black Outdoor Lace Heeled Sandals",Shoes
8.0,,#5 Best Seller,In Red Women Home Slippers,8.8,23.0,,"Fashionable Butterfly Heart, Strawberry, Fruit Pattern Pineapple, Comfortable Anti-Slip Indoor Home Slippers For Daily Wear",Shoes
1.0,,,,22.24,20.0,300+ sold recently,"Women's Plus Size Round Toe High Heel Sandals, Suitable For Wide And Comfortable Feet, Fitted With Shiny Rhinestone Accessories For Parties And Weddings, Featuring Comfortable Mid-Thick Heel And Back Zipper, Widened Toe Box",Shoes
4.0,,,,8.72,23.0,2.7k+ sold recently,Halloween Black Friday Party Holiday Wedding Memorial Activity Trendy 2023 New Spring Summer Stylish Versatile Square Toe High-end Light Luxurious Patent Leather Weaving Decoration Open Toe Slide Design Series Rubber Women's Fashion Flat Sandals Snake Flower Embossed Flat Sandals Women's Outdoor Flat Slippers,Shoes
8.0,,#4 Best Seller,In Brown Women Pumps,21.2,20.0,,Women's Fashionable High-heeled Back Strap Pumps,Shoes
1.0,,#10 Best Sellers,in Men Shoes,8.2,29.0,,"Men's Fashionable Pattern Printed Slip-On Sandals, Suitable For Indoor And Outdoor Use. Perfect For Beach, Stream Hiking, Lightweight, Breathable, Non-Slip And Suitable For Daily Leisure",Shoes
1.0,,#10 Best Seller,In Black Men Shoes,10.4,25.0,,Spring And Summer New Men's Hollow Shoes Sandals Men's Slippers Super Light And Elastic Hollow Shoes Refreshing Hollowed And Breathable Sandals Camouflage Beach Shoes,Shoes
7.0,,#3 Best Seller,In Red Women Platforms & Wedge Sandals,21.6,21.0,,Women Wedge Heel Thick Sole Sandals Spring Summer New Round Toe Red Slippers Fashion Leopard Print Waterproof Platform Casual Holiday Shoes All-Match Plus Size Female Shoes Wedge Heel Red Sandals For Bride,Shoes
1.0,,,,19.9,21.0,100+ sold recently,"Women Cross Strap Chunky Heeled Ankle Strap Sandals, Fashion Summer Heeled Sandals",Shoes
5.0,,,,8.86,57.0,500+ sold recently,"Black Fashionable Casual Soft Lightweight Slip-On Sock Shoes For Men, Walking Shoes, School Shoes, Gift For Black Friday",Shoes
1.0,,,,14.06,21.0,900+ sold recently,"Women Minimalist Mules, PVC Stiletto Heeled Fashion Sandals",Shoes
28.0,,,,12.3,27.0,80+ sold recently,"Women's Pointed Toes Fashion Shallow Mouth Purple Flat Shoes, Suitable For Outdoor Activities And Autumn, Champagne For Sophisticated Look, Red For Casual, Yellow For Versatility, Comfortable Black Shoes",Shoes
4.0,,,,11.7,20.0,100+ sold recently,"Women's Circle Gold Decorative Clip Hollow Out Thong Strap Sandals, Vacation Style Lightweight Flat Sandals For Summer Fashion",Shoes
1.0,,,,12.54,34.0,700+ sold recently,SHEIN SHUZIA Rhinestone Jewels T Strap with Chain Flat Sandals,Shoes
11.0,,,,13.3,5.0,100+ sold recently,CUCCOO BIZCHIC Women's Solid Color Versatile Flat Shoes For Summer Vacation Shoes Summer Sale,Shoes
1.0,,,,1.68,48.0,60+ sold recently,"1pair No-tie Shoelaces With Buckle, Pink Polyester Fashionable Accessories For Sneakers",Shoes
13.0,,,,9.68,20.0,500+ sold recently,SHUZIA Minimalist Closed Toe Ballerina Flats,Shoes
1.0,,,,12.36,52.0,60+ sold recently,Mesh High Top Women Shoes Invisible Height Increasing Shoes Black Spring And Autumn Casual Shoes Round Toe Lace-Up Breathable Shoes,Shoes
11.0,,,,16.96,33.0,400+ sold recently,Fashionable High-Heeled Women Sandals Super-Shiny Rhinestone Sandals,Shoes
16.0,,#5 Best Sellers,in Low Heel Women Heeled Sandals,15.6,20.0,,"Women Ruched Single Band Heeled Sandals, Chunky Heeled Elegant Mule Sandals For Outdoor",Shoes
14.0,,#3 Best Seller,In Beige Women Slippers,6.9,24.0,,"Women Beige Solid Bow Decor Open Toe Slides, Vacation Outdoor Flat Slides",Shoes
10.0,,,,5.5,25.0,500+ sold recently,"Fluffy Women's Indoor Slippers, Cross Band Fur Slides, Silent Outsole",Shoes
13.0,,,,19.1,20.0,300+ sold recently,Women's Casual Fashionable Vacation Style Round Toe Woven Strap Daily PU Open Toe Comfortable Summer White Sandals With Flat Or Wedge Heels (Irregular Weaving Direction),Shoes
8.0,,#1 Best Seller,In White Women Ankle Boots & Booties,49.99,17.0,,Punk Gothic Women Motorcycle Boots Pointed Toe Knee High Rivets Tassels Stilettos High Heels Sexy Party Nightclub Shoes Woman,Shoes
1.0,,,,13.1,50.0,70+ sold recently,Polka Dot Pattern Bow Decor Court Pumps,Shoes
1.0,,,,21.9,20.0,700+ sold recently,"Women High-Heeled Sandals, Gold Ankle Strap, Butterfly & Flower Decoration, Bee Shaped Heel, Heart-Shaped & Irregular Heel, Comfortable And Versatile For Summer",Shoes
12.0,,,,11.2,21.0,3.8k+ sold recently,"Vacation Outdoors Flat Slippers for Women, Twist Decor Polyester Open Toe Slide Sandals",Shoes
10.0,,,,22.24,20.0,200+ sold recently,"Ultra High Heel Pointed Toe Shallow Mouth Shoes With Platform, Sexy And Stylish With Waterproof Function",Shoes
9.0,,,,21.19,21.0,1.3k+ sold recently,"Women's New Arrival Ankle Strap & Tie Up High Heel Sandals With Triangle Shaped Heels, Gold Color, Fashionable & Versatile For Summer",Shoes
4.0,,#1 Best Sellers,in Women Mid-Calf Boots,31.8,20.0,,"Women's Fashion Embroidered Leather Wedge Heel High Boots, Cowboy Boots For Women",Shoes
4.0,,,,12.74,2.0,2.2k+ sold recently,SHEIN SHUZIA Women'S Flat Sandals,Shoes
12.0,,,,11.58,21.0,1.0k+ sold recently,Women's Fashionable Gold-Toned Pointed Toe Flat Sandals With Rivets And Plus Size For European And American Style Beach Look,Shoes
1.0,,,,23.19,20.0,100+ sold recently,MOTF PREMIUM CASUAL COMFORTABLE VERSATILE WOMEN'S FLAT SHOES VACATION SHOES SUMMER SALE,Shoes
12.0,,,,7.98,25.0,2.3k+ sold recently,"Fashionable Vintage  One Strap Sandals With Rounded Toe, Non-Slip Chunky Flat Bottomed Slippers",Shoes
6.0,,#2 Best Seller,In Maroon Women Shoes,7.98,50.0,,Women's Woolen Slippers Memory Foam Fluffy Moccasin With Soft Plush Fleece Lining Slip-On For Indoor Outdoor Use,Shoes
5.0,,#6 Best Seller,In Multicolor Women Sports Shoes,21.5,21.0,,"Comfortable And Simple Fashion Outdoor Casual Shoes, Urban-Style Commuting, Fitness, And Travel Chunky Sneakers, Round-Toe Low-Cut Color-Block All-Match Sneakers, Ideal For Gifting On Holidays, Women Sports Shoes",Shoes
4.0,,,,19.1,20.0,200+ sold recently,"Women's Chunky Heel Peep Toe Slingback Embroidered  Floral Mule Sandals With Breathable Fabric And High Heels In Apricot Color, Summer",Shoes
1.0,,,,19.5,25.0,600+ sold recently,CUCCOO SZL Woman Shoes Glamorous Gold Ankle Strap Wedge Lizard Embossed Thin Strap Sandals For Summer Vacation Shoes Summer Sale,Shoes
1.0,,,,21.0,21.0,100+ sold recently,"Women's Fashionable Party High-Heeled Sandals With Beaded Strap, Slim Heel, Pointed Toe And Elegant Style",Shoes
1.0,,,,9.2,21.0,100+ sold recently,"Women's Flat Sandals, Western Style Fabric Design, 2024 New Summer Collection. Lightweight, Comfortable, Slip-Proof And Slip-On Style Suitable For Beach And Vacation, Fashionable, Casual, Simple, Handsome, Bold And Wild Personality Women's Shoes",Shoes
1.0,,,,12.6,40.0,,2024 European And American Summer New Gold Ankle Strap Chunky High Heel Sandals With Square Toe For Women,Shoes
1.0,,,,20.06,21.0,100+ sold recently,Floral Embroidery Snaffle Decor Flat Mules,Shoes
1.0,,,,13.4,21.0,300+ sold recently,Fashionable Women's Flat Jeans Thread Casual Slipper,Shoes
1.0,,,,9.3,21.0,50+ sold recently,"European And American Style Brown Thick-Soled Cross-Band Elastic Strap Sandals, Fashionable And Cute WomenÃ¢ÂÂS Thick-Soled Sandals For Outdoor And Casual Wear On Beaches.",Shoes
1.0,,,,10.76,43.0,400+ sold recently,"Gradient Rhinestone Beads Lace-Up Women's Sandals With Square Toe, Casual Vacation Beach Shoes, Flat Women's Shoes",Shoes
1.0,,#3 Best Sellers,in Low Heel Wide Fit Sandals,22.0,17.0,,"Women Wide Fit Summer New Arrival Muller Sandals With Rhinestone Decoration, Simple Style, Thick Heel, One-Piece Design, Plus Size",Shoes
39.0,,,,19.3,21.0,800+ sold recently,"Ladies' Brown High Heeled Sandals With Square Toe, Chunky Heel, 2-way Wear Design, Soft Leather Comfortable Versatile High Heel Women's Shoes, Pumps, Solid Color, Comfortable Slippers For Women",Shoes
17.0,,,,15.98,33.0,600+ sold recently,"Women Stiletto Heeled Sandals, Fashionable Summer PVC Mule Sandals",Shoes
1.0,,,,6.99,38.0,100+ sold recently,"Women's Beach Slippers, Flat Outdoor Slippers For Vacation, Simple Fashion Style, Sizes 41-43",Shoes
1.0,,,,28.8,20.0,,"2024 New Spring & Autumn Women's Forest Style Coffee Brown Pointed Toe Thick Heel Western Embroidery T-Strap Buckle Chain Boots, Cool Outdoor Fashion Western Boots",Shoes
5.0,,#7 Best Sellers,in Wide Fit Flats,12.1,17.0,,"Women's Round Toe Knitted Breathable Shallow Slip-On Flat Shoes With Embroidery, Elegant And Versatile, Casual And Fashionable, Suitable For Daily Wear, Work, Commute, Campus, Simple Gathering And Date",Shoes
6.0,,,,18.6,18.0,100+ sold recently,"Women Buckle Decor Pyramid Heeled Mule Pumps, Fashion Outdoor Pumps",Shoes
1.0,,,,20.1,21.0,2.9k+ sold recently,"Women Buckle Decor Espadrille Sole Wedge Ankle Strap Sandals, Vacation Summer Black Slingback Sandals",Shoes
6.0,,,,7.4,0.0,40+ sold recently,"Women's Soft-Sole Pink Outdoor Beach Barefoot Water Shoes For Surfing, Diving, Swimming, Water Sports, Aerobics, Yoga, Skipping, And Treadmill Exercise, Professional Sneakers",Shoes
1.0,,#5 Best Seller,In White Shoe Decorations,1.57,42.0,,22pcs White Pearl Beaded Shoelace Accessory,Shoes
11.0,,,,10.79,22.0,3.5k+ sold recently,"Minimalist Outdoors Flat Slippers for Women, Braided Strap Artificial Leather Open Toe Slide Sandals",Shoes
1.0,,#8 Best Seller,In Green Women Slides,5.76,40.0,,"Cartoon Slippers For Women, Soft-Sole Anti-Slip Indoor And Outdoor Beach Shower Sandals",Shoes
6.0,,,,18.9,20.0,400+ sold recently,"Rhinestone Decor Slide Sandals, Silver Fashionable Rhinestone Solid Color Women's Flat Sandals",Shoes
1.0,,,,17.17,34.0,300+ sold recently,"Women's Flat Loafers, Solid Color Lace-Up Low-Cut School Shoes, Comfortable College Style Shoes",Shoes
1.0,,,,13.7,20.0,100+ sold recently,New Summer Style Women Black Platform Wedges Flip Flops Thick Bottom Outdoor Slippers,Shoes
21.0,,,,19.2,21.0,100+ sold recently,"Flat Sandals With Thick And Soft Soles, Buckle Decoration And Open Toe",Shoes
1.0,,,,8.44,41.0,200+ sold recently,Pointed Toe Smoking Shoe Ballet Flats,Shoes
12.0,,,,19.3,21.0,800+ sold recently,"Funky  Mule Sandals For Women, Crocodile Embossed Chunky Heeled Sandals",Shoes
5.0,,#10 Best Seller,In White Women Flats,15.9,18.0,,"New Ballet Flats, Spring Women's Square Toe Flat Shoes, Solid Color Breathable Casual Sandals, Fashionable And Comfortable White Shoes",Shoes
1.0,,#6 Best Seller,In White Women Platforms & Wedge Sandals,12.1,21.0,,"Women's Thick Platform Wedge Heel Beach Flip Flops With Soft And Increased Sole, Summer",Shoes
4.0,,#3 Best Seller,In Rose Gold Women Shoes,9.17,29.0,,SHUZIA Round Toe Rhinestone Flat Sandals,Shoes
4.0,,#6 Best Seller,In Blue Women Sneakers,19.6,20.0,,"2024 New Summer Trendy Thick-Soled White Sneakers For Women, Retro Casual Sports Shoes",Shoes
1.0,,,,9.0,25.0,100+ sold recently,SHUZIA Women's Plus Size Fashionable Flat Sandals Slippers,Shoes
1.0,,,,18.9,20.0,,"Plus Size Women's Casual Athletic Shoes, Comfortable & Lightweight Chunky Sneakers, Outdoor Travel Training Shoes, Women's Sports Shoes",Shoes
1.0,,,,17.63,25.0,20+ sold recently,"New Literary Style Star Pattern Sneakers, Trendy Women Casual Sports Shoes",Shoes
13.0,,,,9.5,24.0,6.6k+ sold recently,"New Summer Fashionable Women's Slippers, Sandals With Large Size For Outdoor Activities",Shoes
18.0,,,,19.2,21.0,300+ sold recently,"New Arrival Women Fashionable And Comfortable Wedge Heel Platform Sandals With Double Straps, Gold Bat Buckle And Flower Design Buckle, Round Toe, Open Toe And Slip-On Style For Casual And Trendy Look",Shoes
10.0,,,,22.1,21.0,500+ sold recently,Women's Apricot Fashionable Solid Color Ankle Strap Braided Detail Chunky Heel Sandals With Ankle Strap,Shoes
1.0,,,,24.1,21.0,500+ sold recently,"Women's Waterproof Platform Sandals With Breathable Upper, Thick Sole And Slope Heels For Summer",Shoes
1.0,,,,10.5,20.0,1.0k+ sold recently,"Casual Outdoors Flat Slippers for Women, Open Toe Massage Plain Artificial Leather Open Toe Slide Sandals",Shoes
1.0,,#1 Best Seller,In Apricot Shoe Decorations,2.4,27.0,,"20pcs Food Themed Cute Shoe Charms Suitable For Decorating Slippers, Pencil Case, Bags And Party Gifts",Shoes
1.0,,,,7.3,52.0,,2024 New Summer Fashionable Thick Sole Versatile Comfortable Peep-Toe Slip-On High Heels For Women,Shoes
1.0,,,,2.3,32.0,100+ sold recently,"1pair Arch Supports Insoles For Flat Feet, Plantar Fasciitis, High Heel, And Running Shoes",Shoes
4.0,,,,13.9,21.0,600+ sold recently,Women Summer New Style Butterfly Decorated Flat Sandals With Elastic Strap For Beach,Shoes
1.0,,,,19.11,21.0,700+ sold recently,Simple Style Flat Toe Ring Sandals & Thick Bottom Wedge Heel Slippers,Shoes
1.0,,,,10.6,20.0,500+ sold recently,"Geometric Print Slide Sandals, Multicolor Fashionable Color Block Women's Flat Sandals",Shoes
1.0,,#9 Best Sellers,in Men Flip Flops & Slides,6.5,25.0,,Men Thick Bottom Anti-Skid Waterproof Simple Slippers With A -Stepping Feeling,Shoes
1.0,,,,2.91,38.0,200+ sold recently,7pcs 3D Marine Animal Shoe Charms Ocean Shoe Decorations Resin DIY Accessories Perfect For Clog Bubble Slides Sandals,Shoes
6.0,,#1 Best Seller,In Black Wide Fit Flats,11.4,16.0,,"Women's Wide Fit Round Toe Comfy Solid Color Stretch Fabric Flats, Plus Size, Ideal For Work",Shoes
5.0,,,,21.6,21.0,1.1k+ sold recently,"Elegant Sandals For Women, Multi Thin Strap Flatform Ankle Strap Sandals",Shoes
4.0,,,,17.3,21.0,100+ sold recently,"Korean Style Peep-Toe High Heel Slippers For Women, Summer Thick Bottom Waterproof Platform Chunky Heel Rivet Cross Strap Suede Wedge Sandals",Shoes
23.0,,,,16.2,21.0,400+ sold recently,Women Summer New Pearl Material Sexy Date Thin High Heel Sandals,Shoes
12.0,,,,10.8,20.0,700+ sold recently,Women's Apricot Flat Slippers,Shoes
6.0,,,,14.3,18.0,1.0k+ sold recently,"Women Minimalist Point Toe Flats, Elegant Khaki Loafer Flats",Shoes
1.0,,,,4.9,23.0,80+ sold recently,"Women's Fashionable Plushy Fluffy Slippers With Dual Straps, Soft-Sole Comfortable House Floor Slippers For Quiet Bedroom",Shoes
1.0,,,,12.3,21.0,1.0k+ sold recently,"Rhinestone Decor Single Strap Slide Sandals, Black Fashionable Rhinestone & Acrylic Color Contrast Women's Flat Sandals",Shoes
6.0,,#6 Best Seller,In Green Women Sandals,14.85,1.0,,SHEIN SHUZIA Women'S Flat Sandals,Shoes
1.0,,,,1.17,55.0,100+ sold recently,"1pair 2-In-1 Sponge Shoe Insoles With Heel Stickers, Anti-Slip Massage High Heel Shoe Pads, Trim-To-Fit Cushion Pads With Sticker To Avoid Heel Slipping",Shoes
4.0,,#10 Best Seller,In Red Women Sandals,7.62,32.0,,"Women's Summer Flat Slippers Outdoor Style 2024 New Arrival Perfect For Beach Vacation, Size 41-43",Shoes
1.0,,,,14.08,32.0,300+ sold recently,"Women's White Shoes, British Style Pure White Lace-Up Sports Shoes, Round Toe Low Top Skate Shoes, Fashion Breathable Anti-Slip Student Sneakers",Shoes
9.0,,,,10.09,23.0,4.2k+ sold recently,"Fashionable Outdoors Thong Sandals for Women, Minimalist Plain Artificial Leather Toe Post Flat Sandals",Shoes
1.0,,,,10.13,25.0,100+ sold recently,"1pair Sporty Anti-slip Women Sneakers, Lace Up Front Patch Decor Comfortable Running Shoes",Shoes
1.0,,,,8.8,21.0,900+ sold recently,"New European And American Style Large Size Women's Cross Strap Open Toe Leather Slip-On Flat Sandals With Plush Insole For Summer, Beach, Casual And Fashion Outfits",Shoes
1.0,,,,13.8,40.0,10+ sold recently,CUCCOO BASICS Women Shoes Lightweight Colorblock Breathable Lace-Up Front Running Shoes,Shoes
4.0,,,,16.63,38.0,30+ sold recently,Trendy Height-Increasing Men's Chunky Shoes With Graffiti Letter Decoration,Shoes
1.0,,,,3.1,24.0,10+ sold recently,"1pair Removable Double-Layer Fashion Rhinestone Shoe Clips (4 Colors Optional) For DIY Decoration On Shoes, Bags, Hats, Clothing Accessories, Etc.",Shoes
4.0,,#2 Best Sellers,in Old Money Men Shoes,25.5,25.0,,"Men's Tassel Loafers, Low-cut Pu Leather Shoes, Casual British One-step Slip-on, Lightweight, Trendy And Versatile",Shoes
1.0,,,,7.6,37.0,100+ sold recently,Women's Summer Popular Fashionable Comfortable Anti-Slip And Wear-Resistant Soft Peep Toe Buckle Flat Sandals,Shoes
1.0,,#4 Best Seller,In Multicolor Shoelaces,4.1,24.0,,"12pairs 1.1m Colorful Shoelaces For Flat Shoes, Sports Shoes, Skateboarding Shoes, Outdoor Casual Shoes (random Color)",Shoes
1.0,,#3 Best Seller,In Multicolor Women Sports Shoes,18.4,21.0,,"Beige Brown Pop Art Printed Unisex Fashion Sneakers, Stylish Chunky Sneakers For Women And Men, Comfortable Casual Walking Shoes",Shoes
1.0,,,,7.6,20.0,1.0k+ sold recently,"Preppy Outdoors T-strap Flat Sandals for Women, Bow Decor Polyester Toe Post Flat Sandals",Shoes
7.0,,,,22.7,21.0,1.1k+ sold recently,"Women Bow Decor Chunky Heeled Ankle Strap Sandals, Fashion Summer Satin Heeled Sandals",Shoes
17.0,,,,10.4,21.0,1.5k+ sold recently,"Women's Comfortable And Lightweight Casual Cross Flat Sandals, Plus Size, Spring/Summer",Shoes
1.0,,,,10.4,21.0,60+ sold recently,"Women's Cute And Elegant Bowknot Woven Thong Sandals, Lightweight Flat Solid Color Open Toe Slippers",Shoes
1.0,,,,12.58,32.0,100+ sold recently,"Ladies' Fashionable Comfortable Versatile Open-toe Sandals With Crystal Embellished Straps, Clear High Heels",Shoes
15.0,,,,16.6,21.0,300+ sold recently,"Women Metal Decor Plaid Pattern Chunky Heeled Mule Sandals, Elegant Black Heeled Sandals",Shoes
6.0,,#6 Best Seller,In Clear Women Heeled Sandals,15.48,22.0,,"Women Buckle Decor Clear Band Chunky Heeled Sandals, Fashionable Outdoor PVC Ankle Strap Sandals",Shoes
10.0,,,,15.8,21.0,1.9k+ sold recently,Women's Summer Woven Upper Platform Wedge Sandals With Espadrille Rope Sole And Buckle Strap,Shoes
15.0,,,,4.8,25.0,200+ sold recently,"Women's Grey Fashionable Solid Color Bedroom Slippers, Minimalist Fuzzy Indoor Slipper",Shoes
4.0,,,,24.9,26.0,2.1k+ sold recently,"Women Star Pattern Lace-up Front Skate Shoes, Sporty Sneakers",Shoes
9.0,,,,13.3,25.0,80+ sold recently,Men's Lace Up Flat Shoes Mesh Breathable Sports Shoes Training Tennis Shoes Walking Sneakers Breathable Casual Shoes Fashion Shoes For Men White,Shoes
1.0,,#2 Best Seller,In White Shoe Accessories,2.0,31.0,,1Pair  Shoelace Flat Shoe Laces  Shoestrings Accessoire For Sneakers Canvas Shoes,Shoes
1.0,,,,2.9,28.0,100+ sold recently,"Summer Unisex Slippers, 2024 New Home Eva Anti-Slip Bathroom Couple Flip-Flops, Men's & Women's Couples Slides",Shoes
6.0,,,,9.0,23.0,600+ sold recently,Women's Fashionable Solid Color Bedroom Slippers With Minimalist Crisscross Straps,Shoes
1.0,,,,7.77,35.0,1.1k+ sold recently,Women's Fashion Butterfly Beach Flat Flip-Flops Casual Women's Shoes Summer Women's Boots,Shoes
1.0,,,,10.3,18.0,300+ sold recently,"Metal Decor Point Toe Flats,Red pointy-toe low-heeled work shoes for women's in large size, suitable for all seasons",Shoes
1.0,,,,14.7,21.0,100+ sold recently,"Women's Black Thick-soled Wedge Heel Sandals, Simple, Fashionable And Comfortable",Shoes
4.0,,#2 Best Seller,In Burgundy Women Pumps,21.7,19.0,,Trendy And Fashionable High Heels Women's Shoes Lady's Shoes With Hollow-Out Back,Shoes
1.0,,,,10.7,21.0,1.9k+ sold recently,"Flat Bottom  Rope Flip-Flops, Outdoor Beach Casual Slippers",Shoes
1.0,,,,0.87,62.0,200+ sold recently,4pcs Transparent High Heel Shoe Heel Anti-slip And Anti-wear Protective Cover,Shoes
1.0,,#2 Best Sellers,in Women Rain Footwear,16.76,36.0,,"2024 New Spring & Summer Women's Waterproof Mid-Calf Rain Boots With Diamond Check, Anti-Slip, Garden Shoes Covers, Rubber Boots",Shoes
1.0,,,,9.9,21.0,400+ sold recently,"New Spring/Summer Plus Size Casual, Fashionable, Comfortable And Easy-To-Wear Women Flat Mules",Shoes
11.0,,#10 Best Sellers,in Women Flip-Flops,5.6,23.0,,"Women's Thick-soled Slipper With Toe-strap, Summer Anti-skid Waterproof Eva Beach Sandal For Swimming & Holiday",Shoes
4.0,,,,12.7,21.0,300+ sold recently,"Women Wedge Heel Slippers, Anti-Slip Thick Bottom Beach Resort Vacation Comfortable Sandals",Shoes
1.0,,,,13.7,16.0,70+ sold recently,"Women's Woven White Round Toe Flat Sandals, Plus Size",Shoes
1.0,,#5 Best Seller,In Pink Women Home Slippers,4.23,40.0,,"Open Toe Slippers For Women, Suitable For Autumn, Winter, Spring And Summer, Home Indoor Slippers",Shoes
1.0,,#9 Best Sellers,in Women Casual Athletic Shoes,8.77,32.0,,"New Arrival Women's British-Style Lace-Up Leather Sneakers, Round Toe Low Top Thick Sole Skate Shoes, Fashionable Breathable Slip-Resistant Chunky Shoes For Students",Shoes
4.0,,,,8.65,54.0,70+ sold recently,Cross-Border Women's Sporty & Casual Slip-Ons Knitted Shoes Dance Shoes With Air Cushion,Shoes
1.0,,,,19.9,20.0,400+ sold recently,"Women Cross Strap Chunky Heeled Ankle Strap Sandals, Elegant Black Faux Suede Heeled Sandals",Shoes
1.0,,#5 Best Seller,In Brown Women Flats,7.25,60.0,,SHUZIA Ladies' Simple Thermal Flat Shoes,Shoes
5.0,,,,21.08,25.0,200+ sold recently,CUCCOO DOLLMOD Two Tone Vintage Pattern High-Heeled Pumps For Summer Graduation Heels Prom Heels Vacation Shoes Summer Sale,Shoes
1.0,,,,16.0,18.0,70+ sold recently,Navy Blue Hollow High-Heeled Shoes With Chunky Heels And Retro Style,Shoes
12.0,,,,18.4,21.0,200+ sold recently,"Women Minimalist Stiletto Heeled Ankle Strap Sandals, Fashion Summer Heeled Sandals",Shoes
1.0,,,,1.05,45.0,200+ sold recently,"1pair Women's Anti-Slip Pu Leather Shoe Insoles For High Heels & Sandals, With Sweat-Absorbing Performance, 3/4 Length",Shoes
26.0,,,,10.4,20.0,200+ sold recently,Newest Style Black Cute Ladies Roman Sandals,Shoes
15.0,,,,10.79,21.0,1.9k+ sold recently,"Fashionable Outdoors Black Slide Sandals for Women, Multi Thin Strap Plain Artificial Leather Open Toe Flat Sandals",Shoes
10.0,,#1 Best Seller,In Coffee Brown Women Pumps,18.3,18.0,,"Women's Casual High Heels With Pointed Toe, Thin Heel, Shallow Mouth And Back Strap",Shoes
6.0,,,,9.99,57.0,100+ sold recently,Womens Adjustable Buckle Strappy Slip-On Slippers Cork Footbed Slides For Sandals With Comfortable Arch Support Outdoor,Shoes
1.0,,#10 Best Seller,In Khaki Men Sneakers,24.5,24.0,,Men's Khaki Breathable Mesh Casual Fashion Sports Shoes,Shoes
1.0,,#3 Best Sellers,in Men Casual Athletic Shoes,10.95,25.0,,"Men And Women Athletic Leisure Shoes Couples Breathable Mesh Shoes With Twisted  Sole, Casual Walking Shoes, Running Shoes",Shoes
1.0,,,,8.8,21.0,600+ sold recently,"Women's Large Size Flat Sandals, Rust-Brown Woven Straps Toe Ring & Roman-Style Beach Sandals For Summer",Shoes
1.0,,,,19.1,25.0,50+ sold recently,"New High-Quality Fashionable Casual Retro Sneakers For Men And Women, Dual-Color Luxurious Flat Shoes, Suitable For Students And Couples",Shoes
1.0,,,,16.96,20.0,100+ sold recently,Raw Trim Faux Pearl Decor Flat Mules,Shoes
1.0,,#9 Best Sellers,in Men Casual Shoes,22.9,25.0,,"Men's New Summer Breathable Casual Sneakers With Thick, Slip-Resistant Soles, Original Artistic Design And Trendy Graffiti Style",Shoes
1.0,,,,0.69,67.0,200+ sold recently,4pcs Clear Back Heel Inserts,Shoes
19.0,,,,6.6,18.0,3.8k+ sold recently,Women's Fashionable Soft Comfortable Classic Butterfly & Flower Patterned Indoor Foldable Ballet Flats For Dance,Shoes
39.0,,,,20.59,22.0,1.2k+ sold recently,"Women's Double Wearing Platform Wedge Sandals, 2023 New Summer Style Beach Sandals, Roman Style Open Toe Slippers, Casual",Shoes
1.0,,,,7.46,56.0,60+ sold recently,2024 New Arrival Women Comfortable Roman Style Summer Sandals With Casual & Elevated Wedge Heels,Shoes
4.0,,#2 Best Seller,In Black Shoe Spare Parts,2.9,26.0,,1 Pair High Elasticity Latex Insoles Shock Absorption Sports Insoles Arch Support Breathable Shoe Pads For Long Time Standing,Shoes
19.0,,#1 Best Seller,In Champagne Women Heeled Sandals,18.9,21.0,,"Women Metallic Toe Post Stiletto Heeled Sandals, Glamorous Gold Thong Sandals For Summer",Shoes
1.0,,,,6.8,21.0,600+ sold recently,"Women's Spring/Summer Original Design Forest Style Vacation Wind Lightweight And Comfy Casual Sandals With Butterfly Buckle Detail, Thin Imitation Rope Straps, Flat White Round Toe Open-Toe Beach Sandals",Shoes
1.0,,#5 Best Sellers,in Cute Slippers for Men,4.36,50.0,,"Men's Graphic Slides, Casual Non Slip Slippers, Open Toe EVA Shoes For Indoor Outdoor Beach Shower, Spring And Summer",Shoes
15.0,,,,4.8,25.0,1.2k+ sold recently,Women's Fashionable Solid White Bedroom Slippers With Minimalist & Blurry Design,Shoes
1.0,,,,14.9,21.0,100+ sold recently,"Women Metallic Chunky Heeled Mule Sandals, Glamorous Party Glitter Heeled Sandals",Shoes
5.0,,,,18.2,21.0,300+ sold recently,"Women Rhinestone Decor Thin Strap Stiletto Heeled Sandals, Fashionable Party Champagne Mule Sandals",Shoes
6.0,,#10 Best Seller,In Beige Women Flats,19.0,0.0,,Styleloop Woman Shoes Geometric Textured Espadrille Ankle Strap Flats For Summer Vacation Shoes Summer Sale Boho Feels,Shoes
1.0,,,,19.5,20.0,700+ sold recently,Women's High Heel Slippers Black Squared Toe Slipper,Shoes
9.0,,#3 Best Seller,In Khaki Women Slides,9.9,23.0,,Women Slides Minimalist Single Band Slides,Shoes
1.0,,,,13.2,20.0,400+ sold recently,"Women Clear Strap Chunky Heeled Mule Sandals, Fashion Summer Heeled Sandals",Shoes
1.0,,,,12.3,25.0,50+ sold recently,"Unisex All-Season Outdoor Sport Water Shoes For Climbing, Hiking, Fishing, Yoga, Running And Kayaking, Quick Dry, Anti-Slip, Lightweight",Shoes
9.0,,,,19.3,21.0,300+ sold recently,"Women New Design Strappy Heeled Sandals With Open Back, Pointed Toe And Simple Style, Suitable For Summer Parties And Casual Occasions, Apricot Color",Shoes
7.0,,,,13.4,21.0,500+ sold recently,"Women's Embossed Wedge Heel Slippers, Women's Platform Gladiator Wedges, Women's Comfortable Wedge Sandals, Women's Elegant Home Slippers, Women's Music Festival Activity Black Thick-Soled Slippers, Women's Outdoor Wedge Heel Slippers",Shoes
1.0,,,,11.0,20.0,,"Daily Wear Comfortable Fluorescent Color Women's Wedge Heel Thick-Soled Sandals, New Fashionable Summer Casual Beach Holiday High-Heeled Sandals, Fluorescent Yellow Slippers, Size 36-45 Large Size Women's Shoes",Shoes
4.0,,,,23.28,20.0,200+ sold recently,"Women's Flat Chunky Heel Pointed Toe Brogue Loafers, Slip On Block Oxfords Shoes",Shoes
5.0,,,,6.76,65.0,40+ sold recently,"Women's New Autumn And Winter Warm Plus Velvet Korean Versatile Flat Snow Boots, Comfortable Shoes",Shoes
33.0,,#7 Best Seller,In Pink Women Flat Sandals,11.7,20.0,,"Colorful Rhinestone Butterfly Multiple Straps Slip-On Sandals For Women, French Style Fashionable Silver Slippers For Summer & Autumn (Can Be Worn Both Inside And Outside)",Shoes
1.0,,,,11.5,25.0,500+ sold recently,"Women's Wedge Heel Flip Flops With Thick Sole, Suitable For Beach Or Casual Wear",Shoes
1.0,,,,15.0,18.0,10+ sold recently,"Women's Casual & Comfortable Slip-On Sneakers, Fashionable And Versatile Throughout The Year, With Snake Print And Elastic, White",Shoes
1.0,,,,9.99,49.0,500+ sold recently,Womens Sandals Shoes Summer Beach Shoes Comfort Walking With Non Slip On Casual,Shoes
1.0,,,,22.2,25.0,500+ sold recently,"Men's Letter Print Round Shoelace Sport Shoes, Casual Green Sneakers",Shoes
1.0,,,,13.86,1.0,100+ sold recently,SHUZIA Wide Fit H-Shaped Open Toe Black Slip On Sandals With Gold Embellishments,Shoes
1.0,,,,10.4,16.0,40+ sold recently,"2024 New Arrival Women's High-End Summer Sandals, Open-Toe Design With Elegant Ankle Strap, Wide Fit And Chic Style",Shoes
5.0,,#2 Best Sellers,in Women Mid-Calf Boots,28.3,20.0,,Ladies Western Cowboy Boots Pointed Toe Embroidered Chunky Heel  Boots Fashion Shoes,Shoes
5.0,,#2 Best Seller,In Pink Women Sports Shoes,22.7,21.0,,"New Fashionable Lightweight Outdoor Sporty Sneakers With Strap, Comfortable And Trendy Women Chunky Shoes",Shoes
1.0,,,,13.5,21.0,900+ sold recently,"Women Multi-color Geometric Pattern Flat Sandals, Vacation Outdoor Gladiator Sandals",Shoes
1.0,,,,28.99,0.0,200+ sold recently,MOTF PREMIUM PATCHWORK HIGH HEELED WOMEN'S SHOES VACATION SHOES SUMMER SALE,Shoes
6.0,,,,22.3,21.0,300+ sold recently,"Fashionable Wood Grain Look Waterproof High-Heeled Sandals With Chunky Heels, Round Toe, Strappy Ankle Buckle Strap, And Platform For Party And Dancing",Shoes
5.0,,,,16.8,20.0,400+ sold recently,"Knot Detail Point Toe Ballet Flats, Khaki Elegant Knotted Solid Color Ballet Flats",Shoes
4.0,,,,7.62,32.0,600+ sold recently,"Women's Flat Slippers For Outdoor/Beach/Vacation In Summer 2024, Size 41-43",Shoes
5.0,,,,10.15,62.0,100+ sold recently,"Men's Anti-slippery Embossed Leather Style Lace-up Sport Shoes With Patchwork Design Of Letter Pattern And Branch Pattern Embossed,for Outdoor Activities Such As Skateboarding",Shoes
1.0,,,,19.8,19.0,30+ sold recently,"Women's Chunky Heel Pumps, New Shallow Mouth Square Toe Loafers, Square Heels, Large Size Soft-Bottomed All-Match Shoes, Four Seasons Shoes For Women",Shoes
1.0,,,,9.99,41.0,200+ sold recently,Womens Softy Flat Sandals Cork Footbed Slides Adjustable Buckled Slip On Slippers Open Toe,Shoes
1.0,,#4 Best Seller,In Apricot Women Flip-Flops,4.5,50.0,,SHUZIA Vegan Patent Leather Thong-Toe Flip Flops,Shoes
29.0,,#4 Best Seller,In White Wide Fit Sandals,10.3,16.0,,"Wide Fit 2024 Summer White Design High-End Versatile Plus Size Wide Toe Cap Sandals, Perfect For Outdoor Activities",Shoes
17.0,,,,19.3,21.0,1.6k+ sold recently,Women's Pointed Patent Leather Solid Color Thin High Heel Sandals,Shoes
1.0,,#7 Best Seller,In Brown Wide Fit Sandals,10.5,16.0,,"New Summer 2024 Women's Wide Fit Flat Sandals, Leopard Print With Bow Decoration And High-End Design",Shoes
8.0,,,,11.0,21.0,1.9k+ sold recently,Summer Women's Pure White Woven Flat Sandals With Flat Heel Slipper For Sexy Party And Beach,Shoes
7.0,,,,19.5,21.0,300+ sold recently,"Fashionable And Simple New Women\ Heeled Sandals With Sexy High Heels, Foot Ring, And One-Word Strap Imported For Cross-Border E-Commerce",Shoes
17.0,,,,0.6,68.0,500+ sold recently,"1pc Single-Letter Shoe Accessory, Fashionable And Cute Clog Decoration, Mix & Match Freely. One Size: P, Select Other Options According To Instructions.",Shoes
1.0,,,,16.9,20.0,2.2k+ sold recently,"Women Rhinestone & Shell Decor Espadrille Sandals, Vacation Beige Outdoor Straw Flat Sandals",Shoes
12.0,,,,16.7,20.0,500+ sold recently,Women Black Ankle Strap Stiletto Heeled Sandals,Shoes
1.0,,#7 Best Seller,In Black Women Flats,10.38,20.0,,CUCCOO BIZCHIC Women Shoes Fashion Minimalist Point Toe Flat Elegant Black Artificial Leather Ballets For Summer Vacation Shoes Summer Sale,Shoes
6.0,,,,11.29,27.0,200+ sold recently,Styleloop Women's Style Embroidered Fringe Brown Sandals Flat Boots For Summer Boho Feels,Shoes
1.0,,,,18.8,25.0,90+ sold recently,Men Stitch Decor Slip On Minimalist Loafers Manfinity Unisex,Shoes
1.0,,#2 Best Seller,In Green Women Slides,9.3,23.0,,Rick and Morty X SHEIN Women's Cartoon And Letter Printed Plastic Slippers,Shoes
1.0,,,,13.89,23.0,,"Women's Pointed Toe Low-Heeled Sandals, With Rhinestone Snowflake Buckle, Fashionable And Versatile, Shoes With Fairy Style",Shoes
1.0,,,,11.5,15.0,,Women's Butterfly Flat Sandals Square Toe Beach Shoes Fashionable Slip-Resistant Wide Width Plus Size,Shoes
7.0,,,,11.59,30.0,800+ sold recently,"2024 Summer New Arrival Women's Fishmouth Peep Toe Wedge Sandals, Pointed Toe, Elegant & Sexy, Versatile",Shoes
6.0,,,,18.8,21.0,200+ sold recently,"Women's Comfortable Casual Straw Woven Wedges, Peep-Toe PU Leather Sandals With Buckle Ankle Strap, Summer",Shoes
4.0,,,,14.6,18.0,10+ sold recently,"Women's Metal Buckle Decorated Espadrilles Wedge Sandals, Spring/Summer New Fashionable Casual Dailywear Comfortable Lightweight Beige Platform Shoes, Closed-Toe Slides",Shoes
11.0,,,,8.6,20.0,700+ sold recently,Women Crossed Lightweight Outdoor Sandals With Cloth Upper,Shoes
1.0,,#9 Best Sellers,in Wide Fit Shoes,10.6,15.0,,"Crystal Clear Open Toe Slippers 2024 Summer, Stunning Flat Comfortable Plus Size Wide Women's Sandals",Shoes
1.0,,,,5.46,61.0,90+ sold recently,SHUZIA Ladies Solid Color Strap Toe Clip Simple Daily Flat Sandals,Shoes
10.0,,,,14.7,21.0,50+ sold recently,"Women's Bohemian Style Flat Sandals, 204 New Arrival Women's Shoes",Shoes
12.0,,,,19.3,21.0,200+ sold recently,Women Thick High-Heeled Sandals Fashionable Women Slippers,Shoes
1.0,,#1 Best Seller,In Mint Blue Women Shoes,5.36,37.0,,"Women's Spring And Summer Original Design Brand Inexpensive Alternative Bohemian Beach Vacation Lightweight Sandals, Sexy Butterfly Buckle Thin Strap Flat Mint Blue Round Toe Slippers With A Laid-Back & Charming Mermaid Style Suitable For A Romantic Night Out",Shoes
1.0,,,,25.0,19.0,900+ sold recently,Women's Fashionable High-heeled Shoes For Evening Party,Shoes
1.0,,,,5.6,50.0,10+ sold recently,Women's Flat Pointed Toe Knitted Mesh Casual And Comfortable Net Shoes,Shoes
1.0,,#10 Best Sellers,in Women Over-the-Knee Boots,39.98,20.0,,CUCCOO SZL Women Shoes Fashion Crocodile Embossed Point Toe Chunky Heeled Classic Black Boots Valentines Day For Summer Graduation Heels Prom Heels Vacation Shoes Summer Sale,Shoes
6.0,,#7 Best Seller,In Red Women Flats,19.8,18.0,,Women Flat Shoes Shallow Mouth 2024 Spring Summer New Driving Loafers Outdoors Work Casual Soft Bottom British Style Loafers Large Size Shoes For Women 41-43,Shoes
6.0,,,,20.7,21.0,500+ sold recently,"Elegant And Simple Fashion Mules For Women With Chunky High Heels, Open Toe And Half-Round Strap",Shoes
39.0,,,,19.7,21.0,500+ sold recently,"Women's Gold High Heel Sandals With Square Toe And Chunky Heel, Two Wearing Styles: High Heel Sandals And Slippers, Soft Leather And Comfortable, Versatile, Pure Color And Comfortable, Make Legs Look Longer",Shoes
1.0,,,,13.6,18.0,2.4k+ sold recently,"Women Minimalist Point Toe Flats, Elegant Black Ballet Flats",Shoes
7.0,,,,19.1,20.0,1.2k+ sold recently,"Women Espadrille Wedge Slide Sandals, Faux Suede Vacation Sandals",Shoes
7.0,,#6 Best Seller,In White Men Shoes,17.1,25.0,,Men's Hollow-Out Sporty Casual Running Shoes For All Seasons,Shoes
1.0,,,,8.7,20.0,3.2k+ sold recently,"Women's Thick Platform Wedge Heel Stripe Slippers, Stylish Slip-Proof Beach Flip Flops For Vacation",Shoes
4.0,,#2 Best Seller,In Red Women Fashion Boots,31.8,20.0,,Women's Fashionable Embroidered Leather Knee-High Wedge Boots,Shoes
6.0,,,,4.9,25.0,1.6k+ sold recently,"Women's Classic Flip-flop Sandals, Black Solid Color Women's Flip Flops",Shoes
1.0,,,,1.08,43.0,100+ sold recently,"Women High Heel Shoe Grip Pads, Universal Size: Oval; Please Choose Other Options According To The Description",Shoes
7.0,,#3 Best Seller,In Beige Women Casual Shoes,6.47,49.0,,Women's Comfortable & Breathable Slip-On Flat Casual Sports Shoes,Shoes
9.0,,,,19.1,20.0,100+ sold recently,New Arrival Beige Braided Casual Vacation Wedge Sandals With Ankle Strap And Jute Sole For Women,Shoes
1.0,,,,26.6,19.0,,Glitter Chunky Heeled Ankle Strap Pumps,Shoes
4.0,,,,5.3,23.0,2.4k+ sold recently,Cartoon Embroidered Detail Home Slippers,Shoes
1.0,,,,12.9,25.0,20+ sold recently,"Men's Loafers, New Korean Fashion British Style Slip-On Anti-Slip Wear-Resistant Business Casual Shoes",Shoes
4.0,,#3 Best Seller,In Green Women Heeled Sandals,18.7,20.0,,"Women's New Square Toe High Heels Green Backless Slip-on Sandals, Suitable For Dancing & Daily Wear",Shoes
1.0,,,,14.0,21.0,,"New Women's Summer Casual Sports Sandals, Breathable And Comfortable Hollowed-Out Slippers",Shoes
1.0,,,,15.51,22.0,,CUCCOO CURVES Women's Plus Size Faux Velvet Rhinestone Decorated Outdoor Shallow Mouth Flat Shoes,Shoes
7.0,,,,9.0,20.0,3.5k+ sold recently,"2024 Women's Flat Sandals, Fashionable Strap Design Casual Beach Slippers, 43 Size",Shoes
1.0,,#8 Best Seller,In White Men Slippers,4.56,59.0,,Summer Men And Women Cartoon Bear Print Slippers Indoor Outdoor Beach Trend Black And White Bear Plus Size 36-49 Mens Summer Slippers With Random Print Position,Shoes
10.0,,,,11.0,21.0,1.1k+ sold recently,"Women New Spring And Summer Casual And Comfortable Rhinestone Vacation Flat Sandals With Toe Separator, Large Size Gold",Shoes
4.0,,#8 Best Seller,In Clear Women Heeled Sandals,15.2,25.0,,"Fashion Sandals For Women, Clear Strap Pyramid Heeled Mule Sandals",Shoes
1.0,,#2 Best Seller,In Dusty Blue Women Shoes,23.07,30.0,,"Outdoor Women Pointed Toe Chunky High Heels Waterproof Platform Fashionable Blue High-Heeled Sandals, Graduation Heel, Prom Heels For Summer",Shoes
8.0,,,,9.7,20.0,2.0k+ sold recently,"Black Breathable Women Fashionable Casual Beach Flip Flops Flat Slippers With Anti-Slip, Wear-Resistant & Comfortable Sole And Ribbon Bowknot Decor",Shoes
1.0,,,,8.37,38.0,300+ sold recently,"New Spring/Summer Women's Pumps, Wedge Heels Slip On Round Toe Dress Shoes For Working And Mom, Comfortable",Shoes
1.0,,,,14.0,50.0,60+ sold recently,MOTF PREMIUM SOLID COLOR POINTED TOE MULES,Shoes
20.0,,,,18.91,24.0,2.5k+ sold recently,"Ladies' White Open-toe Sandals, Sexy, Fashionable, Party New Cross-strap Lace-up, Square-toe High-heeled Shoes, Simple And Elegant, Comfortable, High And Thin With Chunky Heels",Shoes
8.0,,#10 Best Sellers,in Ultra High Heel Shoes,24.0,21.0,,"Wedge Heel Waterproof Platform Bowknot Retro Style Woven Sandals, With Wooden Pattern, Crossed/Bare/Elastic/Back Straps, For Women's Spring/Summer Outfits/Vacation; Bohemian/Sexy Nightclub Foot Wrap High Heels.",Shoes
23.0,,#3 Best Seller,In Beige Women Flats,13.2,18.0,,"Fashionable Women's Pointed Toe Flat Shoes In Beige Color For Spring And Autumn, Comfortable, Slip Resistant, Hollow Out Design, Suitable For Work, Party, Shopping And Elegant Occasions",Shoes
24.0,,#3 Best Seller,In Red Women Flat Sandals,11.66,22.0,,"Women Non-slip Bow Decor Slide Sandals, Fashionable Red Polyester Flat Sandals",Shoes
1.0,,,,16.7,16.0,50+ sold recently,"Wide Fit Women's Shoes, Casual Waterproof Street Style Flat Slippers With Diamond Sparkle, Soft Cork Double Strap Sandals With Wide Toe Box For Plus Size Women",Shoes
4.0,,,,4.25,45.0,40+ sold recently,"Women's Fashionable Beach Flip Flops, Black Non-Slip Slippers With Shock Absorption And Arch Support For Outdoor Activities And Vacation",Shoes
4.0,,,,9.41,56.0,400+ sold recently,"Women's Flat Sandals, Hollow Out With Rhinestones, 2024 New Summer Style, Non-Slip For Beach Vacation. Black Color, Large Size, Slip-On Slippers With Fashionable, Elegant, Gorgeous, Music Festivals, Punk, Stylish, Wild, Sexy Designs.",Shoes
1.0,,#9 Best Sellers,in Shoelaces,0.77,22.0,,"Casual, Fashionable & Comfortable Silk Shoelaces",Shoes
9.0,,,,11.2,20.0,300+ sold recently,SHUZIA Women Solid Color Casual Flat Sandals Suitable For Daily Wear,Shoes
7.0,,,,6.06,55.0,800+ sold recently,Women's Comfortable & Breathable Flat Slip-On Casual Sports Shoes,Shoes
1.0,,,,19.11,21.0,1.7k+ sold recently,"Women's Fashionable Black Platform Wedge Flip Flops With Clip Toe, Women's Black Platform Wedge Sandals With Back Strap",Shoes
4.0,,,,10.9,25.0,10+ sold recently,Breathable Men Loafers Slip-On Lightweight Male Walking Shoes Anti-Slip Flexible Couple Casual Sneakers Summer Soft Footwear,Shoes
4.0,,,,5.96,49.0,900+ sold recently,Women's Summer Flat Cross Strap Slip-On Toe Loop Sandals For Casual And Beachwear,Shoes
1.0,,,,17.3,18.0,300+ sold recently,"Faux Pearl Decor Flat Loafers, Fashionable Beige Pearl Solid Color Women's Flat Shoes",Shoes
1.0,,,,21.7,21.0,40+ sold recently,Women's High Heel Open Toe Flower Embellished Soft Insole Beach Sandals,Shoes
14.0,,,,13.0,18.0,3.3k+ sold recently,"Women Black Flats, Elegant Point Toe Faux Suede Ballet Flats For Outdoor",Shoes
1.0,,,,8.75,55.0,100+ sold recently,"Spring New Arrival Breathable Slip-On Men's Casual Canvas Shoes Flat Comfortable Slouchy Board Shoes, Male Sneakers",Shoes
1.0,,,,17.6,20.0,300+ sold recently,Women's Trendy Gold-Tone Hardware Buckle Embellished Black Lycra Material Comfortable Round Toe Flat Mule Sandals For Daily Wear,Shoes
25.0,,,,19.8,20.0,1.9k+ sold recently,"Women Rhinestone Decor Chunky Heeled Ankle Strap Sandals, Glamorous Party Faux Suede Heeled Sandals",Shoes
5.0,,#1 Best Seller,In Blue Women Heeled Sandals,28.7,20.0,,"Women Chunky Heel Peep Toe Mules, Blue Knitting Fabric, Breathable, Slip-On, Sexy Party Waterproof Platform High Heel Sandals For Summer",Shoes
13.0,,#1 Best Seller,In Camel Women Platforms & Wedge Sandals,13.0,21.0,,"Women's Wedge Heel Thick Bottom Sandals, With Belt Buckle, Fisher Style, Rope & Metallic Rivet Decorated",Shoes
19.0,,,,17.13,21.0,800+ sold recently,Ladies Thin Heel Square Toe Sandals Fashion Slip-On Slippers For Women,Shoes
12.0,,,,8.6,21.0,2.7k+ sold recently,"Spring Summer New Arrivals Women's H Slippers, Fashionable & Casual Style, Roman Single Foot Clip Toe Slippers, Comfortable & Breathable, Available In Black, Beige, Brown Colors, Embossed Patterned Sole, Blogger Recommended, Desert Key French Style Rhinestone Embellished Thick Heel Sandals, Fairy Style Single Strap Beach Sandals With Low Heel, Simple & Elegant Indoor/Outdoor Slippers For Women, Crocodile-Patterned Versatile Slides With Metallic Decoration, Flat Slip-On Sandals For Summer Fashion.",Shoes
1.0,,,,11.52,49.0,20+ sold recently,"Women's Color Block Casual Sports Shoes, Lace-Up Soft Thick Platform Skate Sneakers, Lightweight Low-Top Walking Shoes",Shoes
1.0,,,,8.12,69.0,60+ sold recently,"Women Rhinestone Decor Chunky Heeled Sandals, Glamorous Open Toe Mule Sandals",Shoes
5.0,,,,21.0,20.0,200+ sold recently,"Women's Platform Wedge Flip Flops With Thick Sole, Non-Slip Beach Slippers, Plus Size",Shoes
1.0,,,,9.5,56.0,,Snaffle Decor Flat Mules,Shoes
4.0,,,,6.96,42.0,1.2k+ sold recently,"Women Clip Toe Flat Fashion Beach Flip Flops, Wide Strap Lightweight Slippers",Shoes
1.0,,,,2.0,29.0,100+ sold recently,"6pcs/Set Street Style Vintage Punk Small Skull Pendant, Suitable For Diy Clothing, Shoes, Bags, Keychain Decoration",Shoes
5.0,,,,22.3,21.0,1.9k+ sold recently,"Women's High Stiletto Heels Transparent Heeled Sandals With Rhinestone Embellishment, Bow Knot, And Ankle Tie For Summer",Shoes
1.0,,,,7.5,20.0,400+ sold recently,"Women Summer Sandals With Thick Platforms, Wedges, Strappy Detail, Knot Design, Simple And Fashionable, Suitable For Young Women, Crossed Back Straps, Staggered High Heels, Lightweight, Vacation Style, Street Style, Black Shoes",Shoes
1.0,,,,13.5,21.0,40+ sold recently,"Sporty Sneakers For Women, Paisley Pattern Lace-up Front Canvas Shoes",Shoes
8.0,,#8 Best Seller,In Brown Women Platforms & Wedge Sandals,16.2,21.0,,2024 Spring/Summer Women Wedge Heel Half Sandals With Thick PU Soles For Stylish Beach Parties And Social Events,Shoes
10.0,,,,11.1,20.0,100+ sold recently,"Women's Fashion Plus-Size Open-Toe Casual Outdoor Flat Sandals Slippers, Versatile",Shoes
1.0,,,,7.5,50.0,100+ sold recently,SHUZIA Faux Leather Square Toe Basketwoven Sandals,Shoes
1.0,,,,5.4,24.0,200+ sold recently,"Ladies' Cross-strap Home Slippers, Suitable For Four Seasons Indoor Use, Floor Furry Slippers",Shoes
7.0,,,,9.3,21.0,300+ sold recently,2024 Trendy Summer New Coffee Brown Woven Leather Strap Flat Sandals With Buckle For Women,Shoes
1.0,,,,10.0,24.0,100+ sold recently,Womens Rhinestone Bowknot Flip-Flops With Flowers Decoration Non-Slip Flat Bottom Thin-Strap Slippers Womens Flip-Flops,Shoes
1.0,,#4 Best Seller,In Brown Women Mid-Calf Boots,21.6,20.0,,"New Fashion Women's Embroidered V-Shaped Western Boots, Chunky Heel Square Toe Cowboy Boots, Meradiso Style Brown Leather Patchwork Fashion Boots",Shoes
1.0,,,,16.99,15.0,1.4k+ sold recently,CUCCOO BIZCHIC Woman Shoes Fashion White Lightweight Square Toe Design Kitten Heeled Sandals For Summer Graduation Heels Prom Heels Vacation Shoes Summer Sale,Shoes
5.0,,,,6.7,24.0,1.3k+ sold recently,Women Minimalist Wide Fit Anti-Slip Leisure Slides,Shoes
1.0,,,,6.48,64.0,,"Women's Wedge Heel Thick Sole Sneakers With Air Cushion Shock Absorption Design, Slip-On Casual Sports Shoes",Shoes
13.0,,,,10.8,21.0,700+ sold recently,Women's Fashionable Flat Sandals With Buckle Decoration,Shoes
1.0,,#4 Best Seller,In Baby Pink Women Shoes,22.77,1.0,,SHUZIA Curve Toe Padded single Band Wedge Slide Sandals,Shoes
4.0,,,,15.6,25.0,1.0k+ sold recently,Shoes For Men Gym Tennis Athletic Mesh Fashion Sneakers Lightweight Sports Workout Running Casual Shoes Comfortable Footwear Trainers Blue,Shoes
22.0,,#6 Best Sellers,in Low Heel Women Shoes,14.16,21.0,,"Women Ribbed Chunky Heeled Sandals, Elegant Brown Fabric Mule Sandals",Shoes
1.0,,,,14.25,25.0,20+ sold recently,"CUCCOO SZL Woman Shoes Clear Detail Cross Strap Stiletto Heeled Mules, Fashion Summer Heeled Sandals For Spring And Summer",Shoes
1.0,,#5 Best Seller,In Beige Women Heeled Sandals,25.74,1.0,,SHUZIA Knotted Linen Peep Toe Espadrille Platform Heels,Shoes
31.0,,,,7.79,24.0,800+ sold recently,"Korean Style Casual Flat Slippers Women Summer Open Toe Weave Roman Sandals, Autumn New Arrivals, Fashionable Flat French Shoes For Ladies To Match Skirts, Suitable For Go Out To Beach, Garden, Apartment, White/Beige/Black/Orange/Blue/Green/Purple/Grey/Gold/Silver/Yellow/Wine Red/Brown/French Leopard Pattern/Formal Shoes/Vacation Sandals/Bohemian Style/Flip-Flops/Naval Blue Walking Shoes/Crystal Embellished Shoes/Women Flat Loafers/Comfortable Beach/Rubber-Soled Platform/Ribbon Tied/Shining Women Sandals/Mules/Slides",Shoes
1.0,,,,0.95,59.0,900+ sold recently,Metatarsal Pads Women | Heel Inserts For Women | Ball Of Foot Cushions (1 Pair Foot Pads) All Day Pain Relief And Comfort One Size Fits Shoe Inserts For Women,Shoes
4.0,,,,7.7,21.0,100+ sold recently,"Casual Fashion Women Summer Slippers Anti-Slip Beach Sandals, Red Flat Open-Toe Slides For Ladies",Shoes
1.0,,,,17.25,25.0,30+ sold recently,CUCCOO SZL Woman Shoes New Years Minimalist Stiletto Heeled Ankle Strap Elegant Black Heeled Sandals For Summer Graduation Heels Prom Heels Vacation Shoes Summer Sale,Shoes
12.0,,#6 Best Sellers,in Mid Heel Women Heeled Sandals,18.7,21.0,,"Elegant Mule Sandals For Women, Crocodile Embossed Chunky Heeled Sandals",Shoes
5.0,,#7 Best Sellers,in Ultra High Heel Women Heeled Sandals,29.3,21.0,,"New Arrival Women's Chunky High Heel Thick Sole Sandals For Date, Nightclub And Daily Wear",Shoes
7.0,,,,19.1,20.0,900+ sold recently,"Women's Platform Wedge Espadrilles, White Linen Woven Crisscross Strap Sandals For Summer",Shoes
1.0,,#9 Best Seller,In Beige Women Flats,17.0,18.0,,"Metal Decor Point Toe Slingback Flats, Back Strap Camel Color Elegant Pure Metal Solid Color Women's Flat Shoes",Shoes
4.0,,#7 Best Seller,In Beige Women Slippers,13.4,23.0,,"Fashionable Buckle Flat Cork Slippers, Summer Holiday Style Unisex Beach Outdoor Casual Flip Flops, Birkenstocks",Shoes
1.0,,,,16.2,21.0,200+ sold recently,"Women Clear Chunky Heeled Ankle Strap Sandals, Fashion Summer Heeled Sandals",Shoes
5.0,,,,7.14,40.0,20+ sold recently,European And American Plus-Size Women Flat Stylish Slip-Resistant Sandals,Shoes
1.0,,,,9.0,20.0,2.3k+ sold recently,"Women's Flat, Soft, Anti-Slip Clip Toe Flip-Flops, Woven Beach Sandals For Outdoor, Vacation, Couples",Shoes
5.0,,,,15.04,20.0,500+ sold recently,"Women Hollow Out Flats, Point Toe Ankle Strap Flats",Shoes
11.0,,#3 Best Sellers,in Skate Shoes Men Shoes,15.2,25.0,,"Men's Round Toe Lace Up Soft Sole Casual Athletic Shoes In White, Pu Leather Upper, Low Cut Sneakers For Spring And Autumn",Shoes
6.0,,,,9.77,48.0,800+ sold recently,Womens Walking Shoes Slip On Lightweight Memory Foam Cheer Sneakers For Tennis Gym Running Workout Yoga,Shoes
1.0,,,,14.97,35.0,300+ sold recently,New Women's Casual High Top Canvas Sports Shoes Breathable Sneakers,Shoes
1.0,,#1 Best Sellers,in Men Shoes,9.7,25.0,,"Men's Plaid Slippers, Lightweight, Anti-Slip, Anti-Odor, Durable, Vintage, Travel, Casual, Beach Slippers, 2024 New Flat Slippers",Shoes
1.0,,#9 Best Seller,In Apricot Women Sandals,22.08,21.0,,Women Slide Sandals Espadrille Platform Shoes,Shoes
1.0,,,,5.1,24.0,100+ sold recently,"Tie Dye Fluffy Bedroom Slippers,Winter Slippers Women's Home Indoor Non-Slip Warm Long Plush Soft Slippers.",Shoes
7.0,,#9 Best Seller,In Gold Women Flat Sandals,14.0,21.0,,Women's Flat Sandals Woven Hollow Out Vacation Beach Comfortable Soft Durable Open Toe Sandals,Shoes
1.0,,#5 Best Sellers,in Low Heel Women Fashion Boots,25.9,20.0,,Women's Mid-calf Fashionable Black Platform Wedge Boots With Lace-up Design,Shoes
6.0,,,,20.7,21.0,200+ sold recently,Square-Toe Thick High Heel Elegant And Fashionable Muller Women Sandals With Bandage Design,Shoes
8.0,,,,7.2,21.0,200+ sold recently,"Women Shoes Fashionable Black Summer Grass Woven Flat Sandals, Ladies Casual Beach Flip Flops With Jute-Like Soles",Shoes
1.0,,#5 Best Seller,In Blue Women Athletic Shoes,19.3,18.0,,Knit Detail Lace-up Front Breathable Running Shoes,Shoes
1.0,,#1 Best Seller,In Multicolor Women Pumps,21.5,19.0,,Women's High Heel Pointy Toe Fashionable Jacquard Fabric Shoes With Decorative Buckle And Rear Strap,Shoes
30.0,,#2 Best Seller,In Pink Women Heeled Sandals,13.8,21.0,,"New Arrival 2024 Floral High Heel Sandals With Decorative Flowers, Popular Among Western Tourists For Summer Beach Fashion",Shoes
1.0,,,,10.5,55.0,10+ sold recently,"French Style Bridal Shoes, Pearl-Decorated Flat Sandals With Ankle Strap, Closed Toe",Shoes
1.0,,,,18.51,29.0,300+ sold recently,"Women Bow & Chain Decor Stiletto Heeled Slingback Sandals, Fashion Summer Heeled Sandals",Shoes
1.0,,,,20.6,20.0,200+ sold recently,"Women Rhinestone Decor Clear Chunky Heeled Mule Sandals, Glamorous Summer Heeled Sandals",Shoes
4.0,,,,22.0,21.0,1.3k+ sold recently,"Fashion Beige Sandals For Women, Faux Pearl Decor Ruched Detail Chunky Heeled Ankle Strap Sandals",Shoes
1.0,,,,6.96,58.0,300+ sold recently,"Summer New Women's High Heel Sandals, Sweet High Heeled Fish-Mouth Shoes With Crystal Pendant And Ankle Strap Buckle, Korean Version",Shoes
7.0,,,,7.7,21.0,800+ sold recently,"Korean Style Flat Casual Slippers, Summer Beach Shoes Open Toe Slides, New Arrival Woven Roman Flat Sandals For Women With French Style, Perfect For Outdoor Activities, Vacation, And Beach, Available In White, Beige, Black, Orange, Yellow, Purple, Grey, Gold, Silver, Blue, Green, Pink, Brown, Animal Print, And Formal Shoes. Bohemian Style Clip Toe Sandals, Navy Blue Sandals, Walking Shoes, Diamond Encrusted Flat Sandals For Women, Comfortable Flip-flop, Thick Bottom Flat Shoes, Strap Design Shining Flat Shoes, Mules Shoes, Slides.",Shoes
1.0,,#6 Best Sellers,in Wide Fit Shoes,10.4,20.0,,SHUZIA Women'S Fashionable Silver Flat Sandals,Shoes
31.0,,,,8.54,24.0,1.7k+ sold recently,"Korean Style Casual Flat Sandals Women's Outdoor Open Toe Slippers Summer New Weaved Roman Beach Shoes Spring Autumn Fashionable Flats Match With Skirts White, Black, Orange, Yellow, Purple, Gray, Gold, Silver, Blue, Green, Rose, Brown, Leopard Print, Formal, Vacation, Bohemian, Navy Blue, Walking, Rhinestone, Velvet, Comfortable, Thick Sole, Strap, Glittery, Shiny, Mules, Flip Flops.",Shoes
1.0,,,,2.1,28.0,30+ sold recently,"12pcs Cute Cartoon Theme Pattern Shoes Charms For Clogs Sandals Decoration, Shoes",Shoes
20.0,,,,7.58,24.0,2.3k+ sold recently,Women's Fashionable Outdoor Breathable Flat Sandals For Summer,Shoes
14.0,,,,18.4,21.0,80+ sold recently,Women's Black Elegant Rhinestone Single Color Ankle Strap High Heels With Rhinestone Decoration,Shoes
1.0,,,,14.9,21.0,50+ sold recently,"Minimalist Slip-On Running Shoes, Camel Color Solid Women's Athletic Shoes",Shoes
1.0,,,,8.3,21.0,100+ sold recently,"Women's Italian Style Simple & Vintage Chunky High Heel Sandals With Bohemian Woven Straps And Peep Toe, Suitable For Banquets And Parties, Providing Comfort And Sexy Charm, Millennium Style",Shoes
18.0,,,,8.71,22.0,200+ sold recently,"Women Flat Sandals, Natural Comfortable Summer Slip-On With Jute Rope For A Simple Look",Shoes
1.0,,#3 Best Sellers,in Men Flip Flops & Slides,7.6,25.0,,"Men's Slippers, Eva Anti-Slip Bathroom Shower Sandals, Summer 2024 New Trendy Home Indoor House Slides, Outdoor",Shoes
29.0,,#2 Best Sellers,in High Heel Women Heeled Sandals,16.44,25.0,,Women Black Strappy Tie Leg Design Heeled Sandals,Shoes
21.0,,#4 Best Seller,In Brown Women Platforms & Wedge Sandals,18.1,21.0,,Women Thick-Soled Flat Sandals With Button Decoration And Open Toe,Shoes
1.0,,,,19.9,21.0,1.2k+ sold recently,"Women Buckle Decor Ankle Strap Sandals, Elegant Faux Suede Wedge Sandals",Shoes
1.0,,,,7.95,46.0,20+ sold recently,"Chinese Traditional Canvas Kung Fu Shoes, Martial Arts Beijing Shoes, Men Women Unisex, Black Rubber Sole",Shoes
1.0,,,,23.8,20.0,,"Glamorous Ankle Strap Sandals For Women, Fluffy Single Band Chunky Heeled Sandals",Shoes
18.0,,#7 Best Seller,In Apricot Women Platforms & Wedge Sandals,21.6,21.0,,"Fashion Apricot Sandals For Women, Knot Decor Ankle Strap Wedge Sandals",Shoes
1.0,,,,16.7,20.0,,Clear Glitter Decor Stiletto Heeled Mules,Shoes
4.0,,,,34.4,24.0,100+ sold recently,"Sporty Sneakers For Men, Two Tone Lace Up Front Sneakers",Shoes
1.0,,#5 Best Seller,In White Women Road Running Shoes,18.96,20.0,,"Spring / Autumn Lace-up Casual Fashionable Women's Road Running Shoes, Sports Shoes In White",Shoes
1.0,,,,5.3,24.0,,Women's Fashionable Home Slippers Simple And Fluffy Bedroom Slippers,Shoes
22.0,,,,12.67,21.0,5.8k+ sold recently,"Fashionable Outdoors Lace Up Flat Sandals for Women, Multi Strap Plain Artificial Leather Open Toe Strappy Sandals",Shoes
17.0,,#2 Best Seller,In Apricot Women Flats,19.6,18.0,,"Fashion Apricot Flats For Women, Metal Decor Linen Slingback Flats",Shoes
1.0,,,,19.46,25.0,1.4k+ sold recently,"Minimalist Ankle Strap Wedges, Apricot Vacay Buckle Solid Color Wedge Sandals",Shoes
1.0,,,,3.3,25.0,100+ sold recently,1pair Star & Faux Pearl Decorated Fashion Shoe Buckle For Women,Shoes
1.0,,,,16.9,20.0,1.1k+ sold recently,"Women Single Band Sandals, Elegant White Wedge Slide Sandals",Shoes
1.0,,,,8.8,21.0,100+ sold recently,"Summer Fashionable & Casual & Comfortable Women's Flat Slippers For Home, With Round Head",Shoes
4.0,,#6 Best Seller,In Blue Women Home Slippers,56.1,21.0,,"New Style Fur Trimmed Slippers, Thick-Soled, Platform Slip-Ons, Ideal For Indoor And Outdoor Use, Perfect For Autumn And Winter",Shoes
1.0,,,,8.0,24.0,,"2024 Summer New Arrival Women's Thick-Soled Flip-Flops, Handmade Heart-Shaped Beach Slippers For Casual And Vacation, Plus-Size Women's Shoes",Shoes
1.0,,#10 Best Seller,In Black and White Women Home Slippers,5.1,24.0,,"Cow Print Fuzzy Bedroom Slippers,Winter Slippers Women's Home Indoor Non-Slip Warm Long Plush Soft Slippers.",Shoes
1.0,,#9 Best Sellers,in Women Sandals Below $6.99,6.9,21.0,,"Women Ditsy Floral Graphic Bow Decor Slides, Preppy Open Toe Flat Sandals",Shoes
1.0,,,,7.89,67.0,10+ sold recently,"Chain Decor Kitten Heeled Slingback Pumps, Khaki Elegant High Heel Sandals For Women With Metallic Chain Design And Solid Color Backless",Shoes
5.0,,#1 Best Sellers,in Classic Boots Women Shoes,31.1,20.0,,"Women's Solid Color Shiny Leather Knee-high Boots, Over The Knee Boots, Mid-calf Boots, Pointed Toe Chunky Heel Side-zipper Winter Boots For Warmth",Shoes
4.0,,,,12.74,2.0,2.3k+ sold recently,SHEIN SHUZIA Women'S Flat Sandals,Shoes
1.0,,,,15.4,20.0,80+ sold recently,"Women Summer Fashionable Cross-Tied Hollow-Out Peep Toe High-Heeled Roman Style Sandals, Versatile And Sexy",Shoes
25.0,,,,9.7,20.0,300+ sold recently,"Roman Style  Pearl Beaded Khaki Color Women Sandals For Summer 2023, Fashionable And Versatile Flat Shoes That Matches Well With Skirts And Casual French Outfit",Shoes
1.0,,,,13.2,21.0,500+ sold recently,"Women Chain Decor Single Fluffy Band Slide Sandals, Fashionable Solid Indoor Flat Slippers",Shoes
1.0,,,,20.9,16.0,300+ sold recently,(plus Size) Open Toe Ruched Chunky Heeled Mule Sandals For Casual Women,Shoes
7.0,,,,18.8,21.0,200+ sold recently,"Suedette Chunky Heeled Slingback Sandals,Women's high-heeled sandals, spring and summer new red casual work sandals, medium and thick heels with back straps, minimalist exposed thick high-heeled sandals for outdoor wear",Shoes
1.0,,#1 Best Seller,In Black Men Shoes,8.4,25.0,,"Halloween Skull Cartoon Warm Winter Slippers For Couples, Indoor Home Slippers",Shoes
1.0,,,,17.9,20.0,800+ sold recently,"Women's Flat Sandals, Metal Studs Strapped Flip Flops, Round Toe, Simple Black Beach Slippers",Shoes
6.0,,,,11.7,20.0,3.7k+ sold recently,Women's Fashionable And Comfortable Open Toe Square Black Flat Sandals With Non-slip Sole,Shoes
4.0,,,,11.37,22.0,2.1k+ sold recently,"Women Bow Decor Slide Sandals, Fashion Summer Flat Sandals",Shoes
1.0,,,,19.1,20.0,200+ sold recently,"Floral Embroidered Lace-Up Front Skate Shoes, White Sporty Embroidered Flower Print Women's Casual Athletic Shoes",Shoes
4.0,,,,21.3,25.0,100+ sold recently,"Men's Athletic Shoes, Beige Casual Fashion Lightweight Sneakers, Board Shoes, Skate Shoes",Shoes
1.0,,#5 Best Seller,In Beige Men Loafers,15.8,25.0,,"One Pair Of Handmade Woven Loafers, Grass Weaving Men Fisherman Shoes, Breathable Linen Casual Canvas Shoes, Low-Top Fashionable Slip-On Slouchy Shoes, All-Match",Shoes
5.0,,,,17.8,21.0,1.1k+ sold recently,Casual Fashion.Party Style.Low-Heeled Lace-Up Flat Sandals,Shoes
4.0,,#3 Best Seller,In Black Women Mid-Calf Boots,31.2,20.0,,"Women's Fashionable Embroidered Leather Knee-High Boots With Wedge Heels, Cowboy Boots For Women",Shoes
1.0,,,,19.5,21.0,400+ sold recently,"Fashionable Women's Platform Sandals, Summer Outdoor Round Toe Jute Bottom Sandals, Cross Strap With Handmade Flower Wedge Heel Sandals, Women's White Sandals",Shoes
4.0,,,,7.98,40.0,10+ sold recently,Women High-Top Plush Winter Slip On Slippers Indoor Shoes,Shoes
6.0,,,,8.0,24.0,100+ sold recently,"Women's Apricot Fashionable Solid Color Bedroom Slippers, Simple And Fluffy",Shoes
1.0,,,,12.72,20.0,200+ sold recently,"Suedette Rhinestone Decor Ballet Flats,Women's Water Drill Versatile Square Buckle Snowflake Buckle Shallow Mouth Flat Shoes",Shoes
1.0,,,,10.4,17.0,400+ sold recently,New Arrival Women's Summer Chunky Heel Flats Solid Color Flat Casual Fashionable Sandals Low Ankle Slip-On Footwear,Shoes
7.0,,#3 Best Seller,In Baby Pink Women Slides,2.97,54.0,,Women's Pink Cute Casual Bathroom Slippers,Shoes
5.0,,#3 Best Seller,In Olive Green Women Shoes,14.13,39.0,,SHUZIA Round Toe Double Buckle Flatform Sliders,Shoes
31.0,,,,8.4,21.0,300+ sold recently,"Korean Style Flat Casual Sandals For Women, Summer Slip-On Open Toe Slides, New Weave Roman Style Flat Sandals, Fashionable French Style Women's Flats For Dressing Up On Outings To The Beach Or Apartment, Available In White, Beige, Black, Orange, Blue, Green, Yellow, Purple, Grey, Gold, Silver, Rose Red, Brown, French Leopard Print, Formal Holiday Sandals, Bohemian Style Toe Clip Navy Blue Walking Shoes, Crystal Embellished Flip Flops For Women, Comfortable Beach Thick-Soled Loafers, Lace-Up Glitter Sparkling Sandals, Muller Shoes And Slippers",Shoes
10.0,,,,19.44,20.0,200+ sold recently,"Square Toe Chunky Heeled Slingback Pumps, White Elegant Solid Color Backless Women's High Heel Shoes",Shoes
1.0,,,,6.36,48.0,,"New Arrival Soft-Sole Women's Flat Shoes With Letter Print, Casual Pointed Toe Slip-On Shoes, Lightweight And Comfortable",Shoes
1.0,,#1 Best Sellers,in Trendy Basics,16.6,28.0,,"Men's Knitted Casual Sports Shoes - Air Cushioned Breathable And Shock Absorbing - For Running, Basketball And Exercise",Shoes
1.0,,,,22.3,21.0,,"Elegant And Stylish Women's Golden Metal Buckle Decoration Mule Sandals With Golden Metallic Finish, Comfortable Square Toe And High Thin Heel For Daily And Party Wear",Shoes
11.0,,,,18.2,18.0,600+ sold recently,"Women White Faux Pearl & Metal Decor Flats, Square Toe Flat Mules",Shoes
1.0,,,,4.96,66.0,500+ sold recently,"Cute Heart Decor Slippers, Casual Slip On  Open Toe Shoes, Comfortable Indoor Home Slippers",Shoes
1.0,,,,19.68,20.0,100+ sold recently,Suedette Rhinestone Decor Square Toe Flats,Shoes
5.0,,,,8.8,21.0,1.5k+ sold recently,"Elegant Apricot Sandals For Women, Minimalist Single Band Slide Sandals",Shoes
15.0,,#6 Best Seller,In Beige Women Flats,11.4,18.0,,"New Spring/Autumn Season Stylish Women's Loafers, Round Toe, Slip-On Design, Comfortable Flat Shoes, Beige Color",Shoes
1.0,,,,24.9,19.0,300+ sold recently,2024 High Heel Pointed Toe Shoes Comfortable Leg-Shaping Fashionable Bridal Shoes 12cm,Shoes
4.0,,,,9.75,25.0,1.2k+ sold recently,SHEIN SHUZIA Women's Fashion Flat Sandals,Shoes
1.0,,,,13.25,50.0,50+ sold recently,Rhinestone Bow Decor Point Toe Sculptural Heeled Slingback Pumps,Shoes
4.0,,#7 Best Seller,In Grey Women Sneakers,11.24,51.0,,"Women'S Slip-On Socks Shoes, Large Size Athletic Sneakers Elastic Sock-Shoes, Spring Breathable New Style Lightweight Soft-Sole Sporty Mesh Knitted Socks Shoes, Unisex",Shoes
1.0,,,,16.1,24.0,70+ sold recently,"Men's Slip-On Loafers, Super Lightweight, Fashionable, Casual, Business Style, Plus Size, Breathable",Shoes
1.0,,,,5.41,48.0,500+ sold recently,"2024 New Summer Fashion Women Gold Sandals Slippers For Walking, Beach, Travel, Leisure With TPR Non-Slip Sole",Shoes
20.0,,,,19.3,21.0,1.2k+ sold recently,"Women Open Toe Chunky Heeled Sandals, Fashionable Outdoor Mule Sandals",Shoes
1.0,,#10 Best Seller,In White Women Home Slippers,8.45,26.0,,Cute Boot Women's Slippers Hat Fluffy Cushion Slides Comfortable Cozy Comfy Houseshoes Laides Winter Shoes,Shoes
1.0,,,,19.6,18.0,300+ sold recently,Point Toe Faux Pearl Decor Ankle Strap Flats,Shoes
12.0,,,,18.2,21.0,,"Ladies' Lace-Up Casual Sneakers, White, Lightweight, For Sports And Skateboarding",Shoes
15.0,,,,7.5,59.0,30+ sold recently,"Women's Chunky Heeled Pumps, Fashionable And Versatile Pointed Toe Slingback Slouchy Shoes In Military Green",Shoes
1.0,,,,14.0,0.0,80+ sold recently,SHUZIA Women Breathable Mesh Leisure Comfortable Flat Shoes,Shoes
1.0,,,,31.3,24.0,200+ sold recently,"Men's Fashionable Sneakers With Thick Sole, Crossed & Narrow Straps, Orange, Breathable And Comfortable",Shoes
5.0,,#3 Best Seller,In Brown Women Platforms & Wedge Sandals,19.29,25.0,,"Women Buckle Decor Brown Solid Wedge Sandals, Fashion Artificial Leather Slingback Sandals Brown",Shoes
1.0,,#8 Best Sellers,in Shoe DIY Decorations,1.19,34.0,,1pc Pink English Letter [A/B/C/D/E/F] Wooden Clog Pendant Customize And Personalized Shoe Accessory For Home Slippers,Shoes
4.0,,,,1.9,30.0,1.1k+ sold recently,New Large Size 3D Kitty Cat Bow Shoe Clip With PVC Silicone Hole Shoes And Beach Shoes DIY Shoe Accessories,Shoes
5.0,,#8 Best Seller,In Apricot Women Platforms & Wedge Sandals,20.33,24.0,,"Ladies'  Rope Wedge Platform Sandals, Open Toe Ankle Strap Summer Vacation Casual High Heel Slippers",Shoes
1.0,,,,10.5,18.0,100+ sold recently,2024 Spring Flat Women\ Sweet Grand Bowknot Grandma Shoes Shallow Mouth Soft Comfortable Black All-Match For Work,Shoes
17.0,,,,14.1,20.0,1.0k+ sold recently,Bohemian Style Beaded Flat Sandals Suitable For Outside Wearing,Shoes
1.0,,,,12.7,21.0,,2024 New Korean Style Plus Size Pearl Pineapple Flat Heel Flat-Bottomed Toe Ring Slippers For Women,Shoes
1.0,,,,22.2,18.0,300+ sold recently,"Ladies' Fashionable Buckle Decorated Mary Jane Shoes For Outdoor/ Casual Wear All Year Round, Flat Heel",Shoes
1.0,,,,16.8,21.0,300+ sold recently,"Women's Comfy Slip-On Slippers For Wide & Swollen Feet, Casual Sandals For Summer Outdoor",Shoes
13.0,,,,7.9,20.0,40+ sold recently,"Women's Breathable  Rope Soles Round Toe Lightweight Sandals, Simple Youth Daily Summer Shoes",Shoes
1.0,,,,11.3,21.0,700+ sold recently,"Brown Bowtie Vintage Pattern Flip Flops, Women's Fashionable Beach Sandals, Non-Slip Outdoor Slippers For Summer And Autumn",Shoes
19.0,,,,17.5,21.0,1.3k+ sold recently,"Women Snakeskin Embossed Toe Post Stiletto Heeled Sandals, Fashionable White Thong Sandals",Shoes
1.0,,#7 Best Seller,In Black Men Shoes,12.5,25.0,,"Men Lace Up Low-Top Sneakers, Sporty Outdoor Fabric Running Shoes Manfinity Basics",Shoes
12.0,,#7 Best Seller,In Coffee Brown Women Sandals,19.8,20.0,,2024 New Women's Shoes High Heels Thick Heels Womens Sandals Animal Pattern Metal Rivets Retro Slippers Waterproof Platform,Shoes
9.0,,,,15.6,20.0,400+ sold recently,"WomenÂ Wedge Sandals With Thick Platform,Â Fashion High Heels WithÂ Cross-Border Code,Â Waterproof Design With Woven Straw Rope, Comfortable Wedges Slip-On High Heel Sandals",Shoes
9.0,,,,3.75,58.0,30+ sold recently,"Women's Summer Fashion Woven Flat Sandals, Casual Beach Slippers With Woven Straw-Like Soles",Shoes
11.0,,#7 Best Seller,In Multicolor Men Sneakers,24.0,25.0,,Plus Size Casual Men Sneakers High-Top Skate Shoes Men Sports Shoes,Shoes
1.0,,,,22.7,21.0,90+ sold recently,"Rhinestone Decor Chunky Heeled Mule Sandals, Fashionable Gold Rhinestone Solid Color Women's High Heel Sandals",Shoes
1.0,,#10 Best Seller,In Blue Men Flip Flops & Slides,7.55,43.0,,Men's Summer Fashionable Outdoor Slippers For Home Indoor Bathing Non-Slip Wear-Resistant Thick-Soled Sandals For Women's Home Use,Shoes
1.0,,,,10.6,20.0,,"Women's New Summer Fashion Slip-On Slouchy Sandals, With Rhinestones, Imported Large Size, Fairy Style Beach Sandals, Versatile Slippers",Shoes
1.0,,,,22.5,20.0,100+ sold recently,"Elegant Party High Heels With Water-Proof Platform, Ankle Strap And Wood-Like Sole For Women",Shoes
7.0,,#4 Best Seller,In Beige Men Sneakers,20.54,32.0,,Men's Outdoor Leisure Sports Shoes - Fashionable Lightweight Waterproof Skate Shoes - 38-47 Size Wear-Resistant Comfortable Thick Bottom Skateboard Shoes - Loose Four-Season Slip-Resistant Safety Large Size Suede Panel Shoes,Shoes
1.0,,,,12.61,36.0,100+ sold recently,Women's Casual Outdoor Sports Shoes Lightweight Breathable Slip-Resistant Fashion Chunky Shoes Height Increasing Training Running Shoes,Shoes
1.0,,,,9.25,60.0,,Buckle Detail Stiletto Heeled Ankle Strap Sandals,Shoes
1.0,,,,1.3,35.0,,1pair Women's Transparent High Heel Sandal Forefoot Anti-Skid Pad Shoes Accessory,Shoes
9.0,,,,15.9,18.0,100+ sold recently,"2021 Summer New Fashionable Versatile Bow-Knot Slippers For Women, Pointed Toe Flat Mules/Women's Slip-On Loafers",Shoes
1.0,,,,19.1,17.0,,"Women's French Style Retro Roman Wide Strap Sandals, Open Toe, Chunky Heels, New Summer, Fairy Style, High Heel, Versatile, Simple Style Shoes",Shoes
6.0,,,,6.57,43.0,1.8k+ sold recently,"2024 New Style Women's Outdoor Metal Studs Flat Sandals, Fashionable And Simple, With Toe Clip And Buckle, Beach Style",Shoes
4.0,,#8 Best Seller,In Brown Men Flip Flops & Slides,6.76,44.0,,"Lightweight Large Size EVA Flip Flops For Men, Non-Slip Beach Slippers, Solid Color Design With EVA Insoles For Leisure/Vacation/Beach Wear, Suitable For Indoor/Outdoor/Shower, Spring/Summer",Shoes
4.0,,,,10.3,16.0,200+ sold recently,"2024 Women New Arrival Wide-Fit Airy Sandals For Casual Outdoor And Indoor Activities, Plus Size",Shoes
5.0,,,,11.12,33.0,400+ sold recently,Mens Black Slip On Casual Shoes Lightweight Work Shoes Trainers Breathable Non Slip Mesh Walking Gym Shoes Comfortable Workout Sneakers,Shoes
8.0,,,,4.61,24.0,4.2k+ sold recently,"Women's Flat Sandals, Sexy & Elegant & Simple & Anti-Slip & Wear-Resistant, Plus Size, Stylish Gray Slippers For Spring/Summer",Shoes
1.0,,,,6.25,38.0,200+ sold recently,"Women Thick Platform Flip Flops With Sloping Heels, Simple Butterfly Flower Design Comfortable And Lightweight Slippers, Casual Home Slippers",Shoes
8.0,,,,22.6,25.0,500+ sold recently,"New Arrival Men's Ultra-Fine Leather Fashionable Versatile Casual Sports Shoes, Low-Cut Slip-Resistant Sole, Suitable For All Seasons",Shoes
4.0,,,,12.18,42.0,80+ sold recently,SHUZIA Square Open Toe Low Block Heel Sandals,Shoes
16.0,,,,9.41,24.0,2.0k+ sold recently,"Women Casual Flat Slippers, Open Toe Anti-Slip Slides, Outdoor Beach Sandals",Shoes
39.0,,,,20.79,21.0,1.0k+ sold recently,"Women's High Heel Platform Beach Sandals, Summer New Arrival Roman Style Slipper Suitable For Outdoor Activities",Shoes
13.0,,#2 Best Seller,In Coffee Brown Women Flat Sandals,9.5,24.0,,"Women's Summer Beach Sandals Slip-on Slippers, Fashionable And Versatile",Shoes
12.0,,#3 Best Sellers,in Mid Heel Women Heeled Sandals,18.33,22.0,,"Elegant Mule Sandals For Women, Crocodile Embossed Chunky Heeled Sandals",Shoes
1.0,,,,26.72,8.0,300+ sold recently,"CUCCOO SZL Fashion Beige Strappy Sandals ForWoman Shoes, Tie Leg Design Chunky Heeled Faux Suede Sandals For Summer Graduation Heels Prom Heels Vacation Shoes Summer Sale",Shoes
5.0,,,,2.8,28.0,100+ sold recently,5pcs  Series Shoe Charms For Clog Bubble Slides Sandals ABS Cute Kawaii  Shoes Decoration DIY Accessories For Women Girls Gifts,Shoes
7.0,,,,5.25,58.0,1.0k+ sold recently,"Women T-Strap Sandals With Faux Pearl Decoration, Black Roman Flat Sandals For Summer, Toe Clip Comfortable Casual Beach Vacation Style, Fashionable And Versatile Thong Sandals With Elastic Heel Strap",Shoes
1.0,,,,1.2,37.0,600+ sold recently,"Random Pattern Clog Charms, 5pcs/10pcs/20pcs/30pcs/50pcs/100pcs Per Set, Various Fashionable And Cute Cartoon Designed Shoe Decorations",Shoes
4.0,,,,21.58,20.0,1.1k+ sold recently,MOTF PREMIUM SQUARE-TOE SIMPLE AND COMFORTABLE WOMEN FLAT SANDALS FOR SUMMER VACATION SHOES SUMMER SALE,Shoes
1.0,,,,18.8,21.0,400+ sold recently,"Women Rhinestone Decor Slide Sandals, Fashion Summer Flat Sandals",Shoes
9.0,,,,7.6,20.0,200+ sold recently,"Women's Platform Slide Sandals With Wedge Heels, Vacation Casual Lightweight Minimalist Style Travel Sandals With Elastic Back Strap For All Seasons, Black",Shoes
1.0,,,,10.13,25.0,90+ sold recently,1pair Women Comfortable Running Shoes,Shoes
10.0,,,,19.5,21.0,300+ sold recently,"Women White Woven Rope Wedge Mules With Thick Soles, Vacation Style Platform High-Heeled Slippers",Shoes
5.0,,,,18.72,20.0,60+ sold recently,Women Metal Detail Square Toe Slingback Flat Loafers,Shoes
17.0,,,,13.4,21.0,1.5k+ sold recently,Women's Fashionable Round Toe Metal Thin Strap Comfortable Flat Sandals With Ankle Buckle,Shoes
1.0,,,,28.99,0.0,,MOTF PREMIUM WOMEN'S OUTDOOR ROUND TOE WEDGE HEEL THICK PLATFORM BRAIDED FABRIC SIMPLE & FASHIONABLE APRICOT SLIP-ON SANDALS,Shoes
7.0,,,,22.6,20.0,200+ sold recently,"Flats Women Shoes Casual Sneakers, Lace Up Soft Sole Flat Comfortable Skate Shoes For Women, Lightweight High-Top Black White Shoes",Shoes
5.0,,,,2.8,28.0,100+ sold recently,5pcs  Series Shoe Charms For Clog Bubble Slides Sandals ABS Cute Kawaii  Shoes Decoration DIY Accessories For Women Girls Gifts,Shoes
7.0,,,,5.25,58.0,1.0k+ sold recently,"Women T-Strap Sandals With Faux Pearl Decoration, Black Roman Flat Sandals For Summer, Toe Clip Comfortable Casual Beach Vacation Style, Fashionable And Versatile Thong Sandals With Elastic Heel Strap",Shoes
1.0,,,,1.2,37.0,600+ sold recently,"Random Pattern Clog Charms, 5pcs/10pcs/20pcs/30pcs/50pcs/100pcs Per Set, Various Fashionable And Cute Cartoon Designed Shoe Decorations",Shoes
4.0,,,,21.58,20.0,1.1k+ sold recently,MOTF PREMIUM SQUARE-TOE SIMPLE AND COMFORTABLE WOMEN FLAT SANDALS FOR SUMMER VACATION SHOES SUMMER SALE,Shoes
1.0,,,,18.8,21.0,400+ sold recently,"Women Rhinestone Decor Slide Sandals, Fashion Summer Flat Sandals",Shoes
9.0,,,,7.6,20.0,200+ sold recently,"Women's Platform Slide Sandals With Wedge Heels, Vacation Casual Lightweight Minimalist Style Travel Sandals With Elastic Back Strap For All Seasons, Black",Shoes
1.0,,,,10.13,25.0,90+ sold recently,1pair Women Comfortable Running Shoes,Shoes
10.0,,,,19.5,21.0,300+ sold recently,"Women White Woven Rope Wedge Mules With Thick Soles, Vacation Style Platform High-Heeled Slippers",Shoes
5.0,,,,18.72,20.0,60+ sold recently,Women Metal Detail Square Toe Slingback Flat Loafers,Shoes
17.0,,,,13.4,21.0,1.5k+ sold recently,Women's Fashionable Round Toe Metal Thin Strap Comfortable Flat Sandals With Ankle Buckle,Shoes
7.0,,,,22.6,20.0,200+ sold recently,"Flats Women Shoes Casual Sneakers, Lace Up Soft Sole Flat Comfortable Skate Shoes For Women, Lightweight High-Top Black White Shoes",Shoes
9.0,,,,20.9,18.0,900+ sold recently,"Mary Jane Shoes For Women, Retro Square Toe Flat Shoes, Fairy Style, Large Size, Eu 41-43",Shoes
1.0,,,,19.2,21.0,300+ sold recently,It Is Recommended To Take One Size Larger 2024 Summer Shoes Women White Shoes Lace-Up Breathable Sneakers Comfortable Sport Shoes Soft And Ultra Light Ladies Flat Shoes Look So Cute,Shoes
1.0,,,,5.04,64.0,100+ sold recently,SHUZIA Women's Casual Beaded Flat Sandals,Shoes
10.0,,#3 Best Seller,In Coffee Brown Women Heeled Sandals,18.4,21.0,,"Women's High Heel Sandals Elegant Classic Black, Suitable For Parties, Weddings, Easy To Match, Peep Toe, Ankle Strap With Thin Straps, Heel Height 9cm",Shoes
5.0,,,,14.9,24.0,800+ sold recently,Mens Shoes Lightweight Athletic Running Walking Workout Shoes Casual Sports Tennis Gym Shoes Fashion Sneakers Trainer,Shoes
10.0,,,,13.28,20.0,1.1k+ sold recently,"Women Black Faux Suedette Flats, Fashionable Round Toe Slip On Ballet Flats",Shoes
1.0,,,,15.8,21.0,,"Women's Casual High Top Canvas Sneakers, Elastic Printed Letters Upper, Lightweight Sole, Warm But Not Fluffy Lining, Autumn/Winter Style",Shoes
1.0,,,,2.0,29.0,60+ sold recently,New Detachable Fairy Round Tail Simulation Butterfly Fashionable Versatile Sandal Accessory Shoe Ornament,Shoes
1.0,,,,13.0,0.0,400+ sold recently,SHUZIA Women's Stylish & Versatile Summer Flat Sandals,Shoes
1.0,,,,1.32,27.0,10+ sold recently,"2 Pcs Ink Splashing No Tie Elastic Shoelaces Stretch Tieless With Magnetic Shoe Laces, Elastic Multicolor Shoelaces With 4pcs Metal Press Buckles",Shoes
25.0,,,,10.2,20.0,1.7k+ sold recently,"2023 New Arrival Fashionable Women's Flat Sandals, Roman Style, Khaki Color, Pearl Detailing, Suitable For Casual And French Style Outfits",Shoes
1.0,,,,17.7,21.0,20+ sold recently,"Women's Breathable Lace-Up Running Shoes For Four Seasons, Suitable For Park Walking, Comfortable And Fashionable",Shoes
1.0,,#5 Best Seller,In Beige Women Slippers,6.0,24.0,,"Women Flower Decor Flip-Flops, Fabric Fashion Flip-Flops",Shoes
1.0,,,,4.9,25.0,200+ sold recently,Star Pattern Fluffy Bedroom Slippers,Shoes
4.0,,,,8.7,24.0,100+ sold recently,"Women Pearl Decorated Slipper, Rhinestone Wedge Flip Flops, Suitable For Beach Wedding",Shoes
4.0,,#2 Best Seller,In White Men Flip Flops & Slides,3.27,77.0,,Men Indoor/Outdoor Sports And Leisure Summer Slippers,Shoes
4.0,,,,9.89,45.0,1.4k+ sold recently,Womens Slide Sandals Summers Adjustable Slip On Slippers Cork Footbed With Comfort Arch Support,Shoes
20.0,,,,18.6,21.0,100+ sold recently,Party/Holiday/Casual Pink Square Toe Slip-On Metal Buckle Flat Sandals,Shoes
1.0,,,,6.9,23.0,200+ sold recently,Simple And Fashionable Outdoor Beach Black Flip Flops,Shoes
1.0,,#3 Best Seller,In Pink Women Platforms & Wedge Sandals,19.1,20.0,,SHEIN ICON Women's Pink Platform Wedge Sandals Vacation Shoes Summer Sale,Shoes
1.0,,,,0.87,52.0,200+ sold recently,Soft Foam Insoles & Heel Pads & Shoe Pads For High Heels,Shoes
1.0,,,,17.0,0.0,2.3k+ sold recently,"CUCCOO SZL Woman Shoes Metallic Thin Strap Chunky Heeled Sandals, Glamorous Gold Strappy Sandals For Summer Graduation Heels Prom Heels Vacation Shoes Summer Sale",Shoes
4.0,,,,16.84,47.0,500+ sold recently,ROMWE Grunge Punk Women's 2024 New Gothic Dark Punk Chain Buckle Platform Wedge Sandals,Shoes
5.0,,#6 Best Seller,In Silver Women Heeled Sandals,20.8,21.0,,"Women'S Elegant Thick Heel Sandals With Crystal Heel & Transparent Rhinestone Buckle Strap, Summer New Arrival",Shoes
1.0,,,,14.0,18.0,200+ sold recently,Black Pointed High Heel Sandals Pointed Toe Fairy Shoes 2024 New Summer French Style With Skirts Shoes,Shoes
1.0,,,,10.58,27.0,1.4k+ sold recently,"Men's Coconut Hole Design Hollow-Out Toe Slippers With Anti-Slip Sole For Outdoor Sports, Beach, And Summer",Shoes
1.0,,,,9.99,49.0,200+ sold recently,Womens Sandals Shoes Comfort Walking With Non Slip On Casual Summer Beach Shoes,Shoes
4.0,,,,15.1,21.0,300+ sold recently,CUCCOO BIZCHIC Cuccoo Women's Solid Color Round Toe High-Heeled Sandals Vacation Shoes Summer Sale,Shoes
1.0,,#10 Best Seller,In Black and White Shoe DIY Decorations,1.7,32.0,,7pcs Luminous Dinosaur Skeleton Pattern Shoe Charms For Hole Shoes And Wristband,Shoes
1.0,,#5 Best Seller,In Light Grey Women Flat Sandals,10.89,40.0,,Trendy Summer Flat Roman Sandals Women Flat Gladiator Sandals With Buckle Clip Toe Short Boots,Shoes
1.0,,,,18.4,21.0,,"Women's Summer Flat Sandals, Outdoor Fashionable Slippers With Transparent Heels And Colorful Butterfly Decoration",Shoes
1.0,,,,22.3,20.0,400+ sold recently,2024 Summer Garbage Punk Outdoor Casual New Gothic Style Cross-Strap And Chain Detail Thick Bottom Slippers With Wedge Heels,Shoes
1.0,,#9 Best Sellers,in High Heel Women Shoes,18.1,20.0,,"SHEIN MOD Women Bow Decor Stiletto Heeled Mule Sandals, Fashion Summer Heeled Sandals Vacation Shoes Summer Sale",Shoes
17.0,,,,12.15,50.0,30+ sold recently,"Women's Gold Metallic High-Heel Sandals With Ankle Wrap, Square Toe And Chunky Heel, Comfortable And Versatile, Open Toe And Leg-Lengthening Design, Pink Fresh Style High Heels",Shoes
26.0,,,,8.1,21.0,1.6k+ sold recently,"Elegant White Sandals For Women, Snakeskin Embossed Cut Out Design Slide Sandals",Shoes
4.0,,,,5.96,49.0,700+ sold recently,Women's Summer Flat Crossed Multi-Strap Slip-On Toe Ring Sandals Casual Beach Shoes,Shoes
12.0,,#5 Best Seller,In White Women Platforms & Wedge Sandals,22.08,21.0,,"Women Pom Pom Trim Espadrille Flatform Slide Sandals, Vacation Outdoor Linen Wedge Sandals",Shoes
1.0,,#10 Best Sellers,in Women Slippers Below $3.99,3.6,25.0,,Women's House Slippers,Shoes
5.0,,,,23.0,0.0,500+ sold recently,SHUZIA Weight Gain,Shoes
1.0,,,,13.09,33.0,400+ sold recently,"Strappy Platform High Heel Peep Toe Sandals, New Summer Wedge Ankle Boots With Increased Size For Women",Shoes
1.0,,,,18.5,32.0,200+ sold recently,Men Minimalist Lace-up Front Low Top Sneakers,Shoes
1.0,,,,4.81,63.0,100+ sold recently,SHUZIA Women Fashionable And Concise Fluffy Flat Slippers For Daily Use At Home,Shoes
1.0,,,,11.8,21.0,10+ sold recently,Women Summer Casual Flat Slipper Open Toe Sandals With Cat Heel And Thin Strap,Shoes
1.0,,,,20.2,20.0,,"Women's Elegant Style Gold-Tone Hardware Buckle With Rhinestone Chain Decoration, Fashionable Pointed Toe Clip Toe Sandals With Thin Straps, Orange Sardine Fabric, Flat Heel, Suitable For Daily Wear And Parties.",Shoes
1.0,,#10 Best Seller,In Black Men Slippers,5.8,26.0,,Men Sandals Flip Flops Man Slippers Solid Color Simple Non-Slip Soft Sole Slides Shower Slippers For Men,Shoes
9.0,,,,9.6,22.0,7.7k+ sold recently,"Women's Fashionable, Casual, Metal Detail, Soft Cushion, Toe Clip, Lightweight, Flat Sandals",Shoes
1.0,,,,7.9,21.0,900+ sold recently,"Women Toe Post Slingback Thong Sandals, Cool Solid Minimalist Outdoor T-Strap Flat Sandals",Shoes
4.0,,,,9.6,21.0,3.4k+ sold recently,"Women Two Part Slide Sandals, Elegant Brown Flat Sandals For Summer",Shoes
5.0,,#3 Best Sellers,in High Heel Women Knee-High Boots,35.3,20.0,,Women's Chunky Heel Pointed Toe Knee-high White Boots With Zipper Closure And Wrinkled Design For Autumn/winter,Shoes
1.0,,,,9.0,20.0,1.0k+ sold recently,"Women's Flat Soft Anti-Slip Clip Toe Flip Flops For Outdoors, Beach, Vacation, Couples",Shoes
1.0,,,,19.7,21.0,400+ sold recently,"Women Woven Strap Pyramid Heeled Mule Sandals, Fashion Summer Heeled Sandals",Shoes
1.0,,,,7.89,42.0,10+ sold recently,Men's Simple Solid Color Anti-Slip Woven Strap Flip-Flops Slippers,Shoes
1.0,,,,8.26,41.0,900+ sold recently,SHUZIA Faux Leather Basketweave Slip-On Sandals,Shoes
1.0,,,,13.98,30.0,300+ sold recently,Women's  Square Open Toe Ankle Strap Low Block Chunky Heels Sandals Roman,Shoes
9.0,,,,7.8,21.0,2.4k+ sold recently,"Women's White Wedge Heels Sandals, Simple Elastic Strap & Crossed Straps, Suitable For Vacation, Island Travel & Daily Wear",Shoes
13.0,,,,18.0,19.0,2.3k+ sold recently,"Women's Pointed Toe Stiletto High Heels, Backless & Breathable & Slingback & Shoes, For Spring & Summer",Shoes
1.0,,,,19.1,18.0,600+ sold recently,"Women Minimalist Point Toe Slingback Flats, Fashion Outdoor Flats",Shoes
1.0,,,,6.97,48.0,40+ sold recently,"Women's Anti-Slip Lightweight White Mesh Sneakers With Breathable Mesh Upper And Hook And Loop Strap For Outdoor Casual Running, Plus Size (On Sale)",Shoes
7.0,,#9 Best Seller,In Black Women Platforms & Wedge Sandals,8.22,21.0,,"Women's Striped Cloth Platform Sandals With Woven Bottom, Summer Vacation Style",Shoes
8.0,,,,24.0,21.0,300+ sold recently,"Women's Platform Wedge Sandals With Espadrille Bottom, Bohemian Roman Style For Summer Beach Outdoors",Shoes
4.0,,,,11.0,21.0,1.0k+ sold recently,"Women Minimalist Ankle Strap Sandals, Elegant Black Flat Sandals",Shoes
1.0,,,,2.6,28.0,600+ sold recently,"20pcs Coffee Shoe Charms Set For Clogs  Bubble Slides Sandals, PVC Shoe Decorations Beach Bag Accessories Gift Idea For Birthday Christmas Halloween Party Favors",Shoes
20.0,,,,13.2,20.0,500+ sold recently,Summer New Outdoor Comfortable Woven Roman Style Women Wedge Platform Sandals,Shoes
1.0,,#2 Best Seller,In Grey Men Shoes,3.01,32.0,,Men's Summer Fashionable And Breathable Flip Flops For Outdoor Activities,Shoes
22.0,,,,13.0,20.0,40+ sold recently,"Women's Square Toe Slip-On Slippers, New Summer French Style Kitten Heel High-Heeled Sandals, Comfortable And Versatile Outdoor Beach Shoes, Earth Color Brown High-Heels",Shoes
6.0,,,,1.3,35.0,200+ sold recently,"1pair/2pairs Pain Relief Forefoot Insert Pads Women Sponge Toe Plug Half Insoles Adjustment Reduce Shoe Size Filler Protectors Cushion Super Soft Shoes Front Insole Sponge Half Pad For High Heels, Loafers, Adjustable Toe Protection, Anti-Skid, Pain Relief, Half Size Insole, Forefoot Pad",Shoes
1.0,,,,7.2,23.0,100+ sold recently,"Women Bow Decor Strap Slides, Fashionable Open Toe Flat Sandals For Vacation",Shoes
1.0,,,,15.0,0.0,600+ sold recently,SHUZIA Wide Fit Minimalist Ballerina Flats,Shoes
4.0,,,,9.89,45.0,1.4k+ sold recently,Womens Slide Sandals Cork Footbed With Comfort Arch Support Straps Adjustable Buckle Slip On Sandals,Shoes
14.0,,,,14.94,23.0,700+ sold recently,Women Simple Solid Color Thick-Soled Flat Sandals Suitable For Outdoor In Summer,Shoes
1.0,,,,18.4,21.0,100+ sold recently,"Women Rhinestone Decor Pyramid Heeled Mule Sandals, Glamorous Party Heeled Sandals",Shoes
1.0,,,,11.2,21.0,200+ sold recently,"Campus Style 2024 New Spring/Autumn Women's White Round Toe Slip-On Skateboarding Shoes, Versatile Casual Sports Shoes For Outdoors",Shoes
1.0,,,,19.68,20.0,300+ sold recently,Bow Decor Ankle Strap Satin Stiletto Pumps,Shoes
1.0,,,,6.95,50.0,10+ sold recently,"Women's Cross-Strap Thick Sole Slippers, EVA, Streetwear, Fashionable Slides Sandals, Ideal For Vacations, Waterproof Platform, Pink",Shoes
1.0,,,,16.7,20.0,80+ sold recently,Clear Strap Chunky Heeled Ankle Strap Sandals,Shoes
1.0,,,,19.6,18.0,200+ sold recently,"Women Chain Decor Crocodile Embossed Flats, Punk Point Toe Flat Shoes",Shoes
1.0,,,,11.8,41.0,20+ sold recently,SHUZIA Square Open Toe Buckled Ankle Block Heel Sandals,Shoes
9.0,,,,20.9,5.0,1000+ sold recently,CUCCOO BIZCHIC Woman Shoes Satin Point Toe Chunky Heeled Slingback Pumps For Summer Graduation Heels Prom Heels Vacation Shoes Summer Sale,Shoes
1.0,,,,8.75,58.0,,Metallic Detail Lace-up Front Skate Shoes,Shoes
1.0,,,,10.05,58.0,500+ sold recently,"Women's Summer Wedge Heel Thick Platform Sandals With Pu Sole, Straps, Stylish & Ideal For Vacation",Shoes
13.0,,,,10.7,18.0,300+ sold recently,"Elegant Flat Loafers For Women, Metal Decor Slip-on Flats",Shoes
1.0,,,,7.8,40.0,40+ sold recently,"Solid Color Women's Sandals With Toe Loop Buckle Strap, New Casual-Elegant Spring/Summer Style, Toeless For Beach Vacation, Green",Shoes
1.0,,,,10.25,56.0,10+ sold recently,Jewelled Decor Chunky Heeled Slingback Pumps,Shoes
10.0,,,,10.6,20.0,700+ sold recently,"Women's Fashion Plus Size Black Clip Toe Casual Outdoor Flat Sandals, Flat Slippers",Shoes
1.0,,,,0.6,71.0,100+ sold recently,"2pairs Ladies' Invisible Toe Socks With Forefoot Cushion Pad, Anti-Skid & Sweat-Absorbent, Suitable For High Heels, Casual Shoes, Shoes, Sports Shoes",Shoes
1.0,,,,20.8,21.0,1.7k+ sold recently,"Women Apricot Stiletto Heeled Ankle Strap Sandals, Open Toe Fashionable Heel Sandals",Shoes
1.0,,,,6.8,20.0,20+ sold recently,"Women's Pink Foam Flat Sandals, Summer Fashion European And American Style Solid Color Beach Flip Flops",Shoes
1.0,,,,9.5,68.0,,"Women's Fashionable Winter Boots, One-step On Design, Closed-toe, Classic Style, Warm And Cozy",Shoes
1.0,,,,26.6,21.0,4.8k+ sold recently,"2024 New Arrival Women's Peep Toe Platform Flat Sandals With Wedge Heel, Metal Rhinestone Decorated Slip-On Mules, For Casual, Beach, And Outdoor Activities",Shoes
5.0,,,,2.8,28.0,400+ sold recently,5pcs  Series Shoe Charms For Clog Bubble Slides Sandals ABS Cute Kawaii Kitty Shoes Decoration DIY Accessories For Women Girls Gifts,Shoes
1.0,,#4 Best Sellers,in Ultra High Heel Shoes,23.7,21.0,,"Women Wedge Slide Sandals, Clear PVC Vacation Sandals",Shoes
1.0,,,,15.4,21.0,200+ sold recently,"Glamorous Ankle Strap Sandals For Women, Faux Suede Rhinestone Decor Chunky Heeled Sandals",Shoes
1.0,,,,2.13,49.0,200+ sold recently,Versatile Women's Shoes Metal Buckle Removable Shoe Accessory Flower Decoration Shoe Clip Ornament Footwear Decorations,Shoes
1.0,,,,1.8,28.0,100+ sold recently,"1 Pair Wrinkle-resistant Shoe Support For Toe Area To Prevent Bending, Cracking And Creasing, Keep Sports Shoes In Good Shape Easily & Lightly",Shoes
1.0,,,,3.05,52.0,80+ sold recently,"Men's Summer Fashion Plaid Soft-Sole Slipper, Comfortable, Anti-Skid, Durable, Lightweight, Breathable, Suitable For Indoor And Outdoor Use",Shoes
1.0,,,,1.39,34.0,100+ sold recently,1pair Wear-resistant Heel Protection Pad,Shoes
1.0,,,,5.55,55.0,300+ sold recently,"Men's Waterproof Slip-Resistant Closed Toe Holes Shoes, 2-In-1 Sandals",Shoes
9.0,,#5 Best Seller,In Brown Men Sneakers,13.3,25.0,,Men's Lace Up Flat Shoes Mesh Breathable Sports Shoes Training Tennis Shoes Walking Sneakers Breathable Casual Shoes Fashion Shoes For Men Brown,Shoes
1.0,,,,12.1,21.0,2.4k+ sold recently,"Women Wedge Heel Platform Sandals, Classic Style Slides With Wedge Heels And Thick Soles, Outdoor Slides, Black Wedge Slides, Suede-Look Wedge Heel Sandals, Fashionable Wedge Heel Sandals For Weddings Or Home, Platform Slides On Sale For Women In Plus Size",Shoes
1.0,,,,0.99,0.0,400+ sold recently,1 Pair Of Transparent Circular Style Anti-Skid Slouchy Shoelaces With Pu/Pvc Triangular Style For High Heeled Shoes,Shoes
20.0,,,,13.4,21.0,2.7k+ sold recently,"Women's Fashionable Open Toe, Round Toe, Metallic Thin Strap, Comfortable And Versatile Buckle Flat Sandals",Shoes
1.0,,,,13.9,21.0,400+ sold recently,Toe Ring Hollow Out Slingback Sandals,Shoes
4.0,,,,4.37,57.0,800+ sold recently,"Women's Summer Fashion Flat Sandals, Beach Cute Slippers, Simple Black Color Solid Color Flip-flops",Shoes
4.0,,,,7.6,24.0,30+ sold recently,"Women's Fashionable Comfortable Round Toe Plush Gray Home Slippers With Embroidered Elephant Design, Plus Velvet And Two Tone Thickened Anti-slip Sole",Shoes
1.0,,#2 Best Seller,In Apricot Women Home Slippers,7.7,24.0,,Winter Indoor Warmth Moon Booties Home Slippers For Couples With Anti-slip Sole,Shoes
1.0,,,,17.25,25.0,200+ sold recently,"SHUZIA Women's Silver Rhinestone Coil Wrap Block Heel Dress Sandal-Dazzling,Slip-On, Square Toe,Perfect For Any Occasion",Shoes
1.0,,,,11.2,45.0,100+ sold recently,"Women\ Bow Decorated Thin High Heels, Elegant Pointed Toe Dress High Heels, Fashionable Ankle Strap Open Toe High Heels",Shoes
7.0,,,,18.3,17.0,70+ sold recently,"Women Fashionable Black Ankle Strap Sandals, Open Toe High Heeled Sandals With One Band, Elegant Chunky Heel Sandals For Summer, Suitable For Dating, Parties, Banquets And Weddings",Shoes
4.0,,,,21.8,21.0,70+ sold recently,"Women's High-Heeled Fashionable Outdoor Spring/Summer Sandals With Chunky Heels, Pointed Toes, Metallic Snake Print, Shiny Colors, Bare Straps And Blue Soles",Shoes
1.0,,#10 Best Seller,In Black Inserts & Insoles,1.5,32.0,,"5d Sports Ultra-soft High Heel Insoles With Shock Absorption, Sweat Absorption, Thickening And Soft Soles",Shoes
8.0,,,,5.4,50.0,1.8k+ sold recently,Slippers Sandals Women's Stylish & Comfortable Flat Sandals For Summer,Shoes
1.0,,,,19.3,18.0,100+ sold recently,Point Toe Crocodile Microfiber Patent Leather Flats,Shoes
1.0,,,,17.68,20.0,100+ sold recently,Women High-Heeled Pointed Toe Shoes Black High-Heeled Sandals Wedding Shoes Mary Jane Shoes Kitten Heel Dress Shoes High-Heeled Sandals Slingback Patent Leather Pumps,Shoes
1.0,,#3 Best Sellers,in Outdoor Athletic Shoes,20.7,0.0,,"1pair Women's Sports Style Fashionable Casual Lightweight Trendy Student Sneakers, White, Outdoor",Shoes
1.0,,#7 Best Sellers,in Wide Fit Shoes,10.0,16.0,,"Summer 2024 New Arrival Women's Flat Sandals With Metal Design Buckle, Round Toe, Low Heel, Wide Fit, Plus Size, Vacation Style",Shoes
1.0,,,,2.2,27.0,30+ sold recently,1pc New Trendy Hollow Five-Pointed Star Pendant Titanium Steel Chain Shoelace Accessory For  Boots,Shoes
1.0,,,,8.2,23.0,800+ sold recently,"Women's Winter Leopard Print Home Slippers With Lightning Bolt And Happy Face Design, Thick Plush Lining, Non-slip And Thick Soles",Shoes
1.0,,,,19.3,18.0,200+ sold recently,"Square Toe Suedette Flats,Women's square head simple square buckle flat shoes, solid color black deep mouth square head thick and short heel mules, four seasons suede flat shoes",Shoes
22.0,,#5 Best Seller,In Coffee Brown Women Heeled Sandals,19.9,21.0,,"Fashion Brown Mule Sandals For Women, Single Band PVC Stiletto Heeled Sandals",Shoes
19.0,,,,16.83,21.0,2.3k+ sold recently,"Women Minimalist Stiletto Heeled Slingback Thong Sandals, Fashion Summer Heeled Sandals",Shoes
1.0,,,,31.1,20.0,200+ sold recently,"2023 Fall/winter New Arrival Fashionable Women's Boots, Versatile Thick & Stiletto Heel Pointed Toe Ankle Boots",Shoes
1.0,,,,18.9,17.0,70+ sold recently,Women's Elegant Pointed Toe Flat Mules,Shoes
1.0,,,,11.9,18.0,70+ sold recently,Summer Women Lace Hollow Out Flat Shoes Comfortable Linen Casual Backless Mules Sandals,Shoes
1.0,,,,18.2,18.0,50+ sold recently,Minimalist Point Toe Suedette Flats,Shoes
1.0,,,,4.6,25.0,700+ sold recently,"33pcs   Shoe Charms For Clogs  Bubble Slides Sandals,  PVC Shoe Decorations Beach Bag Accessories Gift Idea For Birthday Christmas Valentine's Day Party Favors",Shoes
1.0,,,,24.2,21.0,800+ sold recently,"Women Buckle Decor Platform Chunky Heeled Sandals, Elegant Black Slingback Sandals For Summer",Shoes
9.0,,#5 Best Seller,In Black Women Flats,16.8,18.0,,Horsebit Decor Loafer Mules Black Flat Shoes For Women,Shoes
1.0,,,,5.5,60.0,,"New Women's Fashionable & Comfortable Casual Sandals With Open Toe And Check Patterned Patchwork Design, Flat Slip-On Shoe",Shoes
31.0,,,,11.48,21.0,2.2k+ sold recently,"Women Minimalist Thin Strap Slide Sandals, Elegant Summer Flat Sandals",Shoes
1.0,,#5 Best Seller,In Multicolor Shoe Decorations,3.5,26.0,,"25pcs  Characters Shoe Decorations Accessories Charms For Clogs  Bubble Slides Sandals, Gift Idea For Birthday Christmas  Halloween Party Favors",Shoes
6.0,,,,26.81,25.0,100+ sold recently,"Women High Heel Sandals With Ankle Strap, Open Toe Chunky Heel Platform Sandals, For Prom, Party, Wedding",Shoes
1.0,,,,17.0,0.0,300+ sold recently,"SHUZIA Lady's Essential White Low Block Heel Ankle Strap Sandals - Single Toe Strap, Stable, Comfortable, Red-Carpet, Wedding",Shoes
1.0,,,,1.17,47.0,90+ sold recently,"Self-adhesive elastic bandage to protect fingers and toes, prevent abrasions on the feet",Shoes
6.0,,#2 Best Sellers,in Mid Heel Women Pumps,17.88,23.0,,CUCCOO SZL Buckle Decor Burgundy High Heel Pumps For Summer Graduation Heels Prom Heels Vacation Shoes Summer Sale Elegant Heels,Shoes
8.0,,,,88.7,24.0,100+ sold recently,"Sports Shoes, Street Sports Shoes, Men's And Women's Sports Shoes, Couple Shoes",Shoes
1.0,,,,1.8,31.0,500+ sold recently,"10 Cool Baseball Series PVC Shoe Charm, Can Be Used To Decorate Bags, Keychains, DIY, Phone Cases And  Alligator Charm Clothing",Shoes
5.0,,,,16.15,5.0,3.6k+ sold recently,CUCCOO SZL Woman Shoes Criss Cross Heeled Ankle Strap White Sandals For Summer Graduation Heels Prom Heels Vacation Shoes Summer Sale,Shoes
1.0,,,,2.35,45.0,80+ sold recently,2Pcs Women Belly Ballet Half Shoes Split Soft Sole Paw Dance Feet Protection Toe Pad Well Foot Care Tool,Shoes
4.0,,,,9.18,42.0,2.0k+ sold recently,"Glamorous Outdoors Flat Slippers For Women, Rhinestone Decor Artificial Leather Open Toe Slide Sandals",Shoes
1.0,,#3 Best Seller,In Pink Women Pumps,20.9,18.0,,"Versatile Low-cut French Style Ballet Flats For Women To Pair With And High Heels, 2023 New Vintage Elegant Mary Jane Shoes",Shoes
1.0,,,,15.04,20.0,400+ sold recently,"Women White Minimalist Flats, Point Toe Slingback Flats",Shoes
1.0,,,,6.9,70.0,30+ sold recently,"Black Lace-up Chunky Boots,Women's black minimalist thick heel moto boots, stylish round head high-heeled outdoor side zipper boots",Shoes
14.0,,,,20.8,19.0,300+ sold recently,"Women's Coffee Brown Mary Jane Shoes With Buckle & Chunky Heel, Fashionable Style For Skirt And Outdoors",Shoes
4.0,,,,18.6,21.0,100+ sold recently,Women Summer Breathable Black Knitted High Heel Mules With Square Toe And Open-Toe Design,Shoes
1.0,,,,14.1,18.0,,"New Women's Beige Flat Shoes, Fashionable Breathable Hollow Mesh Round Toe Slip-On With Comfortable Non-Slip Soft Sole, Elegant Women's Footwear",Shoes
4.0,,,,19.7,21.0,900+ sold recently,New Arrival Women's Wedge Heel Thick Sole Fashionable Comfortable White High-Heeled Casual Sandals,Shoes
1.0,,,,19.23,25.0,10+ sold recently,Cowboy Boots For Women Mid Calf Cowgirl Boots Chunky Stacked Low Heel Heel Side Zipper Embroidery Western Wid Calf Boots Almond Shaped Pointed Toe Classic Casual Fashion,Shoes
6.0,,,,13.75,43.0,400+ sold recently,Women's Spring/Summer New Style Comfortable Breathable Sports Shoes Running Shoes Sneakers,Shoes
1.0,,#5 Best Seller,In Rust Brown Women Shoes,8.56,54.0,,"Trendy Buckle Flat Cork Slippers, Vacation Style, Unisex Outdoor And Casual Slippers For Summer Beach, Birkenstocks",Shoes
8.0,,#7 Best Seller,In Pink Women Sports Shoes,14.25,36.0,,"2023 Summer New Design Women's Slip-resistant Running Shoes, Multi-functional Breathable And Comfortable Sports Shoes With Mesh Fabric",Shoes
15.0,,#1 Best Sellers,in Skate Shoes Women Shoes,11.5,24.0,,"Women's Solid Color Canvas Flat Shoes, Round Toe Breathable Lace-Up Anti-Slip Shoes, Classic Low-Top Canvas Shoes, Solid Color Lace-Up Casual Shoes, Comfortable Footwear For Women, Athletic Shoes, Outdoor Shoes",Shoes
1.0,,,,13.0,0.0,100+ sold recently,SHUZIA Women's Fashionable Flat Ankle Strap Sandals For Summer Holidays,Shoes
1.0,,,,12.25,47.0,,Rhinestone Decor Chunky Heeled Slingback Pumps,Shoes
4.0,,#2 Best Seller,In Black Wide Fit Flats,18.9,17.0,,"Wide Fit Women's New Arrival Metal Decor Flat Mule Shoes, Simple Style Loafers",Shoes
1.0,,,,20.3,21.0,100+ sold recently,"Women Minimalist Ankle Strap Chunky Heeled Ankle Strap Sandals, Elegant Summer Heeled Sandals",Shoes
8.0,,#1 Best Sellers,in High Heel Women Heeled Sandals,16.63,21.0,,"Women Crocodile Embossed Toe Post Stiletto Heeled Sandals, Fashionable Thong Sandals For Summer",Shoes
1.0,,,,3.26,62.0,20+ sold recently,Women Clogs Sandals Summer EVA Lightweight Outdoor Shoes Non-Slip Flat Beach Slippers Casual Cave Shoes,Shoes
1.0,,,,6.5,33.0,,"Women's Unisex Plastic Slippers, Wide Design, Minimalist Style",Shoes
1.0,,,,21.0,20.0,,"Women's Gold High Heel Sandals With Criss-Cross Straps, Chunky Square Toe For Beach Vacation Party Girls",Shoes
1.0,,,,2.25,50.0,30+ sold recently,"14pcs/Set Cute Cat And Dog Shoe Decoration Charms For Clog Sandals, Beach Bag And Slippers Accessories, Head And Butt Shaped DIY Materials For Accessories",Shoes
1.0,,,,13.2,20.0,900+ sold recently,"2024 New Plus Size Women's Shoes, Thick Sole Comfortable Sandals With Rope Upper And Butterfly Decoration",Shoes
11.0,,#7 Best Seller,In Black Women Casual Shoes,7.02,61.0,,"New Spring & Summer Embroidered Slip-On Mom Shoes, Floral Pattern, Breathable Soft Anti-Slip Sole Women Shoes",Shoes
17.0,,,,10.3,21.0,4.2k+ sold recently,"Summer New Arrival Women's Plus Size Slip-On Comfortable Casual And Stylish Flat Sandals, Outdoor Beach Slippers",Shoes
4.0,,,,16.0,47.0,100+ sold recently,SHUZIA Vegan Leather Side Zipper Chunky Heels Booties,Shoes
9.0,,,,21.2,21.0,400+ sold recently,"Women Silver Pyramid Chunky Heel Slippers With Muller Design, Gorgeous Party High-Heeled Sandals",Shoes
4.0,,,,22.0,17.0,400+ sold recently,(plus Size) Women's Round Toe Chunky Heel Slip-on High-heeled Sandals With Elastic Band And Toe Ring,Shoes
1.0,,,,20.0,0.0,40+ sold recently,"SHUZIA 2024 Perfect Replica Black Pat Chunky Buckle Slingback Flats: Sophisticated Punk Style, Angular Silhouette, Chunky Grommets, Oversized Buckles, Snip Toe.",Shoes
4.0,,#3 Best Seller,In Multicolor Women Home Slippers,9.7,24.0,,"Women's Checkered Pattern Home Slippers, Casual And Comfortable, Fluffy, Round Toe, Flat Heel, Black And White Chessboard, Suitable For Indoor And Bedroom Wear, Autumn And Winter",Shoes
4.0,,#9 Best Seller,In Black Women Heeled Sandals,15.6,20.0,,"Elegant Black Sandals For Women, Braided Detail Chunky Heeled Ankle Strap Sandals",Shoes
1.0,,,,2.58,40.0,10+ sold recently,"30pcs Random Marine Animals Shoe Decorations Accessories Charms For Clogs  Bubble Slides Sandals, Gift Idea For Birthday Christmas  Halloween Party Favors",Shoes
1.0,,#8 Best Seller,In Navy Blue Women Flat Sandals,12.0,0.0,,SHEIN SHUZIA Slip On Paris Embroidered Flat Sandals,Shoes
1.0,,#5 Best Seller,In Blue Women Home Slippers,5.1,24.0,,Minimalist Fuzzy Bedroom Slippers,Shoes
1.0,,,,3.2,26.0,400+ sold recently,"23pcs   Shoe Charms For Clogs  Bubble Slides Sandals,  PVC Shoe Decorations Beach Bag Accessories Gift Idea For Birthday Christmas Valentine's Day Party Favors",Shoes
4.0,,#6 Best Seller,In Grey Women Athletic Shoes,18.6,18.0,,Women's Grey Knit Detailed Lace-up Running Shoes For Road,Shoes
1.0,,,,18.0,0.0,,CUCCOO TILAWA Knit Detail Hollow Decor Mules,Shoes
1.0,,,,10.5,20.0,,"Women's Lace-Up Open-Toe Roman Sandals, Hollow Out Flat Bottom Vacation Beach Shoes For Summer",Shoes
1.0,,#1 Best Seller,In Multicolor Women Heeled Sandals,21.3,21.0,,Party Sexy Leopard Print Round-Toe High Heels With Bowknot Decor And Thin Heels,Shoes
1.0,,,,23.25,25.0,800+ sold recently,"One Pair Of Women's Sporty Lace-Up Sneakers, Silver-Tone Metallic, Trendy Casual Chunky Shoes",Shoes
4.0,,,,20.9,21.0,1.6k+ sold recently,"Women Metallic Glitter Chunky Heeled Strappy Sandals, Glamorous Gold Sandals",Shoes
1.0,,,,15.04,20.0,50+ sold recently,"Minimalist Suedette Point Toe Stiletto Heeled Pumps, Black Elegant Solid Color Women's High-heeled Shoes",Shoes
1.0,,,,17.7,0.0,30+ sold recently,"Women's Breathable Lightweight Flat Casual Sports Shoes, White",Shoes
1.0,,,,8.75,56.0,20+ sold recently,SHUZIA Faux Leather Square Toe Single Band Sandals,Shoes
7.0,,,,13.4,21.0,500+ sold recently,"Women's Holiday Season Pink Snake Embossed Floral Heeled Slippers, Platform Gladiator Sandals, Comfortable Wedge Sandals, Elegant Home Slippers, Black Friday Party Slippers, Outdoor Wedge Slippers, Fashionable Wedge Slippers, Christmas Wedge Slippers, Platform Wedge Slippers, Women's Synthetic Leather Wedge Slippers",Shoes
6.0,,,,8.5,23.0,200+ sold recently,Women's White Fashionable Solid Color Bedroom Slippers With Weave Detailing And Plush,Shoes
1.0,,,,28.49,5.0,100+ sold recently,MOTF PREMIUM POINTED TOE & STILETTO HEEL ROSE DECOR ELEGANT WOMEN'S HIGH HEEL SHOES VACATION SHOES SUMMER SALE,Shoes
1.0,,,,1.9,30.0,800+ sold recently,"10pcs  Disney Headband Ears Headband Pattern Shoe Decorations Shoe Accessories Charms For Clogs  Bubble Slides Sandals, Gift Idea For Birthday Christmas  Halloween Party Favors",Shoes
1.0,,,,12.1,18.0,100+ sold recently,"Women's Fashionable Square Toe Breathable Hollow Out Woven Mesh Comfortable Slip-On Flat Shoes With Buckle Strap, Apricot",Shoes
6.0,,,,19.7,21.0,300+ sold recently,"2024 New Fashionable Buckled Waterproof Platform High-Heeled Sandals, Women Wedge Heels & Thick-Soled Casual Sandals",Shoes
1.0,,,,24.3,18.0,500+ sold recently,"Women Black Mary Jane Pumps, Elegant Round Toe Chunky Heeled Pumps",Shoes
14.0,,,,10.36,25.0,7.3k+ sold recently,"Women Criss Cross Slingback Sandals, Elegant Summer Flat Sandals",Shoes
16.0,,#10 Best Sellers,in Business,17.36,23.0,,"Elegant White Sandals For Women, Buckle Decor Flatform Slide Sandals",Shoes
1.0,,,,12.99,41.0,300+ sold recently,Womens Strappy Slip-On Slippers Adjustable Buckle Cork  With Comfortable Arch Support Outdoor Footbed Slides For Sandals,Shoes
1.0,,#5 Best Seller,In Multicolor Women Platforms & Wedge Sandals,22.28,21.0,,"SHEIN SXY Women's Candy Color Mules, Open Toe Platform Wedges With Breathable Design For Summer Beach And Casual Outfits Vacation Shoes Summer Sale",Shoes
13.0,,#6 Best Seller,In Burgundy Women Pumps,20.4,19.0,,New Spring Summer Wear Pointed Toe Versatile High Heeled Sandals,Shoes
1.0,,,,25.8,19.0,1.0k+ sold recently,"Women Chunky Heeled Mary Jane Pumps, Elegant Outdoor White Pumps",Shoes
4.0,,#9 Best Sellers,in Flat Women Outdoor Shoes,30.23,28.0,,Women's Spring Mid Calf Western Cowboy Cowgirl Boot Round Toe Embroidered Wedding Party Prom Fashion Boots,Shoes
1.0,,,,10.2,23.0,100+ sold recently,Women's Suede Fluffy Warm Indoor Slippers With Thick Sole For Home,Shoes
10.0,,#8 Best Sellers,in Women Equestrian Boots & Western Boots,29.4,18.0,,"Ken Dou Hot Style Embroidered Boots, European And American New Style Thick Heel Retro Long Cowboy And Over-The-Knee Boots For Women",Shoes
1.0,,,,19.3,21.0,700+ sold recently,"Women Minimalist Chunky Heeled Mule Sandals, Elegant Summer Heeled Sandals",Shoes
10.0,,#4 Best Sellers,in High Heel Women Pumps,18.3,18.0,,Stiletto Heels Pointed Toe High Heel Shoes With Back Strap,Shoes
1.0,,,,10.2,25.0,10+ sold recently,"Trendy EVA Platform Slippers, Casual Comfortable Outdoor Slippery-Proof Beach Shoes For Women, Double Buckle Light-Weighted",Shoes
1.0,,,,10.85,33.0,30+ sold recently,"Unisex Five-Toed Water Shoes, Quick Dry Amphibious Beach Swim Shoes For Outdoor Sports Like Hiking, Fishing, Yoga, Jumping Rope",Shoes
1.0,,,,9.8,21.0,2.2k+ sold recently,"Women's Asymmetrical Strappy Flat Slide Sandals, Spring/Summer Open Toe Roman Sandals, Home/Outdoor/Vacation Slippers",Shoes
5.0,,,,13.3,50.0,300+ sold recently,"(wide) Open-toe Gold Color Medium Heel Sandals, Suitable For Outdoor Parties, Weddings, Shiny And Elegant, Ankle Strap Women's High-heeled Sandals",Shoes
5.0,,,,13.86,1.0,1.4k+ sold recently,SHUZIA Women's Flat Sandals,Shoes
1.0,,,,10.0,50.0,200+ sold recently,SHUZIA Women's Simple Solid Color Hollow Out Thick Sole Sandals,Shoes
1.0,,,,10.7,21.0,,"Women's Lace-Up Open-Toe Roman Sandals, Flat Heel, Hollow Out Design, Ideal For Summer Vacation And Beach",Shoes
1.0,,,,13.53,22.0,600+ sold recently,Styleloop Simple Ladies' Flat Shoes For Summer Vacation Shoes Summer Sale Boho Feels,Shoes
1.0,,,,18.9,19.0,1.1k+ sold recently,"Women's Pointed Toe High Heels With Stiletto & Black Bow Decor & Mesh Lace, Fashionable White Party Shoes",Shoes
6.0,,,,10.48,20.0,2.9k+ sold recently,"Women Minimalist Ballet Flats, Elegant Outdoor Flats",Shoes
1.0,,,,7.5,53.0,,Women's Plus Size Buckle Design Solid Color Woven  Rope Wedges Thick-Soled Sandals For Summer,Shoes
4.0,,,,17.5,50.0,60+ sold recently,Women's Fashionable Rhinestone Fringe Decor Flip Flops Wedge Sandals Platform Flip Flop Toe Post Design Slippers,Shoes
1.0,,#4 Best Seller,In Apricot Women Pumps,19.8,19.0,,"Women Point Toe Slingback Chunky Heeled Pumps, Elegant Brown And Beige Linen Pumps",Shoes
7.0,,#9 Best Seller,In White Women Slides,5.9,23.0,,"Eva Cute Bunny Shaped Women's Pink Slippers, 2024 New Summer Style, Non-Slip, Breathable And Comfortable One-Piece Design",Shoes
8.0,,#2 Best Seller,In Brown Women Flats,10.17,15.0,,CUCCOO BIZCHIC Women's Shoes Solid Point Toe Ballet Elegant Brown Outdoor Flats For Summer Vacation Shoes Summer Sale,Shoes
1.0,,,,21.1,17.0,600+ sold recently,(wide Width) Spring Summer Open Toe Elastic Strap Chunky Heel Casual Backless Sandals For Women,Shoes
18.0,,,,11.7,20.0,2.0k+ sold recently,"Women Multi Strap Multi-way Wear Flat Sandals, Elegant Black Slingback Sandals For Summer",Shoes
4.0,,,,14.7,21.0,10+ sold recently,Elegant White Women's Strappy PU Leather Ankle Strap Low Chunky Heel Sandals,Shoes
4.0,,#1 Best Seller,In Green Men Sneakers,11.32,55.0,,"Men's Anti-Slip Embossed Litchi Grain Letter Print Color Block Lace-Up Athletic Shoes, Outdoor Skateboarding Shoes",Shoes
4.0,,#1 Best Sellers,in Wide Fit Pumps,20.6,17.0,,"Elegant Black Pumps For Women, Wide Fit Point Toe Chunky Heeled Faux Suede Slingback Pumps",Shoes
8.0,,,,11.9,17.0,50+ sold recently,"French Vintage Flat Shoes, Fairy Style Mary Jane Shoes With Ankle Strap, Spring New Arrival, Shallow Mouth And Square Toe",Shoes
4.0,,,,15.4,21.0,100+ sold recently,Ladies Casual And Stylish Peep-Toe Thick-Bottomed Wedge Heel Rope Lightweight Comfortable And Breathable Pumps With Flower Print PU Leather For Spring And Summer,Shoes
5.0,,,,9.1,20.0,600+ sold recently,2023 Summer New Fashion Women Leisure Flat Sandals Beach Soft Open Toe Slip-On Slippers,Shoes
22.0,,,,8.6,21.0,1.2k+ sold recently,"Korean Style Casual Flat Slippers For Women, Open Toe Design Suitable For Outdoor Activities Such As Beach, Vacation, Summer, Autumn, Etc. It Is A Perfect Match With Skirts In French Or Bohemian Styles. Slouchy Shoes With Braided Roman Design.",Shoes
1.0,,,,19.1,25.0,20+ sold recently,"CLOHOO Exclusive Brand Hand-Stitched Breathable Comfortable Lace-Up Loafers, Fashionable Boat Shoes For Men",Shoes
1.0,,,,19.7,25.0,200+ sold recently,"Men Letter Graphic High Top Sock Sneakers, Men's White Knit Running Shoes With Laces And Letter Detail",Shoes
4.0,,,,30.36,25.0,100+ sold recently,2024 Platform Espadrille Raffia Sandals For Women Wedges Slides Beach Sandals Flatform Open Toe Slop On Woven Sandals,Shoes
5.0,,,,13.0,50.0,200+ sold recently,SHUZIA Vegan Leather Pointed Toe High Block Heels,Shoes
1.0,,,,22.3,21.0,20+ sold recently,Party Casual & Vacation Green Bowknot Stiletto High-Heeled Sandals,Shoes
1.0,,#10 Best Seller,In Khaki Women Flats,7.44,56.0,,"Flower Decor Large Size Driving Loafers For Pregnant Women & Mothers, Slip-Resistant Soft Flat Shoes",Shoes
1.0,,,,5.9,24.0,1.5k+ sold recently,"Women Rhinestone Decor Flip Flops, Glamorous Summer Flip Flops",Shoes
1.0,,,,5.0,25.0,300+ sold recently,"Leopard Print Fluffy Bedroom Slippers,Winter Slippers Women's Home Indoor Non-Slip Warm Long Plush Soft Slippers.",Shoes
1.0,,,,69.99,13.0,200+ sold recently,"White Cowboy Boots For Women - Wide Calf Sparkly Cowgirl Boots, Women's Knee High Western Rhinestone Boots, Glitter Sparkle Ladies Country Boots With Classic Embroidery, Pointed Toe Pull On Zipper Stitching Retro Fashion Tall Boots",Shoes
6.0,,,,21.0,21.0,1.3k+ sold recently,"Simple & Versatile Pure White Cool One Word-Belt Sandals For Women, Holiday & Casual Style, Ladies' Wedge & Thick Platform Woven Sandals",Shoes
1.0,,,,16.0,18.0,,"Women's Black Wedge Heel Thick Sole Shoes, Lightweight Slip-Resistant Work Shoes, Fashionable Party Shoes, Bohemian Style Vacation Sandals, Color Block Peep Toe Shoes, Elevator Sandals",Shoes
18.0,,,,20.3,21.0,1.2k+ sold recently,"Women Ankle Strap Chunky Heeled Sandals, Glamorous Gold Heeled Sandals",Shoes
4.0,,,,10.7,16.0,300+ sold recently,"Women's Flat Round Toe Soft Leather Woven Multiple Strap Personality Bohemian Style Sandals, Solid Color Slippers For Daily Wear, Beach Parties, Music Festivals, Summer Gatherings, Vacation",Shoes
1.0,,,,6.27,43.0,1.4k+ sold recently,"SHEIN SHUZIA Women Braided Detail Toe Post Slide Sandals, Fashionable Minimalist Outdoor Thong Sandals",Shoes
4.0,,#3 Best Seller,In Red Women Pumps,24.5,39.0,,Women Metal Double Buckle Belt Decor Chunky Low Heel Comfort Pointy Toe Pumps Punk Back Strap Single Flat Shoes,Shoes
1.0,,,,19.36,22.0,,"CUCCOO CURVES Women's Plus Size White High-Heeled Sandals, Fashionable",Shoes
12.0,,#1 Best Seller,In Pink Women Flat Sandals,9.5,22.0,,New Arrival Fashionable & Comfortable Bow Knot Design All-Match Flat Slippers,Shoes
9.0,,#9 Best Sellers,in Mid Heel Women Heeled Sandals,14.7,21.0,,"Elegant Mule Sandals For Women, Twist Detail Chunky Heeled Sandals",Shoes
1.0,,,,13.65,50.0,100+ sold recently,"Women's Faux Pu Leather Mid-calf High-heel & Chunky-heel Outdoor Fashionable Boots, Classic Black, Suitable For Autumn/winter And Vacation Season",Shoes
1.0,,,,22.54,22.0,700+ sold recently,Women Chain Decor Lace-Up Front Skate Casual Shoes,Shoes
1.0,,,,12.87,1.0,4.7k+ sold recently,SHUZIA Minimalist Double Buckle Strap Flat Sandals,Shoes
1.0,,#8 Best Sellers,in Sneaker Accessories,1.17,38.0,,"1pair Women's Ultra-Soft Anti-Pain Insoles - Anti-Drop, Anti-Wear & Sweat-Absorbing For Long-Time Standing Comfort",Shoes
1.0,,,,2.8,28.0,200+ sold recently,"1 Pair Height Increase Insoles, 3-6cm/1.1-2.3in Optional",Shoes
1.0,,,,16.6,21.0,,"2024 New Summer Brown High Heel Sandals With Square Toe And Buckle, Comfortable Soft Sole And Trendy Unique Heel",Shoes
8.0,,#4 Best Seller,In Pink Women Platforms & Wedge Sandals,21.6,21.0,,"Ladies' Wedge Heel Platform Sandals, New Arrival Spring/Summer, Round Toe Pink Slides, Anti-Skid Water Platform, Casual Outdoors Accessories, Plus Size Women's Shoes",Shoes
4.0,,#8 Best Sellers,in Women Casual Athletic Shoes,14.18,25.0,,"1pair Sporty Breathable Women Athletic Shoes, Letter Patch Decor Drawstring Front Low-top Hiking Shoes",Shoes
1.0,,,,6.97,59.0,100+ sold recently,SHUZIA Ladies' Summer Simple And Beautiful Buckle Design Flat Sandals,Shoes
1.0,,,,10.0,50.0,20+ sold recently,SHUZIA Closed Back Ankle Strap Lug Sole Sandals,Shoes
1.0,,,,26.7,21.0,30+ sold recently,"Women's High Heel Sandals, Colorful Rhinestone Leopard Print Splicing Open Toe Thin Super High Fashionable Sandals",Shoes
1.0,,,,20.99,25.0,100+ sold recently,"MOTF PREMIUM SQUARE-TOE HIGH-HEELED COLOR-BLOCK LADIES' SANDALS, GRADUATION HEEL, PROM HEELS FOR SUMMER",Shoes
1.0,,,,17.5,19.0,100+ sold recently,"Women New Summer UR Black Patent Leather Kitten Heel Sandals With Buckle, Pointed Toe Slim-Heeled Shoes",Shoes
5.0,,#4 Best Seller,In Coffee Brown Women Platforms & Wedge Sandals,23.04,4.0,,"CUCCOO BIZCHIC Elegant Brown Platform Slide Sandals For Woman Shoes, Single Band Platform Chunky Heeled Sandals For Summer Graduation Heels Prom Heels Vacation Shoes Summer Sale",Shoes
16.0,,#1 Best Sellers,in Women Equestrian Boots & Western Boots,30.5,18.0,,Embroidered Random Floral Chunky Heel Knight Boots Western Cowboy Ladies' Fashionable Boots,Shoes
18.0,,,,11.19,21.0,5.1k+ sold recently,"Elegant Outdoors Thong Sandals for Women, Criss Cross Plain Polyester Toe Post Flat Sandals",Shoes
1.0,,#9 Best Sellers,in Ultra High Heel Women Sandals,29.6,20.0,,"Women Knot Design Faux Suede Platform Chunky Heeled Ankle Strap Sandals, Punk Black Summer Heeled Sandals",Shoes
1.0,,,,18.6,21.0,100+ sold recently,Simple Fashion Women\ Mid-Heel Square Toe Sandals With Ankle Strap,Shoes
4.0,,,,3.3,0.0,10+ sold recently,"Unisex Thickened Quick Drying Water Shoes, Summer Outdoor Sports Breathable Mesh Fabric, Barefoot Swimming Beach Shoes",Shoes
12.0,,,,20.7,18.0,100+ sold recently,"Women's Classic Black Patent Leather Sandals, Fashionable Pointed Toe Slingback With Buckle Decoration Flat Shoes, Suitable For Casual Outdoor Wear",Shoes
1.0,,,,16.03,20.0,40+ sold recently,CUCCOO CHICEST Woman Shoes Rhinestone Decor Point Toe Mules For Spring And Summer Vacation Shoes Summer Sale Elegant Flats,Shoes
1.0,,,,10.31,49.0,10+ sold recently,Women's Comfortable Soft-Soled Casual Flat Shoes For Middle-Aged And Elderly Mothers,Shoes
5.0,,,,20.49,21.0,3.0k+ sold recently,Women's Wedge Sandals With Ankle Straps And Thick Soles,Shoes
1.0,,,,28.3,19.0,100+ sold recently,"Women Bow & Faux Pearls Decor Chunky Heeled Ankle Strap Pumps, Preppy Outdoor Pumps",Shoes
4.0,,,,22.0,20.0,80+ sold recently,"Pink Digital Detail Lace-up Front Chunky Shoes For Women, Mesh Sneakers For Sports",Shoes
1.0,,,,2.27,39.0,200+ sold recently,"Professional Sport Insoles With Medium Arch Support And Shock   Absorption For Relief In Men And Women,  Orthotics Shoe Insert, Breathable & Anti-Slip,",Shoes
1.0,,,,9.5,63.0,,Suedette Knot Decor Espadrille Wedge Slide Sandals,Shoes
1.0,,,,3.1,26.0,100+ sold recently,20pcs Travel Themed Shoe Charms For Clogs,Shoes
1.0,,,,1.75,50.0,80+ sold recently,"17pcs/Set Puerto Rico Style Shoe Decoration Charms For Clogs Jigs, Bubble Slides, Sandals, DIY Shoe Accessories For Holiday Gift, Party Favors",Shoes
1.0,,,,3.0,40.0,,2PCS Imitation Leather Leather Men And Women Arch Back Cushion Support Foot Center Flat Foot Pressure Inversion Cow Leather Insole Brown Cowhide Insole Arch Cushion Shock Absorption Men's & Women's Sports & Casual,Shoes
1.0,,#10 Best Seller,In White Women Platforms & Wedge Sandals,15.4,20.0,,Women'S New Spring/Summer 2024 Trendy Comfy Light White Pu Woven Double Strap Wedge Sandals With Thick Soles,Shoes
5.0,,,,11.66,22.0,1.0k+ sold recently,"Women Minimalist Braided Detail Double Strap Slide Sandals, Vacation Solid Outdoor Flat Sandals",Shoes
1.0,,,,10.8,40.0,70+ sold recently,CUCCOO TILAWA Woman Shoes Rhinestone Decor Flat Slide Sandals For Spring And Summer,Shoes
10.0,,#1 Best Seller,In Bronze Women Shoes,17.5,21.0,,Strappy Square Toe Stiletto High Heel Sandals For Women,Shoes
4.0,,#8 Best Seller,In Brown Women Flat Sandals,11.0,21.0,,"European And American Style Plus Size Embroidered Open Toe Sandals In Deep Brown For Women, Summer Beach Casual Wear",Shoes
1.0,,,,8.36,62.0,10+ sold recently,"Women Thin Strap Chunky Heeled Mule Sandals, Elegant Black Heeled Sandals",Shoes
1.0,,,,9.6,40.0,100+ sold recently,SHUZIA Women's Fashion Plain Color Ankle Strap Open Toe Platform Sandals,Shoes
10.0,,,,17.8,21.0,3.5k+ sold recently,"Women Wedge Sandals Ankle Strap Flatform Fashion Platform Sandals White, Fashionable White Solid Color Wedge Sandals",Shoes
1.0,,#4 Best Seller,In Apricot Shoe Decorations,3.3,27.0,,"20pcs  Series Shoe Charms  DIY Accessories PVC Shoe Decoration Buckles For Clogs Sandalsr Bubble Slides,Perfect Gifts For Birthday Party",Shoes
7.0,,,,26.34,15.0,200+ sold recently,MOTF PREMIUM WOMEN'S SLIP-ON WEDGE HEEL PLATFORM SANDALS VACATION SHOES SUMMER SALE,Shoes
1.0,,,,18.2,21.0,80+ sold recently,"Women Summer New Fashionable Beige Woven Straw One-Word Buckle Sandals, Adjustable Buckle Slippers For Beach Vacation",Shoes
1.0,,,,5.7,25.0,1.2k+ sold recently,"Thick-Soled Home Slippers, Autumn And Summer New Fashion, Going Out, Women's Vacation Style Black Slippers, Beach Hawaiian Style Student Women's Shoes",Shoes
1.0,,,,29.7,20.0,100+ sold recently,"Buckle Decor Lace-up Front Classic Boots, High Platform Black Fashion Lace-up Buckle Solid Color Women's Fashion Boots",Shoes
1.0,,,,16.84,35.0,,Sugerpunk Women's Flat Leather Sandals With Large Metallic Decoration,Shoes
5.0,,,,10.9,20.0,400+ sold recently,New Summer Fish Mouth European And American Style Strappy Cross Band Flat Sandals With Elastic Strap For Women,Shoes
1.0,,,,6.15,59.0,80+ sold recently,"SHUZIA Women H-Shaped Metal Cutout Design Flat Sandals, European And American New Summer Korean Style Fashionable Shoes",Shoes
1.0,,,,9.99,55.0,300+ sold recently,"Women's Strappy Non-Slip Cross Strap Flat Sandals, Outdoor Sandals Footbed With Comfort Arch Support, Adjustable Buckle Cork.",Shoes
1.0,,,,17.3,21.0,2.3k+ sold recently,"Women's Flat Sandals With Open Toe And Ankle Strap, Soft Sole Summer Shoes With Buckle",Shoes
8.0,,,,7.2,21.0,1.0k+ sold recently,"Women's Fashionable White Summer Shoes, Weave Design Flat Sandals, Casual Beach Ladies' Sandals, Bohemia Style",Shoes
22.0,,,,8.34,23.0,1.0k+ sold recently,"Korean Style Casual Flat Slippers For Women, Summer Open-Toed Beach Sandals; Autumn New Hand-Woven Roman Style; Perfect Match For French Style Women's Dresses, Ideal For Vacation And Beach, Bohemian Clip Toe Flat Bottom Slouchy Shoes, Suitable For Outdoor Activities",Shoes
1.0,,,,25.42,15.0,300+ sold recently,MOTF PREMIUM ELEGANT BOWKNOT OPEN TOE HIGH HEEL SANDALS FOR WOMEN VACATION SHOES SUMMER SALE,Shoes
1.0,,#2 Best Seller,In Apricot Wide Fit Sandals,17.11,10.0,,"CUCCOO CURVES Women's Wide-Fit Fashionable TPU Clear Crystal Heeled Comfortable Classic High-Heeled Sandals, Plus Size",Shoes
12.0,,,,14.76,55.0,700+ sold recently,"Fashion Sandals For Women, Clear Strap Platform Sculptural Heeled Mule Sandals",Shoes
23.0,,,,17.6,20.0,300+ sold recently,Women New Summer Pearl Glitter Material Sexy High Heel Sandals For Dating,Shoes
6.0,,,,9.4,20.0,2.2k+ sold recently,"Women Minimalist Ankle Strap Sandals, Elegant Summer Flat Sandals",Shoes
1.0,,,,11.25,25.0,100+ sold recently,SHUZIA Women Plush Square Toe Fashionable Comfortable Flat Sandals For Home,Shoes
1.0,,,,1.37,47.0,40+ sold recently,"1pair Height Increase Insoles (Eu 35-40) With Arch Support, Lightweight, Comfortable, Breathable, Sweat Absorbent, Odor Resistant, Non-Deformable, Suitable For Casual Or Sports Shoes",Shoes
1.0,,,,25.02,23.0,,SHOESMALL Men's Casual Dress Shoes Slip-On Dress Loafers For Men Lightweight Business Casual Shoes Men,Shoes
1.0,,#1 Best Seller,In Blue Women Wedges & Flatform,8.95,38.0,,Women's Blue Pink Wedges Spring And Summer Sandals Casual Fashion Personality Slippers,Shoes
1.0,,,,18.3,18.0,,Rhinestone Decor Point Toe Court Pumps,Shoes
1.0,,,,21.9,18.0,200+ sold recently,"Women Black Criss Cross Strap Pumps, Round Toe High Heel Ankle Strap Pumps",Shoes
1.0,,,,19.3,21.0,900+ sold recently,Women Minimalist White Lace-Up Front Breathable Chunky Sneakers,Shoes
5.0,,#1 Best Seller,In Green Women Heeled Sandals,27.55,24.0,,"Women Chunky Heel Peep Toe Mule Knitted Summer Breathable Slip-On Party Waterproof Platform High Heel Sandals, Sexy",Shoes
1.0,,,,11.4,25.0,100+ sold recently,"Men Black Minimalist Slides, Open Toe Bathroom Slippers",Shoes
1.0,,,,5.5,21.0,60+ sold recently,"Women's Flat Sandals Flip Flops, Stylish Thick-Soled Forest Green Leaf Print Shoes With Treaded Outsole For Summer Beach",Shoes
6.0,,#1 Best Seller,In Pink Women Equestrian Boots & Western Boots,16.36,43.0,,"ROMWE Kawaii Women Embroidery Detail Chunky Heeled Western Boots, Cool Outdoor Cowboy Boots",Shoes
1.0,,,,29.8,0.0,,"WARRIOR 1 Pair Women's Sporty Comfortable Low-Cut Flat Shoes, Front Lace-Up, Outdoor Casual PU Sole Sneakers",Shoes
1.0,,,,16.0,50.0,20+ sold recently,Women's Shoes Colorblock Lightweight Comfortable Lace-Up Front Chunky Sneakers,Shoes
5.0,,,,22.67,21.0,1.6k+ sold recently,"Women Criss Cross Wedge Sandals, Vacation Outdoor Ankle Strap Sandals",Shoes
1.0,,#3 Best Sellers,in Wide Fit Slippers,9.6,16.0,,"Wide Fit Women's Popular Snake Print Round Toe Flat Slippers, Summer Holiday Style Brown Sandals",Shoes
1.0,,#8 Best Seller,In Beige Women Flats,14.1,18.0,,"Women Studded Decor Flat Mules, Fashion Outdoor Flats",Shoes
10.0,,,,21.0,19.0,700+ sold recently,"Faux Pearl Decor Point Toe Chunky Heeled Ankle Strap Pumps, Black Party Stiletto Heels With Bow-tie Detail And Solid Color Ankle Strap For Women",Shoes
1.0,,,,3.11,45.0,40+ sold recently,Men Summer Flip Flops Beach Sandals Anti-Slip Casual Flat Shoes High Quality Slippers Home Slippers For Men,Shoes
1.0,,,,8.8,28.0,,Women's Fashionable Casual Flat Heel Sandals,Shoes
1.0,,,,1.7,29.0,2.5k+ sold recently,"6pcs/3pairs Black High Heel Shoe Heel Protectors, Noise Reduction, Slip Resistance, Rub Resistance",Shoes
1.0,,,,20.8,21.0,1.3k+ sold recently,"Women Minimalist Espadrille Ankle Strap Sandals, Vacation Faux Suede Wedge Sandals",Shoes
1.0,,,,18.6,21.0,200+ sold recently,Simple Style Square Toe Fashionable Women Mid-Heel Sandals With One Strap,Shoes
1.0,,,,5.75,58.0,40+ sold recently,Rhinestone Decor Flats,Shoes
4.0,,#9 Best Seller,In Apricot Wide Fit Shoes,18.9,17.0,,"Wide Fit Women New Plus Size Metal Decoration Flat Mule Shoe, Simple Style Slip-On Loafer",Shoes
1.0,,,,11.17,48.0,300+ sold recently,Mens Black Trainers Running Shoes Leisure Sneakers Walking Gym Tennis Shoes Lightweight Sports Outdoor Fitness Jogging Fashionable Sneakers,Shoes
15.0,,,,20.2,20.0,1.2k+ sold recently,"Charming Ladies Black Rhinestone Thin Heel Sandals, Leg Tie Design Rhinestone Decorated Square Toe Thin High Heel Sandals.",Shoes
5.0,,#8 Best Seller,In Gold Women Flat Sandals,12.7,21.0,,"Women Gold Color Metallic Tie Leg Design Thong Sandals, Flat Glamorous Sandals For Party",Shoes
10.0,,#7 Best Sellers,in High Heel Women Knee-High Boots,30.9,20.0,,"Zipper Side Point Toe Chunky Heeled Classic Boots, Coffee Brown Elegant Pure Color Classic Boots",Shoes
1.0,,,,17.6,20.0,1.1k+ sold recently,"Women's Floral Print Wedge Heel High Platform Sandals With Ankle Strap, Large Size",Shoes
1.0,,,,15.3,21.0,50+ sold recently,"Women Knot Decor Metallic Flat Sandals, Fashion Fabric Slingback Sandals",Shoes
17.0,,,,20.79,21.0,2.1k+ sold recently,"Women Minimalist Clear Sculptural Heeled Ankle Strap Sandals, Fashion Sandals",Shoes
4.0,,#6 Best Seller,In Brown Women Flat Sandals,12.87,1.0,,"SHUZIA Women'S Fashionable Flat Sandals Slippers, Versatile Style",Shoes
1.0,,,,8.8,21.0,,"White Thick Bottom Increase Women's Slipper, EVA Lightweight Outdoor Sandal, Indoor Anti-Skid Soft Flip Flops For Women",Shoes
1.0,,#1 Best Seller,In Brown Men Sneakers,20.2,25.0,,"Men's Fashionable And Simple Casual Sports Shoes, Non-Slip Canvas Sneakers With Breathable Design, Ideal For Students",Shoes
1.0,,,,21.9,19.0,,Sequins Decor Tie Leg Design Stiletto Heeled Strappy Pumps,Shoes
1.0,,,,1.7,37.0,100+ sold recently,9pcs Heart-shaped Women Shoe Charms For Decoration,Shoes
1.0,,,,2.3,28.0,10+ sold recently,"1 Pair Flat Foot Insole, Arch Support Orthotic Insole, Add Thick High Arch Support, Half Size Insert",Shoes
5.0,,#2 Best Seller,In Camel Women Shoes,9.0,24.0,,"Women's Vintage Western Style Toe Ring Sandals, 2024 New Summer Plus Size Buckle Detail Flat Sandals , Beach Vacation Anti-Slip Wild Fashionable Cool Simple Nature Flat Sandals",Shoes
4.0,,#7 Best Seller,In Yellow Women Flat Sandals,8.1,21.0,,"Women's Summer Fashion Flat Sandals, Beach Cute Slippers, Simple Yellow Color Solid Color Flip Flops",Shoes
8.0,,,,13.72,2.0,5.0k+ sold recently,Double Buckle Cork Footbed Slide Sandals,Shoes
4.0,,,,11.89,34.0,2.5k+ sold recently,Womens Slide Sandals Cork Footbed With Comfort Arch Support Straps Adjustable Buckle Slip On Sandals,Shoes
18.0,,,,8.15,22.0,1.2k+ sold recently,"Korean Version Women Flat Sandals Casual Open Toe Slippers, Spring/Summer New Braided Roman Style Flat Outdoor Sandals, Fashionable Flats Suitable For Dresses. Perfect For Beach, Resort, Apartment, Navy Blue, Flat, One-Word Buckle, Black, Orange, White, Yellow, Purple, Grey, Gold, Silver, Blue, Green, Rose Red, Brown, French Leopard Print, Formal Shoes, Bohemian Style, Toe Clip Sandals, Navy Blue, Loafers, Comfortable Beach Thick-Soled Flat Shoes, Tied With Shiny Rhinestone Slides, Mule Shoes, Slippers.",Shoes
1.0,,,,8.1,21.0,100+ sold recently,"Women  Thick-Bottom Anti-Skid Elastic Adjustable Sandals, Fashionable And Easy To Clean White Sandals",Shoes
1.0,,,,10.2,50.0,,"Women's Casual Breathable Mesh Sneakers, Spring & Autumn Fashionable Sports Shoes For Work And Running, White Low-Top Flat Shoes With Thin Strap",Shoes
1.0,,,,6.48,40.0,,"European And American Style  Green Color Block Toe-Loop Sandals, Fashionable And Casual Flat Outdoor Anti-Skid Beach Party Sandals",Shoes
1.0,,,,8.5,55.0,10+ sold recently,Bow Decor Ballet Flats,Shoes
1.0,,,,22.5,20.0,100+ sold recently,Black Cross Straps Hollow Out Waterproof Platform Sandals For Women With Thin Heels,Shoes
1.0,,,,10.42,58.0,200+ sold recently,"2024 Spring/Autumn New Korean-Style Women's Thick-Soled Sneakers For Students, Breathable And Non-Slip Flat Shoes With Shoelaces",Shoes
1.0,,#10 Best Seller,In Multicolor Shoe Accessories,2.1,30.0,,"15/30/40/50Pcs  Series Random Shoe Charms For Shoe DIY Decoration Premium Quality Popular Charms Accessories Bubble Slides Sandals, PVC Shoe Decorations Beach Bag Accessories Great Gift For Teens Men Women And Adults",Shoes
1.0,,,,20.1,21.0,2.1k+ sold recently,"Women Clear Strap Stiletto Heeled Ankle Strap Sandals, Fashion Summer Heeled Sandals",Shoes
1.0,,,,9.7,20.0,,"Women's Fashion Thick Bottom Slippers, Height-Increasing Home Anti-Slip Slippers, Casual Outdoor Beach Soft Sole Shoes",Shoes
7.0,,#4 Best Sellers,in Women Over-the-Knee Boots,32.9,20.0,,"Fashionable Square-Toed Thick Heeled Western Style Embroidery Boots, Cowboy Boots For Women",Shoes
4.0,,,,7.0,21.0,400+ sold recently,"Women's Woven Braided Flip Flops, Round Toe Casual Toe Post Summer Shoes, Lightweight Outdoor Beach Sandals",Shoes
9.0,,#9 Best Seller,In Brown Women Knee-High Boots,14.98,50.0,,"Women Minimalist Side Zipper Slouchy Boots, Fashion Outdoor Boots",Shoes
8.0,,#1 Best Seller,In Brown Men Shoes,10.59,42.0,,"Trendy Buckle Flat Slippers, Beach Style, Unisex, Outdoor Casual Open Toe Sandals For Summer Vacation",Shoes
1.0,,#9 Best Seller,In Camel Women Pumps,19.79,21.0,,Buckle Detail Chunky Heeled Slingback Pumps,Shoes
1.0,,#6 Best Sellers,in Men Sneakers,20.71,38.0,,"Men's Korean Style Low-Cut Sneakers, Casual Sports Shoes",Shoes
1.0,,,,9.9,21.0,2.0k+ sold recently,"Summer Strap Sandals, Casual Slippers For Vacation And Leisure",Shoes
1.0,,,,4.0,26.0,30+ sold recently,"50pcs Colored Cartoon Random Shoe Decorations Accessories Charms For Clogs  Bubble Slides Sandals, Gift Idea For Birthday Christmas  Halloween Party Favors",Shoes
20.0,,,,21.38,21.0,900+ sold recently,"Women Black Minimalist Wedge Slide Sandals, Open Toe Sandals For Daily",Shoes
1.0,,,,4.6,25.0,600+ sold recently,Cherry Embroidered Fluffy Bedroom Slippers,Shoes
15.0,,,,9.8,23.0,3.3k+ sold recently,"Women's Elastic Round Toe Flat Sandals With Studs On The Back, Hollow Out Toe Slippers, Outdoor Flat Slides",Shoes
1.0,,#2 Best Sellers,in Mid Heel Wide Fit Pumps,21.7,17.0,,Wide Fit Women's Summer New Simple Style Chunky Heel Hollow Out Square Toe Plus Size Pumps,Shoes
1.0,,,,1.5,32.0,600+ sold recently,"2pairs Minimalist Heel Anti Wear Stickers, Black Polyester Elegant For Pumps",Shoes
17.0,,#7 Best Seller,In Mint Green Women Shoes,18.7,20.0,,Pointed Toe Colorblock Slim High Heel Mules Sandals For Women,Shoes
1.0,,#6 Best Sellers,in Women Slippers Below $4.99,3.6,25.0,,"Open Toe Fluffy Slippers For Women, Four Seasons Indoor House Shoes, Soft And Warm",Shoes
1.0,,,,2.3,28.0,10+ sold recently,"19pcs New Arrival Lovely Pink Series Environmental PVC Material Easy To Disassemble And Match Personalized Durable Multifunctional Shoe Decoration Shoe Buckle Shoe Flower Shoe Accessory Shoe DIY Suitable For Sandals, Slippers, Men's Shoes, Women's Shoes, Casual Shoes, Wooden Sandals, Plus Size Shoes, Flat Slippers, Flat Shoes, Hollow Shoes, Children's Shoes, Sports Shoes, Garden Shoes, Beach Shoes, Beach Bags, Shoes, Flat Shoes, For Boys, Girls, Teens, Men, Women, Couples, Adults, Parties, Dates, Love, Birthdays, Holidays, Valentine's Day, Christmas, Thanksgiving, Easter, Various Festival Parties, Exquisite Surprise Gift, Essential For Home And Travel",Shoes
20.0,,,,13.4,21.0,90+ sold recently,Women's Fashionable Open Toe Round Toe Metal Strap Comfortable Flat Sandals With One-Buckle Ankle Strap,Shoes
1.0,,#8 Best Seller,In Apricot Women Heeled Sandals,17.5,21.0,,"Women Clear Strap Chunky Heeled Sandals, Fashion Summer PVC Mule Sandals",Shoes
6.0,,,,5.6,21.0,5.8k+ sold recently,"Women Minimalist Ribbed Strap Slides, Fashionable Open Toe Flat Sandals",Shoes
1.0,,,,1.3,35.0,800+ sold recently,"1pair Elastic No-tie Shoelaces, White, Ideal For Sneakers, Sports Shoes",Shoes
1.0,,,,11.97,51.0,60+ sold recently,Women's Platform Wedge Slip On Sandals Comfortable Memory  Soft Foam Slippers Flat Slope Heel Sandals,Shoes
1.0,,,,1.2,37.0,200+ sold recently,"Heel Pads For Shoes, Self-Adhesive Heel Grips Inserts, Protect Heel From Rubbing, Improve Comfort And Fit",Shoes
1.0,,#6 Best Seller,In Apricot Women Flat Sandals,10.5,21.0,,"Women's Diamante Decorated Flip Flops, Colorful Diamante Decorated Flip Flops, Fashionable And Comfortable Beach Anti-Slip Sandals",Shoes
20.0,,,,18.2,21.0,100+ sold recently,"Women's Apricot Open Toe Stiletto High Heel Sandals, Sexy Party, Fashionable And Simple, Comfortable, Easy To Wear, Elevates Height And Lengthens Legs",Shoes
1.0,,,,2.9,26.0,10+ sold recently,20pcs Cartoon Shoe Charms For Shoes Decoration Charms,Shoes
22.0,,#7 Best Seller,In Coffee Brown Women Heeled Sandals,20.1,21.0,,Coffee Brown Suede Fashionable Women's High Heeled Sandals,Shoes
1.0,,,,19.7,21.0,300+ sold recently,"Women Ruched Tie Leg Design Chunky Heeled Strappy Sandals, Fashion Summer Heeled Sandals",Shoes
4.0,,,,13.6,20.0,300+ sold recently,"Women Square Toe Chunky Heel Slippers, Fashionable Outwear Slim Mid-Heel Sandals",Shoes
5.0,,,,6.9,20.0,1.1k+ sold recently,"Women Minimalist Thong Sandals, Fashion Summer Flat Sandals",Shoes
1.0,,,,11.5,21.0,,"Bohemian Style Beaded Flat Sandals For Women, Summer New Arrival Comfortable Black Shoes For Vacation",Shoes
18.0,,#8 Best Seller,In Black Women Wedges & Flatform,11.76,28.0,,Women Fashionable Casual All-Match Lightweight Woven  Rope Platform Wedge Sandals,Shoes
1.0,,,,14.3,26.0,200+ sold recently,"Women's Retro Handmade Braided Rope One-Strap Sandals With Stylish Woven Edge & Lightweight Soft Sole, Perfect For Daily Casual Indoor & Outdoor Living",Shoes
1.0,,,,2.33,37.0,,Restoration Yellowing & Oxidation Prevention Pen,Shoes
4.0,,,,6.85,57.0,200+ sold recently,Mens Slip on Shoes Loafers Casual Sneakers Lightweight Male Flats Work Gym Shoes Footwear Chaussure Homme,Shoes
5.0,,,,30.6,21.0,1.1k+ sold recently,"Women Knot Decor Platform Chunky Heeled Sandals, Elegant Apricot Canvas Ankle Strap Sandals",Shoes
4.0,,#2 Best Sellers,in High Heel Wide Fit Shoes,23.0,0.0,,"SHEIN SHUZIA Women Wide Fit Minimalist Chunky Heeled Ankle Strap Sandals, Elegant Summer Heeled Sandals",Shoes
9.0,,,,5.3,24.0,100+ sold recently,"Women Minimalist Cross Strap Fluffy Bedroom Slippers, Fabric Fashion Slippers Black",Shoes
5.0,,,,24.99,50.0,40+ sold recently,SHOESMALL Men's Fashionable And Versatile Business Loafers Casual Slip On Shoes Soft Penny Loafers For Men Lightweight Driving Boat Shoes,Shoes
1.0,,#3 Best Seller,In Brown Men Loafers,19.1,25.0,,Men's Light Brown Comfortable Slip On Loafers Lace Up Design Boat Shoes,Shoes
5.0,,,,6.48,46.0,700+ sold recently,SHUZIA Patent Closed Toe Court Ballet Flats,Shoes
19.0,,#10 Best Seller,In Black Women Heeled Sandals,15.7,20.0,,"Women Minimalist Stiletto Heeled Thong Sandals, Fashion Summer Heeled Sandals",Shoes
1.0,,,,5.87,31.0,70+ sold recently,"New Summer Fashion Anti-Skid Flat Sandals For Women, Black Color And Popular Mesh Design",Shoes
1.0,,,,9.0,25.0,80+ sold recently,SHUZIA Ladies Simple Daily Open Toe Flat Sandals,Shoes
5.0,,,,16.03,24.0,1.0k+ sold recently,"New Black Platform Wedge Sandals For Summer Casual, Holiday, Travel, Daily Outdoor And Beach Wear",Shoes
4.0,,,,13.7,17.0,1.7k+ sold recently,"Women's Casual Soft Classic Round Toe Canvas Flat Shoes, Comfortable And Versatile",Shoes
1.0,,,,21.61,10.0,10+ sold recently,"CUCCOO BIZCHIC Woman Shoes Chain Decor Chunky Heeled Mule Sandals, Fashion Summer Heeled Sandals For Spring And Summer Vacation Shoes Summer Sale",Shoes
1.0,,,,33.7,20.0,300+ sold recently,Women's Knee High Boots,Shoes
7.0,,,,7.3,21.0,400+ sold recently,Women Flip Flops Slippers Summer Anti-Slip Multi-Color Beach Shoes,Shoes
23.0,,#7 Best Seller,In Multicolor Women Heeled Sandals,16.2,21.0,,"Women Graphic Stiletto Heeled Sandals, Glamorous Summer Glitter Mule Sandals",Shoes
1.0,,#4 Best Seller,In Black Men Loafers,16.3,25.0,,"Men Metal Detail Slip-on Dress Loafers, Business Office Black Dress Shoes",Shoes
1.0,,,,20.7,21.0,300+ sold recently,Women White Shoes Low Top Lace-Up Sneakers Comfortable Sport Shoes Ladies Flat Shoes Versatile For Shopping White And Brown Color Matching,Shoes
1.0,,,,17.68,35.0,300+ sold recently,Women Faux Suede Glitter Chunky Heeled Black Ankle Strap Pumps,Shoes
1.0,,#2 Best Sellers,in Women Slippers Below $3.99,5.9,24.0,,2023 Fashionable And Comfortable Women's Flip Flops/sandals,Shoes
1.0,,,,9.99,41.0,100+ sold recently,Womens Softy Flat Sandals Cork Footbed Slides Adjustable Buckled Slip On Slippers Open Toe,Shoes
1.0,,#3 Best Seller,In Brown Men Flip Flops & Slides,7.4,26.0,,"Men's EVA Slippers, Thick & Soft Lightweight Sole, Feels Like Walking On A Sponge In Summer, Indoor Anti-Odor House Bathroom Sandals, Men's Beach Slip-Resistant Outdoor Oversized Flip Flops, Size 49",Shoes
1.0,,#9 Best Sellers,in Flat Women Shoes,2.56,65.0,,"2.5cm Wedge Heel Women's Flip Flops With Printed Straps, Fashionable And Versatile Daily Casual Shoes, Eva Platform With Thick Sole For Comfortable Outdoor Beach Sandals",Shoes
1.0,,#6 Best Seller,In Blue Men Shoes,2.68,71.0,,"Men's Blue Slip-on Slipper, Korean Summer Fashion Trend Beach Shoes, Soft Non-slip Sole",Shoes
1.0,,#10 Best Seller,In White Women Road Running Shoes,9.85,43.0,,"Women Non-slip Breathable Lace Up Low Top Sneakers, Sporty Outdoor White Fabric Running Shoes",Shoes
9.0,,,,11.28,37.0,100+ sold recently,"New Spring Summer Autumn Flat Ballet Shoes, Low-Cut Soft Comfortable Lightweight Low Heel Bowknot Shoes For Grandma, Fashionable Work Shoes, Brown",Shoes
5.0,,,,3.65,53.0,90+ sold recently,Unisex Summer Bathroom Slippers Indoor Shower Shoes With Hollow Out Design And Water Drainage System,Shoes
7.0,,,,19.84,20.0,200+ sold recently,Women's Pointed Toe Chunky Heel Suede Pumps With Back Strap For Summer,Shoes
1.0,,,,15.0,18.0,100+ sold recently,Fringe Decor Point Toe Ballet Flats,Shoes
1.0,,,,36.44,25.0,100+ sold recently,"Women And Men Star Graphic Skate Shoes Fashionable & Casual Sport Shoes For Women, Students, Sports Lovers",Shoes
1.0,,,,11.7,18.0,,"Women's Pointed Toe Flat Slip-On Shoes, Backless, Knitted Upper Designed To Create Curved & Slim Look",Shoes
1.0,,#10 Best Seller,In Multicolor Women Slippers,5.0,46.0,,Styleloop Women's Casual Crossed Flat Slippers With Fiber Sole For Relaxation,Shoes
1.0,,,,2.8,26.0,500+ sold recently,"22pcs Diy Metal Rivets For Punk Style Garden Shoes, Detachable Shoe Accessories Decorative Buckle",Shoes
12.0,,,,18.2,21.0,1.3k+ sold recently,"Women's Fashionable & Comfortable & Simple Party High-Heeled Sandals, Golden Pointed Metal Embossed Strappy Stiletto Heels",Shoes
1.0,,,,22.77,1.0,300+ sold recently,SHUZIA Women Summer Casual Home Outdoor Holiday Wedge Heel Thick-Soled Sandals,Shoes
1.0,,,,16.8,20.0,200+ sold recently,"Women Minimalist Slingback Pumps, Point Toe Sculptural Heeled Fashion Pumps",Shoes
1.0,,,,2.5,29.0,50+ sold recently,"16pcs  Shoe Decorations Accessories Charms For Clogs  Bubble Slides Sandals, Gift Idea For Birthday Christmas Halloween Party Favors",Shoes
4.0,,,,25.99,0.0,80+ sold recently,MOTF PREMIUM CASUAL AND COMFORTABLE SLIP-ON FLAT WOMEN'S SANDALS VACATION SHOES SUMMER,Shoes
5.0,,,,22.99,67.0,80+ sold recently,"Women's sports shoes with sloping heels and thick soles for outdoor comfort, breathability, fashion, and anti slip elderly shoes",Shoes
1.0,,,,13.5,25.0,70+ sold recently,CUCCOO CURVES Women's Wide Fit Fashionable Black Square-Toe Mary Jane Flat Shoes Plus Size Vacation Shoes Summer Sale,Shoes
4.0,,,,32.7,20.0,600+ sold recently,Women's Casual Pointed Toe Western Embroidery Winter Fashion Boots Cowboy Boots,Shoes
1.0,,,,12.8,20.0,,White Butterfly Knot Women's Flat Sandals With Pleated Strap,Shoes
1.0,,#7 Best Sellers,in EVA Shoes,2.6,28.0,,Orthotic Insole Arch Support Flatfoot Orthopedic Insoles For Feet Ease Pressure Of Air Movement Damping Cushion Padding Insole,Shoes
5.0,,,,4.24,64.0,1.3k+ sold recently,"New Beaded Roman Style Tie-Up Flat Sandals With Soft Sole For Women, Casual And Outdoor",Shoes
5.0,,,,7.2,20.0,400+ sold recently,"Women's Summer Vacation Style Woven Bottom Flat Sandals, Beige Striped Flat Bottom Sandals",Shoes
1.0,,,,29.6,20.0,40+ sold recently,"Bohemian Style High-Heeled Backless Sandals, Green",Shoes
5.0,,#3 Best Seller,In Navy Blue Women Platforms & Wedge Sandals,11.9,21.0,,2024 New Design Laser-Cut Chunky Heel & Raised Sole Sandals With Adjustable Buckle For Comfort,Shoes
10.0,,,,19.9,21.0,800+ sold recently,"Fashionable Women's Thick-soled Sandals, Molded Sole Ankle Strap Women's Black Wedge Heel Platform Sandals",Shoes
16.0,,,,30.5,18.0,600+ sold recently,Embroidered Random Irregular Chunky Heel Riding Boots Western Style Women Fashion Boots,Shoes
1.0,,,,17.9,20.0,300+ sold recently,"Women Jewelled Decor Toe Post Ankle Strap Sandals, Glamorous Outdoor Thong Sandals",Shoes
1.0,,,,19.1,20.0,400+ sold recently,"Women's High-Heeled Sandals, Gold Straps, Pointed Toe, Versatile, 11.5cm Bandage Sandals With Simple Metal Texture, Comfortable Dress/Formal/Vacation Shoes, High-Heeled, Wedding Shoes",Shoes
1.0,,,,11.7,35.0,10+ sold recently,CUCCOO BIZCHIC Cuccoo Women\ High Heel Sandals,Shoes
1.0,,,,20.4,18.0,90+ sold recently,"2024 Spring Summer New Mesh Personalized Metal Decorated Mary Jane Comfortable Flat Women's Shoes, Hollow Women's Shoes, With Single Character Buckle",Shoes
1.0,,,,7.3,23.0,100+ sold recently,New Style Bow Knot Wedge Heels Women's Thick Bottom Eva Flip Flop,Shoes
1.0,,,,9.7,20.0,,"Women's Square Toe Flat Slip-On Shoes, Casual Vintage Open Toe Summer Shoes, Various Outdoor Slide Sandals",Shoes
1.0,,#8 Best Seller,In Multicolor Women Pumps,22.88,20.0,,"Floral Embroidery Detail Strappy Pumps, Multicolor Vacation Style Embroidery Floral Print High Heel Shoes For Women",Shoes
6.0,,,,12.3,21.0,600+ sold recently,Ladies' Simple Liner & Solid Color Flat Sandals,Shoes
1.0,,,,9.89,41.0,200+ sold recently,Womens Cork Footbed Slides Adjustable Buckled Slip On Slippers Open Toe Softy Flat Sandals,Shoes
1.0,,,,5.1,24.0,200+ sold recently,"Two Tone Fluffy Bedroom Slippers,Winter Slippers Women's Home Indoor Non-Slip Warm Long Plush Soft Slippers.",Shoes
1.0,,,,21.85,5.0,300+ sold recently,CUCCOO BIZCHIC Women Shoes Thick Sole Black Rhinestone Decor Ankle Strap Wedge Sandals For Summer Vacation Shoes Summer Sale,Shoes
1.0,,,,1.32,40.0,,"7/14-Piece Cartoon Night Light Dinosaur Shoe Charms, Detachable Decoration For Shoe Decoration, Glow In The Dark.",Shoes
1.0,,,,14.5,20.0,,Women's Fashionable Bowknot Ankle Strap Chunky Heel Sandals,Shoes
4.0,,,,6.06,64.0,600+ sold recently,"2024 New Spring Men's Shoes, Korean Version, Lightweight Outdoor Sports Shoes With Front Tie, Breathable Chef Kitchen Work Shoes For Men",Shoes
15.0,,,,4.77,63.0,1.2k+ sold recently,"Women's Elastic Strap Round Toe Flat Sandals With Rivets, Hollow Out Toe Cap Anti-Slip Summer Sandals, Outdoor Flat Slippers",Shoes
1.0,,,,28.8,25.0,100+ sold recently,Men Rhinestone Decor Slip On Loafers,Shoes
13.0,,,,10.96,23.0,1.8k+ sold recently,Women's Flat Sandals Cross Elastic Strap Open Toe Summer Sandals Simple & Comfortable Black Beach Shoes,Shoes
1.0,,,,12.6,40.0,10+ sold recently,"New Arrival Women's Versatile Flat Shoes With Pointed Toe, Pearl Decor And Side Cutouts, Ideal For Formal Occasions, Matches Well With Skirts, Pink.",Shoes
4.0,,#4 Best Seller,In Khaki Women Pumps,20.72,20.0,,"Women Two Tone Point Toe Pyramid Heeled Slingback Pumps, Elegant Outdoor Pumps",Shoes
8.0,,,,10.0,20.0,1.8k+ sold recently,"Women's Comfortable Beach Flip Flops, Summer Flat Sandals, Geometric Pattern Open Toe Shoes, Sport Sandals, Casual Beach Outdoor Sandals, Fashionable Outdoor Sandals",Shoes
4.0,,,,8.1,25.0,200+ sold recently,New Summer Women Flat Sandals Home Beach Flip Flops Roman Style Slippers,Shoes
5.0,,#2 Best Seller,In Brown Women Heeled Sandals,18.1,20.0,,CUCCOO BIZCHIC Women's High Heel Sandals For Summer Graduation Heels Prom Heels Vacation Shoes Summer Sale,Shoes
6.0,,,,15.0,0.0,1.1k+ sold recently,SHUZIA Ladies' Solid Color Flat Furry Sandals,Shoes
1.0,,#9 Best Seller,In Beige Wide Fit Shoes,5.65,47.0,,"Women Fashionable Flat Sandals Spring/Summer Beach Non-Slip Cute Slippers With Stripe Pattern, Elegant One-Piece Slippers, Wide Fit One-Toed Cool Slippers",Shoes
1.0,,,,11.7,50.0,80+ sold recently,Color Block Lace-up Back Chunky Heels,Shoes
4.0,,,,19.7,21.0,500+ sold recently,"Women White Fluffy Detail Mule Sandals, Elegant Stiletto Heeled Open Toe Sandals",Shoes
1.0,,,,8.0,60.0,10+ sold recently,SHUZIA Women Plus Size Brown Cross Strap Flat Sandals,Shoes
1.0,,,,17.77,43.0,100+ sold recently,Turkey Feather Plush Ankle Strap Chunky Heels,Shoes
7.0,,#1 Best Seller,In Red Women Fashion Boots,34.2,20.0,,"Fashionable Square Toe Chunky Heel Western Style Embroidered Boots, Cowboy Boots For Women",Shoes
1.0,,,,15.2,5.0,100+ sold recently,CUCCOO CHICEST Woman Shoes Bow Decor Single Band Open Toe Slide Fashionable Black Outdoor Fabric Flat Sandals For Summer Vacation Shoes Summer Sale,Shoes
1.0,,,,20.4,17.0,,"Wide Fit  Wedge Sandals, Woven Straps Round Toe Sandals, Ankle Strap Platform Sandals With Toe Ring, Outdoor Women's Brown Summer Sandals",Shoes
1.0,,,,20.96,20.0,50+ sold recently,Women's Black Road Running Shoes With Front Tie & Thick Sole Design,Shoes
1.0,,#5 Best Seller,In Olive Green Women Shoes,19.2,20.0,,CUCCOO SZL Olive Green Pu Vintage Women's Pointed High Heel Fashion Pump Shoes For Summer Graduation Heels Prom Heels Vacation Shoes Summer Sale,Shoes
8.0,,,,26.25,45.0,700+ sold recently,SHUZIA Point Toe Pull On Heeled Western Boots Cowboy Boots,Shoes
1.0,,,,20.1,21.0,300+ sold recently,"Women Chain Decor Crossover Strap Stiletto Heeled Ankle Strap Sandals, Fashion Summer Heeled Sandals",Shoes
12.0,,,,13.0,23.0,30+ sold recently,"Women's Fashion Square-Toe Shallow-Mouth Buckle Flat Shoes, Burgundy Color Suitable For Autumn Parties And Casual Occasions",Shoes
4.0,,,,11.34,40.0,10+ sold recently,"Women's Outdoor Breathable Knitted Walking Sneakers With White Solid Color For Spring, Summer, And Autumn",Shoes
14.0,,,,16.4,20.0,2.6k+ sold recently,"Elegant Outdoors Flat Slippers for Women, Fringe Decor Plain Satin Open Toe Slide Sandals",Shoes
5.0,,#10 Best Seller,In White Shoelaces,1.4,33.0,,"1pair No-tie Shoelaces, White Polyester Unisex Accessories For Sneakers",Shoes
20.0,,#9 Best Sellers,in High Heel Women Wedges & Flatform,20.39,18.0,,"Women Minimalist Ankle Strap Espadrille Shoes, Vacation Faux Suede Court Wedges",Shoes
21.0,,#1 Best Seller,In Dark Grey Women Shoes,16.26,25.0,,"Women Buckle Decor Footbed Sandals, Flatform Fashion Sandals",Shoes
1.0,,,,20.7,10.0,800+ sold recently,CUCCOO BIZCHIC Stitch Detail Platform Loafer Shoes For Summer Vacation Shoes Summer Sale,Shoes
1.0,,#4 Best Seller,In Apricot Women Fashion Boots,35.9,14.0,,"Women's Pointed Toe Pull-on Western Boots With Chunky High Heels In Embroidered & Suede Design, Fall/winter",Shoes
6.0,,,,19.7,21.0,900+ sold recently,"Women Tie Leg Design Espadrille Sandals, Vacation Faux Suede Strappy Wedge Sandals For Summer",Shoes
26.0,,,,10.6,20.0,700+ sold recently,2021 New Arrival Fashion Women Black Flat Sandals Ladies Roman Sandals,Shoes
1.0,,,,16.2,21.0,800+ sold recently,Women's Flat Sandals With Hollow Ankle Strap,Shoes
1.0,,,,25.3,0.0,,Multi Strap Open Toe Chunky Heel Mules,Shoes
1.0,,,,24.4,32.0,100+ sold recently,"Women Minimalist Side Zipper Chunky Heeled Fashion Boots, Elegant White Classic Boots",Shoes
1.0,,,,12.63,37.0,30+ sold recently,White Bowknot Faux Pearl Decor Round Toe Shallow Mouth Platform Shoes,Shoes
1.0,,#10 Best Sellers,in Insoles,2.0,0.0,,"Self-adhesive Sandals Insoles For Women, Summer, Anti-slip, Breathable, Sweat-absorbent, Thin Seven-point Insoles For High Heels",Shoes
24.0,,,,11.7,20.0,4.1k+ sold recently,Women's Flat Sandals Large Size Fairy Flat Sandals Lightweight Beach Shoes White Sandals,Shoes
1.0,,,,11.75,53.0,70+ sold recently,Point Toe Buckle Decor Stiletto Heeled Ankle Strap Pumps,Shoes
5.0,,,,7.3,21.0,3.0k+ sold recently,"Women's Faux Suede Strappy Sandals With Woven Bottom And Satin Covered Wedge Heel, Black, Summer And Beach Style",Shoes
4.0,,,,21.4,21.0,200+ sold recently,Casual Vacation Black Flat Sandals Slippers With Metallic Buckle Strap,Shoes
18.0,,,,13.0,0.0,2.9k+ sold recently,"SHUZIA All Time Bestseller Women's Beige Iconic ""H"" Cut-Out O'lan Perfect Replica Slide - , Timeless, Great Value",Shoes
1.0,,,,9.99,49.0,400+ sold recently,Womens Sandals Shoes Comfort Walking With Non Slip On Casual Summer Beach Shoes,Shoes
1.0,,#9 Best Seller,In Pink Women Slides,6.4,24.0,,"Women's Simple Striped Comfortable Slippers With Soft Non-Slip Sole, Quiet, Suitable For Shower, Striped Style, New Eva Solid Color Women's Slippers For Spring/Summer 2024",Shoes
15.0,,,,10.7,21.0,2.8k+ sold recently,"Punk Black Sandals For Women, Studded Decor Slide Sandals",Shoes
4.0,,,,1.4,33.0,100+ sold recently,"1pair Transparent Silicone Toe Separators Cushions For Flip Flops, Thong Sandals, Toe Protectors",Shoes
1.0,,,,13.2,20.0,,"New Summer Women's Flower Wedge Sandals, Slip-Resistant Soft Sole Platform Sandals",Shoes
1.0,,,,13.53,10.0,1.1k+ sold recently,Styleloop Woman Shoes Braided Detail Single Band Open Toe Comfortable Vacation Summer Outdoor Beige Fabric Flat Sandals For Summer Vacation Shoes Summer Sale Boho Feels,Shoes
1.0,,#3 Best Seller,In Black Dress Shoes,24.2,25.0,,Mens Casual Shoes Sneakers Loafers Comfort Walking Shoes For Male Business Work Office Dress,Shoes
1.0,,,,21.9,26.0,1.6k+ sold recently,"Women Raw Trim Espadrille Sandals, Vacation Outdoor Straw Wedge Slide Sandals",Shoes
1.0,,,,1.88,43.0,1.0k+ sold recently,"Detachable Multi-functional High Heel Shoe Straps, Anti-slip & Waterdrop Rhinestone Studded Shoe Lace, Non-install Design, One Size Fits Most",Shoes
4.0,,,,21.6,21.0,400+ sold recently,Women Black And White Letter Graphic Colorblock Skate Shoes,Shoes
1.0,,#2 Best Sellers,in Men Canvas Shoes,15.89,42.0,,"Fashionable Graffiti Style Men's Slip-On Canvas Shoes For Casual, Sports And Outdoor Activities",Shoes
6.0,,,,6.5,24.0,300+ sold recently,Bow Decor Espadrille Slides,Shoes
1.0,,,,9.99,41.0,400+ sold recently,Womens Softy Flat Sandals Cork Footbed Slides Adjustable Buckled Slip On Slippers Open Toe,Shoes
16.0,,,,18.2,21.0,300+ sold recently,"Women Single Band Stiletto Heeled Sandals, Elegant Black Fabric Mule Sandals",Shoes
5.0,,,,16.5,20.0,100+ sold recently,"New Arrival Cross Lace-Up Breathable Mesh Solid Color Women Sports Shoes With Chunky Non-Slip Sole, Suitable For All Seasons And Large Size",Shoes
4.0,,,,15.0,0.0,500+ sold recently,SHEIN SHUZIA Plus Size Flat Cool Slippers,Shoes
1.0,,,,21.2,21.0,2.1k+ sold recently,Ankle Strap Espadrille Wedge Sandals,Shoes
1.0,,#1 Best Sellers,in Women Rain Footwear,11.97,44.0,,"Fashionable Korean Mid-Calf Rain Boots For Women, Waterproof, Anti-Slip And Durable, Suitable For Garden Work, Car Washing And Daily Use",Shoes
1.0,,,,22.0,21.0,,Rhinestone Decor Sculptural Heeled Mules,Shoes
1.0,,,,13.6,20.0,1.1k+ sold recently,"Women's Patent Leather High-Heeled Sandals, Summer New Style Solid Faux-Leather Closed Toe Stilettos With Open Toe",Shoes
1.0,,,,12.1,20.0,60+ sold recently,"New Arrival Plus Size Women's Comfortable Outdoor Sandals, Flower Decor Flip-Flops With Flat Sole, Large Size Green Slippers For Women",Shoes
1.0,,,,13.75,38.0,40+ sold recently,Women's Versatile And Comfortable Flat Casual Shoes Slip-On Driving Loafers Large Size Flat Shoes,Shoes
4.0,,#3 Best Sellers,in Street Style Men Shoes,23.0,25.0,,Men's Sports Shoes Star Pattern Skater Shoes White Running Shoes Men's Fashionable Outdoor Large Size High-Top Sports Shoes For Men Casual And Comfortable Flat Shoes Suitable For Students Men's Lace-Up Shoes,Shoes
1.0,,,,11.3,20.0,400+ sold recently,Styleloop Metal Decor Thong Sandals For Summer Vacation Shoes Summer Sale,Shoes
1.0,,,,20.56,20.0,100+ sold recently,Women\ High Heel Sandals Pointed Toe Closed Toe Kitten Heel Party Dress Shoes,Shoes
8.0,,,,13.72,2.0,8.0k+ sold recently,"Cool Outdoors Slide Sandals for Women, Buckle Decor Lightweight Open Toe Footbed Sandals",Shoes
9.0,,,,8.91,22.0,2.1k+ sold recently,"Women's New Fashion Round-Toe Braided Flat Sandals, Simple And Comfortable One-Strap Beach Slippers, Available In White, Brown, Black, Leopard Print, Patterned, Yellow, And Green",Shoes
1.0,,#8 Best Seller,In Green Women Sneakers,11.8,21.0,,"New Spring Arrival Women Round Toe Leopard Pattern Low-Cut Sneakers With Lace, Comfortable Soft Sole Flat Casual Sports Shoes",Shoes
1.0,,#1 Best Seller,In Khaki Men Slippers,10.0,25.0,,"2023 Hottest Winter Slippers For Couples, Indoor/outdoor Thickened Warm Slippers With Lining",Shoes
4.0,,,,14.74,42.0,200+ sold recently,Faux Suede Rhinestone Decor Ankle Strap Pumps,Shoes
1.0,,,,22.4,25.0,90+ sold recently,Two-Layer Cowhide Rubber Sole Handmade Business & Casual Men's Leather Shoes,Shoes
1.0,,#8 Best Sellers,in Men Road Running Shoes,18.0,25.0,,"Men Minimalist Breathable Lace-Up Front Running Shoes, Sporty Outdoor Sneakers Manfinity Basics",Shoes
1.0,,,,20.88,20.0,100+ sold recently,Women's Black Flat Slippers Half Slides & Half Sandals,Shoes
16.0,,,,11.2,21.0,2.3k+ sold recently,Women's Comfortable And Fashionable Flat Sandals And Flip Flops,Shoes
1.0,,,,1.6,30.0,30+ sold recently,"3pairs Heel Protectors For Stilettos - Quiet, Non-Slip, Wear-Resistant, And Stylish For Weddings, Office & Parties",Shoes
1.0,,,,3.27,58.0,60+ sold recently,Flip-Flops Ladies Wear Beach Fashion Comfortable Flip-Flops Summer Student Flip-Flops,Shoes
1.0,,,,14.2,20.0,600+ sold recently,"2024 Summer New Arrival Women's Vacation Style Wedge, High Heel And Platform Espadrilles With T-Strap Buckle Closure, Waterproof And Fashionable Open Toe Chunky Sandals",Shoes
1.0,,,,7.8,26.0,200+ sold recently,"Men Cartoon Bear Pattern Slides, Fashion Bathroom EVA Slides",Shoes
1.0,,#4 Best Seller,In White Women Home Slippers,4.89,77.0,,Cow Slippers For Women Fuzzy Plush Animal Slippers Winter Warm Cozy House Slippers Soft Thick Sole Shoes Furry Home Sliders For Indoor Outdoor,Shoes
8.0,,#10 Best Seller,In Burgundy Women Pumps,21.2,20.0,,Women's Fashionable Burgundy Patent Leather High Heel Pointed Toe Shoes With Decorative Buckle And Back Strap,Shoes
1.0,,,,17.5,47.0,200+ sold recently,SHUZIA Embroidery Detail Western Boots,Shoes
1.0,,,,6.6,20.0,800+ sold recently,"Women's Fashionable Leopard Print Weave Black Wedge Flip-Flops, Non-Slip Durable Indoor & Outdoor Casual Beach Slippers",Shoes
7.0,,#1 Best Sellers,in High Heel Women Fashion Boots,33.4,20.0,,"Fashionable Western Style Embroidered Boots With Square Toe And Chunky Heels, Cowboy Boots For Women",Shoes
4.0,,,,20.8,21.0,1.0k+ sold recently,New Artistic Style National Tide Starry Sneakers Fashionable Casual Women's Shoes With Round Toe And Lace-up Low-top Design,Shoes
1.0,,,,8.3,50.0,100+ sold recently,Point Toe Chunky Heeled Slingback Pumps,Shoes
4.0,,,,21.0,0.0,100+ sold recently,"SHUZIA Women Minimalist Chunky Heeled Ankle Strap Sandals, Elegant Summer Heeled Sandals",Shoes
1.0,,,,24.8,19.0,,"Women's High-Heeled Shoes, Suitable For Work And Going Out, Hollowed Out, With Rhinestone Chains, Open-Toed, Suitable For All Seasons",Shoes
1.0,,#2 Best Seller,In Brown Men Flip Flops & Slides,12.1,25.0,,"Men's Fashion Pattern Design Casual Slippers For Daily Wear, Indoor, Bathroom, Outdoor, Beach, Resort Etc.",Shoes
1.0,,,,16.6,21.0,50+ sold recently,"Lace-up Front High Top Chunky Sneakers, White Color Running Shoes With Solid Color Shoelaces For Women",Shoes
8.0,,,,21.0,20.0,600+ sold recently,"Women Crocodile Embossed Wedge Slide Sandals, Fashion Summer Sandals",Shoes
1.0,,#2 Best Seller,In Pink Women Platforms & Wedge Sandals,18.0,20.0,,"Fashion Pink Sandals For Women, Buckle Decor Faux Suede Wedge Slide Sandals",Shoes
1.0,,,,11.4,25.0,70+ sold recently,"Men's Summer Fashion Hollow Out Sandals, Casual, Water Proof, Anti Slip, Thick/Soft Sole, Lightweight, Ideal For Outdoor/Indoor/Home, Beach Vacation",Shoes
23.0,,,,17.6,20.0,500+ sold recently,New Summer Women Pearly Patent Leather Sexy High Heel Sandals For Dating,Shoes
1.0,,,,2.3,28.0,20+ sold recently,Non-Slip Stickers High Heels Sticker Unisex Anti-Slip Self-Adhesive Shoes Mat High Heel Sole Protector Rubber Pads Cushion,Shoes
1.0,,#10 Best Seller,In Yellow Women Heeled Sandals,18.1,20.0,,CUCCOO CHICEST Fashionable And Comfortable Butter Yellow Pu Mules High-Heeled Sandals With Bow Knot For Women Vacation Shoes Summer Sale Elegant Sandals,Shoes
1.0,,,,28.0,21.0,100+ sold recently,"Women Wedge Heel Thick Bottom Sandals With Big Flower Decoration, Strappy Open Toe Design, Rope Sole, Wedge Heel, Chunky And Ultra-High Heel, Sexy And Cool",Shoes
4.0,,,,6.06,62.0,1.6k+ sold recently,"2024 Spring New Men's Shoes, Korean Version, Front Lace Lightweight Outdoor Sports Shoes, Chef Kitchen Men's Breathable Work Shoes",Shoes
7.0,,,,9.1,20.0,500+ sold recently,"Women Single Band Slide Sandals, Elegant Outdoor White Flat Sandals",Shoes
1.0,,#6 Best Seller,In Beige Women Heeled Sandals,25.74,1.0,,SHEIN SHUZIA Braided Raffia Slip On Chunky Heel Mules,Shoes
1.0,,,,19.3,21.0,1.4k+ sold recently,"Women's Platform Wedge Sandals, Fashionable And Versatile With Black Woven Anklet Strap",Shoes
1.0,,#9 Best Sellers,in High Heel Wide Fit Sandals,17.0,0.0,,CUCCOO CURVES Cuccoo Women's Fashion Chunky Heel Strap Sandals Vacation Shoes Summer Sale,Shoes
1.0,,,,1.8,31.0,200+ sold recently,"1pair 2-In-1 Sponge Shoe Insoles With Heel Pads, Anti-Slip Shoe Inserts With Massage Features For High Heels, Can Be Trimmed, Heel Pads To Prevent Slipping Off",Shoes
1.0,,,,2.3,28.0,500+ sold recently,"15/25/43pcs  Pattern Shoe Charms For Clogs  Bubble Slides Sandals,  PVC Shoe Decorations Beach Bag Accessories Gift Idea For Birthday Christmas Valentine's Day Party Favors",Shoes
1.0,,,,9.4,50.0,40+ sold recently,Women Plus Size Suede Splice Closed Toe Light-Weight Rope Slingback Sandals With Elegant Wedge & Platform Sole,Shoes
35.0,,#5 Best Sellers,in Women Heeled Sandals,14.21,22.0,,"Women Thin Strap Chunky Heeled Mule Sandals, Elegant Summer Heeled Sandals",Shoes
1.0,,,,2.0,29.0,200+ sold recently,"12pcs Dinosaur Random Shoe Decorations Accessories Charms For Clogs  Bubble Slides Sandals, Gift Idea For Birthday Christmas  Halloween Party Favors",Shoes
5.0,,,,8.65,57.0,100+ sold recently,"Women's Casual Sneakers, Lace-Up Soft Bottom Flat Low-Top Walking Shoes, Round Toe Versatile Skateboard Shoes, Student Shoes, White Sole Shoes",Shoes
5.0,,,,21.6,21.0,1.4k+ sold recently,Women's Slipper Wedge Heel Thick Sole Plus Size Sandals,Shoes
13.0,,#6 Best Sellers,in Mid Heel Women Pumps,6.0,74.0,,"2024 Summer New Women's Black Mary Jane High-Heeled Shoes, Versatile School Style Chunky Shoes",Shoes
13.0,,,,19.1,20.0,900+ sold recently,"Women's Summer New Black High Heels, Thin Heels, Flat Heels, Toe Clip, Slip-On Sandals, Fashionable Square Head Slippers, Outdoor Wearable Slippers",Shoes
4.0,,,,13.86,1.0,1.5k+ sold recently,SHUZIA Women's Flat Sandals,Shoes
1.0,,,,8.93,69.0,20+ sold recently,"Women Letter Graphic Colorblock Sneakers, High Top Round Toe Skate Shoes",Shoes
4.0,,,,16.71,24.0,100+ sold recently,Styleloop Ankle Strap Espadrille Wedges For Summer Vacation Shoes Summer Sale Boho Feels,Shoes
17.0,,,,25.5,21.0,900+ sold recently,High Heeled/Chunky Heeled Waterproof Platform Peep Toe Barefoot Ankle Strap Sandals,Shoes
1.0,,,,6.12,66.0,60+ sold recently,SHUZIA Women Shallow Mouth Plush Solid Color Flat Shoes Winter,Shoes
22.0,,,,13.0,20.0,400+ sold recently,"Women's Peep Toe Slip-On Flip Flops, Summer New French Style Cat High-Heeled Sandals, Versatile Comfortable Beach Shoes, Black",Shoes
4.0,,,,8.65,51.0,300+ sold recently,"Metal Decor Flat Flip-Flops Women's Sandals, Fashionable Toe Strap Buckle Heeled Beach Shoes, Casual Roman Black Sandals",Shoes
1.0,,,,1.44,40.0,50+ sold recently,Women Summer High-Heeled Shoes Non-Slip Insoles Invisible Shallow Mouth Half-Sole Boat Socks,Shoes
1.0,,,,10.0,59.0,,Spiked Decor Point Toe Mule Pumps,Shoes
5.0,,#8 Best Sellers,in Edgy,9.5,21.0,,"Women's New Flat Fashionable Casual Sandals, Perfect For Everyday Wear, Beach Wear And Outdoors. Woven Straps With Cross-Strap Tie, Roman Style, Comfortable And Lightweight. Available In Gold, Black, Silver And Brown Colors. Retro Roman Woven Ankle Strap Sandals With  Rope Bottom, Hollowed Round Toe Casual British Style Beach Shoes.",Shoes
1.0,,,,9.9,20.0,900+ sold recently,"Summer New Women Roman Flat Sandals With Non-Slip Foam Soles, Stylish And Versatile Daily Lightweight Shoes",Shoes
1.0,,#2 Best Sellers,in High Heel Women Mid-Calf Boots,29.0,20.0,,"Women's Pointed Toe Faux Leather Zipper Closure High Heel Knee-high Boots For Autumn/winter, Solid Color, Warm Long Boots",Shoes
1.0,,,,8.0,25.0,40+ sold recently,Men Bear Patch Wide Fit Bathroom Slippers,Shoes
1.0,,,,6.75,55.0,90+ sold recently,SHUZIA Women Fashionable Solid Color Cross Strap Buckle Design Flat Sandals,Shoes
1.0,,,,11.7,20.0,100+ sold recently,"New Summer Soft Leather Square Toe Flip Flop, Women's Slip On Sandals With Cat Heels And Toe Ring Design",Shoes
1.0,,,,15.6,40.0,10+ sold recently,CUCCOO BASICS Women's Shoes Colorblock Knit Detail Lightweight Breathable Running Shoes For Summer Vacation Shoes Summer Sale,Shoes
1.0,,,,5.4,23.0,30+ sold recently,"6 Pcs Starfish Theme Bag Charms, Southern Beach Accessory Compatible With For Bogg Bags, Simply Southern Tote Decoration, Handbag & Beach Tote Insert",Shoes
5.0,,,,26.99,46.0,2.1k+ sold recently,"Womens Flat Sandals With Soft Footbed, Open Toe Slides Adjustable Slip On Slippers For Summer Size 6-11",Shoes
1.0,,,,18.5,21.0,800+ sold recently,Women's Thick-Soled Open-Toe Hook And Loop Sandals With Wedge Heel,Shoes
5.0,,#8 Best Sellers,in Wedding Style,14.36,22.0,,"Women Minimalist Chunky Heeled Mule Sandals, Elegant Summer Heeled Sandals",Shoes
1.0,,,,30.1,24.0,200+ sold recently,"Men's Thick-bottomed Loafers, British Style, Autumn, Casual, Patent Leather, Tassel Detail, Business Breathable Black Slip-on Shoes",Shoes
15.0,,,,10.79,21.0,1.9k+ sold recently,"Women Minimalist Slide Sandals, Elegant Summer Flat Sandals Beach Sandals",Shoes
1.0,,#5 Best Seller,In Gold Women Flip-Flops,5.66,43.0,,"2024 Spring Summer New Fashionable, Comfortable, Anti-Skid, Flat, Thin Strap, Toe-Cap Covered, Outdoor, Round-Toe, Car-Stitch Beach Sandals For Women",Shoes
1.0,,,,7.85,44.0,100+ sold recently,Summer Men Camouflage Breathable Perforated Beach Shoes Soft Sole Garden Shoes For Couples,Shoes
6.0,,,,17.6,20.0,600+ sold recently,SHEIN SHUZIA Women's Wedge Heel Platform Sandals With Thick Sole,Shoes
1.0,,#1 Best Seller,In Green Women Fashion Boots,28.4,20.0,,Women's Fashion Embroidery Pattern Wedge Heel Side Zipper Tall Boots,Shoes
1.0,,#3 Best Seller,In Black Wide Fit Pumps,9.02,59.0,,SHUZIA Women Wide Fit Fashion High Heeled Shoes Square Toe Pumps,Shoes
8.0,,,,19.5,21.0,700+ sold recently,"Women's Fashionable Ankle Strap Pointed Toe High Heel Sandals For Parties And Events, Orange Lycra",Shoes
1.0,,,,11.46,59.0,600+ sold recently,"New Arrival 2023 Women's Thick-soled College-style White Sneakers, Casual Sports Shoes For Students",Shoes
1.0,,,,9.99,49.0,200+ sold recently,Womens Sandals Shoes Comfort Walking With Non Slip On Casual Summer Beach Shoes,Shoes
4.0,,#4 Best Seller,In Light Grey Women Sandals,14.9,21.0,,"Ladies' Fashionable Peep Toe Monochrome Wedge Heeled Sandals With Laser Cut Ankle Strap Detail, Light Gray",Shoes
1.0,,,,2.2,27.0,400+ sold recently,Women Insoles 3D Stretch Breathable Deodorant Running Cushion Insoles For Invisible Sock Insole Shoes Sole Orthopedic Pad WD-1,Shoes
1.0,,#2 Best Seller,In Apricot Wide Fit Shoes,15.0,0.0,,Women Wide Width Simple And Fashionable Soft Sole Daily Slip-On Sandals,Shoes
1.0,,,,7.32,25.0,2.3k+ sold recently,"Women's Elastic Band Woven Grass-like Summer Sandals, Vacation Style Heeled Wedges Black Slides With Thick Sole",Shoes
1.0,,,,17.6,20.0,100+ sold recently,"Women High Heel Sandals Thick/Fine Heel, Square/Cone Heel, Fashion Slipper, Black Sandals With Toe Ring/Ankle Strap, Double Toe Strap, Thin Strap Toe Ring Sandal",Shoes
4.0,,,,22.53,10.0,400+ sold recently,CUCCOO BASICS Woman Shoes Minimalist Chunky Heeled Knit Mule Elegant Black Heeled Sandals For Summer Graduation Heels Prom Heels Vacation Shoes Summer Sale,Shoes
5.0,,,,17.25,25.0,1.0k+ sold recently,SHUZIA Double Buckle Footbed Sandals,Shoes
1.0,,,,2.4,27.0,2.2k+ sold recently,"16/33pcs Sanrio Hello Kitty Shoe Charms For Clogs  Bubble Slides Sandals,  PVC Shoe Decorations Beach Bag Accessories Gift Idea For Birthday Christmas Valentine's Day Party Favors",Shoes
1.0,,,,5.5,85.0,,Bow Decor Square Toe Loafers,Shoes
5.0,,#6 Best Seller,In Beige Women Pumps,13.8,18.0,,"Women Point Toe Pyramid Heeled Pumps, Elegant Outdoor Mule Pumps",Shoes
1.0,,#8 Best Sellers,in Ultra High Heel Women Platforms & Wedge Sandals,24.5,21.0,,"2024 Wedge Sandals, Sexy Leg-Shaping Shoes, Comfortable Wedge Heels, 15cm Women'S Wedge Sandals With Thick Soles",Shoes
4.0,,#1 Best Seller,In Red Women Flip-Flops,5.5,25.0,,"Vacation Flip Flops For Women, Flower Decor Toe Post Design Slippers",Shoes
1.0,,,,19.0,21.0,200+ sold recently,Crocodile Embossed Chunky Heeled Mule Sandals,Shoes
1.0,,#10 Best Seller,In Apricot Women Flats,25.99,0.0,,MOTF PREMIUM ASSEMBLED COMFORTABLE LADIES' FLAT SHOES VACATION SHOES SUMMER SALE,Shoes
1.0,,,,12.0,40.0,,Men Minimalist Flip Flops,Shoes
7.0,,#10 Best Sellers,in Men Outdoor Sandals,2.89,70.0,,"Men's Black Anti-slip Soft Bottom Slippers For Summer Outdoors, Anti-skid Beach Sandals, Fashionable Flip Flops",Shoes
7.0,,,,28.3,18.0,200+ sold recently,Western Cowboy Boots Embroidered Knight Boots Mid-Calf  Boots Chelsea Boots Long Tube Boots Women New Style,Shoes
1.0,,,,6.97,47.0,20+ sold recently,"Women's Elegant Square Toe Mules, Flat Shoes With Light-Weight PU Material For Formal Occasions",Shoes
1.0,,,,15.38,25.0,300+ sold recently,"Women's Sports Shoes, Lightweight, Comfortable, Breathable, Running, Fitness, Casual, White Sneakers, Popular Online",Shoes
5.0,,,,10.6,21.0,1.4k+ sold recently,"New Spring And Summer Large Size Casual, Fashionable, Comfortable Slip-On Women Flat Slippers For Outdoor Wear",Shoes
1.0,,,,14.5,34.0,200+ sold recently,"Blue Men's Breathable Color Block Fashion Lace-Up Business Commuting Walking Shoes, Casual Sports Shoes",Shoes
16.0,,,,14.7,21.0,200+ sold recently,"Women's Fashionable Green Diamond Embellished Mule Heels With Crocodile Pattern, Crocodile Patterned, Pressed Flowers And Chain Decoration Slides",Shoes
1.0,,,,13.2,20.0,200+ sold recently,"Ladies' Brown Woven Comfortable Casual Sandals With Chunky Heel, Sexy High Heel Beach Slipper",Shoes
6.0,,#1 Best Seller,In White Shoelaces,1.3,35.0,,1pair Minimalist Shoelaces For Multi-size flat casual shoes,Shoes
5.0,,#10 Best Seller,In Black Women Pumps,18.8,20.0,,Women's Fashion High Heel Shoes,Shoes
5.0,,,,11.88,40.0,700+ sold recently,SHEIN SHUZIA Minimalistic Squared Toe Thong Kitten Heels,Shoes
39.0,,,,19.7,21.0,400+ sold recently,"Women's White High Heeled Sandals, Open-Toe Chunky Heel Double Wear Shoes Suede Comfortable, Versatile High Heels Countersunk Chunky Heels Highlight Height And Leg Length, Solid Color Comfortable Slippers For Women",Shoes
1.0,,,,6.5,20.0,200+ sold recently,"Women's Thick-Soled Wedge Flip Flops, With Ankle Strap, Ideal For Beach & Leisure Activities, Simple Design, Low-Heeled Sandals In Beige Or Black Color, Open Toe",Shoes
1.0,,,,9.8,16.0,20+ sold recently,"2024 Summer New Arrival Fashionable High-End Women's Plus Size Wide Last One-Word Drag For Little Fairy, Hot-Selling Sandals",Shoes
1.0,,,,1.19,34.0,70+ sold recently,1pair Clear Shoe Pad For Foot Care,Shoes
1.0,,,,13.98,30.0,500+ sold recently,Women's  Square Open Toe Ankle Strap Low Block Chunky Heels Sandals Roman,Shoes
6.0,,,,11.09,37.0,100+ sold recently,SHUZIA Pointed Toe Dorsay Style Slip On Flats,Shoes
1.0,,,,22.7,23.0,,Minimalist Open Toe Slides,Shoes
35.0,,#6 Best Seller,In Apricot Women Heeled Sandals,14.5,20.0,,"Thin Strap Chunky Heeled Mule Sandals, Apricot Elegant Monochrome Open-toe Mules",Shoes
1.0,,,,7.77,44.0,300+ sold recently,"Women's Pointed Leopard Print Fashion Soft Bottom Velvet Comfortable Flat Shoes, Suitable For Indoor And Outdoor Occasions",Shoes
1.0,,,,301.65,0.0,,Jordan Nike Jordan | White Air Jordan 4 Retro Sneakers,Shoes
4.0,,,,5.7,24.0,2.4k+ sold recently,Women's Minimalist Open Toe Fluffy Slides,Shoes
16.0,,,,18.6,21.0,500+ sold recently,"Women Minimalist Chunky Heeled Ankle Strap Sandals, Elegant Summer Heeled Sandals",Shoes
1.0,,,,9.3,23.0,1.0k+ sold recently,"Women Cute Cherry Non-Slip Indoor Slippers, Winter New Arrival",Shoes
1.0,,,,2.04,54.0,,1Pair 4D Cloud Sport Insoles For Shoes PU Air Cushion Sole Soft Shock Absorption Deodorant Breathable Running Orthopedic Insoles,Shoes
1.0,,,,21.6,21.0,800+ sold recently,"Women Black Espadrille Sole Wedge Strappy Sandals, Elegant Open Toe Sandals For Vacation",Shoes
18.0,,,,10.6,20.0,8.6k+ sold recently,"Women Minimalist Criss Cross Thong Sandals, Fashion Summer Flat Sandals",Shoes
1.0,,#6 Best Seller,In Multicolor Inserts & Insoles,1.6,30.0,,"4 Pairs Heel Pads For Shoes Too Big, Shoe Inserts For Loose Shoes, Heel Grips Protectors For Blisters Pain, Filler Make Shoes Fit Tighter, Rubbing, Prevent Slip For Women Men",Shoes
1.0,,,,22.0,18.0,,"Women's Pointed Toe Flat Shoes, Fashionable Silver Diamond Flower Mules For Women And Kids, Multi-Colored Vacation Style Casual Shoes",Shoes
13.0,,,,7.7,21.0,2.9k+ sold recently,Women's Casual Comfortable & Fashionable Flat Sandals For Summer,Shoes
1.0,,,,20.8,20.0,300+ sold recently,Bow Decor Stiletto Heeled Slingback Sandals,Shoes
1.0,,#4 Best Seller,In Black and White Shoe Decorations,2.67,36.0,,28pcs Shoe Charms Initial Letter Shoe Buckle Detachable Shoe Charm Clogs Charm Clogs DIY Accessories Decoration For Girls Women,Shoes
1.0,,,,10.08,60.0,,"Men's Slip-On Low-Top Skate Shoes, Comfortable & Anti-Slip Casual Athletic Shoes, Versatile Outdoor Shoes",Shoes
5.0,,,,23.56,25.0,2.0k+ sold recently,"Sporty Skate Shoes For Men, Colorblock Lace-Up Front Sneakers MenâS Casual Shoes",Shoes
1.0,,,,9.89,41.0,600+ sold recently,Womens Cork Footbed Slides Adjustable Buckled Slip On Slippers Open Toe Softy Flat Sandals,Shoes
31.0,,,,8.2,20.0,1.1k+ sold recently,"Women Snakeskin Embossed Braided Detail Flat Sandals, Elegant Summer Slide Sandals",Shoes
1.0,,#8 Best Seller,In White Women Sneakers,20.26,24.0,,Women's Fashionable Round Toe Lace-Up Color Block Casual Chunky Sneakers With Wedge Heel,Shoes
6.0,,#2 Best Seller,In Pink Women Clogs,7.1,17.0,,"Women Summer Fashionable Hollow Out Shoes, Korean Style Pure Color Simple Design, Anti-Slip, Thick Bottom, Suitable For Couples, Open Toe Sandals",Shoes
1.0,,,,10.1,20.0,,"2024 New Vintage Style Casual Flat Closed Toe Sandals, Breathable Hollow Out Braided Roman Shoes",Shoes
1.0,,,,16.6,17.0,80+ sold recently,"Minimalist Lace-Up Front Oxford Shoes,Women's Simple And Elegant Campus Style Shoes In Black",Shoes
4.0,,,,78.29,47.0,60+ sold recently,Arqa Womens Ankle Strap Heeled Sandals Rhinestones Diamonds Platform Chunky Block High Heels Buckle Up Fashion Dress Pumps For Women,Shoes
1.0,,,,19.4,17.0,30+ sold recently,"Women's Wedge & Thick Bottom Shoes, Black Color, Suitable For Casual, Touring, Vacation, Work Or Formal Occasions In Spring/Summer",Shoes
13.0,,,,19.1,20.0,500+ sold recently,"Women High Heel Bowknot Sandals, Breathable Mesh Stiletto Heeled Simple Black Slippers",Shoes
1.0,,,,9.5,23.0,,Textured Single Band Slides,Shoes
1.0,,#1 Best Sellers,in Ultra High Heel Women Shoes,27.0,0.0,,CUCCOO SZL Woman Shoes New Years Fashion Tie Leg Design Vacation Brown Strappy Wedge Sandals For Summer Vacation Shoes Summer Sale,Shoes
1.0,,#3 Best Seller,In Black Shoe Decorations,3.1,24.0,,91602 Black European And American Funny Toys Small Car Tail Fin Home Slippers Hole Slippers Tail Fin Decoration,Shoes
22.0,,,,13.0,20.0,200+ sold recently,"Women's Slip-On Square Toe Flat Sandals/Slippers For Summer, Featuring French Kitten Heel, High-Heeled And Versatile For Comfortable Fit, Great For Beach Wearing, Color: Beige.",Shoes
5.0,,,,10.48,38.0,200+ sold recently,Mens Blue Slip On Casual Shoes Lightweight Work Shoes Trainers Breathable Non Slip Mesh Walking Gym Shoes Comfortable Workout Sneakers,Shoes
1.0,,,,11.87,31.0,10+ sold recently,"Women Outdoor Fabric Sneakers With Striped Decoration, Front Lace-Up Design And Breathable Material For Running",Shoes
4.0,,,,18.96,20.0,100+ sold recently,"Tie Back Faux Pearl Decor Point Toe Ankle Strap Stiletto Pumps, White Party Pearl & Bow Knot Decor Solid Ankle Strap High Heel Shoes For Women",Shoes
4.0,,,,24.29,25.0,,Women Strappy Sandals Chunky Pumps Low Heels Open Toe Block Heels For Daily Wear Wedding 2.25inches,Shoes
5.0,,,,18.1,20.0,500+ sold recently,CUCCOO SZL Women'S High Heel Sandals For Summer Graduation Heels Prom Heels Vacation Shoes Summer Sale,Shoes
1.0,,,,18.7,20.0,200+ sold recently,"Women's Fashionable Motorcycle Boots, Short Boots Or Motor Boots, Comfortable For Outdoor Activities",Shoes
5.0,,,,9.8,21.0,1.7k+ sold recently,"Women Multi Strap Slingback Sandals, Elegant Black Flat Sandals For Summer",Shoes
4.0,,,,12.18,42.0,200+ sold recently,SHUZIA Square Open Toe Short Chunky Heel Sandals,Shoes
24.0,,#4 Best Seller,In Multicolor Women Pumps,18.5,19.0,,"Women Random Leopard Print Point Toe Chunky Heeled Slingback Pumps, Elegant Faux Suede Pumps For Summer",Shoes
4.0,,,,20.4,20.0,1.8k+ sold recently,"Women Tie Leg Design Espadrille Sole Sandals, Vacation Summer Faux Suede Strappy Sandals",Shoes
1.0,,#4 Best Sellers,in Low Heel Women Fashion Boots,19.86,39.0,,"ROMWE Fairycore Women 2024 Spring And Autumn New Outdoor Fashion Detailed Splice Embroidery Western Short Boots, Cowboy Boots For Women",Shoes
24.0,,,,12.18,21.0,1.7k+ sold recently,"Women's Black Bow Decor Slippers, Round Toe, Trendy Flip Flops,",Shoes
4.0,,,,26.58,23.0,800+ sold recently,Women Chunky Heels Peep Toe Mules Apricot Skin Color Breathable Slip-On Sexy Party Waterproof Platform High Heel Sandals For Summer,Shoes
1.0,,#8 Best Seller,In Camel Women Sandals,8.75,51.0,,SHUZIA Women Solid Color Summer Elegant And Stylish High-Heeled Sandals,Shoes
1.0,,,,22.6,0.0,70+ sold recently,1 Pair Women Casual Sports Trendy Lightweight Student Sneakers For Outdoor Activities,Shoes
1.0,,,,22.9,21.0,,"2024 Summer New Women's High Heel Sandals, Silver Waterproof Platform With Rhinestones, Thin Heels, Shiny Sequins, One-Strap Buckle, Elegant Evening Fashion Shoes",Shoes
5.0,,,,7.65,59.0,100+ sold recently,Mens Walking Shoes Ultra Lightweight Tennis Running Shoes Mesh Non-Slip Casual Comfortable Work Workout Athletic Sport Sneakers Breathable Dark Blue,Shoes
1.0,,,,6.37,30.0,10k+ sold recently,"Men's Obsidian Sport Sandals,2024 Summer New Outdoor Thick-Soled Couple Slippers, Soft Bottom Flip-Flops For Men",Shoes
4.0,,#5 Best Sellers,in Low Heel Women Pumps,24.5,39.0,,Women Metal Double Buckle Belt Decor Chunky Low Heel Comfort Pointy Toe Pumps Punk Back Strap Single Flat Shoes,Shoes
7.0,,#8 Best Seller,In Khaki Women Flat Sandals,9.0,20.0,,2024 Women's Flat Sandals Fashionable Strap Design Casual Beach Slippers Size 43,Shoes
1.0,,,,8.35,28.0,400+ sold recently,"Summer New Arrival Women's Fashionable Outdoor Slippers With Soft And Comfortable Double Buckle, Thick Platform, Super Lightweight, Anti-Slip Soft Sole, Cushioned, Cool",Shoes
8.0,,#2 Best Seller,In Cadet Blue Women Shoes,16.2,21.0,,"Ladies"" Vintage Suede Metal Buckle Flat Sandals, Comfortable Soft Insoles, Round Toe, Belt Buckle, Casual Style, Suitable For Outdoor Travel, Beach, Spring And Summer, Green Blue Color, Thick Cork Strap Flat Slippers",Shoes
1.0,,,,20.8,20.0,200+ sold recently,SHUZIA Square Toe Fluffy Pom Stiletto Heeled Sandals,Shoes
1.0,,,,17.94,40.0,30+ sold recently,Fashion Boots Women's Boots Beige-colored Boots Women's Shoes Boots Autumn Boots High Boots Short Boots Thick Bottom Boots,Shoes
28.0,,,,19.9,21.0,100+ sold recently,Women's High Heeled Spring/Summer Outdoor Evening Fashionable Fine Heeled Pointed Toe Shiny Metal Snake Print Eye-Catching Lan Flowers Sexy Bare Strap Elegant Sandals,Shoes
1.0,,#2 Best Seller,In Khaki Shoe Spare Parts,2.2,33.0,,"1pair Flat Feet Arch Support Insoles, Suitable For High Heels And Flat Shoes, With Heel Pad And Forefoot Half Pad",Shoes
4.0,,,,27.8,21.0,200+ sold recently,"Women's Black Knitted Peep Toe Chunky Heel Waterproof Platform Mules, Breathable And Sexy Sandals For Summer Parties",Shoes
13.0,,#4 Best Seller,In Beige Women Platforms & Wedge Sandals,18.8,21.0,,"Vacation Ankle Strap Wedge Sandals For Women, Braid Detail Espadrille Wedge Sandals",Shoes
6.0,,,,14.0,0.0,2.2k+ sold recently,SHEIN SHUZIA Women'S Flat Sandals,Shoes
1.0,,,,10.1,20.0,200+ sold recently,"Women Criss Cross Strap Slingback Sandals, Vacation Solid Minimalist Outdoor Elastic Ankle Strap Sandals",Shoes
1.0,,,,1.6,30.0,10+ sold recently,"Random Animal/Flower/Cute Cartoon/Sports/Series Shoe Charms For Clogs Sandals, 10/30/50/100Pcs Shoe Decoration Premium Quality Popular Charms Accessories Great Gift For Teens Men Women And Adults",Shoes
1.0,,,,2.8,26.0,200+ sold recently,"1pair High Heel Shoe Anti-Skid Elastic Shoelaces With Rhinestone Decorative Buckle, Women Shoe Straps",Shoes
1.0,,,,13.6,21.0,,2024 New Summer Vintage Women's Purple Sandals With Comfortable Hollow Out Breathable Wedge Heels,Shoes
1.0,,#2 Best Seller,In Brown Women Flip-Flops,12.3,25.0,,"Flat  Rope Slip-On Flip Flops For Women, Simple And Lightweight Vacation Sandals",Shoes
1.0,,,,19.8,18.0,700+ sold recently,"Women's Elegant Flat Shoes With Metallic Decorations, Mule Flats",Shoes
1.0,,#1 Best Seller,In Khaki Women Outdoor Shoes,33.3,18.0,,"Women's Suede Embroidered Western Knee-high Boots, Solid Color Booties And High Boots, Easy-to-wear Mid-calf & Wide-calf Boots For Fall And Winter Season",Shoes
1.0,,,,4.65,55.0,100+ sold recently,"All-seasons Granny Flat Slippers For Women, Waterproof And Durable Rubber Material, Perfect For Bathroom/water Activities",Shoes
7.0,,,,14.5,21.0,400+ sold recently,"Women's Gold Fairy Style Square Toe High Heel Sandals For Summer And Autumn Fashion, Made Of Artificial Leather",Shoes
1.0,,,,10.8,25.0,80+ sold recently,"A Pair Of Gray And Blue EVA Shoes For Men And Women, With Anti-Skid, Wear-Resistant, Lightweight, Quick-Drying, Soft, Elastic, Breathable, Hollow-Out, Breathable, Rounded Toe, Low-Cut, Thick-Soled, Beach, Vent Holes, Street-Style, Fashionable, Casual, Simple, Indoor And Outdoor, Daily Commute, Outdoor Play, Students And Office Workers, With One Shoe That Can Be Worn As Sandals And With A Carrying Strap.",Shoes
7.0,,,,33.3,14.0,1.4k+ sold recently,Women's Fashionable Boots,Shoes
4.0,,#5 Best Seller,In Black Women Mid-Calf Boots,27.0,20.0,,"Women's Western Style Knight Boots With Embroidery Details, Cowboy Boots For Women",Shoes
1.0,,#6 Best Sellers,in Women Ankle Boots & Booties,22.5,20.0,,"Unisex Women's Platform Boots With Simple Design, Front Lace-up Boots",Shoes
1.0,,#9 Best Sellers,in Western Boots Women Shoes,27.0,47.0,,SHUZIA Metallic Rhinestone Decor Side Zipper Chunky Heeled Boots,Shoes
1.0,,,,13.97,39.0,100+ sold recently,"Men's High Top Heel Shoes, Winter Shoes, Can Be Worn Outside, Warm, Soft, Comfortable, Cold-Resistant, Rounded Design, Durable Laces",Shoes
1.0,,,,17.23,27.0,200+ sold recently,Women's Fashionable & Comfortable Single Net Pu Stiletto Shoes,Shoes
1.0,,#3 Best Sellers,in Flat Wide Fit Sandals,13.7,16.0,,Wide Fit Trendy Wedding Party Evening Party Bowknot Comfortable White Plus Size Lady Sandals With Wide Toe Box,Shoes
16.0,,,,9.7,20.0,500+ sold recently,"Cute Girl's Bow Striped Elements Pink Slippers, Popular Style For Casual Outing And Beach Time",Shoes
1.0,,#6 Best Seller,In Brown Women Fashion Boots,35.3,20.0,,Women's Fashionable Retro Embroidery & Studs Decor Thick Heeled Pointed Toe Western Cowboy Boots,Shoes
1.0,,#6 Best Sellers,in Mid Heel Women Platforms & Wedge Sandals,19.1,20.0,,"SHEIN ICON Elegant Black Wedge Slide Sandals For Women, Flower Decor Sandals Vacation Shoes Summer Sale",Shoes
1.0,,#8 Best Seller,In Burgundy Women Pumps,23.9,19.0,,"Fashion Burgundy Pumps For Women, Minimalist Chunky Heeled Mary Jane Pumps",Shoes
1.0,,,,11.3,21.0,,Braided Strap Slide Sandals,Shoes
1.0,,,,4.7,24.0,800+ sold recently,"Preppy Slides For Women, Cartoon Bear Pattern Letter Graphic Slippers",Shoes
1.0,,,,1.96,44.0,40+ sold recently,9pcs Cute Car And Colorful Engineering Vehicle Shoe Charms For Kids Boys PVC Clogs And Sandals Shoe Decorations Fun DIY Accessories,Shoes
7.0,,,,13.37,21.0,3.1k+ sold recently,"Women Tie Leg Design Stiletto Heeled Sandals, Elegant Mule Sandals",Shoes
1.0,,,,14.0,21.0,200+ sold recently,"Women Black Cut Out Detail Slide Sandals, Fashionable Open Toe Flat Sandals",Shoes
4.0,,#8 Best Seller,In Black Women Heeled Sandals,17.82,21.0,,"Women Minimalist Pyramid Heeled Thong Sandals, Fashion Summer Heeled Sandals",Shoes
1.0,,#4 Best Seller,In Khaki Men Clogs,5.55,55.0,,Summer Unisex Slip-On Dual Use Sandals Lightweight Breathable Classic Sports Beach Shoes Women Couples Large Size Hollow-Out Shoes,Shoes
12.0,,#1 Best Seller,In Pink Women Fashion Boots,28.4,20.0,,"Women's 2024 New Pink Fashionable Over The Knee & Western Style Boots With Embroidery, Spring And Autumn",Shoes
5.0,,,,11.0,20.0,700+ sold recently,"Women Fashion Slide Sandals, Non-Slip Flat Slippers Suitable For Everyday, Work Or School",Shoes
1.0,,,,22.37,20.0,100+ sold recently,"MOTF PREMIUM POINT TOE  TWIST  DECOR KITTEN HEELED  SANDALS, GRADUATION HEEL, PROM HEELS FOR SUMMER VACATION SHOES SUMMER SALE",Shoes
6.0,,,,11.88,64.0,10+ sold recently,Women's New Simple All-match Sequin Square Toe Mid-low Heel Ankle Booties,Shoes
9.0,,#4 Best Seller,In Red Women Equestrian Boots & Western Boots,27.7,18.0,,"Women Knee-High Boots, Retro Embroidery  Boots, Chunky Heel Riding Western Cowboy Boots, Spring And Autumn 2024 New Style",Shoes
1.0,,#10 Best Seller,In Apricot Women Platforms & Wedge Sandals,19.8,1.0,,"SHUZIA Women Color-Contrasting Slip-Resistant, Wear-Resistant Wedge Heel & Thick-Sole Sandals",Shoes
1.0,,,,4.26,49.0,400+ sold recently,Summer Women Flip-Flop Sandals: Fashionable Thick-Soled Wedges With Anti-Skid Outsole Suitable For Outdoor Activities Such As Beach And Countryside Holiday,Shoes
1.0,,,,0.87,68.0,10+ sold recently,"Random 10 Pink A-Z Alphabet Inspired Removable Shoe DIY Decorations, Suitable For Clogs, Sandals, And Loved By Boys, Girls, Teens, And Adults, Great For Parties, Gifting To Friends, And Back To School Season",Shoes
1.0,,,,41.0,0.0,,Croco Embossed Pointy Toe Block Heel Ankle Boots,Shoes
1.0,,,,20.9,21.0,900+ sold recently,"Sporty Chunky Sneakers For Women, Letter Graphic Lace-up Front Sneakers",Shoes
1.0,,,,6.5,24.0,,Linen Cross Strap Slides,Shoes
6.0,,,,21.2,21.0,300+ sold recently,2024 Retro Thick-Soled Sports Chunky Shoes For Women In Spring And Autumn,Shoes
6.0,,,,13.2,20.0,2.3k+ sold recently,"Women Buckle Decor Espadrille Ankle Strap Sandals, Artificial Microfiber Leather Vacation Sandals",Shoes
1.0,,,,3.5,79.0,50+ sold recently,"Women Textured Single Band Slides, Fashion Outdoor EVA Slides",Shoes
1.0,,,,32.0,20.0,20+ sold recently,Black Buckled Detail Chunky Heel Boots,Shoes
1.0,,,,9.0,20.0,,"New Women's Fashion Leopard Print Zigzag Thong Sandals, Casual Cross Strap Summer Beach Flip Flops, Comfortable Toe-Post Slippers",Shoes
1.0,,,,13.5,25.0,200+ sold recently,SHEIN SHUZIA Women's Fashionable Black Flat Shoes,Shoes
1.0,,,,15.3,21.0,1.2k+ sold recently,"Women's Outdoor Flat Sandals With Chain Detail, Women's Black Flat Sandals",Shoes
1.0,,,,22.47,21.0,700+ sold recently,"Women Two Tone Espadrille Sole Ankle Strap Sandals, Vacation Summer Wedge Sandals",Shoes
1.0,,,,21.3,25.0,100+ sold recently,"Men's Red Walking Shoes With Unique Letter Design, Skateboarding Shoes",Shoes
1.0,,,,33.3,18.0,400+ sold recently,Women's Western Boots Embroidered Pointed Toe Chunky Heel Suede Riding Boots With Electronic Embroidery Solid Color Autumn Winter Warm Boots,Shoes
1.0,,,,16.51,35.0,10+ sold recently,CUCCOO CURVES Women's Fashion Plus Size White High Heel Sandals,Shoes
4.0,,,,10.9,25.0,10+ sold recently,Breathable Men Loafers Slip-On Lightweight Male Walking Shoes Anti-Slip Flexible Couple Casual Sneakers Summer Soft Footwear,Shoes
4.0,,,,4.5,21.0,2.9k+ sold recently,"Women Flower Decor Thong Sandals, Fashionable Outdoor Black Polyester Flat Sandals",Shoes
1.0,,,,6.5,25.0,2.2k+ sold recently,"Men's Summer Slippers Indoor Outdoor Non-Slip Soft Bottom Bathroom Shower Couple Home Slippers With Odor-Proof Function, Plus Size",Shoes
6.0,,,,15.3,21.0,800+ sold recently,"French Style Brown Square Toe Women'S New Summer/Fall High-Heeled Sandals, Faux Leather, Chunky Heel",Shoes
30.0,,,,12.0,21.0,1.0k+ sold recently,Flower Beach Sandals New Arrival Women's Flat Oversized Slippers For Outdoor And Casual Wear,Shoes
6.0,,,,9.99,57.0,300+ sold recently,Womens Adjustable Buckle Strappy Slip-On Slippers Cork Footbed Slides For Sandals With Comfortable Arch Support Outdoor,Shoes
6.0,,#9 Best Seller,In Baby Blue Women Platforms & Wedge Sandals,9.89,48.0,,"Women's Beach Sandals, Water-Resistant Flip-Flop Slides,  Soft PU Sole & Comfortable Fit, Fashion Slides Flip Flops Open Toe Strappy Slip",Shoes
1.0,,,,3.96,58.0,700+ sold recently,"Ladies' Summer Sparkling Slippers, Open Toe Anti-slip Beach Sandals With Thick Platform And Wedge Heel",Shoes
1.0,,,,21.0,17.0,,Wide Fit Stylish Summer Black Suede Chunky Heeled Women's Plus Size Sandals With Ankle Strap,Shoes
1.0,,,,17.7,21.0,400+ sold recently,"Women Rhinestone & Chain Decor Thong Sandals, Glamorous Party Ankle Strap Thong Sandals",Shoes
5.0,,,,3.65,57.0,800+ sold recently,"Women's Summer Thick-Soled Simple Fashion Slippers, EVA Anti-Skid And Wear-Resistant Bathroom Sandals",Shoes
1.0,,,,9.1,21.0,500+ sold recently,"Ladies' Plus Size Woven Strap Sandals, Soft Slip-On Open Toe Anti-Slip & Wear-Resistant Black Sandals, Outdoor Round Toe Flat Brown Slippers",Shoes
1.0,,,,20.5,19.0,,Dobby Mesh Panel Point Toe Heeled Slingback Pumps,Shoes
1.0,,,,2.4,27.0,500+ sold recently,2pcs/Pack New Version Anti-Slip 4D Massage Insole With Socks Arch Support Absorbent Breathable Sponge Elastic Massage And Pressure-Relief Insole For Sports Shoes And Casual Shoes,Shoes
1.0,,#5 Best Seller,In Multicolor Women Flip-Flops,5.5,25.0,,New Arrival Women's Flat Slipper With Herringbone Patterned Strap For Beach And Indoor Use In Summer,Shoes
4.0,,,,19.1,25.0,10+ sold recently,"Men's Low-Top Lace-Up Skate Shoes, Floral Pattern Casual Sneakers, Fashionable Breathable Sports Shoes, Slip-Resistant Outdoor Travel Shoes",Shoes
1.0,,#7 Best Sellers,in Street Style Men Shoes,21.8,25.0,,"Men's Latest Fashionable Couples' White Shoes - Slip-Resistant, Versatile, Lightweight, Comfortable, High-Top Sneakers For Outdoor Activities",Shoes
1.0,,#3 Best Seller,In Brown Men Sneakers,18.35,46.0,,Men's Fashionable Comfortable Slip-Resistant Low Cut Casual 'Chunky Sneakers',Shoes
1.0,,,,13.5,50.0,,Minimalist Chunky Heeled Ankle Strap Sandals,Shoes
1.0,,,,25.81,25.0,20+ sold recently,"Women's Low Chunky Heel Ballet Pumps Closed Toe Bowknot Detail Single Shoes,Comfortable & Fashionable Slip-On Work Shoes",Shoes
1.0,,,,2.2,29.0,1.1k+ sold recently,Women Insoles 3D Stretch Breathable Deodorant Running Cushion Insoles For Invisible Sock Insole Shoes Sole Orthopedic Pad WD-1,Shoes
5.0,,,,26.1,21.0,200+ sold recently,"Buckle Decor Platform Slingback Sandals, White Fashionable Buckled Sandals With Letter Detail And Solid Color Wedge Heel",Shoes
6.0,,,,12.5,21.0,600+ sold recently,"2024 Summer New Women's Solid Color Thin High Heel Sandals, Fashionable Peep-Toe Pumps For Formal Dress And Slip-On High-Heeled Shoes Black",Shoes
1.0,,,,8.5,59.0,,Minimalist Point Toe Ballet Flats,Shoes
1.0,,,,10.5,50.0,,"Comfortable And Sexy Work High Heels, Black Lightweight High Heels, Party Version Body Shaping High Heels",Shoes
5.0,,,,9.8,21.0,2.3k+ sold recently,"Slip-Ons Women's Flat Sandals, Multiple Styles: Fake , , Rope Braid, Grass Braid, With Straps, Vacation Style",Shoes
1.0,,,,13.0,0.0,60+ sold recently,"SHUZIA Hottest Lady's Nude Squared-Toe Flat Mary Jane - French Elegance,Elastic Strap With Metallic Buckle, Versatile, Trendy,",Shoes
1.0,,,,2.2,27.0,10+ sold recently,5 Pairs Disposable Anti-Sweat Breathable Deodorant Thin Insoles For Men And Women Leather Shoes / Sneakers / Hygienic Insoles Wholesale In Summer,Shoes
1.0,,,,13.5,40.0,,"Women's Fashionable Mary Jane Black Shoes With Buckle Detail, Round Toe Cute Thick Bottom Soft Bottom Comfortable Shoes Flat Shoes, JK Lolita Style Matched With Skirts, Preppy Style, Lolita, Y2K, British, Punk, Rock, Ultra-Modern Small Leather Shoes",Shoes
4.0,,,,18.7,20.0,600+ sold recently,"Women's New Square Toe High-Heel Sandals Black Slip-On Mules High-Heel Party Shoes, Simple & Fashionable Lady's Sandals, High Heels, Open-Toe Slippers, Elegant & Simple Style For Daily & Party Wear",Shoes
7.0,,,,20.09,26.0,1.2k+ sold recently,"Women Stitch Detail Sandals, Fashionable Summer Brown Toe Post Design Wedge Slide Sandals",Shoes
4.0,,,,14.0,0.0,1.2k+ sold recently,SHUZIA Women's Flat Solid Color Slippers Sandals,Shoes
1.0,,#1 Best Sellers,in Women Flip-Flops,5.8,24.0,,"Women Minimalist Flip Flops, Vacation Summer Flip Flops",Shoes
1.0,,,,25.0,21.0,400+ sold recently,"Women's Leopard Print High Heels With Waterproof Platform, Square Toe, Thick Heel, Sandals And Slippers",Shoes
1.0,,,,15.4,21.0,200+ sold recently,"Cross-Border Plus Size Women Summer Sandals With Buckle Strap, Peep Toe, Faux  Rope, Platform Wedge Heel And Car Seam Sewing",Shoes
6.0,,,,19.7,21.0,600+ sold recently,"Women Tie Leg Design Espadrille Wedge Sandals, Faux Suede Vacation Sandals",Shoes
9.0,,#10 Best Seller,In Grey Women Fashion Boots,10.05,65.0,,"Elegant Boots For Women, Faux Suede Slip On Slouchy Boots",Shoes
1.0,,,,17.3,23.0,,Minimalist Open Toe Slides,Shoes
4.0,,#8 Best Sellers,in Wide Fit Pumps,20.48,20.0,,"Women's Wide Fit Thick Heel Shoes With Back Strap Slingback Sandals, Summer New Arrival",Shoes
1.0,,,,3.8,24.0,3.0k+ sold recently,"10/30/52pcs Random Sanrio Shoe Decorations Accessories Charms For Clogs  Bubble Slides Sandals, Gift Idea For Birthday Christmas  Halloween Party Favors",Shoes
1.0,,,,21.17,19.0,200+ sold recently,CUCCOO BIZCHIC Women's High Heel Sandals Vacation Shoes Summer Sale,Shoes
1.0,,,,25.4,19.0,100+ sold recently,"Women's Faux Suede High Heel Shoes With Side Zipper, Round Toe, Simple Black Color For All Seasons",Shoes
1.0,,,,10.6,25.0,80+ sold recently,Men Letter Graphic Patch Detail Flip Flops,Shoes
1.0,,,,10.0,59.0,,Rhinestone & Faux Pearl Decor Point Toe Chunky Mules,Shoes
1.0,,,,20.0,0.0,60+ sold recently,SHUZIA Women Everyday Thick Bottom Woven Double Buckles Slip-On Soft Sandals Shoes,Shoes
1.0,,,,14.0,50.0,20+ sold recently,SHUZIA Almond Toe Over The Knee Back Tie Boots,Shoes
4.0,,,,18.9,17.0,50+ sold recently,"Minimalist Flat Penny Loafers, Black Unisex Solid Color Loafers Women Flat Shoes",Shoes
1.0,,,,20.7,20.0,80+ sold recently,Women White Shoes Low Top Lace-Up Sneakers Comfortable Sport Shoes Ladies Flat Shoes Versatile For Shopping White And Blue Color Matching,Shoes
1.0,,,,9.34,67.0,90+ sold recently,"Bow Decor Chunky Heeled Court Pumps, Women's Fashionable Solid White High-heeled Shoes",Shoes
12.0,,,,13.7,23.0,100+ sold recently,"Women's Fashion Square Toe Shallow Mouth Buckle Flat Shoes, Burgundy Color, Suitable For Autumn Parties And Casual Occasions",Shoes
1.0,,#8 Best Seller,In Gold Women Heeled Sandals,20.8,21.0,,"Sexy & Fashionable Ultra High Heel Roman Sandals With Rhinestone For Banquets, Evening Parties And Fashion Shows",Shoes
1.0,,#4 Best Seller,In White Women Flip-Flops,9.7,23.0,,"Women Slip-On Slippers For Outdoor, Bathroom, Beach, Ins Style Summer Cool Slides Sandals With Anti-Slip Design And Toe Loop For Couples",Shoes
1.0,,,,14.3,21.0,,"2024 Spring New Arrival Women Mesh Sneakers With Socks, Breathable Flat Bottom Slip-On Shoes For Students",Shoes
1.0,,,,6.01,61.0,10+ sold recently,Bow Detail Pointed Toe Slip On Loafers,Shoes
1.0,,,,11.05,50.0,200+ sold recently,Mesh Panel Point Toe Slingback Pumps,Shoes
1.0,,,,24.24,40.0,,"Men's Casual Business Leather Shoes, Color Block Design, Korean Fashion Trend, Versatile, Suitable For Youth, Saturday Nights, Parties, Dances, And Office",Shoes
6.0,,#2 Best Seller,In Black Women Equestrian Boots & Western Boots,27.6,18.0,,"Women's Fashionable Black Western Boots,Ladies' embroidery western cowboy boots fashionable pointed-toe chunky heel mid-calf women's cowboy boots",Shoes
20.0,,,,20.52,25.0,800+ sold recently,"Women's Chunky Heel Platform Slippers, Spring/Summer, With Slope & Round Toe, Non-Slip Sole, Fashionable, In White Color",Shoes
1.0,,,,22.72,13.0,50+ sold recently,CUCCOO BIZCHIC Woman Shoes Chain Decor Mule Sandals For Summer Vacation Shoes Summer Sale,Shoes
1.0,,#5 Best Seller,In Green Men Flip Flops & Slides,4.46,47.0,,"Men's Fashionable Solid Color Eva Open-Toe Sandals For Street, Beach And Outdoor Activities",Shoes
10.0,,,,19.2,20.0,200+ sold recently,"Women's Pointed Toe Chunky Heel Flats With Special Straps, Fashionable And Simple Style",Shoes
1.0,,,,19.35,43.0,10+ sold recently,"Men's Wingtip Brogue Shoes, Breathable Anti-Slip Lace-Up Dress Shoes For Business, Spring/Summer/Fall",Shoes
1.0,,,,25.7,19.0,100+ sold recently,"Lace Up Block High Heel Shoes For Women, All Seasons, Thick Heel Pu Brown Shoes For Outdoor",Shoes
1.0,,,,16.0,0.0,200+ sold recently,SHUZIA Women's Fashionable Solid Color Flat Shoes,Shoes
5.0,,,,18.75,51.0,80+ sold recently,"Women's High Heels, Waterproof Platform, Shoes, Metallic Coated Heel, Pink, Large Size 45 (Pu Leather Upper)",Shoes
5.0,,,,10.8,21.0,2.2k+ sold recently,"Women Criss Cross Flat Sandals, Elegant Black Slingback Sandals For Summer",Shoes
1.0,,,,10.0,61.0,,Minimalist Chunky Heeled D'orsay Pumps,Shoes
9.0,,,,21.25,25.0,,Women's Elastic Strappy String Thong Ankle Strap Summer Gladiator Sandals,Shoes
20.0,,,,18.4,21.0,1.6k+ sold recently,"Women's White Open Toe Square High Heel Sandals, Sexy, Fashionable, Simple, Comfortable, Comfortable To Wear, High-Heeled Shoes That Make You Look Tall And Long-Legged, Suitable For Parties",Shoes
1.0,,,,21.1,19.0,40+ sold recently,Square Toe Chunky Heeled Mary Jane Pumps,Shoes
1.0,,,,9.52,20.0,80+ sold recently,"Vintage Style Flat Sandals For Women With Wide Width And Toe, Suitable For Home And Outdoor Activities, 2024",Shoes
1.0,,#5 Best Seller,In Green Men Flip Flops & Slides,4.46,47.0,,"Men's Fashionable Solid Color Eva Open-Toe Sandals For Street, Beach And Outdoor Activities",Shoes
10.0,,,,19.2,20.0,200+ sold recently,"Women's Pointed Toe Chunky Heel Flats With Special Straps, Fashionable And Simple Style",Shoes
1.0,,,,19.35,43.0,10+ sold recently,"Men's Wingtip Brogue Shoes, Breathable Anti-Slip Lace-Up Dress Shoes For Business, Spring/Summer/Fall",Shoes
1.0,,,,25.7,19.0,100+ sold recently,"Lace Up Block High Heel Shoes For Women, All Seasons, Thick Heel Pu Brown Shoes For Outdoor",Shoes
1.0,,,,16.0,0.0,200+ sold recently,SHUZIA Women's Fashionable Solid Color Flat Shoes,Shoes
5.0,,,,18.75,51.0,80+ sold recently,"Women's High Heels, Waterproof Platform, Shoes, Metallic Coated Heel, Pink, Large Size 45 (Pu Leather Upper)",Shoes
5.0,,,,10.8,21.0,2.2k+ sold recently,"Women Criss Cross Flat Sandals, Elegant Black Slingback Sandals For Summer",Shoes
1.0,,,,10.0,61.0,,Minimalist Chunky Heeled D'orsay Pumps,Shoes
9.0,,,,21.25,25.0,,Women's Elastic Strappy String Thong Ankle Strap Summer Gladiator Sandals,Shoes
20.0,,,,18.4,21.0,1.6k+ sold recently,"Women's White Open Toe Square High Heel Sandals, Sexy, Fashionable, Simple, Comfortable, Comfortable To Wear, High-Heeled Shoes That Make You Look Tall And Long-Legged, Suitable For Parties",Shoes
1.0,,,,21.1,19.0,40+ sold recently,Square Toe Chunky Heeled Mary Jane Pumps,Shoes
1.0,,#2 Best Seller,In Gold Wide Fit Sandals,20.32,20.0,,Wide Fit Women's New Plus Fat Wide Last Snake Pattern Metal Wrap Cross Strap Square Toe High Heel Sandals Women's Shoes Elegant Gorgeous Fashion Party Gold High Heels,Shoes
5.0,,,,3.0,40.0,,"2pcs/Set New Style LED Shoe Lights, Shoe Charms For Walking Dog, Picnics, Night Walking, And Cycling, Non-Integrated Buckle",Shoes
4.0,,,,1.5,35.0,100+ sold recently,"Lot Of 10Pcs Random Shoe Charms For Clogs Sandals,Shoe DIY Decoration Premium Quality Popular Charms Accessories Bubble Slides Sandals, PVC Shoe Decorations Beach Bag Accessories Great Gift For Teens Men Women And Adults",Shoes
12.0,,,,13.2,29.0,400+ sold recently,"Women's Fashionable Square Toe Buckle Detailed Flat Shoes For Autumn Party Banquet & Casual Wear, Wine Red",Shoes
1.0,,,,20.9,21.0,100+ sold recently,Women White Shoes Low Top Lace-Up Sneakers Comfortable Sport Shoes Ladies Flat Shoes Versatile For Shopping,Shoes
14.0,,,,10.7,21.0,3.2k+ sold recently,"Vacation Outdoors Lace Up Flat Sandals for Women, Multi Strap Plain Artificial Leather Strappy Sandals",Shoes
1.0,,,,7.55,49.0,10+ sold recently,"Men & Women Couples Lightweight Breathable Mesh Sports Shoes With Twisted Bottom, Casual Walking Shoes",Shoes
1.0,,#8 Best Sellers,in Mid Heel Wide Fit Pumps,12.0,50.0,,CUCCOO CURVES Women's Spring-Summer New Style Pointed Toe Chunky Heels Bare Strap Large Size Outdoor High Heel Shoes For Summer,Shoes
7.0,,,,17.2,18.0,300+ sold recently,"Crochet Point Toe Cross Strap Flats, Black Fashionable Hollow Out Solid Color Ankle Strap Women's Flat Shoes",Shoes
1.0,,,,12.92,44.0,100+ sold recently,"Women's Breathable, Comfortable, Lightweight, Fashionable, Slip-Resistant, Casual Sneakers With Pu Leather And Mesh Upper, Lace-Up Design, Easy-To-Wear Outdoor Shoes, Spring",Shoes
12.0,,,,6.76,22.0,1.9k+ sold recently,"Fashionable Flat Sandals With Straw Soles, Perfect For Students To Wear Outside During Vacation On The Beach",Shoes
1.0,,#10 Best Seller,In Brown Women Mid-Calf Boots,18.96,47.0,,"ROMWE Avant Women's New Arrival Brown Floral Embroidery Western Style Mid-Calf Boots, Spring/Autumn 2024",Shoes
1.0,,,,0.87,64.0,100+ sold recently,16pcs Slouchy Shoe Lace Buckle No Tie Elastic No Tie Peplum Elastic  Laces,Shoes
1.0,,#3 Best Seller,In Brown Wide Fit Shoes,9.8,16.0,,New Summer Collection: Multicolor Comfortable And Fashionable Wide Width Women's Sandals With High-End Design,Shoes
7.0,,#10 Best Seller,In Khaki Women Flat Sandals,5.57,55.0,,"Women's Cross-Border Fashionable New Arrival Comfortable Slides, Large Size Sandals For Women",Shoes
16.0,,,,18.6,21.0,1.8k+ sold recently,"Women Minimalist Chunky Heeled Ankle Strap Sandals, Elegant Summer Heeled Sandals",Shoes
5.0,,,,20.0,0.0,2.2k+ sold recently,SHEIN SHUZIA Artificial Patent PU Thin Ankle Strap Heels,Shoes
1.0,,,,15.3,25.0,60+ sold recently,"New Quality Men's Sports Shoes, Fashionable Men's Casual Loafers, Comfortable Breathable Slip-Resistant Outdoor Shoes",Shoes
1.0,,,,18.58,19.0,100+ sold recently,CUCCOO SZL Woman Shoes Thick-Soled Bandage Fashionable Sandals For Spring And Summer Vacation Shoes Summer Sale,Shoes
1.0,,#2 Best Seller,In Grey Women Ankle Boots & Booties,10.11,55.0,,Grey Elegant Solid Color Side Zipper High Heel Chelsea Boots In Faux Suede,Shoes
29.0,,,,9.4,15.0,100+ sold recently,2024 Summer New Arrivals Comfortable And Fashionable Plus Size Women's Wide-Fit Home Sandals,Shoes
7.0,,#10 Best Sellers,in Men Slippers,6.2,26.0,,"Men Bedroom Slippers With Letter Tag Decoration, Indoor College Style Simple Slippers",Shoes
6.0,,,,21.21,15.0,200+ sold recently,MOTF PREMIUM WOMEN'S SQUARE-TOE HOLLOW-OUT LOAFERS WITH FLAT SOLE VACATION SHOES SUMMER SALE,Shoes
1.0,,,,16.4,18.0,,Women's Orange Shiny Pointed Toe Low-Cut Sexy Fashion High Heel Stiletto Shoes,Shoes
1.0,,,,14.0,21.0,,"Women's White High-Heeled Sandals, Square Toe, Summer New Arrival, Versatile, Fine Heel, Simple And Unconventional, Thin Strapped High-Heeled Flip Flops With Toe Clip For Parties And Beaches",Shoes
1.0,,,,11.81,57.0,900+ sold recently,"Autumn 2024 Men's Mesh Sports Shoes, Wear-Resistant Running Shoes, Versatile Chunky Sneakers, Trendy Casual Shoes",Shoes
1.0,,,,17.5,21.0,900+ sold recently,Women Elegant Style Black Lycra Fabric Sexy Rhinestone Thin Straps Fashionable Heart Shaped Toe Flat Toe Ring Sandals For Daily Wear And Parties,Shoes
1.0,,,,18.0,20.0,800+ sold recently,"Women's Round Toe Mid Heels Anti-Slip Chunky Heel Sandals, Soft Faux Suede Summer Fashionable Comfortable Shoes",Shoes
1.0,,,,24.9,25.0,100+ sold recently,"Men's Loafers, Patent Leather, Square Toe, Thick Sole, One-Step Design, Black, Casual/Formal Shoes, 2024 New Arrival",Shoes
1.0,,,,27.4,21.0,,Women's Platform Buckle Thick Heeled Sandals With Fashionable Super High Heels,Shoes
1.0,,,,19.1,20.0,100+ sold recently,"Women's High-Heeled Sandals Flip Flops, Stiletto Heel, Square Toe, Mules, Comfortable And Versatile, Elegant And Suitable For Parties, Apricot Color",Shoes
6.0,,,,9.99,57.0,80+ sold recently,Womens Strappy Slip-On Slippers Adjustable Buckle Cork Footbed Slides For Sandals With Comfortable Arch Support Outdoor,Shoes
4.0,,#1 Best Seller,In Multicolor Women Flip-Flops,6.29,19.0,,"Styleloop Fashion Flip Flops For Women, Embroidery Detail Toe Post Design Slippers For Summer Vacation Shoes Summer Sale Boho Feels",Shoes
4.0,,,,8.46,40.0,,"Women's New PU Leopard Print Slides, Random Texture Double-Sided Closed Design, Comfortable Round Toe, Simple Style, Suitable For Outdoor Beach, Spring And Summer Season, Wedge Heel Thick Sole Slippers",Shoes
1.0,,#10 Best Seller,In Beige Men Shoes,2.95,65.0,,"Men's Anti-skid Lightweight Slippers, Fashionable Eva Material Solid Color, Perfect For Vacation, Beach And Outdoors",Shoes
1.0,,,,21.5,18.0,40+ sold recently,"New Arrival Fashionable Women's Chunky Heel Pointed Toe Flat Shoes With Apricot Rhinestones, Large Size",Shoes
1.0,,,,2.6,26.0,200+ sold recently,"Rainbow Mushroom Shoe Accessories Set, Multi-Colored, Suitable For Clogs, Flip-Flops, Sandals, Bracelets. Perfect As DIY Gifts, Suitable For Teens, Women, And Men. A: Regular Version; B: Glow-In-The-Dark Version.",Shoes
1.0,,,,2.3,28.0,300+ sold recently,"16pcs Horror Halloween Shoe Decorations Accessories Charms For Clogs  Bubble Slides Sandals, Gift Idea For Birthday Christmas  Halloween Party Favors",Shoes
5.0,,,,19.99,78.0,100+ sold recently,"Women's 9808 White/Black Cowboy Boots For Women, Square Toe Cowgirl Boots, Western Embroidered Knee High Boot With Inner Zipper Easy To Put On And Take Off",Shoes
9.0,,,,10.12,28.0,1.5k+ sold recently,SHEIN SHUZIA Women's Fashionable Flat Sandals,Shoes
1.0,,#10 Best Seller,In Brown Women Heeled Sandals,23.2,20.0,,CUCCOO SZL Woman Shoes Fashion Vacation Chunky Heel Elegant Brown Sandals For Summer Graduation Heels Prom Heels Vacation Shoes Summer Sale,Shoes
6.0,,,,9.99,57.0,200+ sold recently,Womens Strappy Slip-On Slippers Adjustable Buckle Cork Footbed Slides For Sandals With Comfortable Arch Support Outdoor,Shoes
1.0,,#6 Best Seller,In Beige Women Platforms & Wedge Sandals,20.49,21.0,,"Women's High-Heeled Buckle Strap Bandage Sandals, Summer,Leisure Roman Holiday Thick-Soled Wedge With Ankle Strap",Shoes
1.0,,,,7.2,25.0,100+ sold recently,Men EVA Sandals Fashionable And Comfortable Thick-Soled Sandals Suitable For Summer Outdoor Vacations Couples Double Buckle Slippers,Shoes
1.0,,#2 Best Seller,In Black and White Shoe Accessories,3.3,27.0,,27PCS/SET Pvc Shoe Charms Clock Charms Cute Mexican Charms Rubber Shoe Charms Decorations For Clogs,Shoes
19.0,,,,16.77,35.0,20+ sold recently,"European And American Style Pointed High Heels With Double Buckle Straps And Metal Rivets For Women, Suitable For Rock Music Festivals And Punk Style, With Thin Heels And Closed Toes",Shoes
1.0,,#9 Best Seller,In Black Women Slides,9.4,25.0,,"New Fashion EVA Platform Slippers, Casual And Comfortable Outdoor Beach Sandals For Women With Adjustable Buckles, Lightweight And Non-Slip",Shoes
1.0,,,,11.4,20.0,700+ sold recently,"Women Multi-way Wear Sandals, Fashion Summer Flat Sandals",Shoes
12.0,,#10 Best Seller,In White Women Fashion Boots,29.0,20.0,,"2024 New Spring/Autumn Women's Plus Size Outdoor Fashionable Embroidered Western Style Boots, Knee-High Cowboy Boots",Shoes
1.0,,,,18.56,20.0,40+ sold recently,Rhinestone Decor Plaid Loafers,Shoes
1.0,,,,17.17,33.0,200+ sold recently,"Women's Flat Loafers, Solid Color Lace-Up Low-Cut School Shoes, Comfortable College Style Shoes",Shoes
5.0,,,,20.29,22.0,3.2k+ sold recently,"Elegant White Sandals For Women, Criss Cross Flatform Ankle Strap Sandals",Shoes
1.0,,,,91.4,21.0,,"Women's Fashion Sports Shoes, Men's And Women's Sports Shoes",Shoes
1.0,,,,12.6,16.0,300+ sold recently,Wide Fit Trendy Wedding Party Evening Pool Comfortable Black Plus Size Women\ Sandals,Shoes
1.0,,,,10.8,21.0,,"White Double-Wear Women's Summer Slippers, New Mesh Fairy Style Slip-On Flat Sandals, Fashionable And Versatile Buckle Flat-Heeled Beach Slippers",Shoes
1.0,,,,22.8,21.0,100+ sold recently,Pearl Decor Chunky Heeled Mary Jane Pumps,Shoes
1.0,,#4 Best Seller,In Beige Wide Fit Shoes,10.0,16.0,,Wide Fit 2024 New Summer Bow Design Fairy Style All-Match Plus Size Sandals,Shoes
16.0,,,,18.32,21.0,2.0k+ sold recently,"Women Minimalist Chunky Heeled Ankle Strap Sandals, Elegant Summer Heeled Sandals",Shoes
5.0,,#6 Best Seller,In Dark Grey Women Shoes,5.75,55.0,,"Autumn And Winter Plush High-End Fur Slippers For Women, Indoor And Outdoor Wear, Trendy Flat Bottom Soft Sole Open-Toe Shoes",Shoes
1.0,,#6 Best Sellers,in High Heel Women Fashion Boots,34.4,20.0,,"Black Plain October/November Shoes, Women's Fashion Knee-high Boots With Elastic Fitting And High Heel",Shoes
1.0,,,,9.99,55.0,300+ sold recently,Women's Flip-Flop Slippers Cork Footbed Sandals Slip On With Adjustable Metal Buckle Strap Beach Slide Slipper Shoes,Shoes
1.0,,,,15.4,30.0,,CUCCOO CHICEST Women's Comfortable Pointed Toe Flat Shoes With Rhinestone-Decorated Square Buckle And Open Back Design,Shoes
1.0,,,,13.7,20.0,1.1k+ sold recently,"Scallop Trim Slip-On Shoes, Ladies' Casual Sports Shoes, Black Solid Color Slip On With Fan-shaped Design",Shoes
9.0,,#9 Best Seller,In Grey Men Sneakers,9.36,67.0,,"Men's High-Top Thick-Soled Sneakers Featuring Letter Print And Multi-Color Lace-Up. Suitable For School, Casual Sports, And Road Running.",Shoes
1.0,,#4 Best Seller,In Black Women Mid-Calf Boots,34.9,20.0,,ROMWE Grunge Punk Women's Black Punk Buckled Solid Color Boots With Buckled Decorations And Front Lace-up,Shoes
5.0,,,,7.26,53.0,300+ sold recently,"Women Hollow Detail Flower Decor Vented Clogs, Preppy White EVA Clogs",Shoes
1.0,,,,7.8,40.0,100+ sold recently,SHUZIA Women Black Shiny Fashionable And Versatile Flat Shoes,Shoes
1.0,,,,6.84,64.0,70+ sold recently,SHUZIA Ladies Solid Color Buckle Design Stylish Sweet Breathable Flat Shoes,Shoes
4.0,,,,20.14,15.0,300+ sold recently,SHEIN ICON Women's Red Pu Leather Floral Decoration Round Toe High Heel Sandals Vacation Shoes Summer Sale,Shoes
1.0,,,,2.3,28.0,,15PCS/SET Ice Cream Theme Shoe Charms For Clog  Ice-Cream Cone Dessert Sweets Food Charms Accessories For Boys Men Girls Women,Shoes
6.0,,,,0.86,59.0,80+ sold recently,"2pcs Metallic Shoelaces, Red Glamorous Shoes Accessories For Sneakers",Shoes
1.0,,,,18.4,21.0,80+ sold recently,"Sexy Fashionable Black Patent Leather One-Strap Backless Square Toe Sandals With Cutout Detail, 10.5cm Thin High Heels, Casual And Versatile Mule Style For Summer Women's Shoes",Shoes
11.0,,,,10.5,25.0,200+ sold recently,CUCCOO BIZCHIC Woman Shoes Point Toe Minimalist Elegant Burgundy Pointed Toe Flat For Summer Vacation Shoes Summer Sale,Shoes
5.0,,,,16.5,20.0,1.2k+ sold recently,"Women Cut Out Flat Sandals, Elegant Khaki Slide Sandals",Shoes
1.0,,,,11.8,41.0,100+ sold recently,SHEIN SHUZIA Open Toe Strappy Block Heel Sandals,Shoes
1.0,,,,4.7,24.0,70+ sold recently,"Women Lightweight Single Band Home Slippers, Minimalist Grey Fuzzy Bedroom Slippers For Indoor",Shoes
1.0,,,,25.6,26.0,40+ sold recently,"New Men's Chelsea Leather Shoes, Business Casual Trendy Elevator Shoes With Bright Finish",Shoes
7.0,,,,19.5,21.0,100+ sold recently,"Women's New Style White High Heel Sandals, Square Toe, Metal Tone Half-Round Buckle Strap, Simplistic",Shoes
9.0,,,,10.4,21.0,5.0k+ sold recently,"Women Black Minimalist Thong Flat Sandals, Toe Post Fashionable Sandals",Shoes
1.0,,,,4.73,52.0,200+ sold recently,"Fashionable Women's Sandals, Spring/Summer New Crossed Elastic Band Woven Bohemian Style Black Flat Shoes For Women",Shoes
1.0,,,,12.4,25.0,30+ sold recently,Men Breathable And Comfortable Slip-On Sandals With Buckle Strap For Sweating Feet,Shoes
1.0,,,,7.44,56.0,300+ sold recently,Flower Design Large Size Maternity Shoes Women's Slip-Resistant Soft Bottom Flat Shoes With Low Heels,Shoes
1.0,,#1 Best Seller,In Grey Men Slippers,5.2,26.0,,"Men Cut Out Slippers, Cool Grey EVA Slides For Indoor",Shoes
1.0,,,,1.5,32.0,1.1k+ sold recently,5pcs Flower Shoes Accessories Soft PVC Shoes Charm,Shoes
1.0,,,,14.7,21.0,,Glitter Wedge Slide Sandals,Shoes
1.0,,,,32.3,21.0,200+ sold recently,"Women's Wedge Chunky Heeled Sandals With Rhinestone Detailing, Peep Toe And Braided Jute Sole, 16cm Super High Heels",Shoes
1.0,,,,2.0,29.0,60+ sold recently,New Detachable Super Fairy Round-Tailed Simulation Butterfly Fashionable Versatile Sandals Accessory,Shoes
11.0,,#8 Best Seller,In Red Women Equestrian Boots & Western Boots,29.6,18.0,,New Fashion Pointed Toe Chunky Heel Embroidered Western Style Riding  Boots,Shoes
7.0,,#4 Best Sellers,in Men Shoes,6.5,25.0,,Men's Simple And Scholastic Letter Decor Indoor Bedroom Slippers,Shoes
14.0,,,,17.6,20.0,60+ sold recently,"Women Rhinestone Decor Stiletto Heeled Slingback Sandals, Glamorous Glass Slingback Sandals",Shoes
1.0,,,,21.8,17.0,,"Women Metallic Chain Decor Floral Graphic Flats, Fashionable Square Toe Slingbacks Flats",Shoes
6.0,,,,13.2,20.0,2.4k+ sold recently,"Women Metallic Braided Detail Flat Sandals, Glamorous Summer Slide Sandals",Shoes
1.0,,,,16.0,50.0,100+ sold recently,SHUZIA Almond Toe Low Chunky Heel Over The Knee Boots,Shoes
1.0,,,,10.09,23.0,5.1k+ sold recently,"Women's Casual Black Flat Slippers, Round Toe Open Back Anti-Slip Slippers, Indoor/Outdoor/Beach Sandals",Shoes
4.0,,,,20.12,25.0,500+ sold recently,"Tie Leg Design Clear Sculptural Heeled Sandals, Orange Fashionable Solid Color Roman Sandals",Shoes
1.0,,,,20.6,18.0,100+ sold recently,"Women's Square Heel High-Heeled Mary Jane Shoes With Round Toe & Buckle Strap, Black",Shoes
1.0,,,,14.3,17.0,60+ sold recently,"Wide Fit Women Twine Braided Platform Wedge Sandals, Brown, 2024 Summer",Shoes
1.0,,,,3.5,24.0,,"25pcs  Shoe Decorations Accessories Charms For Clogs  Bubble Slides Sandals, Gift Idea For Birthday Christmas Halloween Party Favors",Shoes
1.0,,,,7.32,59.0,,"Women's Breathable Mesh Slip-Resistant Lightweight Sports Casual Shoes With High Density Knitted Diamond Pattern, Solid Color, Fresh Style, Loafers With Flat Heels Suitable For All Ages, Home And Travel, Available In Black, Purple And Pink Colors",Shoes
1.0,,,,1.9,30.0,1.4k+ sold recently,"8pcs Sanrio Cartoon Character Shoe Charms For Clogs  Bubble Slides Sandals, PVC Shoe Decorations Beach Bag Accessories Gift Idea For Birthday Christmas Valentine's Day Party Favors",Shoes
4.0,,,,19.99,75.0,90+ sold recently,Women's 9806 Cowboy Boots | Western Cowgirl Mid Calf Embroidered Fashion Boots For Ladies Size With Zipper,Shoes
8.0,,,,9.9,21.0,2.9k+ sold recently,"Women's Solid Color Flat Sandals For Summer, Suitable For Dress, French Style Casual And Fashionable",Shoes
1.0,,,,9.25,29.0,90+ sold recently,SHUZIA Ladies' Flat Sandals,Shoes
5.0,,,,21.3,25.0,200+ sold recently,"Men's Lace-up Athletic Shoes, Campus Skate Shoes, Outdoor Casual Shoes",Shoes
1.0,,,,13.08,40.0,50+ sold recently,"Women's Wedge Heel Sandals, Comfortable Open Toed Slip-On Outdoor Shoes, Casual Summer Sandals",Shoes
5.0,,#10 Best Seller,In Clear Women Heeled Sandals,22.33,25.0,,Fashionable Women's Crystal Heeled Transparent Waterproof Platform Glass Glue Upper Simple Comfortable High Heel Sandals,Shoes
1.0,,,,2.6,28.0,500+ sold recently,17pcs Summer Smile Face Shoe Decorations For Clogs,Shoes
1.0,,#6 Best Sellers,in Men Outdoor Sandals,12.8,26.0,,Fashionable Men's Hollow Out Sandals With Rivet Decoration,Shoes
1.0,,,,9.16,47.0,300+ sold recently,"Women's Extra Thick Sole Sandals, Fashionable & Comfortable Waterproof Platform Slippers",Shoes
4.0,,#8 Best Seller,In Coffee Brown Women Shoes,9.89,45.0,,Womens Slide Sandals Summers Adjustable Slip On Slippers Cork Footbed With Comfort Arch Support,Shoes
1.0,,#6 Best Seller,In Black Men Flip Flops & Slides,9.9,26.0,,"Men's Plus Size 48 Anti-Slip Slippers, Suitable For Indoor, Outdoor, Bathroom, Beach. Solid Color With Square Buckle, Open Toe Sandals",Shoes
1.0,,,,10.1,15.0,50+ sold recently,New Summer Style Comfortable And Versatile High-Grade Woven Design Plus Size Women's Wide Width Sandals,Shoes
5.0,,,,18.7,21.0,1.0k+ sold recently,"Minimalist Flatform Thong Sandals, Black Elegant Solid Color Wedge Sandals",Shoes
1.0,,,,20.4,18.0,,"Women Black Espadrille Ankle Strap Wedge Shoes, Round Toe Court Wedges For Vacation",Shoes
1.0,,,,25.1,19.0,,Minimalist Chunky Heeled Court Pumps,Shoes
1.0,,,,19.8,19.0,400+ sold recently,Women's Red Patent Mary Jane High Heel Pumps,Shoes
5.0,,,,19.9,21.0,1.8k+ sold recently,"Women's Thin High Heel Lace-Up Bandage Roman Style Sandals, White, Breathable Summer Shoes",Shoes
12.0,,,,6.9,21.0,1.0k+ sold recently,Student Beach Flat Women Shoes Fashionable Straw Rope Bottom Slippers For Holiday,Shoes
1.0,,,,31.36,20.0,70+ sold recently,Punk Style Boots With Buckle Decor And Side Zipper Design,Shoes
1.0,,,,24.0,0.0,2.1k+ sold recently,CUCCOO SZL Woman Shoes Criss Cross Platform Chunky Heeled Strappy Black Wedge Sandals For Summer Graduation Heels Prom Heels Vacation Shoes Summer Sale,Shoes
1.0,,#2 Best Seller,In Black Women Knee-High Boots,32.7,20.0,,Women's Black Fashionable Wedge Heel Boots With Back Zipper Closure,Shoes
1.0,,,,12.1,21.0,1.2k+ sold recently,Women's Outdoor Black Wedge Sandals With Toe Ring & Chunky Bottom,Shoes
1.0,,,,12.3,21.0,700+ sold recently,"Women's Fashion Black Peep-Toe Platform Gladiator Wedge Sandals, Comfortable And Elegant Home Thick Bottom Cooler Sandals, Music Festival Thick Bottom Sandals, Outdoor Wedge Sandals With Slope Heels, Wedding Memory Thick Bottom Slippers With Slope Heels, Special Sale Women's Faux Suede Thick Bottom Wedge Sandals On Platform.",Shoes
1.0,,#10 Best Seller,In Beige Women Flat Sandals,8.8,21.0,,Fashionable & Versatile & Comfortable Casual Sandals,Shoes
7.0,,,,23.24,25.0,100+ sold recently,MOTF PREMIUM TOE POST WEDGE HEEL PLATFORM SANDALS VACATION SHOES SUMMER SALE,Shoes
32.0,,#7 Best Seller,In White Women Heeled Sandals,18.23,22.0,,"Women Minimalist Chunky Heeled Ankle Strap Sandals, Elegant Summer Heeled Sandals",Shoes
4.0,,,,20.75,47.0,100+ sold recently,SHUZIA Embroidered Detail Slip-On Knee-High Block Heel Boots,Shoes
10.0,,#5 Best Seller,In Maroon Women Shoes,28.2,18.0,,"Light Brown Embroidered Irregular Western Style Knight Boots, Chunky Heel & Round Toe, Versatile For  Autumn/Winter Women's Fashion Boots, Cowboy Boots For Women",Shoes
1.0,,,,20.1,21.0,1.7k+ sold recently,Women Criss Cross Chunky Heeled Ankle Strap White Sandals,Shoes
13.0,,,,13.9,21.0,1.1k+ sold recently,"Women Bow Decor Pyramid Heeled Mule Sandals, Elegant Black Heeled Sandals",Shoes
1.0,,,,2.1,30.0,40+ sold recently,1pair Anti Non-slip Strap & 10pcs Hook-and-loop Fastener,Shoes
1.0,,,,16.3,20.0,1.3k+ sold recently,"Fashionable & Simple Unisex Sporty Casual Couple's Sneakers, All-Match Style",Shoes
1.0,,,,14.25,25.0,200+ sold recently,SHEIN SHUZIA Women's High Heel Sandals,Shoes
4.0,,,,11.89,34.0,300+ sold recently,Womens Slide Sandals Cork Footbed With Comfort Arch Support Straps Adjustable Buckle Slip On Sandals,Shoes
4.0,,,,17.6,24.0,30+ sold recently,Men's Sneakers Lightweight Mesh Outdoor Sneakers Letter Graphic Lace-Up Front Running Shoes Manfinity Basics,Shoes
1.0,,#2 Best Seller,In Burgundy Women Flats,17.0,18.0,,"Women's Red Buckle Flat Shoes, Fashionable Casual Dating Shoes, Elegant Ladies' Loafers",Shoes
1.0,,#1 Best Sellers,in Oxfords & Derby Shoes Men Shoes,23.3,26.0,,"Men Black Lace-Up Front Oxford Shoes, Minimalist Round Toe Casual Shoes  Men Business Shoes",Shoes
6.0,,,,20.2,21.0,800+ sold recently,"Elegant Black Sandals For Women, Thin Strap Slingback Wedge Sandals",Shoes
17.0,,#5 Best Seller,In Clear Women Heeled Sandals,17.82,21.0,,"Women's Elegant Pointed Toe High-heeled Mules With Transparent Glass Gel And Thin High-heels, Apricot Color For Summer",Shoes
1.0,,#3 Best Sellers,in Low Heel Women Pumps,20.5,18.0,,"Women Artificial Patent Leather Pumps, Elegant Square Toe Ankle Strap Pumps",Shoes
1.0,,,,26.9,20.0,100+ sold recently,"Vacation Sandals For Women, Clear Strap Espadrille Wedge Slide Sandals",Shoes
1.0,,,,1.4,33.0,100+ sold recently,"6pcs New Cute Cow Series INS Style Hole Shoes Flower Shoe Buckle, Shoe Decoration Insert Buckle",Shoes
6.0,,,,12.4,21.0,3.0k+ sold recently,"Women Metallic Toe Post Tie Leg Design Flat Sandals, Glamorous Gold Thong Sandals For Summer",Shoes
11.0,,,,19.4,20.0,400+ sold recently,"Women Rhinestone & Buckle Decor Chunky Heeled Ankle Strap Sandals, Glamorous Beige Party Heeled Sandals",Shoes
1.0,,,,14.3,21.0,,"New European And American Style Plus Size Women's Comfortable And Simple Peep Toe Hollow Out Chunky High Heel Sandals, Casual Fashion Outdoor Beach Summer Shoes",Shoes
6.0,,,,0.86,59.0,70+ sold recently,2pcs Minimalist Shoelaces,Shoes
1.0,,,,15.4,25.0,70+ sold recently,"Men's Summer Plus Size Slip-On Mesh Shoes, Breathable Mesh Upper Casual Running Shoes For Elderly, Lightweight And Soft Air Cushion Shoes For Elderly",Shoes
1.0,,,,20.5,19.0,,Leopard Faux Pearl Decor Court Pumps,Shoes
6.0,,,,18.41,21.0,1.1k+ sold recently,"Women's Sexy Black High Heel Sandals With Elegant Square Toe, Ankle Strap And Chunky Heels",Shoes
1.0,,,,8.7,22.0,,"55cm Shoe Horn With Long Handle, Suitable For Pregnant Women, Elderly And Slouchy People To Put On Shoes Easily",Shoes
1.0,,,,23.0,25.0,,Men Stitch Detail Drawstring Design Handmade Sandals,Shoes
1.0,,,,9.9,21.0,6.8k+ sold recently,"Vacation Slide Sandals For Women, Linen Braid Detail Single Band Flat Sandals",Shoes
1.0,,#2 Best Seller,In Black Women Mid-Calf Boots,29.0,20.0,,Women's Fashionable Outdoor Spring & Autumn Boots,Shoes
6.0,,#10 Best Seller,In Camel Women Shoes,10.2,23.0,,Women's Stitch Detail Thermal Lined Faux Suede Bedroom Slippers,Shoes
1.0,,,,75.26,0.0,10+ sold recently,ADIDAS | Women's Adidas Originals Gazelle Casual Shoes,Shoes
1.0,,#7 Best Seller,In Apricot Inserts & Insoles,2.1,30.0,,"1pair Women's Soft Insoles With Breathable & Sweat-absorbing & Odor-resistant & Thin Design, Suitable For High-heeled Shoes, Long-time Standing And Anti-foot Pain, Can Be Cut Into Any Size",Shoes
1.0,,,,8.8,23.0,500+ sold recently,Fluffy Leopard Pattern Double Strap Home Slippers,Shoes
4.0,,#10 Best Seller,In Baby Blue Women Casual Shoes,29.9,21.0,,Women's Hot Pink Low-cut Chunky Lace-up Sneakers With Round Toe And Thick Sole For Casual Sports,Shoes
1.0,,,,9.6,40.0,,Men Hollow Out Design Slingback Vented Clogs,Shoes
1.0,,,,15.41,35.0,60+ sold recently,"Dola Lovely Round-Toe Low-Cut Bowknot Thick-Heel Shoes For Women, High-Heeled Fashion Shoes",Shoes
14.0,,,,18.4,21.0,50+ sold recently,Women's Party High Heels Rhinestone Decorated Hollow Out Open Back Sandals,Shoes
1.0,,,,21.9,20.0,100+ sold recently,Women's Wedge Heel Waterproof Platform Vacation Style Rope Sandals With Thick Sole And Open Toe,Shoes
9.0,,#8 Best Sellers,in Street Style Men Shoes,9.36,67.0,,"Men's Stylish Thick-Soled Sneakers With Letter Pattern Contrast-Colored Laces, Suitable For Students' Casual Wear, Road Running",Shoes
1.0,,,,27.4,23.0,,Minimalist Single Band Slides,Shoes
6.0,,,,15.6,20.0,100+ sold recently,"2024 Summer New Fashion Trend Women Slippers, Outer Wear Net Red Style Women Slippers With Chunky Heels, Flat Open-Toe Slippers With Buckled Straps",Shoes
1.0,,,,8.7,20.0,1.7k+ sold recently,"Summer New Arrival Gold Women's Flip Flops, Large Size Beach Slippers For Casual & Fashionable Toe Separating Walking Shoes",Shoes
13.0,,,,32.11,25.0,400+ sold recently,"Women Rhinestone Platform Chunky Heeled Sandals Ankle Strap Sexy Peep Toe Heels Chunky Block Dressy Pumps Sandals, For, Prom Night, Party, Wedding",Shoes
6.0,,,,9.99,57.0,1.3k+ sold recently,Womens Strappy Slip-On Slippers Adjustable Buckle Cork Footbed Slides For Sandals With Comfortable Arch Support Outdoor,Shoes
9.0,,,,10.5,25.0,3.9k+ sold recently,SHEIN SHUZIA Women' Solid Color Flat Sandals Slippers,Shoes
1.0,,#9 Best Seller,In Black Wide Fit Sandals,15.08,11.0,,CUCCOO CURVES Women's Fashionable Wide Fit Plus Size Thong Sandals With Chunky Heels Vacation Shoes Summer Sale,Shoes
1.0,,,,16.74,48.0,80+ sold recently,ROMWE Kawaii Women's Punk Thick-Soled Mary Jane Shoes,Shoes
1.0,,,,28.52,23.0,300+ sold recently,Mens Dress Shoes Oxfords Shoes For Men Business Derby Formal Wedding Office Work Shoes,Shoes
1.0,,#2 Best Seller,In Black Men Slippers,4.36,50.0,,"Men's Graphic Slides, Casual Non Slip Slippers, Open Toe EVA Shoes For Indoor Outdoor Beach Shower, Spring And Summer",Shoes
1.0,,#4 Best Seller,In Black Men Flip Flops & Slides,6.7,26.0,,"Men's Soft-Bottomed Slippers, 2024 New Summer Style Anti-Skid Wear-Resistant Thick-Soled Outdoor Sports Couple's Slippers With Coconut Tree Pattern",Shoes
1.0,,,,14.0,30.0,,CUCCOO SZL CUCCOO Fashion Sexy Simple Strap High Heels Women Shoes,Shoes
1.0,,,,2.3,28.0,20+ sold recently,"12pcs Ice Cream & Donut Shoe Charms, Cute Decorations For  Clogs, Slides & Sandals - Special Christmas & Birthday Gifts, Summer Shoe Accessories",Shoes
1.0,,,,32.1,24.0,10+ sold recently,Men Ombre Lace-Up Front Sneakers Basketball Shoes School Shoes,Shoes
14.0,,,,6.99,58.0,300+ sold recently,"New Women's Fashionable High-Elasticity Rubber-Like EVA Slipper, Odorless & Non-Slip, Wear-Resistant With Buckle Design, Great For Outdoor Activities And Home Use",Shoes
1.0,,,,3.7,26.0,100+ sold recently,Women's Indoor House Floor Slippers,Shoes
5.0,,#2 Best Seller,In White Shoe Decorations,2.3,28.0,,New Arrival Detachable Fashion Butterfly & Flower Shaped Artificial Film Delicate Decorative Shoe Clips,Shoes
1.0,,,,16.2,21.0,,Women's Wedge Heel Thick Bottom Sandals/Open-Toe Retro Casual Summer Shoes/Comfortable Outdoor Sandals,Shoes
1.0,,,,5.58,44.0,100+ sold recently,Men's Floral Linen Slippers,Shoes
7.0,,#8 Best Sellers,in Low Heel Shoes,14.7,21.0,,"Women'S Summer Sandals, New Fashionable Platform High Heels With French Vintage Fairy Style Suitable For Outdoor Wearing",Shoes
4.0,,,,3.5,0.0,,"Unisex Thickened Quick Drying Water Shoes, Summer Outdoor Sports Breathable Mesh Fabric, Barefoot Swimming Beach Shoes",Shoes
5.0,,,,18.27,35.0,,CUCCOO DOLLMOD Vintage Black And White Contrast Pattern High Heels,Shoes
6.0,,,,14.5,21.0,300+ sold recently,"French Style High Heel Sandals For Women, Peep Toe, New Summer/Autumn Arrival, Elegant Stiletto Sandals",Shoes
11.0,,,,18.0,0.0,1.2k+ sold recently,SHEIN SHUZIA Round Toe Double Strap Over Chunky Bottom Slider Sandals,Shoes
1.0,,,,13.01,28.0,40+ sold recently,SHUZIA Women Fashionable Solid Color Plus Size Wide Last Flat Shoes,Shoes
18.0,,,,12.87,1.0,4.3k+ sold recently,"SHUZIA History Bestseller Gold Tan Women's ""H"" Style O'lan Replica Slide Sandal: Understated Elegance, High-End, Everyday Versatility, Great Value.",Shoes
1.0,,,,7.8,40.0,200+ sold recently,Ladies' Flat Casual Hollow Out Sandals Suitable For Daily Spring And Summer Outfits,Shoes
1.0,,,,17.45,20.0,1.0k+ sold recently,"SHEIN Belle Glamorous Gold Slingback Sandals For Women, Multi Thin Strap Pyramid Heeled Sandals Vacation Shoes Summer Sale",Shoes
1.0,,,,28.99,12.0,70+ sold recently,Heeled Mules For Women Pointed Toe Suede Thin High Heels Bow Tie Slip On Pumps,Shoes
1.0,,#4 Best Seller,In Brown Women Flip-Flops,6.2,45.0,,"Women's New Flat Soft Anti-Slip Woven Slippers, Clip Toe Beach Sandals With Braided Straps For Indoor & Outdoor Activities, Holiday, Couple Slippers, Available In Gold, Silver, Black And Brown",Shoes
4.0,,,,20.41,23.0,,Men's Casual Shoes Fashion Oxfords Business Walking Dress Running Sneakers Comfortable Mesh Lightweight Soft Soleâ¦,Shoes
1.0,,,,5.1,35.0,,"New Original Design American Simple And Elegant Fairy Style Lace Slippers, Seaside Vacation Sexy, Bright And Charming, High Grade, Open Toe Breathable, Lightweight And Comfortable Hollow Black Lace Sandal",Shoes
6.0,,,,14.5,20.0,300+ sold recently,French Style Brown High Heel Sandals Women New Summer/Autumn Fashion Square-Toe Shiny Faux Leather Chunky Heel Square Heels Sandals,Shoes
4.0,,,,18.7,20.0,600+ sold recently,"Glamorous Strappy Sandals For Women, Metallic Lizard Embossed Tie Leg Design Pyramid Heeled Sandals",Shoes
1.0,,#8 Best Sellers,in Basic Slides for Men,6.9,26.0,,Summer Men Casual Slippers Soft Non-Slip Couple Home Slippers,Shoes
4.0,,#1 Best Seller,In Black Men Loafers,15.84,26.0,,"Men's Metal Decor Black Casual Loafers, Round Toe Flat Shoes For Outdoor Manfinity Unisex",Shoes
1.0,,,,11.0,57.0,,Rhinestone & Bow Decor Court Pumps,Shoes
4.0,,,,9.89,45.0,300+ sold recently,Womens Slide Sandals Cork Footbed With Comfort Arch Support Straps Adjustable Buckle Slip On Sandals,Shoes
5.0,,,,16.11,30.0,1.4k+ sold recently,SHUZIA Open Toe Double Buckle Footbed Sandals,Shoes
5.0,,,,2.3,28.0,800+ sold recently,New Detachable Fashionable Butterfly & Flower Shaped Faux Film Delicate Accessory Shoe Decoration,Shoes
1.0,,,,18.0,25.0,,Men Patch Detail Lace-up Front Running Shoes,Shoes
1.0,,,,10.6,20.0,1.3k+ sold recently,"Fashionable Thong Sandals For Women, Braid Detail Flat Sandals",Shoes
8.0,,,,19.3,21.0,300+ sold recently,Women Summer New Arrival Versatile Long Dress Fine-Heeled Tie-Up High-Heeled Sandals For Dating And Banquet,Shoes
6.0,,,,8.34,23.0,3.9k+ sold recently,"Women's Simple Chain Decor Flat Sandals, Casual Slippers For Outdoor Activities, Flip-Flops, Summer New Arrival Shoes",Shoes
1.0,,,,11.5,20.0,300+ sold recently,"Elegant Outdoors Flat Slippers For Women, Braided Plain Artificial Leather Open Toe Slide Sandals",Shoes
1.0,,,,44.2,20.0,400+ sold recently,Women's Fashionable Outdoor Anti-slip Round Toe Lace-up Punk Style Wedge Heel Thick Platform Mid-calf Boots,Shoes
1.0,,,,23.76,42.0,300+ sold recently,"ROMWE Grunge Punk Women Solid Buckle Decor Lace-up Front Wedge Boots, Punk Outdoor Boots",Shoes
4.0,,#3 Best Seller,In Black Men Shoes,3.27,77.0,,Men Black Fashionable Beach Vacation Leisure Flip Flops,Shoes
1.0,,#9 Best Sellers,in Wide Fit Wedges,22.0,17.0,,"Wide Fit Fashion Wedge Heeled Sandals With Twisted Straps, Butterfly Embellished Round Toe Sandals, Thick Soled Slip-On Sandals With Back Strap, Foam And Jute Sole Sandals, White Women's Outdoor Summer Sandals",Shoes
29.0,,#1 Best Seller,In Brown Wide Fit Shoes,6.1,50.0,,"2024 New Style Women's Multi-Wearing Popular Sandals For Home, Office And Outdoors, Plus Size, Wide-Foot Sandals",Shoes
1.0,,,,9.1,24.0,600+ sold recently,Women's Cute Warm Indoor Home Slippers,Shoes
1.0,,#4 Best Seller,In Green Women Sneakers,21.0,0.0,,SHUZIA Women Fashionable Comfortable Breathable Casual Sports Shoes With Color-Contrasting Laces,Shoes
6.0,,,,13.9,23.0,600+ sold recently,"Ladies' Winter Cute Khaki Bear Anti-Slip Thick Bottom Home Slippers With Fun 3D Animal Design, Keep Feet Warm",Shoes
8.0,,,,6.86,25.0,,Ladies Summer Thick-Soled Simple Fashion Slippers Eva Antiskid Wear-Resistant Bathroom Sandals,Shoes
1.0,,,,21.36,20.0,70+ sold recently,Bow Decor Point Toe Stiletto Heeled Ankle Strap Pumps,Shoes
5.0,,,,15.02,23.0,,Mens Athletic Shoes Casual Running Lightweight Fashion Walking Outdoor Mesh Sneakers,Shoes
1.0,,,,1.38,40.0,,"6pcs Colored Daisy Shaped Shoe Charms Set, Suitable For Clogs, Sandals, DIY Shoe Accessories",Shoes
1.0,,,,11.8,28.0,20+ sold recently,"Men's Fashionable Geometric Pattern Casual Slipper, Wear At Home Or Outside, Anti-Slip And Wear Resistant, Suitable For Bathroom And Beach Resorts",Shoes
6.0,,,,19.1,20.0,400+ sold recently,2024 Fashionable And Elegant High Heels Women Sandals With Ankle Strap,Shoes
4.0,,,,24.99,50.0,300+ sold recently,Women's Flat Sandals Fashion Slides With Soft Leather Slippers For Summer Size 6-11,Shoes
1.0,,,,7.8,20.0,,"Women's Elegant Bow Decor Sliders, Open Toe Single Band Summer Shoes, Indoor And Outdoor Beach Holiday Flat Sandals For Ladies",Shoes
4.0,,,,30.0,20.0,80+ sold recently,"Fashionable Black Buckle Decorated High-knee Knight Boots For Women, Autumn/winter",Shoes
1.0,,#3 Best Seller,In Black Men Sandals,12.7,25.0,,2024 New Men Summer Slippers Fashionable Thick-Bottomed Double Buckle Open-Toe Slip-On Sandals Ins Beach Flat Slippers For Outdoor Activities,Shoes
6.0,,,,9.4,20.0,700+ sold recently,"Minimalist Ankle Strap Sandals,Women's leather comfortable sandals, plus-size brown beach slippers, round toe women's shoes",Shoes
1.0,,,,13.75,59.0,,Criss Cross Ankle Strap Sandals,Shoes
1.0,,,,6.83,66.0,,"Women Solid Texture Single Band Open Toe Slide Sandals, Fashionable Minimalist Outdoor Fabric Flat Sandals",Shoes
9.0,,,,17.85,23.0,1.1k+ sold recently,"Elegant Black Sandals For Women, Buckle Decor Flatform Slide Sandals",Shoes
1.0,,,,8.0,60.0,,Metal Decor Point Toe Flats,Shoes
4.0,,,,8.56,54.0,300+ sold recently,Fashion Trend Buckle Flat Slippers Holiday Style Summer Men's And Women's Beach One-line Buckle Outdoor Leisure Slippers,Shoes
1.0,,,,14.9,25.0,30+ sold recently,"Men's Plus Size Outdoor Anti-Skid Dual-Use Cool Slippers, Sports & Casual Shoes,  Beach Mesh Sandals, Convenient Slip-On Slip-On Slippers",Shoes
1.0,,,,13.1,18.0,,Women's Black Knitted Breathable Road Running Shoes,Shoes
6.0,,#10 Best Seller,In White Women Equestrian Boots & Western Boots,16.36,43.0,,"ROMWE Goth Women's White Fashionable Embroidery Plain Color Western Cowgirl Boots, Pointed Toe Cowboy Boots",Shoes
1.0,,,,19.0,17.0,300+ sold recently,"Preppy Mary Jane Shoes For Women, Bow Decor Platform Wedges Shoes",Shoes
1.0,,,,153.95,0.0,,Jordan Jordan | Men's Jordan Jumpman MVP Casual Shoes,Shoes
1.0,,,,2.2,29.0,,"Non-Slip Insole Adhesive Sole Protective Cover, High Heel Non-Slip Shank, Black - 3 Pairs",Shoes
13.0,,#4 Best Sellers,in Ultra High Heel Women Platforms & Wedge Sandals,22.9,21.0,,"Woven Wedge Heel Waterproof Platform Retro Style Sandals With High Cork Heels, Ankle Straps, Elastic Bands, And Back Straps, Suitable For Spring, Summer, And Vacation Outfits With Bohemian And Sexy Style, Ideal For Beach, Nightclub And Other Occassions, Women Shoes",Shoes
1.0,,,,12.18,40.0,20+ sold recently,"Unisex Outdoor Swimming, Hiking, Diving, Water Shoes , Multifunctional Indoor Fitness Shoes Swim Shoes Aqua Shoes Barefoot Shoes",Shoes
1.0,,,,18.6,21.0,,Colorblock Knit Detail Slip On Shoes,Shoes
1.0,,#6 Best Seller,In Multicolor Shoelaces,1.2,37.0,,Multicolored Gradient Shoelaces Suitable For Various Shoe Styles,Shoes
17.0,,#6 Best Seller,In Black and White Shoe Accessories,0.75,24.0,,"One piece of single letter shoe decoration, fashionable and cute clog accessories that can be mixed and matched freely.",Shoes
1.0,,,,13.5,17.0,,"Plus Size Women's Pointed Toe Hollow-Out Shoes, European And American Style, Suitable For Daily Wear, Lightweight And Comfortable, Wedge Heel & Thick Bottom Shoes, Spring/Summer/Autumn",Shoes
1.0,,#3 Best Seller,In Khaki Women Flip-Flops,6.3,23.0,,"Women's Thong Sandals With Thick Sole, Embellished With Rhinestones, Made Of Soft, Light And Comfortable Rope, Suitable For Outdoor Activities Such As Beach, Swimming And Vacation With Slip-Resistant And Waterproof Eva Sole",Shoes
10.0,,,,20.3,20.0,60+ sold recently,Women Color Block Breathable Mesh Letter Detail Lace-Up Front Chunky Sneakers,Shoes
1.0,,,,6.26,42.0,600+ sold recently,"Women's Cute Printed Eva Hollow Out Slippers, Outdoor Summer Sandals, Sweet Cartoon Style, Soft & Comfortable, Skid-Resistant & Wearable",Shoes
1.0,,,,1.9,30.0,700+ sold recently,"Sports Shoe Charms for Clog Sandals Bracelets Decoration, Baseball Softball Football Basketball Soccer Swim Shoe Decorations for Kids Teen Adult Party Favor",Shoes
8.0,,#7 Best Seller,In Baby Blue Women Sandals,18.7,20.0,,Women Pointed Toe Cow Strap Thin High Heel Sandals,Shoes
12.0,,,,18.2,21.0,,Women's Lace-Up Casual Sports Shoes White Skateboard Sneakers Lightweight Street Footwear,Shoes
1.0,,,,9.0,62.0,,Minimalist Slingback Wedge Sandals,Shoes
1.0,,,,36.0,0.0,,CUCCOO EASI Lace-up Front Knit Wide Fit Skate Shoes,Shoes
8.0,,,,9.9,21.0,600+ sold recently,"2023 New Summer Flat Women Sandals Roman Style Casual And Versatile, Suitable For Dressing, Including Toe Separator",Shoes
1.0,,,,9.0,56.0,,Square Toe Ankle Strap Flats,Shoes
6.0,,,,8.75,55.0,100+ sold recently,Women's Fashionable Green Plus Size Breathable Mesh Running Shoes With Color Block Design,Shoes
1.0,,,,24.6,19.0,1.3k+ sold recently,Rounded Toe Thick Heel Mary Jane Waterproof Platform Shoes,Shoes
6.0,,#2 Best Seller,In Red Women Outdoor Shoes,27.7,18.0,,"Women's Western Embroidered Vintage Boots With Block Heel, Mid Calf, V-Cut, Fashionable Boots, Cowboy Boots For Women",Shoes
1.0,,,,1.6,30.0,10+ sold recently,"8pcs Ice Hockey Sports Pattern Shoe Charms Set For Clogs  Bubble Slides Sandals, PVC Shoe Decorations Beach Bag Accessories Gift Idea For Birthday Christmas Halloween Party Favors",Shoes
1.0,,,,20.92,37.0,10+ sold recently,"New Men's Breathable And Wear-Resistant Lace-Up Dress Shoes, Suitable For Business, Office, Wedding, And Party, Year-Round",Shoes
1.0,,,,19.1,25.0,,Men Stitch Decor Slip On Loafers,Shoes
4.0,,#2 Best Seller,In Multicolor Wide Fit Shoes,11.9,16.0,,"Plus Size Wide Width White Summer Women Flat Sandals, Colorful Embroidery  Flip Flops, Bohemian Beach Vacation Party Slippers",Shoes
1.0,,#5 Best Seller,In Burgundy Women Fashion Boots,35.99,10.0,,MOTF PREMIUM POINTED TOE STILETTO HEEL ALLMATCH WOMEN'S FASHION MIDCALF BOOTS VACATION SHOES SUMMER SALE,Shoes
4.0,,#7 Best Seller,In Black Women Clogs,18.81,1.0,,SHUZIA Women's Clog  Black Slip On Potato Sandal,Shoes
6.0,,,,19.7,21.0,1.1k+ sold recently,"New Arrival Platform Wedge High Heels Women's Fashion White Sandals, Casual And Comfy",Shoes
8.0,,,,19.9,20.0,1.1k+ sold recently,Women Tie Leg Design Chunky Heeled Thong Tie Knot White Sandals,Shoes
1.0,,,,18.7,18.0,100+ sold recently,Criss Cross Buckle Decor Slingback Flats,Shoes
1.0,,#2 Best Seller,In Baby Pink Women Heeled Sandals,18.23,25.0,,Women's High Heel Sandals For Summer Graduation Heels Prom Heels Vacation Shoes Summer Sale,Shoes
1.0,,,,22.75,50.0,,MI.IM Minimalist Platform Chunky Knit Boots,Shoes
1.0,,,,9.89,48.0,400+ sold recently,Women's Gladiator Strap Sandals Flat Fisherman Thong Cross Strappy Sandals,Shoes
4.0,,,,7.9,21.0,1.8k+ sold recently,"Women Anti-slip Toe Post Flat Sandals, Fashionable Beige Thong Sandals For Summer",Shoes
1.0,,,,13.6,21.0,100+ sold recently,Fashionable Personalized Furry Cross-Tied Ankle Strap Stiletto Heels For Women,Shoes
5.0,,,,29.35,25.0,,Ankis 3.15in Women Pumps Comfy Close Toe Heels Shoes Comfortable Work Heels,Shoes
1.0,,,,2.8,26.0,600+ sold recently,"19pcs Cute Cartoon Girl Pattern Shoe Decorations Shoe Accessories Charms For Clogs  Bubble Slides Sandals, Gift Idea For Birthday Christmas  Halloween Party Favors",Shoes
1.0,,,,3.3,25.0,,"1pair (2pcs) Detachable Crystal Metal Red Floral-Shaped DIY Shoe Clips, Elegant And Stylish Shoe Decoration Accessories In White, Black, Orange And Red, Suitable For High Heels, Pumps, Women's Shoes, Workwear, Business Wear, Wedding And Bridal Shoes",Shoes
6.0,,,,9.99,57.0,30+ sold recently,Womens Strappy Slip-On Slippers With Comfortable Arch Support Adjustable Buckle Cork Footbed Slides For Sandals Outdoor,Shoes
1.0,,,,8.47,42.0,10+ sold recently,"Women Casual Slip-On Flat Shoes With Elastic Band, Spring/Summer, Round Toe, Wedge Heel, Comfortable Shallow Mouth Low Heel Mom Shoes",Shoes
1.0,,,,26.2,27.0,,"Men's Formal Business Casual Leather Shoes, British Style Height-Increasing Shoes With Crocodile Pattern, Pointed Toe",Shoes
1.0,,,,1.5,32.0,100+ sold recently,"1 Pair Of Black And White Checkered Polyester Flat Shoelaces, Suitable For Canvas Shoes, White Shoes,  High-Top Shoes",Shoes
1.0,,,,18.3,25.0,,Men Ribbed Knit Lace-up Front Running Shoes,Shoes
1.0,,,,9.89,41.0,900+ sold recently,Womens Cork Footbed Slides Adjustable Buckled Slip On Slippers Open Toe Softy Flat Sandals,Shoes
1.0,,,,22.9,21.0,600+ sold recently,Sugerpunk Platform Thick Sole Comfortable Beach Slipper With Ankle Strap For Summer Vacation Shoes Summer Sale,Shoes
1.0,,#6 Best Seller,In White Women Knee-High Boots,53.5,20.0,,"Ladies' Over-the-knee Pink Boots, Y2k Punk Style Fluffy Boots",Shoes
7.0,,#9 Best Sellers,in Low Heel Women Wedges & Flatform,12.35,50.0,,"Women's Black Chain Decorated Thick Bottom Little Pu Leather Shoes, British Style Fashionable And Versatile Shoes, Soft Sole Loafers With One-step Design And Round Toe, Suitable For Commuting And Working. Large Sizes: 35-42",Shoes
8.0,,,,14.78,4.0,1.1k+ sold recently,SHEIN SHUZIA Women's Flat Sandals,Shoes
1.0,,,,11.4,25.0,100+ sold recently,"Closed-Toe Lightweight, Comfortable Eva Wading Garden Shoes,Soft Sole Breathable Outdoor Casual Sandals",Shoes
1.0,,,,22.3,20.0,500+ sold recently,"Women's Chunky Heel Waterproof Platform Sandals With Strappy Tie-Up Design, Roman Hollow Out High-Heeled Shoes For Sexy Summer Look, Black Color",Shoes
1.0,,,,1.7,0.0,,"5D Massage Insoles, Thickened And Upgraded With Cloud-Like Softness, Front Foot Arch Massage And Heel Support, Walk With No Burden, Sweat Absorbent And Breathable, Free Cutting To Fit All Kinds Of Shoes",Shoes
1.0,,,,16.0,20.0,80+ sold recently,Ruched Chunky Heeled Ankle Strap Sandals,Shoes
1.0,,,,9.5,68.0,10+ sold recently,"Women's Mid-calf Chunky Heel Square Toe Pu Boots, Knee High Boots To Show Slim Figure",Shoes
1.0,,,,3.7,24.0,80+ sold recently,"28pcs Winnie Bear Series Shoe Charms Set For Clogs  Bubble Slides Sandals, PVC Shoe Decorations Beach Bag Accessories Gift Idea For Birthday Christmas Halloween Party Favors",Shoes
7.0,,,,27.04,20.0,100+ sold recently,"2024 New Vintage Embroidery Western Boots,  Over-The-Knee V-Cut Rider Fashionable Women Boots, Cowboy Boots For Women",Shoes
1.0,,#9 Best Sellers,in Women Flip-Flops,7.0,23.0,,"Women's Summer Flip Flops, High-Heeled, Fashionable And Slip-Resistant, Thick-Soled, Suitable For Wearing Outdoors, On The Beach, On Vacation, And For Casual Daily Wear",Shoes
1.0,,,,2.1,30.0,100+ sold recently,"4 Pcs Shoes Prevent Sneaker Creases,Crease Protectors, Shoe Care,For Men And Women",Shoes
20.0,,,,14.5,21.0,2.4k+ sold recently,"Women Twist Decor Espadrille Sandals, Vacation Faux Suede Wedge Slide Sandals",Shoes
9.0,,,,24.4,25.0,800+ sold recently,"Men's Color Block Lace-up Front Skate Shoes, Men's Athletic Shoes",Shoes
18.0,,,,13.0,0.0,1.1k+ sold recently,"SHUZIA Trending Rafia Women's Iconic ""H"" Shaped Replica Slide Sandal: O'lan Inspired, Understated Elegance, High-End, Everyday Versatility,",Shoes
1.0,,,,19.23,25.0,,Cowboy Boots For Women Mid Calf Cowgirl Boots Chunky Stacked Low Heel Heel Side Zipper Embroidery Western Wid Calf Boots Almond Shaped Pointed Toe Classic Casual Fashion,Shoes
1.0,,,,12.1,20.0,,Color Block Weave Detail Slide Sandals,Shoes
1.0,,,,4.9,23.0,2.6k+ sold recently,"42pcs  Shoe Decorations Accessories Charms For Clogs  Bubble Slides Sandals, Gift Idea For Birthday Christmas  Halloween Party Favors",Shoes
6.0,,,,12.0,0.0,1.6k+ sold recently,SHUZIA Women's Simple Solid Color Cut Out Flat Sandals,Shoes
5.0,,,,5.3,24.0,100+ sold recently,Simple Design Black Thick Sole Anti-slip Bathroom Home Women's Slippers,Shoes
5.0,,,,10.89,33.0,100+ sold recently,"Women Point Toe Pyramid Heeled Mule Pumps, Glamorous Party Metallic Pumps",Shoes
1.0,,,,18.8,21.0,100+ sold recently,Women's Elegant Gold-Tone Oval Metal Buckle Decorated Black Mirror Fabric Fashion Pointed-Toe Flat Sandals For Daily Wear,Shoes
6.0,,,,19.0,21.0,200+ sold recently,"Women Crocodile Embossed Chunky Heeled Mule Sandals, Elegant Black Heeled Sandals",Shoes
8.0,,#9 Best Sellers,in Ultra High Heel Women Platforms & Wedge Sandals,24.0,21.0,,"Wedge Thick Bottom Waterproof Platform Vintage Braided Slippers, With Wedge Thick Bottom, Waterproof Platform, Woven Fringe, Wood Grain, One-Strap, Bare Strap, Elastic Strap And Back Strap Design, Women's Flatform High Heels, Spring/Summer Outfit, Vacation Style, Bohemian Style, Sexy Nightclub Ankle Strap High Heels",Shoes
7.0,,,,7.3,21.0,300+ sold recently,Women's Summer Striped Canvas Wedge Sandals With Woven Grass Platform,Shoes
1.0,,#1 Best Seller,In Green Shoe Spare Parts,2.45,68.0,,"Ailaka High Arch Support Insoles For Men Women - Plantar Fasciitis Relief Arch Support Shoe Inserts, Orthotic Insoles For Flat Feet, Arch Pain And Heel Pain Relief",Shoes
1.0,,,,1.8,31.0,600+ sold recently,1pair Soft Cushioned Comfort Sports High Heels Sneaker Insoles,Shoes
1.0,,#2 Best Seller,In Grey Women Clogs,20.0,0.0,,SHEIN SHUZIA Women's Open Toe Hollow Out Slippers With Adjustable Buckle Strap,Shoes
1.0,,,,20.9,25.0,100+ sold recently,Men Comfortable Number Print Lace-up Front Handmade Boots,Shoes
30.0,,#1 Best Seller,In Hot Pink Women Heeled Sandals,13.8,21.0,,"2024 New Arrival Women High Heel Floral Decorated Sandals, Popular For Beach And Traveling",Shoes
5.0,,,,14.9,24.0,90+ sold recently,Mens Shoes Lightweight Athletic Running Walking Workout Shoes Casual Sports Tennis Gym Shoes Fashion Sneakers Trainer,Shoes
4.0,,,,19.7,21.0,1.1k+ sold recently,"Women Toe Post Stiletto Heeled Sandals, Fashion Thong Sandals For Outdoor",Shoes
4.0,,#5 Best Seller,In Black Women Heeled Sandals,18.02,21.0,,Stiletto Heeled Thong Sandals,Shoes
1.0,,,,18.3,25.0,,Men Ribbed Knit Lace-up Front Running Shoes,Shoes
1.0,,,,9.89,41.0,900+ sold recently,Womens Cork Footbed Slides Adjustable Buckled Slip On Slippers Open Toe Softy Flat Sandals,Shoes
1.0,,,,22.9,21.0,600+ sold recently,Sugerpunk Platform Thick Sole Comfortable Beach Slipper With Ankle Strap For Summer Vacation Shoes Summer Sale,Shoes
1.0,,#6 Best Seller,In White Women Knee-High Boots,53.5,20.0,,"Ladies' Over-the-knee Pink Boots, Y2k Punk Style Fluffy Boots",Shoes
7.0,,#9 Best Sellers,in Low Heel Women Wedges & Flatform,12.35,50.0,,"Women's Black Chain Decorated Thick Bottom Little Pu Leather Shoes, British Style Fashionable And Versatile Shoes, Soft Sole Loafers With One-step Design And Round Toe, Suitable For Commuting And Working. Large Sizes: 35-42",Shoes
8.0,,,,14.78,4.0,1.1k+ sold recently,SHEIN SHUZIA Women's Flat Sandals,Shoes
1.0,,,,11.4,25.0,100+ sold recently,"Closed-Toe Lightweight, Comfortable Eva Wading Garden Shoes,Soft Sole Breathable Outdoor Casual Sandals",Shoes
1.0,,,,22.3,20.0,500+ sold recently,"Women's Chunky Heel Waterproof Platform Sandals With Strappy Tie-Up Design, Roman Hollow Out High-Heeled Shoes For Sexy Summer Look, Black Color",Shoes
1.0,,,,1.7,0.0,,"5D Massage Insoles, Thickened And Upgraded With Cloud-Like Softness, Front Foot Arch Massage And Heel Support, Walk With No Burden, Sweat Absorbent And Breathable, Free Cutting To Fit All Kinds Of Shoes",Shoes
1.0,,,,16.0,20.0,80+ sold recently,Ruched Chunky Heeled Ankle Strap Sandals,Shoes
1.0,,,,4.9,23.0,2.6k+ sold recently,"42pcs  Shoe Decorations Accessories Charms For Clogs  Bubble Slides Sandals, Gift Idea For Birthday Christmas  Halloween Party Favors",Shoes
6.0,,,,12.0,0.0,1.6k+ sold recently,SHUZIA Women's Simple Solid Color Cut Out Flat Sandals,Shoes
5.0,,,,5.3,24.0,100+ sold recently,Simple Design Black Thick Sole Anti-slip Bathroom Home Women's Slippers,Shoes
5.0,,,,10.89,33.0,100+ sold recently,"Women Point Toe Pyramid Heeled Mule Pumps, Glamorous Party Metallic Pumps",Shoes
6.0,,,,19.0,21.0,200+ sold recently,"Women Crocodile Embossed Chunky Heeled Mule Sandals, Elegant Black Heeled Sandals",Shoes
7.0,,,,7.3,21.0,300+ sold recently,Women's Summer Striped Canvas Wedge Sandals With Woven Grass Platform,Shoes
1.0,,,,1.8,31.0,600+ sold recently,1pair Soft Cushioned Comfort Sports High Heels Sneaker Insoles,Shoes
1.0,,,,20.9,25.0,100+ sold recently,Men Comfortable Number Print Lace-up Front Handmade Boots,Shoes
5.0,,,,14.9,24.0,90+ sold recently,Mens Shoes Lightweight Athletic Running Walking Workout Shoes Casual Sports Tennis Gym Shoes Fashion Sneakers Trainer,Shoes
4.0,,,,19.7,21.0,1.1k+ sold recently,"Women Toe Post Stiletto Heeled Sandals, Fashion Thong Sandals For Outdoor",Shoes
1.0,,,,12.1,18.0,,"Women's Mary Jane Buckle Shoes, New Spring/Summer Korean Style Square Toe Flat Soft And Comfortable Loafers",Shoes
1.0,,,,9.55,55.0,100+ sold recently,"2024 New Arrival Men's Mesh Sneakers, Breathable, Comfortable, Slip-Resistant And Fashionable, Multiple Colors Available",Shoes
12.0,,,,19.3,21.0,1.5k+ sold recently,2024 High-Heeled Fashionable And Elegant Women Open Toe Sandals With Ankle Strap,Shoes
12.0,,,,19.3,21.0,1.6k+ sold recently,"Women's Sexy Fashion Party High Heeled Sandals With Ankle Strap And Round Toe, Shiny Gold",Shoes
6.0,,,,9.99,57.0,1.0k+ sold recently,Womens Strappy Slip-On Slippers Adjustable Buckle Cork Footbed Slides For Sandals With Comfortable Arch Support Outdoor,Shoes
15.0,,,,4.77,63.0,1.2k+ sold recently,"Women's Elastic Slip-On Round Toe Flat Sandals With Rivets, Hollow Out Toe Slippers, Outdoor Flat Slides",Shoes
1.0,,#8 Best Sellers,in Women Flip-Flops,7.8,24.0,,"Women Fashionable Black Slip-On Flat Sandals For Spring/Summer Street Style, Casual Occasions Or Vacation, With Non-Slip Sole And Open Toe/Heel Design",Shoes
1.0,,,,21.6,24.0,60+ sold recently,Men Stitch Trim Oxford Shoes Solid Slip On Faux Suede Loafers Shoes,Shoes
1.0,,,,20.1,18.0,600+ sold recently,"Women Black Slip-On Flatform Penny Loafers, Cool Round Toe Minimalist  Wedge Shoes",Shoes
1.0,,,,2.4,27.0,,"1pc Punk Style Thorn Chain, Minimalist Fashion Sandal Decoration Gift For Men And Women",Shoes
1.0,,,,17.9,20.0,2.4k+ sold recently,"SHEIN MOD Women Bow Decor Mules, Satin Stiletto Heeled Glamorous Sandals Black Vacation Shoes Summer Sale",Shoes
4.0,,,,21.4,20.0,200+ sold recently,"Women Tie Leg Design Clear Pyramid Heeled Strappy Sandals, Elegant Summer Heeled Sandals",Shoes
1.0,,,,1.58,34.0,100+ sold recently,9-Piece Set Of  Volleyball-Style PVC Shoe Charms - Decorative Spiking & Smash Accessories For Game Time,Shoes
4.0,,,,19.5,18.0,200+ sold recently,"Women's Fashionable Wedge Heel Thick Sole Open Toe Slippers, Closed Toe Cut-Out Comfortable Flax Bottom Shoes, Woven Wedge Heel Summer Sandals",Shoes
5.0,,#7 Best Seller,In Silver Women Knee-High Boots,54.99,39.0,,"Women's Cowboy Boots Cowgirl Ankle Boots Western Rhinestones Boots Pointed Toe Low Chunky Heel 5cm Pull On Short Cowboy Boots For Women,Girl,Party",Shoes
1.0,,#9 Best Seller,In Brown Women Heeled Sandals,17.24,26.0,,"CUCCOO SZL Elegant Brown Mule Sandals For Women, Metal Decor Stiletto Heeled Sandals For Summer Graduation Heels Prom Heels Vacation Shoes Summer Sale",Shoes
1.0,,,,9.7,20.0,,"Women's Fashionable Flat Sandals With Open Toe, Summer Beach Slippers",Shoes
1.0,,,,12.25,51.0,,Two Tone Lace-up Front Skate Shoes,Shoes
1.0,,,,19.3,21.0,300+ sold recently,"Women Minimalist Chunky Heeled Strappy Sandals, Fashion Summer Faux Suede Heeled Sandals",Shoes
4.0,,,,26.45,2.0,500+ sold recently,MOTF PREMIUM WOMEN'S COMFORTABLE SQUARE-TOE FLAT SANDALS VACATION SHOES SUMMER SALE,Shoes
12.0,,,,16.5,20.0,2.6k+ sold recently,"Fashion White Sandals For Women, Tie Leg Design Chunky Heeled Strappy Sandals",Shoes
1.0,,,,5.83,47.0,2.2k+ sold recently,Slip On Open Toe Flat Slide Sandals,Shoes
1.0,,,,160.18,0.0,,New Balance | Blue & Gray 2002R Sneakers,Shoes
1.0,,,,257.4,0.0,,Adidas Yeezy Foam Runner Ochre (GW3354) Kanye West Men's Size 5-13 Shoes,Shoes
1.0,,,,31.6,24.0,100+ sold recently,"Men's Soft Leather Comfortable Loafers,  Fabric Low-Cut Slip-On Shoes, Business Formal Shoes, Simple Professional Work Shoes, Casual Shoes, Fashionable Trendy Men's Dress Shoes With Comfortable Round Toe And Classic British Style, All-Match Wedding Shoes",Shoes
4.0,,#9 Best Seller,In Black Women Flip-Flops,7.95,26.0,,"Women's Fashionable Black Flat Sandals For Summer, Casual Beach Flip-Flops And Slippers",Shoes
1.0,,#4 Best Seller,In Black Men Boots,28.2,25.0,,"Men's Black Solid Color Boots With Side Zipper, Lace-up Front Part",Shoes
1.0,,,,10.2,25.0,,Men's Hollow Beach Sandals Summer Wear Outdoor Sport Anti-Skid Soft-Bottomed Toe-Protected Durable Slipper Shoes,Shoes
1.0,,,,4.8,25.0,200+ sold recently,"Double Strap Fluffy Bedroom Slippers,Winter Slippers Women's Home Indoor Non-Slip Warm Long Plush Soft Slippers.",Shoes
1.0,,,,11.0,0.0,100+ sold recently,SHUZIA Faux Leather Slip On Ballet Flats,Shoes
1.0,,#3 Best Seller,In White Women Flip-Flops,6.7,35.0,,"Fashionable Flip Flops For Women, Minimalist PVC White Slippers",Shoes
1.0,,,,1.06,29.0,100+ sold recently,"1pair Minimalist Shoelaces, White Polyester Unisex Accessories For Sneakers",Shoes
7.0,,#8 Best Sellers,in Women Platforms & Wedge Sandals,8.3,20.0,,Women's Striped Fabric Espadrille Wedge Sandals With Woven Bottom For Summer Vacation Style,Shoes
1.0,,,,14.85,50.0,,"SHUZIA Fashionable Strappy Sandals For Women, Metallic Multi Strap Stiletto Heeled Sandals",Shoes
6.0,,#2 Best Sellers,in Men Sandals,14.0,25.0,,"Trendy Buckle Flat Slippers, Beach Style Unisex Open Toe Outdoor Casual Sandals For Summer, Birkenstocks",Shoes
1.0,,,,0.87,67.0,300+ sold recently,"1pair Pearlescent Shoelaces, Pink Polyester Cute Accessories For Sports Shoes",Shoes
7.0,,#1 Best Sellers,in Men Slippers,6.7,26.0,,"Men Letter Tag Decor Bedroom Slippers, Indoor College Style Simple Slippers",Shoes
1.0,,,,10.4,20.0,800+ sold recently,"Minimalist Outdoors Flat Slippers For Women, Single Band Linen Open Toe Slide Sandals",Shoes
5.0,,,,12.6,20.0,,"2024 New Style Cross-Border Knit Comfortable Breathable Rocking Shoes, Non-Slip Soft Bottom Mother Shoes, Mesh Air Cushion Women's Athletic Shoes",Shoes
1.0,,,,13.1,18.0,,Women's White Knitted Lace-up Road Running Shoes With Ribbed Sock Detail,Shoes
4.0,,,,5.07,53.0,1.5k+ sold recently,Men's Personality Trendy Print Pattern Indoor Outdoor Beach Water Shoes Made Of Lightweight & Breathable Eva Material For Casual & Daily Wear,Shoes
4.0,,,,22.37,25.0,,2.75 Inch Ankis Heels For Women Open Toe Ankle Strap Chunky Heel Sandals,Shoes
1.0,,,,24.0,21.0,700+ sold recently,Round Toe Lightweight Korean-style Thick Sole Women's White Sneakers Summer 2023 New Arrivals Casual Low Top Platform Shoes,Shoes
1.0,,,,16.4,20.0,90+ sold recently,"Women Black Release Buckle Decor Sandals, Open Toe Flatform Sandals For Sports",Shoes
1.0,,#2 Best Seller,In Black Women Shoes,10.4,21.0,,"Women'S Flat Sandals, Black Toe Exposure Slip-On Slippers, Casual Lightweight Beach Shoes",Shoes
1.0,,,,4.2,70.0,,Hollow Colorblock Slide Sandals,Shoes
5.0,,,,32.0,0.0,500+ sold recently,"SHUZIA Women's Black Pu Iconic Replica Stitching Sole Platform  Combat BootsâLace-Up With Side Zipper, Comfortable, Durable, Trendy Essential",Shoes
11.0,,,,10.89,22.0,2.0k+ sold recently,"Women's Flat Braided Strap Thong Sandals For Outdoor, Beach Wear",Shoes
1.0,,,,7.1,24.0,,Textured Knit Detail Bedroom Slippers,Shoes
1.0,,,,11.25,42.0,10+ sold recently,"Ladies' Lightweight & Comfortable Casual Black Slip-On Mid-Top Sneakers, Leisure & Sporty Style",Shoes
1.0,,,,26.6,25.0,700+ sold recently,Men's Sports Shoes Trendy Casual Skateboard Shoes New Arrivals,Shoes
7.0,,#7 Best Seller,In White Women Outdoor Shoes,29.9,18.0,,"European And American New Retro Embroidered Western Cowboy Boots, White Over-The-Knee V-Cut Versatile Fashion Boots For Women",Shoes
5.0,,#1 Best Seller,In Navy Blue Women Slippers,4.3,28.0,,"Summer Indoor House Slippers With Soft Non-Slip Soles, Breathable, Lightweight, Suitable For Couples And Women, Perfect For Bathroom",Shoes
6.0,,,,19.3,21.0,500+ sold recently,"Chunky Heeled Suedette Strappy Sandals, Black Fashion Solid Color Thin Straps Women's High-heel Sandals",Shoes
1.0,,,,22.3,24.0,200+ sold recently,"Gothic Skull And Rose PLUS SIZE Men's Trendy Style Canvas Novelty Sneakers, Comfy Non Slip Lace Up Shoes For Men's Outdoor Activities",Shoes
1.0,,,,8.4,20.0,4.7k+ sold recently,"Women Faux Leather Flat Sandals, Ladies Outdoor Casual Flat Sandals, New Style Flat Sandals For Women, Women Elegant Flat Thong Sandals, Women Home Slippers, Ladies Fashion Flat Sandals With Exposed Toes, Women Shoes",Shoes
1.0,,#4 Best Seller,In Burgundy Women Fashion Boots,22.59,33.0,,"ROMWE Goth Ladies"" 2024 New Spring/Autumn Red Fashionable Pointed Toe Embroidered Thick Heel Western Style Boots",Shoes
1.0,,,,23.3,25.0,1.3k+ sold recently,Men Fashion Letter Graphic High Top Sneakers School Shoes,Shoes
10.0,,,,16.4,21.0,100+ sold recently,"Women High Heels Sandals With 3D Flower, Random Color Combination Of Macaroon And Mandarin Duck Pattern",Shoes
6.0,,,,19.6,25.0,500+ sold recently,"Men's Fashionable Simple & Comfortable Casual Sneakers, Anti-Slip, All-Season, Versatile Style, Casual Sports Shoes For Students",Shoes
1.0,,,,25.1,21.0,100+ sold recently,Clear Strap Platform Ankle Strap Sandals,Shoes
1.0,,,,10.4,37.0,500+ sold recently,SHUZIA Vegan Leather Wide-Fit Ankle Strap Sandals,Shoes
1.0,,,,10.75,55.0,700+ sold recently,SHUZIA Buckled Ankle Open Toe Flatform Espadrille Sandals,Shoes
4.0,,,,19.0,5.0,500+ sold recently,Styleloop Woman Shoes Platform Wedge Heel Espadrilles Sandals For Summer Graduation Heels Prom Heels Vacation Shoes Summer Sale Boho Feels,Shoes
1.0,,,,9.18,40.0,30+ sold recently,"Men's Leisure Sports Running Shoes, Breathable, Lightweight, Fashionable Trendy Sneakers",Shoes
1.0,,,,22.0,24.0,,Men Letter Detail Colorblock Skate Shoes,Shoes
1.0,,,,20.72,20.0,100+ sold recently,Women Rhinestone Bow Decor Point Toe Sculptural Heeled Slingback Point Toe Stiletto Heeled Slingback Pumps,Shoes
1.0,,#6 Best Seller,In Black Men Slippers,5.67,50.0,,"Men Winter Halloween Bat Embroidery Soft Plush Slippers, Comfortable & Warm For Indoor Use",Shoes
1.0,,,,9.99,41.0,100+ sold recently,Womens Cork Footbed Slides Adjustable Buckled Slip On Slippers Softy Flat Sandals Open Toe,Shoes
1.0,,,,2.4,27.0,1.0k+ sold recently,"18Pcs   Halloween Series Shoe Charms For Shoe DIY Decoration Premium Quality Popular Charms Accessories Bubble Slides Sandals, PVC Shoe Decorations Beach Bag Accessories Great Gift For Teens Men Women And Adults",Shoes
1.0,,,,19.9,25.0,10+ sold recently,"Breathable Beach Sandals Men Summer Hole Shoes Retro Leather Slippers Anti-Slip Dual-Use Indoor Outdoor Casual Flip Flops, Note: The Craftsmanship Creates Irregular Vintage Patterns On The Surface. Please Choose The Size According To The Shoe Lasts. Due To The Natural Variations In Leather Texture, The Actual Product May Have Inconsistent Patterns. The Shoelaces Are Of, Dense And Fine. The Texture Is Exquisite.",Shoes
1.0,,#4 Best Seller,In Multicolor Shoe Spare Parts,1.5,32.0,,"1pair 1.2m Flat Yellow Leopard Print Colored Shoelaces For Men And Women's Basketball Shoes, Canvas Shoes, Sports Shoes, White Sneakers (Black)",Shoes
1.0,,,,31.1,20.0,60+ sold recently,"Black Solid Color Elastic Sock Boots, Pointed Toe, High Heeled Ankle Boots For Women",Shoes
9.0,,,,19.5,25.0,900+ sold recently,"Men Anti-slip Litchi Embossed Letter Graphic Colorblock Lace Up Skate Shoes, Sporty Sneakers For Outdoor",Shoes
1.0,,,,20.49,21.0,2.4k+ sold recently,"Platform Wedge Sandals With Straps For Women, Summer",Shoes
1.0,,#1 Best Sellers,in Men Rain Footwear,17.89,69.0,,"Men's Waterproof Rain Boots Anti-slip And Thickened, Durable For Work",Shoes
1.0,,,,26.9,24.0,10+ sold recently,"Men Colorblock Lace-up Front Basketball Shoes, Round Toe Outdoor Chunky Sneakers",Shoes
1.0,,,,4.25,62.0,,Minimalist Textured Non-Slip Slides,Shoes
1.0,,,,28.4,20.0,,"Ladies' Chunky High-Heeled Sandals With Beige Straps, Rhinestone Wraps, Snake-Shaped Ankle Straps, Fashionable And Simple, Open-Toe And Sexy",Shoes
1.0,,,,1.6,30.0,,"1pair Slip-Resistant Water Ripple Forefoot Pad, Ultra-Soft Shock Absorbing Transparent Insole, Suitable For High-Heels, Leather Shoes, Sandals, Anti-Friction",Shoes
1.0,,,,27.33,25.0,,Suede Closed Toe Heels For Women -Black Nude Gold Silver Pointed Toe Heels Low Block Chunky Women Pumps With Ankle Strap -2.25 Inch,Shoes
1.0,,,,20.8,20.0,200+ sold recently,"Women White Tie Leg Design Sandals, Fashionable Open Toe Chunky Heel Sandals",Shoes
1.0,,,,13.4,25.0,100+ sold recently,New Arrival Ultralight Durable Men's Sports Shoes,Shoes
1.0,,,,23.3,21.0,80+ sold recently,Women Two Tone Lace-Up Front Sneakers High Top Skate Shoes,Shoes
1.0,,#7 Best Seller,In Beige Women Heeled Sandals,18.8,21.0,,"Women's Open Toe Muller Shoes With Square Toe, Teeth Cutout, Knitting Vamp, Casual Apricot Stripe Band One-Belt Chunky Heels Sandals",Shoes
1.0,,#2 Best Seller,In Beige Women Ankle Boots & Booties,14.25,53.0,,Almond Toe Side Zip Chunky Heel Ankle Boots,Shoes
5.0,,,,18.27,35.0,,CUCCOO DOLLMOD Vintage Black And White Mixed Color Floral Pattern High Heel Pumps,Shoes
1.0,,,,20.8,21.0,10+ sold recently,"Colorblock Lace-up Front Skate Shoes, Beige Athletic Color-block Women's Casual Sneakers",Shoes
13.0,,,,19.7,21.0,200+ sold recently,New Summer High-Heeled Women's Sandals With One-Strap,Shoes
1.0,,,,9.51,63.0,10+ sold recently,"Women's High Heel Work Shoes Square Toe Slip-On Metal Buckle Leather Pumps, Apricot Color Chunky Heeled Shoes",Shoes
1.0,,,,131.5,0.0,,New Balance | 2002,Shoes
1.0,,,,17.64,40.0,,"Men Solid Color Simple Comfortable Breathable Wear-Resistant Slip-Proof Casual Sports Shoes, All Season",Shoes
11.0,,#9 Best Sellers,in Wedding Style,15.2,20.0,,Women's Spring/summer White Solid Color Outdoor Party/wedding Tie-up High Heels Chunky Heel Sandals,Shoes
1.0,,,,35.9,20.0,1.4k+ sold recently,Women's Fashionable Vintage Autumn Embroidered Western Cowboy Boots,Shoes
1.0,,#10 Best Sellers,in Wedding Style,17.23,21.0,,"Fashion White Sandals For Women, Tie Leg Design Stiletto Heeled Strappy Sandals",Shoes
9.0,,#2 Best Seller,In Brown Women Equestrian Boots & Western Boots,27.7,18.0,,Embroidered Detail One-step Western Boots Women's Riding Boots Cowboy Boots,Shoes
1.0,,#8 Best Sellers,in Women Knee-High Boots,28.9,20.0,,"Women's Pointed Toe Slim High Heel Animal Pattern Black Boots, Classic Knee-high Boots For Autumn And Winter",Shoes
4.0,,#5 Best Sellers,in Street,25.7,20.0,,"Spring And Autumn New Arrival Women's Sports Shoes, Simple And Comfortable Fashion Sneakers For Street Style",Shoes
1.0,,,,18.2,21.0,700+ sold recently,"Stiletto Heeled Strappy Sandals, Brown Elegant Solid Color Thin Strappy Ladies' High-heeled Sandals",Shoes
4.0,,,,22.1,21.0,300+ sold recently,"Casual Black Flat Sandals With Metal Square Buckle, Ideal For Vacation",Shoes
1.0,,,,6.73,24.0,600+ sold recently,Women Wedge Heel Slides Women Flip Flops,Shoes
6.0,,,,15.6,20.0,1.6k+ sold recently,"Women Criss Cross Strap Heeled Sandals, Elegant White Mule Sandals",Shoes
7.0,,#2 Best Sellers,in Women Knee-High Boots,34.6,20.0,,"Women's Western Embroidered Pointed Toe Pull-On Pu Leather Knee-High Boots With Chunky & Mid Heel, Winter White Cowboy Boots",Shoes
1.0,,,,43.02,25.0,,"Cowboy Boots For Women - Wide Calf Knee High Western Cowgirl Boots, Sparkly Rhinestone Retro Country Boots With Classic Embroidered, Pointed Toe Chunky Heel Pull On Vintage Tall Boots",Shoes
1.0,,,,23.1,20.0,100+ sold recently,Women's Boots Autumn-winter New Western Style High-heeled Platform Lace Up Fashion Elastic Middle-tube Round Toe Ankle-length Black Motorcycle Leather Short Boots,Shoes
1.0,,,,3.58,60.0,500+ sold recently,"Unisex Anti-Slip Indoor & Outdoor Slippers, Summer Beach Sandals With Superior Appearance",Shoes
1.0,,,,6.21,26.0,1.2k+ sold recently,"Women Toe Post Flip-Flops Summer Black Faux Suede Flip Flops, Foam Sole Wedge Heel Black Fashion Solid Color Women's Flip Flops",Shoes
1.0,,,,22.18,41.0,20+ sold recently,"Magnan Special Forces Hiking Boots, Large Size, Breathable, Durable, High-top Design For Mountain Climbing And Riding",Shoes
1.0,,,,23.1,25.0,200+ sold recently,Men Shoes Spring/Autumn Non-Mainstream Design Versatile Casual Black Sneakers Youth Sports Thick-Soled Height-Increasing Loafers,Shoes
1.0,,#7 Best Seller,In Beige Women Home Slippers,5.14,55.0,,"Autumn/Winter Plush Slipper With Half-Covered Toes, Anti-Slip & Warm House Shoes",Shoes
1.0,,#1 Best Seller,In Khaki Shoe Spare Parts,1.65,45.0,,"1 Pair 120cm Round Thick Shoelaces, Simple Braided All-match Shoe Laces",Shoes
1.0,,,,28.7,25.0,,Men's British Style Pointed-Toe Golden Formal Leather Shoes,Shoes
1.0,,,,14.3,21.0,200+ sold recently,"Women Twist Design Minimalist Chunky Heeled Mule Sandals, Elegant Summer Heeled Sandals",Shoes
4.0,,,,18.3,18.0,100+ sold recently,Women Knit Detail Lace-up Front Breathable Mesh White Running Shoes,Shoes
1.0,,,,4.05,50.0,,New Sports Elasticity Insoles For Shoes Sole Technology Shock Absorption Breathable Running Insoles For Feet Orthopedic Insoles,Shoes
1.0,,,,1.68,40.0,,"1pair Soft Gel Forefoot Pad Toe Protector Cushions, Comfortable Anti-Friction Toe Caps",Shoes
7.0,,,,22.2,21.0,900+ sold recently,"Women's Sporty Sandals, Simple Black Outdoor Sport Sandals",Shoes
1.0,,#1 Best Sellers,in Men Climbing Shoes,21.83,25.0,,"Couples' Hiking Shoes For Men And Women, Suitable For Autumn And Winter Outdoor Activities, Leisure, Waterproof, Anti-Slip, Suitable For Construction Site Work, Large Size Work Shoes, Jogging Hiking Shoes, Women's",Shoes
1.0,,,,21.0,21.0,1.1k+ sold recently,"Women's Peep-Toe Ankle Strap Sandals Featuring Wedge Platform, Sexy Yet Comfortable Choice For Beach Vacation And Casual Wearing",Shoes
20.0,,#4 Best Seller,In Black Women Heeled Sandals,18.6,21.0,,"Women's High Heeled Black Sandals With Square Toe, Transparent Strap, Chunky Heel, Comfortable, Fashionable And Versatile, Show Your Beauty And Elongate Your Legs",Shoes
1.0,,,,27.1,25.0,,"9038 Men's Leather Shoes, Autumn Korean Version Breathable Casual Shoes For Youthful Driving, New Casual Shoes, Work Shoes, And British Style Non-Slip Trendy Shoes With Comfortable Soft Soles For Business Men 2024 Spring New Trendy Men's Lace-Up Anti-Slip Wear-Resistant Running Sport Soft-Soled Light-Weight Large Size Classic Student Dad Elderly Youth Chef Kitchen Men's Breathable Hollow-Out Handmade Soft Leather",Shoes
4.0,,,,5.5,25.0,800+ sold recently,"Women Floral Pattern Flip Flops, Fashion Beach Flip Flops",Shoes
1.0,,,,1.8,31.0,,"2pcs Striped Arch Support Insole For Flat Feet, Non-Slip Foot Pad.",Shoes
1.0,,,,33.2,25.0,20+ sold recently,"Men's Winter Boots, Warm Fleece Lining, Fashionable Short Snow Boots, Work And Trendy Style",Shoes
1.0,,,,20.64,20.0,10+ sold recently,"Minimalist Platform Loafers, Beige Fashionable Solid Color Women's Thick Sole Shoes",Shoes
1.0,,,,19.3,21.0,1.3k+ sold recently,SHEIN ICON Heart-Ring & Studded Decor Wedge Slide Sandals Vacation Shoes Summer Sale,Shoes
1.0,,,,13.6,20.0,,"Trendy Solid Color Stripes Pattern Skate Shoes, Wear Resistance Non Slip Canvas Sneakers, Casual Versatile Low Cut Slip On Loafers Shoes",Shoes
1.0,,,,50.95,23.0,,Men Waterproof Real Leather Slip Resistant  Durable Rubber Sole Mountaineering Outdoor Shoes,Shoes
5.0,,,,19.1,20.0,900+ sold recently,"Women Tie Leg Design Stiletto Heeled Strappy Thong Sandals, Fashion Summer Heeled Sandals",Shoes
1.0,,#10 Best Seller,In Black Wide Fit Shoes,10.3,16.0,,"2024 New Summer Flat Sandals For Women With High-End Style And Wide Toe Box, Plus-Size",Shoes
1.0,,,,2.6,28.0,500+ sold recently,"12pcs Multi-Color New Style Lotus Leaf & Lotus Pattern & Romantic Cartoon, Modern Daily Commute, DIY Detachable Shoe Decoration, Suitable For Men And Women All-Season Wooden Clog Shoes, Sports, Fashion And Casual Personalized Clothing Matching Shoes Decoration",Shoes
1.0,,,,4.99,67.0,900+ sold recently,Fuzzy Cute Cow Slippers For Women Winter Warm Cozy Animal Fluffy Kawaii House Slippers Cute Slippers,Shoes
7.0,,,,4.17,68.0,500+ sold recently,"Men's Summer Simple Outdoor/indoor Anti-slip Slippers For Couples, Orange",Shoes
1.0,,,,18.6,25.0,,Men Stitch Detail Lace-up Front Canvas Shoes,Shoes
1.0,,,,16.43,25.0,,Men's Shoes New Comfortable Lightweight Sports Shoes Fashion Anti Slip Board Shoes Casual Versatile Work Shoes Plus Size 47,Shoes
1.0,,,,17.3,21.0,700+ sold recently,Women's Black Flat Sandals With Crossed Straps & Tie-Up Laces For Summer,Shoes
1.0,,,,24.0,0.0,,CUCCOO BASICS Lace-up Front Knit Wide Fit Running Shoes,Shoes
1.0,,,,19.8,20.0,,Two Tone Lace-up Front Skate Shoes,Shoes
1.0,,,,24.5,25.0,10+ sold recently,Men Stitch Detail Lace-Up Front Sneakers School Shoes,Shoes
1.0,,,,25.0,25.0,,Men Camo Pattern Breathable Running Shoes,Shoes
1.0,,,,11.05,50.0,40+ sold recently,"Women Minimalist Tie Leg Design Chunky Heeled Strappy Sandals, Elegant Summer Heeled Sandals",Shoes
15.0,,#8 Best Seller,In Orange Women Sandals,7.27,43.0,,"Women's Studded Elastic Back Slip-On Round Toe Flat Sandals, Hollow Out Anti-Slip Open Toe Flat Sandals, Outdoor Flat Slippers For Women",Shoes
4.0,,,,1.2,33.0,300+ sold recently,1pair Minimalist Shoelaces,Shoes
1.0,,,,12.75,55.0,,Double Buckle Mary Jane Flats,Shoes
1.0,,,,4.73,20.0,,Minimalist Fluffy Home Slippers,Shoes
1.0,,,,11.2,25.0,80+ sold recently,Men Royal Blue Decorative EVA Slides House Shoes For Men,Shoes
1.0,,,,28.99,0.0,30+ sold recently,MOTF PREMIUM ROUND TOE THIN HEEL MESH BOWKNOT DESIGN WOMEN'S HIGH HEEL SANDALS,Shoes
1.0,,,,13.8,40.0,,Men Lace Up Front Mesh Panel Chunky Sneakers,Shoes
1.0,,,,23.78,25.0,,Ankis Platform Sandals Two Bands Open Toe Heeled Sandals With Adjustable Ankle Strap Comfortable And Lightweight Wedge Shoes In Summer,Shoes
1.0,,,,7.0,23.0,300+ sold recently,Simple Casual Women's Black Pu Open Toe Wedge Flip Flops For Summer,Shoes
1.0,,,,1.2,37.0,10+ sold recently,Sports Deodorant Insoles For Shoes Soft Comfortable Running Breathable Shock Absorption Insole For Feet Men Women Shoe Sole Pads,Shoes
1.0,,,,32.0,0.0,,Styleloop Knit Espadrille Wedge Strappy Shoes,Shoes
4.0,,,,9.89,45.0,1.5k+ sold recently,Womens Slide Sandals Summers Adjustable Slip On Slippers Cork Footbed With Comfort Arch Support,Shoes
1.0,,,,12.54,43.0,500+ sold recently,SHEIN SHUZIA Solid Minimalist Wrap Around The Leg High Heels,Shoes
30.0,,#1 Best Seller,In Yellow Women Heeled Sandals,13.8,21.0,,"2024 New European And American Style High-Heeled Flower Decoration Sandals, Trendy Women Summer Beach Slippers For Outdoor",Shoes
1.0,,,,2.2,27.0,200+ sold recently,"17pcs Cute Cat Shoe Decorations Shoe Accessories Charms For Clogs  Bubble Slides Sandals, Gift Idea For Birthday Christmas  Halloween Party Favors",Shoes
1.0,,,,8.5,21.0,,"New European Style Ladies' Fashionable Open Toe Wedge Heel Slippers With Lovely Bear Bowknot, 5CM Heel Height, Suitable For Holiday, Casual Or Beach Wear",Shoes
1.0,,#10 Best Seller,In Silver Shoe Decorations,1.6,30.0,,ROMWE Hippie 1pair Vintage Sun And Moon Shaped Shoe Decorations,Shoes
1.0,,,,1.38,40.0,,"6pcs Colorful Daisy Flower Shoe Charms Set For Hollow Out Clogs & Clogs & Sandals, DIY Shoe Decoration",Shoes
1.0,,,,6.7,25.0,10+ sold recently,"Women Faux Leather Stitching Round Toe Flat Slippers, Simple Style Beach PVC Sandals For Outdoor, Summer",Shoes
1.0,,#4 Best Seller,In Burgundy Women Flats,17.1,5.0,,"CUCCOO DOLLMOD Women Fashion Leather Burgundy Mary Jane Buckle Decor Square Toe Red Flats, Valentine's Shoes For Summer Vacation Shoes Summer Sale",Shoes
1.0,,,,25.3,20.0,,"Women's Dual-Use Peep Toe Suede Cowboy Boots With Pleated Design, Knee-High Boots For Bootcut Jeans And Sandals, Mid-Calf Boots",Shoes
1.0,,#9 Best Seller,In White Women Platforms & Wedge Sandals,19.1,20.0,,SHEIN ICON Women Fashionable Simple And Versatile Wedge Heel Thick-Soled Sandals Vacation Shoes Summer Sale,Shoes
1.0,,,,5.3,24.0,,"Open-Toe Women's Pink Indoor Slippers, All Seasons, Non-Slip, Quiet Floor, Warm For Autumn And Winter, Suitable For Outdoor Use",Shoes
1.0,,,,1.46,57.0,,"10pcs Metal Punk Thorn Shoelace Decoration Buckle, Unisex, Easy To Install, For DIY Matching",Shoes
1.0,,#2 Best Seller,In Silver Shoe DIY Decorations,1.6,33.0,,ROMWE Grunge Punk Punk Style Personality Star Charm Shoe Decoration,Shoes
1.0,,,,20.4,17.0,100+ sold recently,Round Toe Flats Women Minimalist Chain Decor Loafers,Shoes
1.0,,,,3.4,39.0,10+ sold recently,Brown Cowhide Shoe Insole Flat Foot Arch Cushion Shock Absorption Men's And Women's Sports And Leisure Full Insole,Shoes
5.0,,,,19.1,20.0,400+ sold recently,"Women Minimalist Tie Leg Design Pyramid Heeled Strappy Sandals, Fashion Summer Heeled Sandals",Shoes
1.0,,,,21.7,20.0,,Ladies Outdoor Solid Color Round Toe All-Match Long Tube Soft Breathable Fashion Boots,Shoes
6.0,,,,9.99,57.0,100+ sold recently,Womens Strappy Slip-On Slippers With Comfortable Arch Support Adjustable Buckle Cork Footbed Slides For Sandals Outdoor,Shoes
10.0,,#3 Best Seller,In Black Women Equestrian Boots & Western Boots,29.4,18.0,,"2024 European And American New Vintage Embroidered Western Boots,  Over-The-Knee V-Mouth All-Match Fashionable Knight Boots For Women, Cowboy Boots For Women",Shoes
17.0,,,,20.2,20.0,900+ sold recently,"Women Minimalist Ankle Strap Espadrille Wedge Sandals, Vacation Sandals",Shoes
1.0,,,,39.99,33.0,,Women Mesh Ballet Flats Fishnet Ballerina Flats Casual Summer Flats,Shoes
1.0,,,,13.25,47.0,100+ sold recently,"Men's High Top Casual Shoes, 2024 Summer New Style Leather Sport Shoes, White Trendy Sneakers, Men's Leisure Skateboarding Shoes",Shoes
4.0,,#8 Best Seller,In White Shoelaces,1.6,33.0,,White Extra Wide Single Layer Flat Shoelaces,Shoes
1.0,,,,7.2,26.0,,Dachshund Dog Boutique Slippers Men's Winter Warm Fluffy Slippers Plush Home Slippers,Shoes
1.0,,#3 Best Seller,In Blue Women Heeled Sandals,19.7,21.0,,"Fashionable Women's Blue Jean Pointed Toe Strappy Stiletto Sandals, Ladies Blue High Heel Sandals",Shoes
1.0,,,,10.12,25.0,10+ sold recently,Women's Leather Flat Sandals Flip Flop Sandals Comfortable Dressy Thong Sandals,Shoes
14.0,,,,6.86,57.0,200+ sold recently,"High-End Pointed Toe Stiletto Sandals For Women, Spring & Summer, Fashionable French Style, Open Back, Patent Leather",Shoes
1.0,,,,16.13,57.0,70+ sold recently,"Men's New High Top Boots Hiking Shoes, Fashionable & Versatile Training Shoes For Outdoor Mountaineering, 45 Size",Shoes
1.0,,,,25.0,0.0,200+ sold recently,SHEIN SHUZIA Plus Size Women's Sandals,Shoes
1.0,,,,1.4,33.0,10+ sold recently,2pcs Transparent Silicone Summer Flip Flops Clip Anti Abrasion Slippers Soft Forefoot Cushion Anti Pinching,Shoes
1.0,,,,27.0,31.0,,ROMWE Avant Cowgirl Two Tone Western Boots,Shoes
1.0,,,,31.8,18.0,70+ sold recently,"Western Style Embroidered Knigh Boots, Mid-Calf  Boots,Women, New 2024, Cowboy Boots For Women",Shoes
1.0,,,,26.46,2.0,800+ sold recently,"CUCCOO BIZCHIC Woman Shoes Minimalist Platform Chunky Heeled Mule Sandals, Elegant Summer Heeled Sandals For Summer Graduation Heels Prom Heels Vacation Shoes Summer Sale",Shoes
15.0,,#3 Best Seller,In Blue Women Sandals,7.27,43.0,,"Ladies' Elastic Slip-On Round Toe Flat Sandals With Stud Detailing, Hollow Out Toe Anti-Slip Summer Shoes, Outdoor Flat Slippers For Women",Shoes
1.0,,,,33.2,25.0,60+ sold recently,Men Minimalist Chelsea Boots,Shoes
1.0,,#4 Best Sellers,in Women Mid-Calf Boots,35.5,20.0,,"Women's Black Elegant Solid Color Elastic Ankle Boots, Square Toe, Chunky Heel, Classic Socks Boots",Shoes
1.0,,#9 Best Sellers,in Women Over-the-Knee Boots,38.1,20.0,,Black Over-The-Knee Knight Boots With Gothic Wedge Heel And Thick Platform Soles,Shoes
1.0,,,,23.5,20.0,10+ sold recently,"Women Black Lace-up Front Chunky Shoes, Round Toe Sneakers For Daily",Shoes
1.0,,,,11.3,25.0,40+ sold recently,"Breathable Mesh Casual Shoes, Lightweight And Comfortable Running Shoes, Convenient Slip-On Athletic Shoes For Men",Shoes
1.0,,,,22.9,25.0,,Men Letter Detail Knit Detail Chunky Sneakers,Shoes
1.0,,,,7.58,26.0,1.8k+ sold recently,"Women's Casual Sandals With Thin Straps, Tpr Sole, Soft Upper, Wedge Heel And Thick Bottom, Black, Suitable For Holiday And Summer",Shoes
1.0,,#6 Best Seller,In Black Wide Fit Flats,12.0,0.0,,SHUZIA Bow Decoration Plus Size Wide Flat Women Shoes Suitable For Daily Occasions,Shoes
4.0,,,,21.4,25.0,40+ sold recently,"Men Anti-Slip And Wear-Resistant High Top Casual Sports Shoes, Sneakers And Board Shoes",Shoes
1.0,,,,32.4,21.0,,"Women's Pointed Toe High Heeled Sandals With Spike Decoration, Waterproof Platform, Sexy Thin Super High Heels Fashionable Sandals",Shoes
1.0,,,,3.0,25.0,,"8pcs Luxury Double-Sided Printed Acrylic Hard Plastic Dark Series Gothic Style Couple Rose & Knife Themed Halloween Shoe Accessories, Detachable Buckles For Hole/Hollow Out Clogs Shoes",Shoes
4.0,,,,21.4,25.0,70+ sold recently,"Men Anti-Slip Durable High-Top Casual Sports Shoes, Men Shoes Trendy Skate Shoes",Shoes
1.0,,#5 Best Sellers,in Men Boots,26.9,25.0,,Men Metal Decor Lace-up Front Combat Boots Pu Warm Plush Lining Boots,Shoes
1.0,,,,20.7,19.0,,"Women's White High Heels Shoes, Pointed Toe With Fine Heel & Ankle Buckle, Fashionable, Versatile, Elegant And Noble Ladies Pumps",Shoes
1.0,,,,1.3,35.0,20+ sold recently,"2pcs Women's Designed Silicone High-Heel And Flat-Heel Shoes Fashionable, Slip-Resistant, Durable, Comfortable, Heel Pads With 4 Thickness Options, Reusable, And Easy To Install And Use",Shoes
6.0,,,,19.9,21.0,1.2k+ sold recently,"Women's New Model Square Toe High Heel Sandals, Bare Straps With Black Ties, Casual/party, 10cm, Summer",Shoes
1.0,,,,0.99,0.0,200+ sold recently,"1pc/lot Durable Zinc Alloy Alphabet Letter With Imitation Rhinestone Decorative Shoe Charms With Punched Hole Design, (not Compatible With Shoe Charms)",Shoes
1.0,,,,19.0,21.0,800+ sold recently,"Elegant Black Sandals For Women, Faux Suede Buckle Decor Wedge Slide Sandals",Shoes
1.0,,#4 Best Seller,In Brown Men Boots,28.75,35.0,,"1 Pair Men's Shoes, Men's Boots For Outdoor Hiking And Mountaineering Training, Durable And Non-Slip, Brown",Shoes
1.0,,,,5.05,51.0,1.0k+ sold recently,"Women Anti-slip Toe Post Slippers, Fashion Black PVC Flip Flops",Shoes
1.0,,,,43.02,25.0,,"Cowboy Boots For Women - Wide Calf Knee High Western Cowgirl Boots, Sparkly Rhinestone Retro Country Boots With Classic Embroidered, Pointed Toe Chunky Heel Pull On Vintage Tall Boots",Shoes
1.0,,,,0.95,57.0,20+ sold recently,"2pair/4pcs Sports Shoes Back Stick For Men And Women Shoes Big Change Small Anti-Drop Heel Anti-Wear Shoe Stick Can Be Cut, Shoe Repair Subsidy",Shoes
6.0,,,,15.18,47.0,100+ sold recently,"ROMWE Fairycore 2024 Spring & Autumn New Forest Style Brown Pointy Embroidered Western Style Riding Boots, Pull-On Cowboy Boots Cowgirl Boots",Shoes
1.0,,,,29.6,24.0,,Men's Letter Graphic Lace-up Front Chunky Breathable Sneakers,Shoes
1.0,,,,1.4,30.0,20+ sold recently,Long Handle Shoe Horn,Shoes
1.0,,,,23.7,25.0,,"Men White Lace-Up Front Sneakers, Round Toe Chunky Sneakers School Shoes",Shoes
1.0,,#3 Best Seller,In Beige Wide Fit Shoes,14.3,17.0,,Wide Fit 2024 New Summer Women's Beige Twisted Strappy Heeled Platform Sandals With High-Grade And Wide Upper Fit,Shoes
1.0,,,,29.4,17.0,,"Pink Pleated Slip-On Cowgirl Boots With Thick Heels, Rounded Toe, Versatile, Comfortable, Medium-Low Calf-Length, Plus Size And Wide Width For Women, Ideal For Daily Wear",Shoes
1.0,,,,1.3,35.0,50+ sold recently,2pcs Heel Cushion Pads,Shoes
9.0,,,,14.93,54.0,10+ sold recently,"Men's New Niche Trend Casual Fashion Sneakers For Spring And Autumn, Round Toe, Low Top, Comfortable, Lace-Up, Athletic, Street Style Bread Shoes",Shoes
1.0,,,,26.2,27.0,,"Men's Crocodile Skin Pattern Personality Buckle Slip-On Shoes With Height Increase, For Wedding And Casual Occasions, British Style Fashionable Leather Shoes",Shoes
1.0,,,,22.1,18.0,60+ sold recently,Women's Fashionable Solid Color Oxford Shoes With Lace-up Design And Flat Heels,Shoes
21.0,,#9 Best Sellers,in Outdoorsy Style Men Shoes,23.0,25.0,,"Men's Casual Shoes, New Trend Skate Shoes, Casual Sports Shoes For Men",Shoes
1.0,,,,27.0,25.0,60+ sold recently,Men's Height Increasing Casual Versatile Sports Thick Sole Shoes 2024 New Spring Niche Canvas Shoes Breathable And Wear-Resistant,Shoes
1.0,,,,20.6,25.0,200+ sold recently,Men Colorblock Lace-Up Front Sneakers Fashion Skate Shoes MenâS Casual Shoes,Shoes
1.0,,,,12.87,1.0,800+ sold recently,"SHUZIA Women Buckle Decor Slide Sandals, Fashion Summer Flat Sandals",Shoes
1.0,,,,1.9,34.0,,12pcs Cute  Shoe Charms With Dessert & Lovely Bow Theme - Perfect Shoe Accessories & Decorations For Clogs Shoes,Shoes
1.0,,,,9.8,25.0,,Men Minimalist Non-slip Single Band Slides,Shoes
1.0,,,,33.7,27.0,,"Men's Casual Sport Shoes, Outdoor Running Shoes, Blade Shoes, Mesh Shoes, Thick Bottom Shoes, Student Shoes, Work Shoes, Occasion Shoes, Party Shoes, Plus Size, Blue",Shoes
8.0,,,,18.4,21.0,5.8k+ sold recently,"Women's High-Heel Sandals, Comfortable Flip-Flops, Wide-Fit, White-Colored High-Heels, Monochromatic Slippers, Suitable For Various Occasions Including Dress Shoes, Party Shoes, Formal Shoes, Dressy Sandals, Work Shoes, Daily Slippers, And Flat Sandals",Shoes
1.0,,,,16.63,21.0,1.1k+ sold recently,"Women Minimalist Stiletto Heeled Thong Sandals, Fashion Summer Heeled Sandals",Shoes
1.0,,,,23.5,25.0,,Men Letter Graphic Running Shoes,Shoes
1.0,,,,16.25,38.0,,Women's College Style Penny Loafers With Wedge Heels/thick Soles,Shoes
1.0,,#6 Best Sellers,in Women Knee-High Boots,24.6,20.0,,"Women's Pure Color Square Toe Over The Knee Boots, Chunky Heel, Mid-calf Boot, Elastic Slim Stretch Thigh High Boots",Shoes
1.0,,,,17.3,20.0,20+ sold recently,"Women Hook-and-loop Fastener Sandals, Sporty Black Sandals",Shoes
1.0,,,,12.8,25.0,,Men Buckle Detail Slides,Shoes
5.0,,,,22.3,25.0,700+ sold recently,Men's Fashionable Casual Sports Shoes (Chunky Sneakers),Shoes
1.0,,,,14.0,25.0,,Men Ribbed Breathable Running Shoes,Shoes
1.0,,#8 Best Seller,In Black Women Knee-High Boots,29.99,17.0,,Embroidered Cowboy Boots For Women Pointed Toe Block Chunky High Heels Knee High Western Cowgirl Boots,Shoes
6.0,,#2 Best Sellers,in Ultra High Heel Women Sandals,23.1,21.0,,"Women Tie Leg Design Strappy Wedge Sandals, Fashion Summer Sandals",Shoes
1.0,,#3 Best Seller,In Silver Shoe DIY Decorations,2.4,27.0,,"1pc Shoe Accessory Chain, Fashionable And Cool Punk Style Metal Chain For DIY Shoe Decor Both Women And Men (Shoes Not Included)",Shoes
1.0,,,,140.9,0.0,,Jordan Jordan | Air Jordan Retro 1 High OG Casual Shoes,Shoes
1.0,,,,41.0,0.0,,Cuccoo Splicing Design Textured Chunky Sneakers,Shoes
1.0,,,,12.06,40.0,,Men Stitch Decor Lace-up Front Oxford Shoes,Shoes
1.0,,,,12.0,58.0,,Men Stitch Detail Lace-up Front Sneakers,Shoes
1.0,,,,9.75,62.0,,Minimalist Lace-up Front Chunky Sneakers,Shoes
1.0,,,,25.02,23.0,,SHOESMALL Men's Casual Dress Shoes Slip-On Dress Loafers For Men Lightweight Business Casual Shoes Men,Shoes
11.0,,,,0.99,0.0,200+ sold recently,"1pc Single Letter Shoe Decoration, Fashionable Cute Shoes Accessories For Clogs",Shoes
4.0,,,,25.5,40.0,,Men Crocodile Embossed Chelsea Boots,Shoes
1.0,,,,24.0,25.0,,Men Knit Detail Lace-up Front Running Shoes,Shoes
4.0,,,,20.65,43.0,,Men's Breathable And Fashionable Casual Slip On Sandals,Shoes
1.0,,,,21.8,25.0,,Men Colorblock Letter Graphic Running Shoes,Shoes
1.0,,,,21.1,25.0,,"Men's Low-Cut Lace-Up Leather Shoes, Soft Black Leather Business Oxfords, Classic Round-Toe Dress Shoes, Fashionable & Breathable Non-Slip Casual Shoes For Office Work",Shoes
1.0,,,,24.3,25.0,,Men Lace-up Front Oxford Shoes,Shoes
1.0,,,,18.17,20.0,400+ sold recently,"CUCCOO SZL Women Minimalist Stiletto Heeled Thong Sandals, Fashion Summer Heeled Sandals For Summer Graduation Heels Prom Heels Vacation Shoes Summer Sale",Shoes
1.0,,,,17.5,21.0,600+ sold recently,"Women's Black Flat Sandals, Open Toe Ankle Strap Summer Shoes, Minimalist Design With Thin Straps And Soft Sole",Shoes
4.0,,,,1.6,30.0,300+ sold recently,Simple Fashionable Pale Pink Shoelaces For Sports Shoes,Shoes
4.0,,,,12.25,65.0,30+ sold recently,CUCCOO SZL Women Shoes New Years Fashion Minimalist Design Versatile Beige High Heels Boots Vacation Shoes Summer Sale,Shoes
1.0,,,,22.55,38.0,,"Men's Business Formal Leather Shoes, Pointed Toe Slip-On Dress Shoes, New Trendy British Style Black Elevator Shoes",Shoes
1.0,,,,1.08,43.0,500+ sold recently,"Shoe Heel Stickers To Prevent Slipping And Worn Out, Suitable For High Heels And Loafers, Leather Shoes. It Can Also Be Used As A Half Size Insole.",Shoes
1.0,,,,16.75,38.0,,Metallic Chain Decor Slip On Loafers,Shoes
1.0,,,,37.45,25.0,100+ sold recently,Women Combat Boots Platform Chunky High Heeled Zipper Ankle Design Brand Punk Gothic Motorcycle Shoes 2023 Winter,Shoes
1.0,,,,16.5,50.0,,Rhinestone Decor Knit Detail Mary Janes,Shoes
4.0,,,,20.7,18.0,600+ sold recently,"Women Lace-Up Front Platform Oxford Shoes, Preppy Outdoor Flatform Shoes",Shoes
1.0,,,,2.0,29.0,10+ sold recently,"11 Sloth-Shaped  Shoe Charms For Clogs, Jibts, Bubble Slides, And Sandals, PVC Shoe Decorations And Accessories For Christmas, Birthday Gifts, And Party Favors",Shoes
1.0,,,,26.9,25.0,200+ sold recently,"Men's Black Solid Color Boots With Lace-Up, Side Zipper And Thick Sole Mens Streetwear",Shoes
1.0,,,,1.6,30.0,10+ sold recently,1pair Thick Soft Comfortable Breathable Sweat-Absorbing Cut-To-Fit Athletic Insoles Handmade Shock-Absorbing Shoe Inserts,Shoes
1.0,,,,1.5,32.0,10+ sold recently,"Personalized Leopard Print Shoe Laces, Suitable For Sneakers, White Shoes,  Boots & Women Shoes",Shoes
1.0,,,,17.8,21.0,90+ sold recently,"Women Black Rhinestone Decor Mule Sandals, Fashionable Sculptural Heeled Open Toe Sandals",Shoes
1.0,,,,1.2,33.0,80+ sold recently,"1pair Minimalist Shoelaces, Fashion White Shoelaces For Sneakers",Shoes
4.0,,,,18.05,25.0,3.0k+ sold recently,Women's Chunky Heels Peep Toe Strappy Sandals With Buckle Black Open Toe Bare Band Back Strap High Heeled Shoes For Spring/summer,Shoes
1.0,,,,0.6,60.0,100+ sold recently,Waxed Round Shoelaces (1pair) - for Oxford Dress Boots Shoe Laces,Shoes
